{"name":"Verify the api retrieves the details of the Invoice list for the impersonated user","testSteps":[{"number":1,"description":"[1] {report\u003dTC01, logindomain\u003d/MerchantApiWeb/authenticateUser, domainurl\u003d/MerchantApiWeb/rest/secure/impersonation/user/financialData/invoice/getInvoiceList, status\u003dsuccess, Message\u003d, ErrorCode\u003d, userName\u003dTestAutomationFDP3, password\u003dPassword@1, allianceCode\u003dFDP, AuthErrMessage\u003d, Authaccessdenied\u003d, AuthErrCause\u003d, currency\u003dPLN, userType\u003d, pageNumber\u003d, accountStatus\u003d, profile\u003d, firstName\u003d, lastName\u003d, period\u003d, fromDate\u003d2016-11-02, toDate\u003d2017-11-02, pseudoUserName\u003dTheBatman}","duration":7843,"startTime":1514872010971,"result":"SUCCESS","children":[{"number":2,"description":"Given load request for getInvoiceListImpersonation \"/MerchantApiWeb/authenticateUser\" and \"/MerchantApiWeb/rest/secure/impersonation/user/financialData/invoice/getInvoiceList\" and \"TC01\" and \"TestAutomationFDP3\" and \"Password@1\" and \"FDP\"","duration":2788,"startTime":1514872011028,"result":"SUCCESS","children":[{"number":3,"description":"Loadgetrequestdata: https://uat1.merchantportal.firstdata.eu/MerchantApiWeb/authenticateUser","duration":1,"startTime":1514872011138,"result":"SUCCESS"},{"number":4,"description":"Postrequest authenticate user: https://uat1.merchantportal.firstdata.eu/MerchantApiWeb/authenticateUser, TestAutomationFDP3, Password@1, FDP","duration":2640,"startTime":1514872011140,"result":"SUCCESS"},{"number":5,"description":"Loadgetrequestdata uniqueauthentication: https://uat1.merchantportal.firstdata.eu/MerchantApiWeb/rest/secure/impersonation/user/financialData/invoice/getInvoiceList","duration":0,"startTime":1514872013788,"result":"SUCCESS"}]},{"number":6,"description":"When post get request for getInvoiceListImpersonation \"2016-11-02\" and \"2017-11-02\" and \"\" and \"TheBatman\"","duration":4879,"startTime":1514872013817,"result":"SUCCESS","children":[{"number":7,"description":"Post GET request get invoice list impersonation: https://uat1.merchantportal.firstdata.eu/MerchantApiWeb/rest/secure/impersonation/user/financialData/invoice/getInvoiceList, 2016-11-02, 2017-11-02, , TheBatman","duration":4810,"startTime":1514872013835,"result":"SUCCESS"}]},{"number":8,"description":"Then verify getInvoiceListImpersonation response status \"success\" and \"\" and \"\" and \"\" and \"\" and \"\"","duration":118,"startTime":1514872018696,"result":"SUCCESS","children":[{"number":9,"description":"Verify Response","duration":55,"startTime":1514872018708,"result":"SUCCESS"}]}]},{"number":10,"description":"[1] {report\u003dTC02, logindomain\u003d/MerchantApiWeb/authenticateUser, domainurl\u003d/MerchantApiWeb/rest/secure/impersonation/user/financialData/invoice/getInvoiceList, status\u003derror, Message\u003dUsername should be greater than 8 and less than 50 characters, ErrorCode\u003dMPVE00002, userName\u003dTestAutomationFDP3, password\u003dPassword@1, allianceCode\u003dFDP, AuthErrMessage\u003d, Authaccessdenied\u003d, AuthErrCause\u003d, currency\u003d, userType\u003d, pageNumber\u003d, accountStatus\u003d, profile\u003d, firstName\u003d, lastName\u003d, period\u003d, fromDate\u003d2016-11-02, toDate\u003d2017-11-02, pseudoUserName\u003dThe}","duration":2457,"startTime":1514872024650,"result":"SUCCESS","children":[{"number":11,"description":"Given load request for getInvoiceListImpersonation \"/MerchantApiWeb/authenticateUser\" and \"/MerchantApiWeb/rest/secure/impersonation/user/financialData/invoice/getInvoiceList\" and \"TC02\" and \"TestAutomationFDP3\" and \"Password@1\" and \"FDP\"","duration":1247,"startTime":1514872024715,"result":"SUCCESS","children":[{"number":12,"description":"Loadgetrequestdata: https://uat1.merchantportal.firstdata.eu/MerchantApiWeb/authenticateUser","duration":1,"startTime":1514872024785,"result":"SUCCESS"},{"number":13,"description":"Postrequest authenticate user: https://uat1.merchantportal.firstdata.eu/MerchantApiWeb/authenticateUser, TestAutomationFDP3, Password@1, FDP","duration":1144,"startTime":1514872024787,"result":"SUCCESS"},{"number":14,"description":"Loadgetrequestdata uniqueauthentication: https://uat1.merchantportal.firstdata.eu/MerchantApiWeb/rest/secure/impersonation/user/financialData/invoice/getInvoiceList","duration":1,"startTime":1514872025939,"result":"SUCCESS"}]},{"number":15,"description":"When post get request for getInvoiceListImpersonation \"2016-11-02\" and \"2017-11-02\" and \"\" and \"The\"","duration":905,"startTime":1514872025963,"result":"SUCCESS","children":[{"number":16,"description":"Post GET request get invoice list impersonation: https://uat1.merchantportal.firstdata.eu/MerchantApiWeb/rest/secure/impersonation/user/financialData/invoice/getInvoiceList, 2016-11-02, 2017-11-02, , The","duration":834,"startTime":1514872025976,"result":"SUCCESS"}]},{"number":17,"description":"Then verify getInvoiceListImpersonation response status \"error\" and \"MPVE00002\" and \"Username should be greater than 8 and less than 50 characters\" and \"\" and \"\" and \"\"","duration":238,"startTime":1514872026869,"result":"SUCCESS","children":[{"number":18,"description":"Verify Response","duration":95,"startTime":1514872026882,"result":"SUCCESS"}]}]},{"number":19,"description":"[1] {report\u003dTC03, logindomain\u003d/MerchantApiWeb/authenticateUser, domainurl\u003d/MerchantApiWeb/rest/secure/impersonation/user/financialData/invoice/getInvoiceList, status\u003derror, Message\u003dUsername should be greater than 8 and less than 50 characters, ErrorCode\u003dMPVE00002, userName\u003dTestAutomationFDP3, password\u003dPassword@1, allianceCode\u003dFDP, AuthErrMessage\u003d, Authaccessdenied\u003d, AuthErrCause\u003d, currency\u003d, userType\u003d, pageNumber\u003d, accountStatus\u003d, profile\u003d, firstName\u003d, lastName\u003d, period\u003d, fromDate\u003d2016-11-02, toDate\u003d2017-11-02, pseudoUserName\u003dThe2934857293857923875928375923759273597239475923759273597}","duration":2348,"startTime":1514872031297,"result":"SUCCESS","children":[{"number":20,"description":"Given load request for getInvoiceListImpersonation \"/MerchantApiWeb/authenticateUser\" and \"/MerchantApiWeb/rest/secure/impersonation/user/financialData/invoice/getInvoiceList\" and \"TC03\" and \"TestAutomationFDP3\" and \"Password@1\" and \"FDP\"","duration":1157,"startTime":1514872031319,"result":"SUCCESS","children":[{"number":21,"description":"Loadgetrequestdata: https://uat1.merchantportal.firstdata.eu/MerchantApiWeb/authenticateUser","duration":0,"startTime":1514872031408,"result":"SUCCESS"},{"number":22,"description":"Postrequest authenticate user: https://uat1.merchantportal.firstdata.eu/MerchantApiWeb/authenticateUser, TestAutomationFDP3, Password@1, FDP","duration":1037,"startTime":1514872031409,"result":"SUCCESS"},{"number":23,"description":"Loadgetrequestdata uniqueauthentication: https://uat1.merchantportal.firstdata.eu/MerchantApiWeb/rest/secure/impersonation/user/financialData/invoice/getInvoiceList","duration":1,"startTime":1514872032453,"result":"SUCCESS"}]},{"number":24,"description":"When post get request for getInvoiceListImpersonation \"2016-11-02\" and \"2017-11-02\" and \"\" and \"The2934857293857923875928375923759273597239475923759273597\"","duration":877,"startTime":1514872032477,"result":"SUCCESS","children":[{"number":25,"description":"Post GET request get invoice list impersonation: https://uat1.merchantportal.firstdata.eu/MerchantApiWeb/rest/secure/impersonation/user/financialData/invoice/getInvoiceList, 2016-11-02, 2017-11-02, , The2934857293857923875928375923759273597239475923759273597","duration":812,"startTime":1514872032488,"result":"SUCCESS"}]},{"number":26,"description":"Then verify getInvoiceListImpersonation response status \"error\" and \"MPVE00002\" and \"Username should be greater than 8 and less than 50 characters\" and \"\" and \"\" and \"\"","duration":290,"startTime":1514872033355,"result":"SUCCESS","children":[{"number":27,"description":"Verify Response","duration":52,"startTime":1514872033370,"result":"SUCCESS"}]}]},{"number":28,"description":"[1] {report\u003dTC04, logindomain\u003d/MerchantApiWeb/authenticateUser, domainurl\u003d/MerchantApiWeb/rest/secure/impersonation/user/financialData/invoice/getInvoiceList, status\u003derror, Message\u003dUsername contain special characters or empty spaces, ErrorCode\u003dMPVE00003, userName\u003dTestAutomationFDP3, password\u003dPassword@1, allianceCode\u003dFDP, AuthErrMessage\u003d, Authaccessdenied\u003d, AuthErrCause\u003d, currency\u003d, userType\u003d, pageNumber\u003d, accountStatus\u003d, profile\u003d, firstName\u003d, lastName\u003d, period\u003d, fromDate\u003d2016-11-02, toDate\u003d2017-11-02, pseudoUserName\u003dThe Batman}","duration":2437,"startTime":1514872038513,"result":"SUCCESS","children":[{"number":29,"description":"Given load request for getInvoiceListImpersonation \"/MerchantApiWeb/authenticateUser\" and \"/MerchantApiWeb/rest/secure/impersonation/user/financialData/invoice/getInvoiceList\" and \"TC04\" and \"TestAutomationFDP3\" and \"Password@1\" and \"FDP\"","duration":1143,"startTime":1514872038551,"result":"SUCCESS","children":[{"number":30,"description":"Loadgetrequestdata: https://uat1.merchantportal.firstdata.eu/MerchantApiWeb/authenticateUser","duration":0,"startTime":1514872038647,"result":"SUCCESS"},{"number":31,"description":"Postrequest authenticate user: https://uat1.merchantportal.firstdata.eu/MerchantApiWeb/authenticateUser, TestAutomationFDP3, Password@1, FDP","duration":1014,"startTime":1514872038649,"result":"SUCCESS"},{"number":32,"description":"Loadgetrequestdata uniqueauthentication: https://uat1.merchantportal.firstdata.eu/MerchantApiWeb/rest/secure/impersonation/user/financialData/invoice/getInvoiceList","duration":0,"startTime":1514872039672,"result":"SUCCESS"}]},{"number":33,"description":"When post get request for getInvoiceListImpersonation \"2016-11-02\" and \"2017-11-02\" and \"\" and \"The Batman\"","duration":974,"startTime":1514872039695,"result":"SUCCESS","children":[{"number":34,"description":"Post GET request get invoice list impersonation: https://uat1.merchantportal.firstdata.eu/MerchantApiWeb/rest/secure/impersonation/user/financialData/invoice/getInvoiceList, 2016-11-02, 2017-11-02, , The Batman","duration":844,"startTime":1514872039709,"result":"SUCCESS"}]},{"number":35,"description":"Then verify getInvoiceListImpersonation response status \"error\" and \"MPVE00003\" and \"Username contain special characters or empty spaces\" and \"\" and \"\" and \"\"","duration":281,"startTime":1514872040669,"result":"SUCCESS","children":[{"number":36,"description":"Verify Response","duration":113,"startTime":1514872040682,"result":"SUCCESS"}]}]},{"number":37,"description":"[1] {report\u003dTC05, logindomain\u003d/MerchantApiWeb/authenticateUser, domainurl\u003d/MerchantApiWeb/rest/secure/impersonation/user/financialData/invoice/getInvoiceList, status\u003derror, Message\u003dUsername contain special characters or empty spaces, ErrorCode\u003dMPVE00003, userName\u003dTestAutomationFDP3, password\u003dPassword@1, allianceCode\u003dFDP, AuthErrMessage\u003d, Authaccessdenied\u003d, AuthErrCause\u003d, currency\u003d, userType\u003d, pageNumber\u003d, accountStatus\u003d, profile\u003d, firstName\u003d, lastName\u003d, period\u003d, fromDate\u003d2016-11-02, toDate\u003d2017-11-02, pseudoUserName\u003dThe@#$^$%}","duration":2688,"startTime":1514872045667,"result":"SUCCESS","children":[{"number":38,"description":"Given load request for getInvoiceListImpersonation \"/MerchantApiWeb/authenticateUser\" and \"/MerchantApiWeb/rest/secure/impersonation/user/financialData/invoice/getInvoiceList\" and \"TC05\" and \"TestAutomationFDP3\" and \"Password@1\" and \"FDP\"","duration":1422,"startTime":1514872045686,"result":"SUCCESS","children":[{"number":39,"description":"Loadgetrequestdata: https://uat1.merchantportal.firstdata.eu/MerchantApiWeb/authenticateUser","duration":2,"startTime":1514872045779,"result":"SUCCESS"},{"number":40,"description":"Postrequest authenticate user: https://uat1.merchantportal.firstdata.eu/MerchantApiWeb/authenticateUser, TestAutomationFDP3, Password@1, FDP","duration":1296,"startTime":1514872045782,"result":"SUCCESS"},{"number":41,"description":"Loadgetrequestdata uniqueauthentication: https://uat1.merchantportal.firstdata.eu/MerchantApiWeb/rest/secure/impersonation/user/financialData/invoice/getInvoiceList","duration":1,"startTime":1514872047086,"result":"SUCCESS"}]},{"number":42,"description":"When post get request for getInvoiceListImpersonation \"2016-11-02\" and \"2017-11-02\" and \"\" and \"The@#$^$%\"","duration":1005,"startTime":1514872047108,"result":"SUCCESS","children":[{"number":43,"description":"Post GET request get invoice list impersonation: https://uat1.merchantportal.firstdata.eu/MerchantApiWeb/rest/secure/impersonation/user/financialData/invoice/getInvoiceList, 2016-11-02, 2017-11-02, , The@#$^$%","duration":927,"startTime":1514872047122,"result":"SUCCESS"}]},{"number":44,"description":"Then verify getInvoiceListImpersonation response status \"error\" and \"MPVE00003\" and \"Username contain special characters or empty spaces\" and \"\" and \"\" and \"\"","duration":241,"startTime":1514872048114,"result":"SUCCESS","children":[{"number":45,"description":"Verify Response","duration":55,"startTime":1514872048127,"result":"SUCCESS"}]}]},{"number":46,"description":"[1] {report\u003dTC06, logindomain\u003d/MerchantApiWeb/authenticateUser, domainurl\u003d/MerchantApiWeb/rest/secure/impersonation/user/financialData/invoice/getInvoiceList, status\u003derror, Message\u003dUsername does not exist, ErrorCode\u003dMPBE00004, userName\u003dTestAutomationFDP3, password\u003dPassword@1, allianceCode\u003dFDP, AuthErrMessage\u003d, Authaccessdenied\u003d, AuthErrCause\u003d, currency\u003d, userType\u003d, pageNumber\u003d, accountStatus\u003d, profile\u003d, firstName\u003d, lastName\u003d, period\u003d, fromDate\u003d2016-11-02, toDate\u003d2017-11-02, pseudoUserName\u003dTestaskjab}","duration":2499,"startTime":1514872052957,"result":"SUCCESS","children":[{"number":47,"description":"Given load request for getInvoiceListImpersonation \"/MerchantApiWeb/authenticateUser\" and \"/MerchantApiWeb/rest/secure/impersonation/user/financialData/invoice/getInvoiceList\" and \"TC06\" and \"TestAutomationFDP3\" and \"Password@1\" and \"FDP\"","duration":1263,"startTime":1514872052976,"result":"SUCCESS","children":[{"number":48,"description":"Loadgetrequestdata: https://uat1.merchantportal.firstdata.eu/MerchantApiWeb/authenticateUser","duration":1,"startTime":1514872053065,"result":"SUCCESS"},{"number":49,"description":"Postrequest authenticate user: https://uat1.merchantportal.firstdata.eu/MerchantApiWeb/authenticateUser, TestAutomationFDP3, Password@1, FDP","duration":1139,"startTime":1514872053067,"result":"SUCCESS"},{"number":50,"description":"Loadgetrequestdata uniqueauthentication: https://uat1.merchantportal.firstdata.eu/MerchantApiWeb/rest/secure/impersonation/user/financialData/invoice/getInvoiceList","duration":1,"startTime":1514872054214,"result":"SUCCESS"}]},{"number":51,"description":"When post get request for getInvoiceListImpersonation \"2016-11-02\" and \"2017-11-02\" and \"\" and \"Testaskjab\"","duration":1029,"startTime":1514872054240,"result":"SUCCESS","children":[{"number":52,"description":"Post GET request get invoice list impersonation: https://uat1.merchantportal.firstdata.eu/MerchantApiWeb/rest/secure/impersonation/user/financialData/invoice/getInvoiceList, 2016-11-02, 2017-11-02, , Testaskjab","duration":962,"startTime":1514872054252,"result":"SUCCESS"}]},{"number":53,"description":"Then verify getInvoiceListImpersonation response status \"error\" and \"MPBE00004\" and \"Username does not exist\" and \"\" and \"\" and \"\"","duration":186,"startTime":1514872055270,"result":"SUCCESS","children":[{"number":54,"description":"Verify Response","duration":44,"startTime":1514872055300,"result":"SUCCESS"}]}]},{"number":55,"description":"[1] {report\u003dTC07, logindomain\u003d/MerchantApiWeb/authenticateUser, domainurl\u003d/MerchantApiWeb/rest/secure/impersonation/user/financialData/invoice/getInvoiceList, status\u003derror, Message\u003dPage no should be numeric, ErrorCode\u003dMPVE00032, userName\u003dTestAutomationFDP3, password\u003dPassword@1, allianceCode\u003dFDP, AuthErrMessage\u003d, Authaccessdenied\u003d, AuthErrCause\u003d, currency\u003dPLN, userType\u003d, pageNumber\u003das, accountStatus\u003d, profile\u003d, firstName\u003d, lastName\u003d, period\u003d, fromDate\u003d2016-11-02, toDate\u003d2017-11-02, pseudoUserName\u003dTheBatman}","duration":2450,"startTime":1514872059815,"result":"SUCCESS","children":[{"number":56,"description":"Given load request for getInvoiceListImpersonation \"/MerchantApiWeb/authenticateUser\" and \"/MerchantApiWeb/rest/secure/impersonation/user/financialData/invoice/getInvoiceList\" and \"TC07\" and \"TestAutomationFDP3\" and \"Password@1\" and \"FDP\"","duration":1277,"startTime":1514872059877,"result":"SUCCESS","children":[{"number":57,"description":"Loadgetrequestdata: https://uat1.merchantportal.firstdata.eu/MerchantApiWeb/authenticateUser","duration":1,"startTime":1514872059949,"result":"SUCCESS"},{"number":58,"description":"Postrequest authenticate user: https://uat1.merchantportal.firstdata.eu/MerchantApiWeb/authenticateUser, TestAutomationFDP3, Password@1, FDP","duration":1161,"startTime":1514872059951,"result":"SUCCESS"},{"number":59,"description":"Loadgetrequestdata uniqueauthentication: https://uat1.merchantportal.firstdata.eu/MerchantApiWeb/rest/secure/impersonation/user/financialData/invoice/getInvoiceList","duration":1,"startTime":1514872061122,"result":"SUCCESS"}]},{"number":60,"description":"When post get request for getInvoiceListImpersonation \"2016-11-02\" and \"2017-11-02\" and \"as\" and \"TheBatman\"","duration":904,"startTime":1514872061154,"result":"SUCCESS","children":[{"number":61,"description":"Post GET request get invoice list impersonation: https://uat1.merchantportal.firstdata.eu/MerchantApiWeb/rest/secure/impersonation/user/financialData/invoice/getInvoiceList, 2016-11-02, 2017-11-02, as, TheBatman","duration":809,"startTime":1514872061196,"result":"SUCCESS"}]},{"number":62,"description":"Then verify getInvoiceListImpersonation response status \"error\" and \"MPVE00032\" and \"Page no should be numeric\" and \"\" and \"\" and \"\"","duration":206,"startTime":1514872062059,"result":"SUCCESS","children":[{"number":63,"description":"Verify Response","duration":78,"startTime":1514872062073,"result":"SUCCESS"}]}]},{"number":64,"description":"[1] {report\u003dTC08, logindomain\u003d/MerchantApiWeb/authenticateUser, domainurl\u003d/MerchantApiWeb/rest/secure/impersonation/user/financialData/invoice/getInvoiceList, status\u003derror, Message\u003dInvalid Date format, ErrorCode\u003dMPVE00051, userName\u003dTestAutomationFDP3, password\u003dPassword@1, allianceCode\u003dFDP, AuthErrMessage\u003d, Authaccessdenied\u003d, AuthErrCause\u003d, currency\u003dPLN, userType\u003d, pageNumber\u003d, accountStatus\u003d, profile\u003d, firstName\u003d, lastName\u003d, period\u003d, fromDate\u003d201611-02, toDate\u003d2017-11-02, pseudoUserName\u003dTheBatman}","duration":2723,"startTime":1514872068548,"result":"SUCCESS","children":[{"number":65,"description":"Given load request for getInvoiceListImpersonation \"/MerchantApiWeb/authenticateUser\" and \"/MerchantApiWeb/rest/secure/impersonation/user/financialData/invoice/getInvoiceList\" and \"TC08\" and \"TestAutomationFDP3\" and \"Password@1\" and \"FDP\"","duration":1521,"startTime":1514872068575,"result":"SUCCESS","children":[{"number":66,"description":"Loadgetrequestdata: https://uat1.merchantportal.firstdata.eu/MerchantApiWeb/authenticateUser","duration":0,"startTime":1514872068821,"result":"SUCCESS"},{"number":67,"description":"Postrequest authenticate user: https://uat1.merchantportal.firstdata.eu/MerchantApiWeb/authenticateUser, TestAutomationFDP3, Password@1, FDP","duration":1234,"startTime":1514872068822,"result":"SUCCESS"},{"number":68,"description":"Loadgetrequestdata uniqueauthentication: https://uat1.merchantportal.firstdata.eu/MerchantApiWeb/rest/secure/impersonation/user/financialData/invoice/getInvoiceList","duration":0,"startTime":1514872070067,"result":"SUCCESS"}]},{"number":69,"description":"When post get request for getInvoiceListImpersonation \"201611-02\" and \"2017-11-02\" and \"\" and \"TheBatman\"","duration":947,"startTime":1514872070097,"result":"SUCCESS","children":[{"number":70,"description":"Post GET request get invoice list impersonation: https://uat1.merchantportal.firstdata.eu/MerchantApiWeb/rest/secure/impersonation/user/financialData/invoice/getInvoiceList, 201611-02, 2017-11-02, , TheBatman","duration":852,"startTime":1514872070114,"result":"SUCCESS"}]},{"number":71,"description":"Then verify getInvoiceListImpersonation response status \"error\" and \"MPVE00051\" and \"Invalid Date format\" and \"\" and \"\" and \"\"","duration":226,"startTime":1514872071045,"result":"SUCCESS","children":[{"number":72,"description":"Verify Response","duration":100,"startTime":1514872071060,"result":"SUCCESS"}]}]},{"number":73,"description":"[1] {report\u003dTC09, logindomain\u003d/MerchantApiWeb/authenticateUser, domainurl\u003d/MerchantApiWeb/rest/secure/impersonation/user/financialData/invoice/getInvoiceList, status\u003derror, Message\u003dInvalid Date format, ErrorCode\u003dMPVE00051, userName\u003dTestAutomationFDP3, password\u003dPassword@1, allianceCode\u003dFDP, AuthErrMessage\u003d, Authaccessdenied\u003d, AuthErrCause\u003d, currency\u003d, userType\u003d, pageNumber\u003d, accountStatus\u003d, profile\u003d, firstName\u003d, lastName\u003d, period\u003d, fromDate\u003d2016-11-02, toDate\u003d201711-02, pseudoUserName\u003dTheBatman}","duration":2277,"startTime":1514872076765,"result":"SUCCESS","children":[{"number":74,"description":"Given load request for getInvoiceListImpersonation \"/MerchantApiWeb/authenticateUser\" and \"/MerchantApiWeb/rest/secure/impersonation/user/financialData/invoice/getInvoiceList\" and \"TC09\" and \"TestAutomationFDP3\" and \"Password@1\" and \"FDP\"","duration":1200,"startTime":1514872076779,"result":"SUCCESS","children":[{"number":75,"description":"Loadgetrequestdata: https://uat1.merchantportal.firstdata.eu/MerchantApiWeb/authenticateUser","duration":0,"startTime":1514872076894,"result":"SUCCESS"},{"number":76,"description":"Postrequest authenticate user: https://uat1.merchantportal.firstdata.eu/MerchantApiWeb/authenticateUser, TestAutomationFDP3, Password@1, FDP","duration":1048,"startTime":1514872076895,"result":"SUCCESS"},{"number":77,"description":"Loadgetrequestdata uniqueauthentication: https://uat1.merchantportal.firstdata.eu/MerchantApiWeb/rest/secure/impersonation/user/financialData/invoice/getInvoiceList","duration":0,"startTime":1514872077954,"result":"SUCCESS"}]},{"number":78,"description":"When post get request for getInvoiceListImpersonation \"2016-11-02\" and \"201711-02\" and \"\" and \"TheBatman\"","duration":877,"startTime":1514872077979,"result":"SUCCESS","children":[{"number":79,"description":"Post GET request get invoice list impersonation: https://uat1.merchantportal.firstdata.eu/MerchantApiWeb/rest/secure/impersonation/user/financialData/invoice/getInvoiceList, 2016-11-02, 201711-02, , TheBatman","duration":792,"startTime":1514872077994,"result":"SUCCESS"}]},{"number":80,"description":"Then verify getInvoiceListImpersonation response status \"error\" and \"MPVE00051\" and \"Invalid Date format\" and \"\" and \"\" and \"\"","duration":185,"startTime":1514872078857,"result":"SUCCESS","children":[{"number":81,"description":"Verify Response","duration":45,"startTime":1514872078874,"result":"SUCCESS"}]}]},{"number":82,"description":"[1] {report\u003dTC10, logindomain\u003d/MerchantApiWeb/authenticateUser, domainurl\u003d/MerchantApiWeb/rest/secure/impersonation/user/financialData/invoice/getInvoiceList, status\u003derror, Message\u003dfromDate should be less than toDate, ErrorCode\u003dMPVE00053, userName\u003dTestAutomationFDP3, password\u003dPassword@1, allianceCode\u003dFDP, AuthErrMessage\u003d, Authaccessdenied\u003d, AuthErrCause\u003d, currency\u003dabc, userType\u003d, pageNumber\u003d, accountStatus\u003d, profile\u003d, firstName\u003d, lastName\u003d, period\u003d, fromDate\u003d2018-11-02, toDate\u003d2017-11-02, pseudoUserName\u003dTheBatman}","duration":2390,"startTime":1514872085793,"result":"SUCCESS","children":[{"number":83,"description":"Given load request for getInvoiceListImpersonation \"/MerchantApiWeb/authenticateUser\" and \"/MerchantApiWeb/rest/secure/impersonation/user/financialData/invoice/getInvoiceList\" and \"TC10\" and \"TestAutomationFDP3\" and \"Password@1\" and \"FDP\"","duration":1259,"startTime":1514872085809,"result":"SUCCESS","children":[{"number":84,"description":"Loadgetrequestdata: https://uat1.merchantportal.firstdata.eu/MerchantApiWeb/authenticateUser","duration":1,"startTime":1514872085939,"result":"SUCCESS"},{"number":85,"description":"Postrequest authenticate user: https://uat1.merchantportal.firstdata.eu/MerchantApiWeb/authenticateUser, TestAutomationFDP3, Password@1, FDP","duration":1094,"startTime":1514872085940,"result":"SUCCESS"},{"number":86,"description":"Loadgetrequestdata uniqueauthentication: https://uat1.merchantportal.firstdata.eu/MerchantApiWeb/rest/secure/impersonation/user/financialData/invoice/getInvoiceList","duration":1,"startTime":1514872087042,"result":"SUCCESS"}]},{"number":87,"description":"When post get request for getInvoiceListImpersonation \"2018-11-02\" and \"2017-11-02\" and \"\" and \"TheBatman\"","duration":925,"startTime":1514872087068,"result":"SUCCESS","children":[{"number":88,"description":"Post GET request get invoice list impersonation: https://uat1.merchantportal.firstdata.eu/MerchantApiWeb/rest/secure/impersonation/user/financialData/invoice/getInvoiceList, 2018-11-02, 2017-11-02, , TheBatman","duration":840,"startTime":1514872087084,"result":"SUCCESS"}]},{"number":89,"description":"Then verify getInvoiceListImpersonation response status \"error\" and \"MPVE00053\" and \"fromDate should be less than toDate\" and \"\" and \"\" and \"\"","duration":189,"startTime":1514872087994,"result":"SUCCESS","children":[{"number":90,"description":"Verify Response","duration":54,"startTime":1514872088007,"result":"SUCCESS"}]}]},{"number":91,"description":"[1] {report\u003dTC11, logindomain\u003d/MerchantApiWeb/authenticateUser, domainurl\u003d/MerchantApiWeb/rest/secure/impersonation/user/financialData/invoice/getInvoiceList, status\u003derror, Message\u003dtoDate is required, ErrorCode\u003dMPVE00061, userName\u003dTestAutomationFDP3, password\u003dPassword@1, allianceCode\u003dFDP, AuthErrMessage\u003d, Authaccessdenied\u003d, AuthErrCause\u003d, currency\u003d, userType\u003d, pageNumber\u003d, accountStatus\u003d, profile\u003d, firstName\u003d, lastName\u003d, period\u003d, fromDate\u003d2017-11-02, toDate\u003d, pseudoUserName\u003dTheBatman}","duration":2715,"startTime":1514872094042,"result":"SUCCESS","children":[{"number":92,"description":"Given load request for getInvoiceListImpersonation \"/MerchantApiWeb/authenticateUser\" and \"/MerchantApiWeb/rest/secure/impersonation/user/financialData/invoice/getInvoiceList\" and \"TC11\" and \"TestAutomationFDP3\" and \"Password@1\" and \"FDP\"","duration":1259,"startTime":1514872094105,"result":"SUCCESS","children":[{"number":93,"description":"Loadgetrequestdata: https://uat1.merchantportal.firstdata.eu/MerchantApiWeb/authenticateUser","duration":1,"startTime":1514872094185,"result":"SUCCESS"},{"number":94,"description":"Postrequest authenticate user: https://uat1.merchantportal.firstdata.eu/MerchantApiWeb/authenticateUser, TestAutomationFDP3, Password@1, FDP","duration":1142,"startTime":1514872094187,"result":"SUCCESS"},{"number":95,"description":"Loadgetrequestdata uniqueauthentication: https://uat1.merchantportal.firstdata.eu/MerchantApiWeb/rest/secure/impersonation/user/financialData/invoice/getInvoiceList","duration":0,"startTime":1514872095340,"result":"SUCCESS"}]},{"number":96,"description":"When post get request for getInvoiceListImpersonation \"2017-11-02\" and \"\" and \"\" and \"TheBatman\"","duration":868,"startTime":1514872095364,"result":"SUCCESS","children":[{"number":97,"description":"Post GET request get invoice list impersonation: https://uat1.merchantportal.firstdata.eu/MerchantApiWeb/rest/secure/impersonation/user/financialData/invoice/getInvoiceList, 2017-11-02, , , TheBatman","duration":800,"startTime":1514872095379,"result":"SUCCESS"}]},{"number":98,"description":"Then verify getInvoiceListImpersonation response status \"error\" and \"MPVE00061\" and \"toDate is required\" and \"\" and \"\" and \"\"","duration":524,"startTime":1514872096233,"result":"SUCCESS","children":[{"number":99,"description":"Verify Response","duration":279,"startTime":1514872096246,"result":"SUCCESS"}]}]},{"number":100,"description":"[1] {report\u003dTC12, logindomain\u003d/MerchantApiWeb/authenticateUser, domainurl\u003d/MerchantApiWeb/rest/secure/impersonation/user/financialData/invoice/getInvoiceList, status\u003derror, Message\u003dfromDate is required, ErrorCode\u003dMPVE00063, userName\u003dTestAutomationFDP3, password\u003dPassword@1, allianceCode\u003dFDP, AuthErrMessage\u003d, Authaccessdenied\u003d, AuthErrCause\u003d, currency\u003d, userType\u003d, pageNumber\u003d, accountStatus\u003d, profile\u003d, firstName\u003d, lastName\u003d, period\u003d, fromDate\u003d, toDate\u003d2017-11-02, pseudoUserName\u003dTheBatman}","duration":2416,"startTime":1514872101604,"result":"SUCCESS","children":[{"number":101,"description":"Given load request for getInvoiceListImpersonation \"/MerchantApiWeb/authenticateUser\" and \"/MerchantApiWeb/rest/secure/impersonation/user/financialData/invoice/getInvoiceList\" and \"TC12\" and \"TestAutomationFDP3\" and \"Password@1\" and \"FDP\"","duration":1175,"startTime":1514872101621,"result":"SUCCESS","children":[{"number":102,"description":"Loadgetrequestdata: https://uat1.merchantportal.firstdata.eu/MerchantApiWeb/authenticateUser","duration":1,"startTime":1514872101714,"result":"SUCCESS"},{"number":103,"description":"Postrequest authenticate user: https://uat1.merchantportal.firstdata.eu/MerchantApiWeb/authenticateUser, TestAutomationFDP3, Password@1, FDP","duration":1030,"startTime":1514872101716,"result":"SUCCESS"},{"number":104,"description":"Loadgetrequestdata uniqueauthentication: https://uat1.merchantportal.firstdata.eu/MerchantApiWeb/rest/secure/impersonation/user/financialData/invoice/getInvoiceList","duration":1,"startTime":1514872102760,"result":"SUCCESS"}]},{"number":105,"description":"When post get request for getInvoiceListImpersonation \"\" and \"2017-11-02\" and \"\" and \"TheBatman\"","duration":931,"startTime":1514872102797,"result":"SUCCESS","children":[{"number":106,"description":"Post GET request get invoice list impersonation: https://uat1.merchantportal.firstdata.eu/MerchantApiWeb/rest/secure/impersonation/user/financialData/invoice/getInvoiceList, , 2017-11-02, , TheBatman","duration":841,"startTime":1514872102815,"result":"SUCCESS"}]},{"number":107,"description":"Then verify getInvoiceListImpersonation response status \"error\" and \"MPVE00063\" and \"fromDate is required\" and \"\" and \"\" and \"\"","duration":291,"startTime":1514872103729,"result":"SUCCESS","children":[{"number":108,"description":"Verify Response","duration":118,"startTime":1514872103744,"result":"SUCCESS"}]}]},{"number":109,"description":"[1] {report\u003dTC13, logindomain\u003d/MerchantApiWeb/authenticateUser, domainurl\u003d/MerchantApiWeb/rest/secure/impersonation/user/financialData/invoice/getInvoiceList, status\u003derror, Message\u003dUsername can\u0027t be empty, ErrorCode\u003dMPVE00001, userName\u003dTestAutomationFDP3, password\u003dPassword@1, allianceCode\u003dFDP, AuthErrMessage\u003d, Authaccessdenied\u003d, AuthErrCause\u003d, currency\u003d, userType\u003d, pageNumber\u003d, accountStatus\u003d, profile\u003d, firstName\u003d, lastName\u003d, period\u003d, fromDate\u003d2016-11-02, toDate\u003d2017-11-02, pseudoUserName\u003d}","duration":2991,"startTime":1514872109481,"result":"SUCCESS","children":[{"number":110,"description":"Given load request for getInvoiceListImpersonation \"/MerchantApiWeb/authenticateUser\" and \"/MerchantApiWeb/rest/secure/impersonation/user/financialData/invoice/getInvoiceList\" and \"TC13\" and \"TestAutomationFDP3\" and \"Password@1\" and \"FDP\"","duration":1486,"startTime":1514872109495,"result":"SUCCESS","children":[{"number":111,"description":"Loadgetrequestdata: https://uat1.merchantportal.firstdata.eu/MerchantApiWeb/authenticateUser","duration":1,"startTime":1514872109642,"result":"SUCCESS"},{"number":112,"description":"Postrequest authenticate user: https://uat1.merchantportal.firstdata.eu/MerchantApiWeb/authenticateUser, TestAutomationFDP3, Password@1, FDP","duration":1286,"startTime":1514872109644,"result":"SUCCESS"},{"number":113,"description":"Loadgetrequestdata uniqueauthentication: https://uat1.merchantportal.firstdata.eu/MerchantApiWeb/rest/secure/impersonation/user/financialData/invoice/getInvoiceList","duration":1,"startTime":1514872110952,"result":"SUCCESS"}]},{"number":114,"description":"When post get request for getInvoiceListImpersonation \"2016-11-02\" and \"2017-11-02\" and \"\" and \"\"","duration":968,"startTime":1514872110982,"result":"SUCCESS","children":[{"number":115,"description":"Post GET request get invoice list impersonation: https://uat1.merchantportal.firstdata.eu/MerchantApiWeb/rest/secure/impersonation/user/financialData/invoice/getInvoiceList, 2016-11-02, 2017-11-02, , ","duration":869,"startTime":1514872110994,"result":"SUCCESS"}]},{"number":116,"description":"Then verify getInvoiceListImpersonation response status \"error\" and \"MPVE00001\" and \"Username can\u0027t be empty\" and \"\" and \"\" and \"\"","duration":522,"startTime":1514872111950,"result":"SUCCESS","children":[{"number":117,"description":"Verify Response","duration":79,"startTime":1514872112025,"result":"SUCCESS"}]}]}],"userStory":{"id":"merchant-portal-application-api-validation","storyName":"Merchant Portal application API validation","path":"APIupdate.feature","type":"feature"},"featureTag":{"name":"Merchant Portal application API validation","type":"feature"},"title":"Verify the api retrieves the details of the Invoice list for the impersonated user","description":"","tags":[{"name":"getInvoiceListImpersonation","type":"tag"}],"startTime":1514872010970,"duration":101502,"dataTable":{"headers":["report","logindomain","domainurl","status","Message","ErrorCode","userName","password","allianceCode","AuthErrMessage","Authaccessdenied","AuthErrCause","currency","userType","pageNumber","accountStatus","profile","firstName","lastName","period","fromDate","toDate","pseudoUserName"],"rows":[{"values":["TC01","/MerchantApiWeb/authenticateUser","/MerchantApiWeb/rest/secure/impersonation/user/financialData/invoice/getInvoiceList","success","","","TestAutomationFDP3","Password@1","FDP","","","","PLN","","","","","","","","2016-11-02","2017-11-02","TheBatman"],"result":"SUCCESS"},{"values":["TC02","/MerchantApiWeb/authenticateUser","/MerchantApiWeb/rest/secure/impersonation/user/financialData/invoice/getInvoiceList","error","Username should be greater than 8 and less than 50 characters","MPVE00002","TestAutomationFDP3","Password@1","FDP","","","","","","","","","","","","2016-11-02","2017-11-02","The"],"result":"SUCCESS"},{"values":["TC03","/MerchantApiWeb/authenticateUser","/MerchantApiWeb/rest/secure/impersonation/user/financialData/invoice/getInvoiceList","error","Username should be greater than 8 and less than 50 characters","MPVE00002","TestAutomationFDP3","Password@1","FDP","","","","","","","","","","","","2016-11-02","2017-11-02","The2934857293857923875928375923759273597239475923759273597"],"result":"SUCCESS"},{"values":["TC04","/MerchantApiWeb/authenticateUser","/MerchantApiWeb/rest/secure/impersonation/user/financialData/invoice/getInvoiceList","error","Username contain special characters or empty spaces","MPVE00003","TestAutomationFDP3","Password@1","FDP","","","","","","","","","","","","2016-11-02","2017-11-02","The Batman"],"result":"SUCCESS"},{"values":["TC05","/MerchantApiWeb/authenticateUser","/MerchantApiWeb/rest/secure/impersonation/user/financialData/invoice/getInvoiceList","error","Username contain special characters or empty spaces","MPVE00003","TestAutomationFDP3","Password@1","FDP","","","","","","","","","","","","2016-11-02","2017-11-02","The@#$^$%"],"result":"SUCCESS"},{"values":["TC06","/MerchantApiWeb/authenticateUser","/MerchantApiWeb/rest/secure/impersonation/user/financialData/invoice/getInvoiceList","error","Username does not exist","MPBE00004","TestAutomationFDP3","Password@1","FDP","","","","","","","","","","","","2016-11-02","2017-11-02","Testaskjab"],"result":"SUCCESS"},{"values":["TC07","/MerchantApiWeb/authenticateUser","/MerchantApiWeb/rest/secure/impersonation/user/financialData/invoice/getInvoiceList","error","Page no should be numeric","MPVE00032","TestAutomationFDP3","Password@1","FDP","","","","PLN","","as","","","","","","2016-11-02","2017-11-02","TheBatman"],"result":"SUCCESS"},{"values":["TC08","/MerchantApiWeb/authenticateUser","/MerchantApiWeb/rest/secure/impersonation/user/financialData/invoice/getInvoiceList","error","Invalid Date format","MPVE00051","TestAutomationFDP3","Password@1","FDP","","","","PLN","","","","","","","","201611-02","2017-11-02","TheBatman"],"result":"SUCCESS"},{"values":["TC09","/MerchantApiWeb/authenticateUser","/MerchantApiWeb/rest/secure/impersonation/user/financialData/invoice/getInvoiceList","error","Invalid Date format","MPVE00051","TestAutomationFDP3","Password@1","FDP","","","","","","","","","","","","2016-11-02","201711-02","TheBatman"],"result":"SUCCESS"},{"values":["TC10","/MerchantApiWeb/authenticateUser","/MerchantApiWeb/rest/secure/impersonation/user/financialData/invoice/getInvoiceList","error","fromDate should be less than toDate","MPVE00053","TestAutomationFDP3","Password@1","FDP","","","","abc","","","","","","","","2018-11-02","2017-11-02","TheBatman"],"result":"SUCCESS"},{"values":["TC11","/MerchantApiWeb/authenticateUser","/MerchantApiWeb/rest/secure/impersonation/user/financialData/invoice/getInvoiceList","error","toDate is required","MPVE00061","TestAutomationFDP3","Password@1","FDP","","","","","","","","","","","","2017-11-02","","TheBatman"],"result":"SUCCESS"},{"values":["TC12","/MerchantApiWeb/authenticateUser","/MerchantApiWeb/rest/secure/impersonation/user/financialData/invoice/getInvoiceList","error","fromDate is required","MPVE00063","TestAutomationFDP3","Password@1","FDP","","","","","","","","","","","","","2017-11-02","TheBatman"],"result":"SUCCESS"},{"values":["TC13","/MerchantApiWeb/authenticateUser","/MerchantApiWeb/rest/secure/impersonation/user/financialData/invoice/getInvoiceList","error","Username can\u0027t be empty","MPVE00001","TestAutomationFDP3","Password@1","FDP","","","","","","","","","","","","2016-11-02","2017-11-02",""],"result":"SUCCESS"}],"predefinedRows":true,"dataSetDescriptors":[{"startRow":0,"rowCount":0,"name":"","description":""}]},"manual":false,"testSource":"Cucumber","result":"SUCCESS"}