{"name":"Verify the api retrieves the list of the batches for the impersonated user","testSteps":[{"number":1,"description":"[1] {report\u003dTC01, logindomain\u003d/MerchantApiWeb/authenticateUser, domainurl\u003d/MerchantApiWeb/rest/secure/impersonation/user/financialData/batch/getBatchList, status\u003dsuccess, Message\u003d, ErrorCode\u003d, userName\u003dTestAutomationFDP3, password\u003dPassword@1, allianceCode\u003dFDP, AuthErrMessage\u003d, Authaccessdenied\u003d, AuthErrCause\u003d, currency\u003d, userType\u003d, pageNumber\u003d1, accountStatus\u003d, profile\u003d, firstName\u003d, lastName\u003d, period\u003d, fileType\u003dCSV, delimiter\u003d,, pseudoUserName\u003dTheBatman}","duration":69818,"startTime":1514870974607,"result":"SUCCESS","children":[{"number":2,"description":"Given load request for getBatchListImpersonation \"/MerchantApiWeb/authenticateUser\" and \"/MerchantApiWeb/rest/secure/impersonation/user/financialData/batch/getBatchList\" and \"TC01\" and \"TestAutomationFDP3\" and \"Password@1\" and \"FDP\"","duration":3480,"startTime":1514870974621,"result":"SUCCESS","children":[{"number":3,"description":"Loadgetrequestdata: https://uat1.merchantportal.firstdata.eu/MerchantApiWeb/authenticateUser","duration":1,"startTime":1514870974689,"result":"SUCCESS"},{"number":4,"description":"Postrequest authenticate user: https://uat1.merchantportal.firstdata.eu/MerchantApiWeb/authenticateUser, TestAutomationFDP3, Password@1, FDP","duration":3377,"startTime":1514870974691,"result":"SUCCESS"},{"number":5,"description":"Loadgetrequestdata uniqueauthentication: https://uat1.merchantportal.firstdata.eu/MerchantApiWeb/rest/secure/impersonation/user/financialData/batch/getBatchList","duration":0,"startTime":1514870978076,"result":"SUCCESS"}]},{"number":6,"description":"When post get request for getBatchListImpersonation \"TheBatman\"","duration":66094,"startTime":1514870978102,"result":"SUCCESS","children":[{"number":7,"description":"Post GET request get batch list impersonation: https://uat1.merchantportal.firstdata.eu/MerchantApiWeb/rest/secure/impersonation/user/financialData/batch/getBatchList, TheBatman","duration":65997,"startTime":1514870978115,"result":"SUCCESS"}]},{"number":8,"description":"Then verify getBatchListImpersonation response status \"success\" and \"\" and \"\" and \"\" and \"\" and \"\"","duration":228,"startTime":1514871044197,"result":"SUCCESS","children":[{"number":9,"description":"Verify Response","duration":126,"startTime":1514871044209,"result":"SUCCESS"}]}]}],"userStory":{"id":"merchant-portal-application-api-validation","storyName":"Merchant Portal application API validation","path":"APIupdate.feature","type":"feature"},"featureTag":{"name":"Merchant Portal application API validation","type":"feature"},"title":"Verify the api retrieves the list of the batches for the impersonated user","description":"","tags":[{"name":"getBatchListImpersonation","type":"tag"}],"startTime":1514870974607,"duration":69818,"dataTable":{"headers":["report","logindomain","domainurl","status","Message","ErrorCode","userName","password","allianceCode","AuthErrMessage","Authaccessdenied","AuthErrCause","currency","userType","pageNumber","accountStatus","profile","firstName","lastName","period","fileType","delimiter","pseudoUserName"],"rows":[{"values":["TC01","/MerchantApiWeb/authenticateUser","/MerchantApiWeb/rest/secure/impersonation/user/financialData/batch/getBatchList","success","","","TestAutomationFDP3","Password@1","FDP","","","","","","1","","","","","","CSV",",","TheBatman"],"result":"SUCCESS"}],"predefinedRows":true,"dataSetDescriptors":[{"startRow":0,"rowCount":0,"name":"","description":""}]},"manual":false,"testSource":"Cucumber","result":"SUCCESS"}