{"name":"Verify the API retrieves the pos list of the logged in user","testSteps":[{"number":1,"description":"[1] {report\u003dTC01, logindomain\u003d/MerchantApiWeb/authenticateUser, domainurl\u003d/MerchantApiWeb/rest/secure/merchant/hierarchy/pos, status\u003dsuccess, Message\u003d, ErrorCode\u003d, userName\u003dTheBatman, password\u003dPass123!, allianceCode\u003dFDP, AuthErrMessage\u003d, Authaccessdenied\u003d, AuthErrCause\u003d, currency\u003d, userType\u003d, pageNumber\u003d, accountStatus\u003d, profile\u003d, firstName\u003d, lastName\u003d, posCode\u003d71479325, posSubType\u003dL, merchantType\u003dP}","duration":13487,"startTime":1514870051571,"result":"SUCCESS","children":[{"number":2,"description":"Given load request for getPosList \"/MerchantApiWeb/authenticateUser\" and \"/MerchantApiWeb/rest/secure/merchant/hierarchy/pos\" and \"TC01\" and \"TheBatman\" and \"Pass123!\" and \"FDP\"","duration":4781,"startTime":1514870051590,"result":"SUCCESS","children":[{"number":3,"description":"Loadgetrequestdata: https://uat1.merchantportal.firstdata.eu/MerchantApiWeb/authenticateUser","duration":1,"startTime":1514870051658,"result":"SUCCESS"},{"number":4,"description":"Postrequest authenticate user: https://uat1.merchantportal.firstdata.eu/MerchantApiWeb/authenticateUser, TheBatman, Pass123!, FDP","duration":4672,"startTime":1514870051661,"result":"SUCCESS"},{"number":5,"description":"Loadgetrequestdata uniqueauthentication: https://uat1.merchantportal.firstdata.eu/MerchantApiWeb/rest/secure/merchant/hierarchy/pos","duration":2,"startTime":1514870056345,"result":"SUCCESS"}]},{"number":6,"description":"When post get request for getPosList \"P\" and \"L\" and \"71479325\"","duration":8576,"startTime":1514870056371,"result":"SUCCESS","children":[{"number":7,"description":"Post GET request get pos list: https://uat1.merchantportal.firstdata.eu/MerchantApiWeb/rest/secure/merchant/hierarchy/pos, P, L, 71479325","duration":8491,"startTime":1514870056383,"result":"SUCCESS"}]},{"number":8,"description":"Then verify getPosList response status \"success\" and \"\" and \"\" and \"\" and \"\" and \"\"","duration":110,"startTime":1514870064948,"result":"SUCCESS","children":[{"number":9,"description":"Verify Response","duration":47,"startTime":1514870064958,"result":"SUCCESS"}]}]},{"number":10,"description":"[1] {report\u003dTC02, logindomain\u003d/MerchantApiWeb/authenticateUser, domainurl\u003d/MerchantApiWeb/rest/secure/merchant/hierarchy/pos, status\u003dsuccess, Message\u003d, ErrorCode\u003d, userName\u003dTheBatman, password\u003dPass123!, allianceCode\u003dFDP, AuthErrMessage\u003d, Authaccessdenied\u003d, AuthErrCause\u003d, currency\u003d, userType\u003d, pageNumber\u003d, accountStatus\u003d, profile\u003d, firstName\u003d, lastName\u003d, posCode\u003d71479325, posSubType\u003dI, merchantType\u003dP}","duration":5835,"startTime":1514870068207,"result":"SUCCESS","children":[{"number":11,"description":"Given load request for getPosList \"/MerchantApiWeb/authenticateUser\" and \"/MerchantApiWeb/rest/secure/merchant/hierarchy/pos\" and \"TC02\" and \"TheBatman\" and \"Pass123!\" and \"FDP\"","duration":4344,"startTime":1514870068250,"result":"SUCCESS","children":[{"number":12,"description":"Loadgetrequestdata: https://uat1.merchantportal.firstdata.eu/MerchantApiWeb/authenticateUser","duration":1,"startTime":1514870068324,"result":"SUCCESS"},{"number":13,"description":"Postrequest authenticate user: https://uat1.merchantportal.firstdata.eu/MerchantApiWeb/authenticateUser, TheBatman, Pass123!, FDP","duration":4232,"startTime":1514870068326,"result":"SUCCESS"},{"number":14,"description":"Loadgetrequestdata uniqueauthentication: https://uat1.merchantportal.firstdata.eu/MerchantApiWeb/rest/secure/merchant/hierarchy/pos","duration":1,"startTime":1514870072571,"result":"SUCCESS"}]},{"number":15,"description":"When post get request for getPosList \"P\" and \"I\" and \"71479325\"","duration":1355,"startTime":1514870072595,"result":"SUCCESS","children":[{"number":16,"description":"Post GET request get pos list: https://uat1.merchantportal.firstdata.eu/MerchantApiWeb/rest/secure/merchant/hierarchy/pos, P, I, 71479325","duration":1299,"startTime":1514870072607,"result":"SUCCESS"}]},{"number":17,"description":"Then verify getPosList response status \"success\" and \"\" and \"\" and \"\" and \"\" and \"\"","duration":91,"startTime":1514870073951,"result":"SUCCESS","children":[{"number":18,"description":"Verify Response","duration":31,"startTime":1514870073964,"result":"SUCCESS"}]}]},{"number":19,"description":"[1] {report\u003dTC03, logindomain\u003d/MerchantApiWeb/authenticateUser, domainurl\u003d/MerchantApiWeb/rest/secure/merchant/hierarchy/pos, status\u003dsuccess, Message\u003d, ErrorCode\u003d, userName\u003dTheBatman, password\u003dPass123!, allianceCode\u003dFDP, AuthErrMessage\u003d, Authaccessdenied\u003d, AuthErrCause\u003d, currency\u003d, userType\u003d, pageNumber\u003d, accountStatus\u003d, profile\u003d, firstName\u003d, lastName\u003d, posCode\u003d71479325, posSubType\u003dS, merchantType\u003dP}","duration":5717,"startTime":1514870077534,"result":"SUCCESS","children":[{"number":20,"description":"Given load request for getPosList \"/MerchantApiWeb/authenticateUser\" and \"/MerchantApiWeb/rest/secure/merchant/hierarchy/pos\" and \"TC03\" and \"TheBatman\" and \"Pass123!\" and \"FDP\"","duration":2397,"startTime":1514870077565,"result":"SUCCESS","children":[{"number":21,"description":"Loadgetrequestdata: https://uat1.merchantportal.firstdata.eu/MerchantApiWeb/authenticateUser","duration":1,"startTime":1514870077792,"result":"SUCCESS"},{"number":22,"description":"Postrequest authenticate user: https://uat1.merchantportal.firstdata.eu/MerchantApiWeb/authenticateUser, TheBatman, Pass123!, FDP","duration":2137,"startTime":1514870077794,"result":"SUCCESS"},{"number":23,"description":"Loadgetrequestdata uniqueauthentication: https://uat1.merchantportal.firstdata.eu/MerchantApiWeb/rest/secure/merchant/hierarchy/pos","duration":0,"startTime":1514870079941,"result":"SUCCESS"}]},{"number":24,"description":"When post get request for getPosList \"P\" and \"S\" and \"71479325\"","duration":3066,"startTime":1514870079964,"result":"SUCCESS","children":[{"number":25,"description":"Post GET request get pos list: https://uat1.merchantportal.firstdata.eu/MerchantApiWeb/rest/secure/merchant/hierarchy/pos, P, S, 71479325","duration":2994,"startTime":1514870079975,"result":"SUCCESS"}]},{"number":26,"description":"Then verify getPosList response status \"success\" and \"\" and \"\" and \"\" and \"\" and \"\"","duration":219,"startTime":1514870083032,"result":"SUCCESS","children":[{"number":27,"description":"Verify Response","duration":143,"startTime":1514870083049,"result":"SUCCESS"}]}]},{"number":28,"description":"[1] {report\u003dTC04, logindomain\u003d/MerchantApiWeb/authenticateUser, domainurl\u003d/MerchantApiWeb/rest/secure/merchant/hierarchy/pos, status\u003derror, Message\u003dInvalid PosSubType, ErrorCode\u003dMPVE00100, userName\u003dTheBatman, password\u003dPass123!, allianceCode\u003dFDP, AuthErrMessage\u003d, Authaccessdenied\u003d, AuthErrCause\u003d, currency\u003d, userType\u003d, pageNumber\u003d, accountStatus\u003d, profile\u003d, firstName\u003d, lastName\u003d, posCode\u003d71479325, posSubType\u003dA, merchantType\u003dP}","duration":3197,"startTime":1514870086826,"result":"SUCCESS","children":[{"number":29,"description":"Given load request for getPosList \"/MerchantApiWeb/authenticateUser\" and \"/MerchantApiWeb/rest/secure/merchant/hierarchy/pos\" and \"TC04\" and \"TheBatman\" and \"Pass123!\" and \"FDP\"","duration":1940,"startTime":1514870086851,"result":"SUCCESS","children":[{"number":30,"description":"Loadgetrequestdata: https://uat1.merchantportal.firstdata.eu/MerchantApiWeb/authenticateUser","duration":0,"startTime":1514870086980,"result":"SUCCESS"},{"number":31,"description":"Postrequest authenticate user: https://uat1.merchantportal.firstdata.eu/MerchantApiWeb/authenticateUser, TheBatman, Pass123!, FDP","duration":1775,"startTime":1514870086981,"result":"SUCCESS"},{"number":32,"description":"Loadgetrequestdata uniqueauthentication: https://uat1.merchantportal.firstdata.eu/MerchantApiWeb/rest/secure/merchant/hierarchy/pos","duration":0,"startTime":1514870088765,"result":"SUCCESS"}]},{"number":33,"description":"When post get request for getPosList \"P\" and \"A\" and \"71479325\"","duration":888,"startTime":1514870088792,"result":"SUCCESS","children":[{"number":34,"description":"Post GET request get pos list: https://uat1.merchantportal.firstdata.eu/MerchantApiWeb/rest/secure/merchant/hierarchy/pos, P, A, 71479325","duration":822,"startTime":1514870088804,"result":"SUCCESS"}]},{"number":35,"description":"Then verify getPosList response status \"error\" and \"MPVE00100\" and \"Invalid PosSubType\" and \"\" and \"\" and \"\"","duration":340,"startTime":1514870089683,"result":"SUCCESS","children":[{"number":36,"description":"Verify Response","duration":137,"startTime":1514870089721,"result":"SUCCESS"}]}]}],"userStory":{"id":"merchant-portal-application-api-validation","storyName":"Merchant Portal application API validation","path":"APIupdate.feature","type":"feature"},"featureTag":{"name":"Merchant Portal application API validation","type":"feature"},"title":"Verify the API retrieves the pos list of the logged in user","description":"","tags":[{"name":"getPosList","type":"tag"}],"startTime":1514870051571,"duration":38452,"dataTable":{"headers":["report","logindomain","domainurl","status","Message","ErrorCode","userName","password","allianceCode","AuthErrMessage","Authaccessdenied","AuthErrCause","currency","userType","pageNumber","accountStatus","profile","firstName","lastName","posCode","posSubType","merchantType"],"rows":[{"values":["TC01","/MerchantApiWeb/authenticateUser","/MerchantApiWeb/rest/secure/merchant/hierarchy/pos","success","","","TheBatman","Pass123!","FDP","","","","","","","","","","","71479325","L","P"],"result":"SUCCESS"},{"values":["TC02","/MerchantApiWeb/authenticateUser","/MerchantApiWeb/rest/secure/merchant/hierarchy/pos","success","","","TheBatman","Pass123!","FDP","","","","","","","","","","","71479325","I","P"],"result":"SUCCESS"},{"values":["TC03","/MerchantApiWeb/authenticateUser","/MerchantApiWeb/rest/secure/merchant/hierarchy/pos","success","","","TheBatman","Pass123!","FDP","","","","","","","","","","","71479325","S","P"],"result":"SUCCESS"},{"values":["TC04","/MerchantApiWeb/authenticateUser","/MerchantApiWeb/rest/secure/merchant/hierarchy/pos","error","Invalid PosSubType","MPVE00100","TheBatman","Pass123!","FDP","","","","","","","","","","","71479325","A","P"],"result":"SUCCESS"}],"predefinedRows":true,"dataSetDescriptors":[{"startRow":0,"rowCount":0,"name":"","description":""}]},"manual":false,"testSource":"Cucumber","result":"SUCCESS"}