{"name":"Verify the api retrieves the Funding list","testSteps":[{"number":1,"description":"[1] {report\u003dTC01, logindomain\u003d/MerchantApiWeb/authenticateUser, domainurl\u003d/MerchantApiWeb/rest/secure/user/financialData/funding/getFundingList, status\u003dsuccess, Message\u003d, ErrorCode\u003d, userName\u003dDemoAccount1, password\u003dPassword@1, allianceCode\u003dEMS, AuthErrMessage\u003d, Authaccessdenied\u003d, AuthErrCause\u003d, currency\u003dEUR, userType\u003d, pageNumber\u003d1, accountStatus\u003d, profile\u003d, firstName\u003d, lastName\u003d, period\u003d, fromDate\u003d2016-11-02, toDate\u003d2017-11-02, invoiceId\u003d4723680, gsmTopUpFromDate\u003d, gsmTopUpToDate\u003d, invoiceLineItemId\u003d, fundId\u003d5121421, merchId\u003d65902182}","duration":6169,"startTime":1514871469993,"result":"SUCCESS","children":[{"number":2,"description":"Given load request for getFundingList \"/MerchantApiWeb/authenticateUser\" and \"/MerchantApiWeb/rest/secure/user/financialData/funding/getFundingList\" and \"TC01\" and \"DemoAccount1\" and \"Password@1\" and \"EMS\"","duration":3802,"startTime":1514871470007,"result":"SUCCESS","children":[{"number":3,"description":"Loadgetrequestdata: https://uat1.merchantportal.firstdata.eu/MerchantApiWeb/authenticateUser","duration":1,"startTime":1514871470086,"result":"SUCCESS"},{"number":4,"description":"Postrequest authenticate user: https://uat1.merchantportal.firstdata.eu/MerchantApiWeb/authenticateUser, DemoAccount1, Password@1, EMS","duration":3692,"startTime":1514871470088,"result":"SUCCESS"},{"number":5,"description":"Loadgetrequestdata uniqueauthentication: https://uat1.merchantportal.firstdata.eu/MerchantApiWeb/rest/secure/user/financialData/funding/getFundingList","duration":1,"startTime":1514871473786,"result":"SUCCESS"}]},{"number":6,"description":"When post get request for getFundingList \"EUR\" and \"1\" and \"2016-11-02\" and \"2017-11-02\"","duration":2212,"startTime":1514871473809,"result":"SUCCESS","children":[{"number":7,"description":"Post GET request get funding list: https://uat1.merchantportal.firstdata.eu/MerchantApiWeb/rest/secure/user/financialData/funding/getFundingList, EUR, 1, 2016-11-02, 2017-11-02","duration":2118,"startTime":1514871473823,"result":"SUCCESS"}]},{"number":8,"description":"Then verify getFundingList response status \"success\" and \"\" and \"\" and \"\" and \"\" and \"\"","duration":140,"startTime":1514871476021,"result":"SUCCESS","children":[{"number":9,"description":"Verify Response","duration":70,"startTime":1514871476039,"result":"SUCCESS"}]}]},{"number":10,"description":"[1] {report\u003dTC02, logindomain\u003d/MerchantApiWeb/authenticateUser, domainurl\u003d/MerchantApiWeb/rest/secure/user/financialData/funding/getFundingList, status\u003derror, Message\u003dInvalid Date format, ErrorCode\u003dMPVE00051, userName\u003dDemoAccount1, password\u003dPassword@1, allianceCode\u003dEMS, AuthErrMessage\u003d, Authaccessdenied\u003d, AuthErrCause\u003d, currency\u003dEUR, userType\u003d, pageNumber\u003d1, accountStatus\u003d, profile\u003d, firstName\u003d, lastName\u003d, period\u003d, fromDate\u003d20161102, toDate\u003d2017-11-02, invoiceId\u003d4723680, gsmTopUpFromDate\u003d, gsmTopUpToDate\u003d, invoiceLineItemId\u003d, fundId\u003d5121421, merchId\u003d65902182}","duration":2416,"startTime":1514871479990,"result":"SUCCESS","children":[{"number":11,"description":"Given load request for getFundingList \"/MerchantApiWeb/authenticateUser\" and \"/MerchantApiWeb/rest/secure/user/financialData/funding/getFundingList\" and \"TC02\" and \"DemoAccount1\" and \"Password@1\" and \"EMS\"","duration":1241,"startTime":1514871480008,"result":"SUCCESS","children":[{"number":12,"description":"Loadgetrequestdata: https://uat1.merchantportal.firstdata.eu/MerchantApiWeb/authenticateUser","duration":1,"startTime":1514871480112,"result":"SUCCESS"},{"number":13,"description":"Postrequest authenticate user: https://uat1.merchantportal.firstdata.eu/MerchantApiWeb/authenticateUser, DemoAccount1, Password@1, EMS","duration":1099,"startTime":1514871480115,"result":"SUCCESS"},{"number":14,"description":"Loadgetrequestdata uniqueauthentication: https://uat1.merchantportal.firstdata.eu/MerchantApiWeb/rest/secure/user/financialData/funding/getFundingList","duration":1,"startTime":1514871481222,"result":"SUCCESS"}]},{"number":15,"description":"When post get request for getFundingList \"EUR\" and \"1\" and \"20161102\" and \"2017-11-02\"","duration":931,"startTime":1514871481250,"result":"SUCCESS","children":[{"number":16,"description":"Post GET request get funding list: https://uat1.merchantportal.firstdata.eu/MerchantApiWeb/rest/secure/user/financialData/funding/getFundingList, EUR, 1, 20161102, 2017-11-02","duration":868,"startTime":1514871481262,"result":"SUCCESS"}]},{"number":17,"description":"Then verify getFundingList response status \"error\" and \"MPVE00051\" and \"Invalid Date format\" and \"\" and \"\" and \"\"","duration":224,"startTime":1514871482182,"result":"SUCCESS","children":[{"number":18,"description":"Verify Response","duration":52,"startTime":1514871482193,"result":"SUCCESS"}]}]},{"number":19,"description":"[1] {report\u003dTC03, logindomain\u003d/MerchantApiWeb/authenticateUser, domainurl\u003d/MerchantApiWeb/rest/secure/user/financialData/funding/getFundingList, status\u003derror, Message\u003dInvalid Date format, ErrorCode\u003dMPVE00051, userName\u003dDemoAccount1, password\u003dPassword@1, allianceCode\u003dEMS, AuthErrMessage\u003d, Authaccessdenied\u003d, AuthErrCause\u003d, currency\u003dEUR, userType\u003d, pageNumber\u003d1, accountStatus\u003d, profile\u003d, firstName\u003d, lastName\u003d, period\u003d, fromDate\u003d2016-11-02, toDate\u003d20171102, invoiceId\u003d4723680, gsmTopUpFromDate\u003d, gsmTopUpToDate\u003d, invoiceLineItemId\u003d, fundId\u003d5121421, merchId\u003d65902182}","duration":2480,"startTime":1514871486314,"result":"SUCCESS","children":[{"number":20,"description":"Given load request for getFundingList \"/MerchantApiWeb/authenticateUser\" and \"/MerchantApiWeb/rest/secure/user/financialData/funding/getFundingList\" and \"TC03\" and \"DemoAccount1\" and \"Password@1\" and \"EMS\"","duration":1228,"startTime":1514871486329,"result":"SUCCESS","children":[{"number":21,"description":"Loadgetrequestdata: https://uat1.merchantportal.firstdata.eu/MerchantApiWeb/authenticateUser","duration":1,"startTime":1514871486398,"result":"SUCCESS"},{"number":22,"description":"Postrequest authenticate user: https://uat1.merchantportal.firstdata.eu/MerchantApiWeb/authenticateUser, DemoAccount1, Password@1, EMS","duration":1122,"startTime":1514871486400,"result":"SUCCESS"},{"number":23,"description":"Loadgetrequestdata uniqueauthentication: https://uat1.merchantportal.firstdata.eu/MerchantApiWeb/rest/secure/user/financialData/funding/getFundingList","duration":1,"startTime":1514871487532,"result":"SUCCESS"}]},{"number":24,"description":"When post get request for getFundingList \"EUR\" and \"1\" and \"2016-11-02\" and \"20171102\"","duration":1030,"startTime":1514871487558,"result":"SUCCESS","children":[{"number":25,"description":"Post GET request get funding list: https://uat1.merchantportal.firstdata.eu/MerchantApiWeb/rest/secure/user/financialData/funding/getFundingList, EUR, 1, 2016-11-02, 20171102","duration":966,"startTime":1514871487570,"result":"SUCCESS"}]},{"number":26,"description":"Then verify getFundingList response status \"error\" and \"MPVE00051\" and \"Invalid Date format\" and \"\" and \"\" and \"\"","duration":205,"startTime":1514871488589,"result":"SUCCESS","children":[{"number":27,"description":"Verify Response","duration":52,"startTime":1514871488602,"result":"SUCCESS"}]}]},{"number":28,"description":"[1] {report\u003dTC05, logindomain\u003d/MerchantApiWeb/authenticateUser, domainurl\u003d/MerchantApiWeb/rest/secure/user/financialData/funding/getFundingList, status\u003derror, Message\u003dfromDate should be less than toDate, ErrorCode\u003dMPVE00053, userName\u003dDemoAccount1, password\u003dPassword@1, allianceCode\u003dEMS, AuthErrMessage\u003d, Authaccessdenied\u003d, AuthErrCause\u003d, currency\u003dEUR, userType\u003d, pageNumber\u003d1, accountStatus\u003d, profile\u003d, firstName\u003d, lastName\u003d, period\u003d, fromDate\u003d2018-11-02, toDate\u003d2017-11-02, invoiceId\u003d4723680, gsmTopUpFromDate\u003d, gsmTopUpToDate\u003d, invoiceLineItemId\u003d, fundId\u003d5121421, merchId\u003d65902182}","duration":2555,"startTime":1514871492652,"result":"SUCCESS","children":[{"number":29,"description":"Given load request for getFundingList \"/MerchantApiWeb/authenticateUser\" and \"/MerchantApiWeb/rest/secure/user/financialData/funding/getFundingList\" and \"TC05\" and \"DemoAccount1\" and \"Password@1\" and \"EMS\"","duration":1172,"startTime":1514871492665,"result":"SUCCESS","children":[{"number":30,"description":"Loadgetrequestdata: https://uat1.merchantportal.firstdata.eu/MerchantApiWeb/authenticateUser","duration":1,"startTime":1514871492738,"result":"SUCCESS"},{"number":31,"description":"Postrequest authenticate user: https://uat1.merchantportal.firstdata.eu/MerchantApiWeb/authenticateUser, DemoAccount1, Password@1, EMS","duration":1066,"startTime":1514871492740,"result":"SUCCESS"},{"number":32,"description":"Loadgetrequestdata uniqueauthentication: https://uat1.merchantportal.firstdata.eu/MerchantApiWeb/rest/secure/user/financialData/funding/getFundingList","duration":0,"startTime":1514871493813,"result":"SUCCESS"}]},{"number":33,"description":"When post get request for getFundingList \"EUR\" and \"1\" and \"2018-11-02\" and \"2017-11-02\"","duration":957,"startTime":1514871493837,"result":"SUCCESS","children":[{"number":34,"description":"Post GET request get funding list: https://uat1.merchantportal.firstdata.eu/MerchantApiWeb/rest/secure/user/financialData/funding/getFundingList, EUR, 1, 2018-11-02, 2017-11-02","duration":880,"startTime":1514871493852,"result":"SUCCESS"}]},{"number":35,"description":"Then verify getFundingList response status \"error\" and \"MPVE00053\" and \"fromDate should be less than toDate\" and \"\" and \"\" and \"\"","duration":412,"startTime":1514871494795,"result":"SUCCESS","children":[{"number":36,"description":"Verify Response","duration":172,"startTime":1514871494808,"result":"SUCCESS"}]}]},{"number":37,"description":"[1] {report\u003dTC06, logindomain\u003d/MerchantApiWeb/authenticateUser, domainurl\u003d/MerchantApiWeb/rest/secure/user/financialData/funding/getFundingList, status\u003derror, Message\u003dtoDate is required, ErrorCode\u003dMPVE00061, userName\u003dDemoAccount1, password\u003dPassword@1, allianceCode\u003dEMS, AuthErrMessage\u003d, Authaccessdenied\u003d, AuthErrCause\u003d, currency\u003dEUR, userType\u003d, pageNumber\u003d1, accountStatus\u003d, profile\u003d, firstName\u003d, lastName\u003d, period\u003d, fromDate\u003d2016-11-02, toDate\u003d, invoiceId\u003d4723680, gsmTopUpFromDate\u003d, gsmTopUpToDate\u003d, invoiceLineItemId\u003d, fundId\u003d5121421, merchId\u003d65902182}","duration":2451,"startTime":1514871499088,"result":"SUCCESS","children":[{"number":38,"description":"Given load request for getFundingList \"/MerchantApiWeb/authenticateUser\" and \"/MerchantApiWeb/rest/secure/user/financialData/funding/getFundingList\" and \"TC06\" and \"DemoAccount1\" and \"Password@1\" and \"EMS\"","duration":1154,"startTime":1514871499124,"result":"SUCCESS","children":[{"number":39,"description":"Loadgetrequestdata: https://uat1.merchantportal.firstdata.eu/MerchantApiWeb/authenticateUser","duration":0,"startTime":1514871499194,"result":"SUCCESS"},{"number":40,"description":"Postrequest authenticate user: https://uat1.merchantportal.firstdata.eu/MerchantApiWeb/authenticateUser, DemoAccount1, Password@1, EMS","duration":1052,"startTime":1514871499195,"result":"SUCCESS"},{"number":41,"description":"Loadgetrequestdata uniqueauthentication: https://uat1.merchantportal.firstdata.eu/MerchantApiWeb/rest/secure/user/financialData/funding/getFundingList","duration":0,"startTime":1514871500254,"result":"SUCCESS"}]},{"number":42,"description":"When post get request for getFundingList \"EUR\" and \"1\" and \"2016-11-02\" and \"\"","duration":1052,"startTime":1514871500278,"result":"SUCCESS","children":[{"number":43,"description":"Post GET request get funding list: https://uat1.merchantportal.firstdata.eu/MerchantApiWeb/rest/secure/user/financialData/funding/getFundingList, EUR, 1, 2016-11-02, ","duration":991,"startTime":1514871500292,"result":"SUCCESS"}]},{"number":44,"description":"Then verify getFundingList response status \"error\" and \"MPVE00061\" and \"toDate is required\" and \"\" and \"\" and \"\"","duration":209,"startTime":1514871501330,"result":"SUCCESS","children":[{"number":45,"description":"Verify Response","duration":47,"startTime":1514871501341,"result":"SUCCESS"}]}]},{"number":46,"description":"[1] {report\u003dTC07, logindomain\u003d/MerchantApiWeb/authenticateUser, domainurl\u003d/MerchantApiWeb/rest/secure/user/financialData/funding/getFundingList, status\u003derror, Message\u003dfromDate is required, ErrorCode\u003dMPVE00063, userName\u003dDemoAccount1, password\u003dPassword@1, allianceCode\u003dEMS, AuthErrMessage\u003d, Authaccessdenied\u003d, AuthErrCause\u003d, currency\u003dEUR, userType\u003d, pageNumber\u003d1, accountStatus\u003d, profile\u003d, firstName\u003d, lastName\u003d, period\u003d, fromDate\u003d, toDate\u003d2017-11-02, invoiceId\u003d4723680, gsmTopUpFromDate\u003d, gsmTopUpToDate\u003d, invoiceLineItemId\u003d, fundId\u003d5121421, merchId\u003d65902182}","duration":2500,"startTime":1514871505262,"result":"SUCCESS","children":[{"number":47,"description":"Given load request for getFundingList \"/MerchantApiWeb/authenticateUser\" and \"/MerchantApiWeb/rest/secure/user/financialData/funding/getFundingList\" and \"TC07\" and \"DemoAccount1\" and \"Password@1\" and \"EMS\"","duration":1320,"startTime":1514871505275,"result":"SUCCESS","children":[{"number":48,"description":"Loadgetrequestdata: https://uat1.merchantportal.firstdata.eu/MerchantApiWeb/authenticateUser","duration":0,"startTime":1514871505350,"result":"SUCCESS"},{"number":49,"description":"Postrequest authenticate user: https://uat1.merchantportal.firstdata.eu/MerchantApiWeb/authenticateUser, DemoAccount1, Password@1, EMS","duration":1170,"startTime":1514871505351,"result":"SUCCESS"},{"number":50,"description":"Loadgetrequestdata uniqueauthentication: https://uat1.merchantportal.firstdata.eu/MerchantApiWeb/rest/secure/user/financialData/funding/getFundingList","duration":1,"startTime":1514871506530,"result":"SUCCESS"}]},{"number":51,"description":"When post get request for getFundingList \"EUR\" and \"1\" and \"\" and \"2017-11-02\"","duration":963,"startTime":1514871506595,"result":"SUCCESS","children":[{"number":52,"description":"Post GET request get funding list: https://uat1.merchantportal.firstdata.eu/MerchantApiWeb/rest/secure/user/financialData/funding/getFundingList, EUR, 1, , 2017-11-02","duration":896,"startTime":1514871506611,"result":"SUCCESS"}]},{"number":53,"description":"Then verify getFundingList response status \"error\" and \"MPVE00063\" and \"fromDate is required\" and \"\" and \"\" and \"\"","duration":202,"startTime":1514871507559,"result":"SUCCESS","children":[{"number":54,"description":"Verify Response","duration":50,"startTime":1514871507571,"result":"SUCCESS"}]}]},{"number":55,"description":"[1] {report\u003dTC08, logindomain\u003d/MerchantApiWeb/authenticateUser, domainurl\u003d/MerchantApiWeb/rest/secure/user/financialData/funding/getFundingList, status\u003derror, Message\u003dPage no should be numeric, ErrorCode\u003dMPVE00032, userName\u003dDemoAccount1, password\u003dPassword@1, allianceCode\u003dEMS, AuthErrMessage\u003d, Authaccessdenied\u003d, AuthErrCause\u003d, currency\u003dEUR, userType\u003d, pageNumber\u003dA, accountStatus\u003d, profile\u003d, firstName\u003d, lastName\u003d, period\u003d, fromDate\u003d2016-11-02, toDate\u003d2017-11-02, invoiceId\u003d4723680, gsmTopUpFromDate\u003d, gsmTopUpToDate\u003d, invoiceLineItemId\u003d, fundId\u003d5121421, merchId\u003d65902182}","duration":2643,"startTime":1514871511710,"result":"SUCCESS","children":[{"number":56,"description":"Given load request for getFundingList \"/MerchantApiWeb/authenticateUser\" and \"/MerchantApiWeb/rest/secure/user/financialData/funding/getFundingList\" and \"TC08\" and \"DemoAccount1\" and \"Password@1\" and \"EMS\"","duration":1213,"startTime":1514871511724,"result":"SUCCESS","children":[{"number":57,"description":"Loadgetrequestdata: https://uat1.merchantportal.firstdata.eu/MerchantApiWeb/authenticateUser","duration":0,"startTime":1514871511794,"result":"SUCCESS"},{"number":58,"description":"Postrequest authenticate user: https://uat1.merchantportal.firstdata.eu/MerchantApiWeb/authenticateUser, DemoAccount1, Password@1, EMS","duration":1106,"startTime":1514871511795,"result":"SUCCESS"},{"number":59,"description":"Loadgetrequestdata uniqueauthentication: https://uat1.merchantportal.firstdata.eu/MerchantApiWeb/rest/secure/user/financialData/funding/getFundingList","duration":1,"startTime":1514871512910,"result":"SUCCESS"}]},{"number":60,"description":"When post get request for getFundingList \"EUR\" and \"A\" and \"2016-11-02\" and \"2017-11-02\"","duration":1027,"startTime":1514871512938,"result":"SUCCESS","children":[{"number":61,"description":"Post GET request get funding list: https://uat1.merchantportal.firstdata.eu/MerchantApiWeb/rest/secure/user/financialData/funding/getFundingList, EUR, A, 2016-11-02, 2017-11-02","duration":921,"startTime":1514871512952,"result":"SUCCESS"}]},{"number":62,"description":"Then verify getFundingList response status \"error\" and \"MPVE00032\" and \"Page no should be numeric\" and \"\" and \"\" and \"\"","duration":388,"startTime":1514871513965,"result":"SUCCESS","children":[{"number":63,"description":"Verify Response","duration":185,"startTime":1514871513994,"result":"SUCCESS"}]}]}],"userStory":{"id":"merchant-portal-application-api-validation","storyName":"Merchant Portal application API validation","path":"APIupdate.feature","type":"feature"},"featureTag":{"name":"Merchant Portal application API validation","type":"feature"},"title":"Verify the api retrieves the Funding list","description":"","tags":[{"name":"getFundingList","type":"tag"}],"startTime":1514871469992,"duration":44361,"dataTable":{"headers":["report","logindomain","domainurl","status","Message","ErrorCode","userName","password","allianceCode","AuthErrMessage","Authaccessdenied","AuthErrCause","currency","userType","pageNumber","accountStatus","profile","firstName","lastName","period","fromDate","toDate","invoiceId","gsmTopUpFromDate","gsmTopUpToDate","invoiceLineItemId","fundId","merchId"],"rows":[{"values":["TC01","/MerchantApiWeb/authenticateUser","/MerchantApiWeb/rest/secure/user/financialData/funding/getFundingList","success","","","DemoAccount1","Password@1","EMS","","","","EUR","","1","","","","","","2016-11-02","2017-11-02","4723680","","","","5121421","65902182"],"result":"SUCCESS"},{"values":["TC02","/MerchantApiWeb/authenticateUser","/MerchantApiWeb/rest/secure/user/financialData/funding/getFundingList","error","Invalid Date format","MPVE00051","DemoAccount1","Password@1","EMS","","","","EUR","","1","","","","","","20161102","2017-11-02","4723680","","","","5121421","65902182"],"result":"SUCCESS"},{"values":["TC03","/MerchantApiWeb/authenticateUser","/MerchantApiWeb/rest/secure/user/financialData/funding/getFundingList","error","Invalid Date format","MPVE00051","DemoAccount1","Password@1","EMS","","","","EUR","","1","","","","","","2016-11-02","20171102","4723680","","","","5121421","65902182"],"result":"SUCCESS"},{"values":["TC05","/MerchantApiWeb/authenticateUser","/MerchantApiWeb/rest/secure/user/financialData/funding/getFundingList","error","fromDate should be less than toDate","MPVE00053","DemoAccount1","Password@1","EMS","","","","EUR","","1","","","","","","2018-11-02","2017-11-02","4723680","","","","5121421","65902182"],"result":"SUCCESS"},{"values":["TC06","/MerchantApiWeb/authenticateUser","/MerchantApiWeb/rest/secure/user/financialData/funding/getFundingList","error","toDate is required","MPVE00061","DemoAccount1","Password@1","EMS","","","","EUR","","1","","","","","","2016-11-02","","4723680","","","","5121421","65902182"],"result":"SUCCESS"},{"values":["TC07","/MerchantApiWeb/authenticateUser","/MerchantApiWeb/rest/secure/user/financialData/funding/getFundingList","error","fromDate is required","MPVE00063","DemoAccount1","Password@1","EMS","","","","EUR","","1","","","","","","","2017-11-02","4723680","","","","5121421","65902182"],"result":"SUCCESS"},{"values":["TC08","/MerchantApiWeb/authenticateUser","/MerchantApiWeb/rest/secure/user/financialData/funding/getFundingList","error","Page no should be numeric","MPVE00032","DemoAccount1","Password@1","EMS","","","","EUR","","A","","","","","","2016-11-02","2017-11-02","4723680","","","","5121421","65902182"],"result":"SUCCESS"}],"predefinedRows":true,"dataSetDescriptors":[{"startRow":0,"rowCount":0,"name":"","description":""}]},"manual":false,"testSource":"Cucumber","result":"SUCCESS"}