{"name":"Verify the api retrieves the document as per input for the current logged in user","testSteps":[{"number":1,"description":"[1] {report\u003dTC01, logindomain\u003d/MerchantApiWeb/authenticateUser, domainurl\u003d/MerchantApiWeb/rest/secure/user/documents/getDocument, status\u003dsuccess, Message\u003d, ErrorCode\u003d, userName\u003dTestAutomation22, password\u003dPassword@1, allianceCode\u003dEMS, AuthErrMessage\u003d, Authaccessdenied\u003d, AuthErrCause\u003d, currency\u003d, userType\u003d, pageNumber\u003d, accountStatus\u003d, profile\u003d, firstName\u003d, lastName\u003d, profiles_Accessdata\u003d, Dictionary_category\u003d, Dictionary_code\u003d, Dictionary_languagecode\u003d, documentfolder\u003d, documentId\u003d1014602}","duration":2629,"startTime":1514870709075,"result":"SUCCESS","children":[{"number":2,"description":"Given load request for getDocument \"/MerchantApiWeb/authenticateUser\" and \"/MerchantApiWeb/rest/secure/user/documents/getDocument\" and \"TC01\" and \"TestAutomation22\" and \"Password@1\" and \"EMS\"","duration":1356,"startTime":1514870709089,"result":"SUCCESS","children":[{"number":3,"description":"Loadgetrequestdata: https://uat1.merchantportal.firstdata.eu/MerchantApiWeb/authenticateUser","duration":0,"startTime":1514870709168,"result":"SUCCESS"},{"number":4,"description":"Postrequest authenticate user: https://uat1.merchantportal.firstdata.eu/MerchantApiWeb/authenticateUser, TestAutomation22, Password@1, EMS","duration":1241,"startTime":1514870709169,"result":"SUCCESS"},{"number":5,"description":"Loadgetrequestdata authenticated: https://uat1.merchantportal.firstdata.eu/MerchantApiWeb/rest/secure/user/documents/getDocument, 33bbe85a-5e10-430b-b9e7-7a2a74cf5595","duration":0,"startTime":1514870710420,"result":"SUCCESS"}]},{"number":6,"description":"When post get request for getDocument \"1014602\"","duration":1092,"startTime":1514870710446,"result":"SUCCESS","children":[{"number":7,"description":"Post GET request get document: https://uat1.merchantportal.firstdata.eu/MerchantApiWeb/rest/secure/user/documents/getDocument, 1014602","duration":1029,"startTime":1514870710458,"result":"SUCCESS"}]},{"number":8,"description":"Then verify getDocument response status \"success\" and \"\" and \"\" and \"\" and \"\" and \"\"","duration":165,"startTime":1514870711539,"result":"SUCCESS","children":[{"number":9,"description":"Verify Response","duration":20,"startTime":1514870711572,"result":"SUCCESS"}]}]},{"number":10,"description":"[1] {report\u003dTC02, logindomain\u003d/MerchantApiWeb/authenticateUser, domainurl\u003d/MerchantApiWeb/rest/secure/user/documents/getDocument, status\u003derror, Message\u003dDocument id can\u0027t be empty, ErrorCode\u003dMPVE00069, userName\u003dTestAutomation22, password\u003dPassword@1, allianceCode\u003dEMS, AuthErrMessage\u003d, Authaccessdenied\u003d, AuthErrCause\u003d, currency\u003d, userType\u003d, pageNumber\u003d, accountStatus\u003d, profile\u003d, firstName\u003d, lastName\u003d, profiles_Accessdata\u003d, Dictionary_category\u003d, Dictionary_code\u003d, Dictionary_languagecode\u003d, documentfolder\u003d, documentId\u003d}","duration":2471,"startTime":1514870716103,"result":"SUCCESS","children":[{"number":11,"description":"Given load request for getDocument \"/MerchantApiWeb/authenticateUser\" and \"/MerchantApiWeb/rest/secure/user/documents/getDocument\" and \"TC02\" and \"TestAutomation22\" and \"Password@1\" and \"EMS\"","duration":1219,"startTime":1514870716119,"result":"SUCCESS","children":[{"number":12,"description":"Loadgetrequestdata: https://uat1.merchantportal.firstdata.eu/MerchantApiWeb/authenticateUser","duration":1,"startTime":1514870716211,"result":"SUCCESS"},{"number":13,"description":"Postrequest authenticate user: https://uat1.merchantportal.firstdata.eu/MerchantApiWeb/authenticateUser, TestAutomation22, Password@1, EMS","duration":1093,"startTime":1514870716213,"result":"SUCCESS"},{"number":14,"description":"Loadgetrequestdata authenticated: https://uat1.merchantportal.firstdata.eu/MerchantApiWeb/rest/secure/user/documents/getDocument, 33bbe85a-5e10-430b-b9e7-7a2a74cf5595","duration":0,"startTime":1514870717316,"result":"SUCCESS"}]},{"number":15,"description":"When post get request for getDocument \"\"","duration":922,"startTime":1514870717339,"result":"SUCCESS","children":[{"number":16,"description":"Post GET request get document: https://uat1.merchantportal.firstdata.eu/MerchantApiWeb/rest/secure/user/documents/getDocument, ","duration":858,"startTime":1514870717352,"result":"SUCCESS"}]},{"number":17,"description":"Then verify getDocument response status \"error\" and \"MPVE00069\" and \"Document id can\u0027t be empty\" and \"\" and \"\" and \"\"","duration":312,"startTime":1514870718262,"result":"SUCCESS","children":[{"number":18,"description":"Verify Response","duration":72,"startTime":1514870718274,"result":"SUCCESS"}]}]},{"number":19,"description":"[1] {report\u003dTC03, logindomain\u003d/MerchantApiWeb/authenticateUser, domainurl\u003d/MerchantApiWeb/rest/secure/user/documents/getDocument, status\u003derror, Message\u003dDocument id can\u0027t be more than 19 characters, ErrorCode\u003dMPVE00070, userName\u003dTestAutomation22, password\u003dPassword@1, allianceCode\u003dEMS, AuthErrMessage\u003d, Authaccessdenied\u003d, AuthErrCause\u003d, currency\u003d, userType\u003d, pageNumber\u003d, accountStatus\u003d, profile\u003d, firstName\u003d, lastName\u003d, profiles_Accessdata\u003d, Dictionary_category\u003d, Dictionary_code\u003d, Dictionary_languagecode\u003d, documentfolder\u003d, documentId\u003d12345678901234567890}","duration":2338,"startTime":1514870723220,"result":"SUCCESS","children":[{"number":20,"description":"Given load request for getDocument \"/MerchantApiWeb/authenticateUser\" and \"/MerchantApiWeb/rest/secure/user/documents/getDocument\" and \"TC03\" and \"TestAutomation22\" and \"Password@1\" and \"EMS\"","duration":1174,"startTime":1514870723237,"result":"SUCCESS","children":[{"number":21,"description":"Loadgetrequestdata: https://uat1.merchantportal.firstdata.eu/MerchantApiWeb/authenticateUser","duration":1,"startTime":1514870723312,"result":"SUCCESS"},{"number":22,"description":"Postrequest authenticate user: https://uat1.merchantportal.firstdata.eu/MerchantApiWeb/authenticateUser, TestAutomation22, Password@1, EMS","duration":1064,"startTime":1514870723314,"result":"SUCCESS"},{"number":23,"description":"Loadgetrequestdata authenticated: https://uat1.merchantportal.firstdata.eu/MerchantApiWeb/rest/secure/user/documents/getDocument, 33bbe85a-5e10-430b-b9e7-7a2a74cf5595","duration":1,"startTime":1514870724386,"result":"SUCCESS"}]},{"number":24,"description":"When post get request for getDocument \"12345678901234567890\"","duration":945,"startTime":1514870724411,"result":"SUCCESS","children":[{"number":25,"description":"Post GET request get document: https://uat1.merchantportal.firstdata.eu/MerchantApiWeb/rest/secure/user/documents/getDocument, 12345678901234567890","duration":881,"startTime":1514870724426,"result":"SUCCESS"}]},{"number":26,"description":"Then verify getDocument response status \"error\" and \"MPVE00070\" and \"Document id can\u0027t be more than 19 characters\" and \"\" and \"\" and \"\"","duration":202,"startTime":1514870725356,"result":"SUCCESS","children":[{"number":27,"description":"Verify Response","duration":55,"startTime":1514870725370,"result":"SUCCESS"}]}]},{"number":28,"description":"[1] {report\u003dTC04, logindomain\u003d/MerchantApiWeb/authenticateUser, domainurl\u003d/MerchantApiWeb/rest/secure/user/documents/getDocument, status\u003derror, Message\u003dDocument id must only be numeric, ErrorCode\u003dMPVE00071, userName\u003dTestAutomation22, password\u003dPassword@1, allianceCode\u003dEMS, AuthErrMessage\u003d, Authaccessdenied\u003d, AuthErrCause\u003d, currency\u003d, userType\u003d, pageNumber\u003d, accountStatus\u003d, profile\u003d, firstName\u003d, lastName\u003d, profiles_Accessdata\u003d, Dictionary_category\u003d, Dictionary_code\u003d, Dictionary_languagecode\u003d, documentfolder\u003d, documentId\u003dABC12345}","duration":2525,"startTime":1514870730305,"result":"SUCCESS","children":[{"number":29,"description":"Given load request for getDocument \"/MerchantApiWeb/authenticateUser\" and \"/MerchantApiWeb/rest/secure/user/documents/getDocument\" and \"TC04\" and \"TestAutomation22\" and \"Password@1\" and \"EMS\"","duration":1158,"startTime":1514870730322,"result":"SUCCESS","children":[{"number":30,"description":"Loadgetrequestdata: https://uat1.merchantportal.firstdata.eu/MerchantApiWeb/authenticateUser","duration":1,"startTime":1514870730387,"result":"SUCCESS"},{"number":31,"description":"Postrequest authenticate user: https://uat1.merchantportal.firstdata.eu/MerchantApiWeb/authenticateUser, TestAutomation22, Password@1, EMS","duration":1058,"startTime":1514870730389,"result":"SUCCESS"},{"number":32,"description":"Loadgetrequestdata authenticated: https://uat1.merchantportal.firstdata.eu/MerchantApiWeb/rest/secure/user/documents/getDocument, 33bbe85a-5e10-430b-b9e7-7a2a74cf5595","duration":1,"startTime":1514870731454,"result":"SUCCESS"}]},{"number":33,"description":"When post get request for getDocument \"ABC12345\"","duration":887,"startTime":1514870731480,"result":"SUCCESS","children":[{"number":34,"description":"Post GET request get document: https://uat1.merchantportal.firstdata.eu/MerchantApiWeb/rest/secure/user/documents/getDocument, ABC12345","duration":815,"startTime":1514870731495,"result":"SUCCESS"}]},{"number":35,"description":"Then verify getDocument response status \"error\" and \"MPVE00071\" and \"Document id must only be numeric\" and \"\" and \"\" and \"\"","duration":462,"startTime":1514870732368,"result":"SUCCESS","children":[{"number":36,"description":"Verify Response","duration":88,"startTime":1514870732382,"result":"SUCCESS"}]}]},{"number":37,"description":"[1] {report\u003dTC05, logindomain\u003d/MerchantApiWeb/authenticateUser, domainurl\u003d/MerchantApiWeb/rest/secure/user/documents/getDocument, status\u003derror, Message\u003dDocument unavailable for User, ErrorCode\u003dMPBE00040, userName\u003dTestAutomation22, password\u003dPassword@1, allianceCode\u003dEMS, AuthErrMessage\u003d, Authaccessdenied\u003d, AuthErrCause\u003d, currency\u003d, userType\u003d, pageNumber\u003d, accountStatus\u003d, profile\u003d, firstName\u003d, lastName\u003d, profiles_Accessdata\u003d, Dictionary_category\u003d, Dictionary_code\u003d, Dictionary_languagecode\u003d, documentfolder\u003d, documentId\u003d1000003}","duration":2427,"startTime":1514870737194,"result":"SUCCESS","children":[{"number":38,"description":"Given load request for getDocument \"/MerchantApiWeb/authenticateUser\" and \"/MerchantApiWeb/rest/secure/user/documents/getDocument\" and \"TC05\" and \"TestAutomation22\" and \"Password@1\" and \"EMS\"","duration":1235,"startTime":1514870737209,"result":"SUCCESS","children":[{"number":39,"description":"Loadgetrequestdata: https://uat1.merchantportal.firstdata.eu/MerchantApiWeb/authenticateUser","duration":1,"startTime":1514870737315,"result":"SUCCESS"},{"number":40,"description":"Postrequest authenticate user: https://uat1.merchantportal.firstdata.eu/MerchantApiWeb/authenticateUser, TestAutomation22, Password@1, EMS","duration":1094,"startTime":1514870737317,"result":"SUCCESS"},{"number":41,"description":"Loadgetrequestdata authenticated: https://uat1.merchantportal.firstdata.eu/MerchantApiWeb/rest/secure/user/documents/getDocument, 33bbe85a-5e10-430b-b9e7-7a2a74cf5595","duration":0,"startTime":1514870738419,"result":"SUCCESS"}]},{"number":42,"description":"When post get request for getDocument \"1000003\"","duration":894,"startTime":1514870738444,"result":"SUCCESS","children":[{"number":43,"description":"Post GET request get document: https://uat1.merchantportal.firstdata.eu/MerchantApiWeb/rest/secure/user/documents/getDocument, 1000003","duration":833,"startTime":1514870738457,"result":"SUCCESS"}]},{"number":44,"description":"Then verify getDocument response status \"error\" and \"MPBE00040\" and \"Document unavailable for User\" and \"\" and \"\" and \"\"","duration":282,"startTime":1514870739339,"result":"SUCCESS","children":[{"number":45,"description":"Verify Response","duration":136,"startTime":1514870739352,"result":"SUCCESS"}]}]}],"userStory":{"id":"merchant-portal-application-api-validation","storyName":"Merchant Portal application API validation","path":"APIupdate.feature","type":"feature"},"featureTag":{"name":"Merchant Portal application API validation","type":"feature"},"title":"Verify the api retrieves the document as per input for the current logged in user","description":"","tags":[{"name":"getDocument","type":"tag"}],"startTime":1514870709075,"duration":30546,"dataTable":{"headers":["report","logindomain","domainurl","status","Message","ErrorCode","userName","password","allianceCode","AuthErrMessage","Authaccessdenied","AuthErrCause","currency","userType","pageNumber","accountStatus","profile","firstName","lastName","profiles_Accessdata","Dictionary_category","Dictionary_code","Dictionary_languagecode","documentfolder","documentId"],"rows":[{"values":["TC01","/MerchantApiWeb/authenticateUser","/MerchantApiWeb/rest/secure/user/documents/getDocument","success","","","TestAutomation22","Password@1","EMS","","","","","","","","","","","","","","","","1014602"],"result":"SUCCESS"},{"values":["TC02","/MerchantApiWeb/authenticateUser","/MerchantApiWeb/rest/secure/user/documents/getDocument","error","Document id can\u0027t be empty","MPVE00069","TestAutomation22","Password@1","EMS","","","","","","","","","","","","","","","",""],"result":"SUCCESS"},{"values":["TC03","/MerchantApiWeb/authenticateUser","/MerchantApiWeb/rest/secure/user/documents/getDocument","error","Document id can\u0027t be more than 19 characters","MPVE00070","TestAutomation22","Password@1","EMS","","","","","","","","","","","","","","","","12345678901234567890"],"result":"SUCCESS"},{"values":["TC04","/MerchantApiWeb/authenticateUser","/MerchantApiWeb/rest/secure/user/documents/getDocument","error","Document id must only be numeric","MPVE00071","TestAutomation22","Password@1","EMS","","","","","","","","","","","","","","","","ABC12345"],"result":"SUCCESS"},{"values":["TC05","/MerchantApiWeb/authenticateUser","/MerchantApiWeb/rest/secure/user/documents/getDocument","error","Document unavailable for User","MPBE00040","TestAutomation22","Password@1","EMS","","","","","","","","","","","","","","","","1000003"],"result":"SUCCESS"}],"predefinedRows":true,"dataSetDescriptors":[{"startRow":0,"rowCount":0,"name":"","description":""}]},"manual":false,"testSource":"Cucumber","result":"SUCCESS"}