{"name":"Verify the api completes the PreAuthorisation","testSteps":[{"number":1,"description":"[1] {report\u003dTC05, logindomain\u003d/MerchantApiWeb/authenticateUser, domainurl\u003d/MerchantApiWeb/rest/secure/user/financialData/authorisation/complete, sendpasscodedomain\u003d/MerchantApiWeb/rest/sendPasscode, status\u003derror, Message\u003dPasscode must be of 6 digit, ErrorCode\u003dMPVE00025, userName\u003dTestAutomation22, password\u003dPassword@1, allianceCode\u003dEMS, AuthErrMessage\u003d, Authaccessdenied\u003d, AuthErrCause\u003d, currency\u003dEUR, userType\u003d, pageNumber\u003d1, accountStatus\u003d, profile\u003d, firstName\u003d, lastName\u003d, period\u003d, fromDate\u003d2016-11-02, toDate\u003d20171102, invoiceId\u003d4723680, gsmTopUpFromDate\u003d, gsmTopUpToDate\u003d, invoiceLineItemId\u003d, fundId\u003d5121421, merchId\u003d65902182, fundDate\u003d, clearingId\u003d, refundallianceCode\u003dEMS, authId\u003d16765689, amount\u003d12.26, passcode\u003d123456789, smsType\u003dCOMPLETION, sendPasscodeencUserId\u003d65384d6f6c306470584d6277756a705932674b335a773d3d}","duration":6601,"startTime":1514871591009,"result":"SUCCESS","children":[{"number":2,"description":"Given load request for completePreAuthorisation \"/MerchantApiWeb/authenticateUser\" and \"/MerchantApiWeb/rest/secure/user/financialData/authorisation/complete\" and \"TC05\" and \"TestAutomation22\" and \"Password@1\" and \"EMS\" and \"/MerchantApiWeb/rest/sendPasscode\" and \"COMPLETION\" and \"65384d6f6c306470584d6277756a705932674b335a773d3d\"","duration":2952,"startTime":1514871591021,"result":"SUCCESS","children":[{"number":3,"description":"Loadgetrequestdata: https://uat1.merchantportal.firstdata.eu/MerchantApiWeb/authenticateUser","duration":0,"startTime":1514871591120,"result":"SUCCESS"},{"number":4,"description":"Postrequest authenticate user: https://uat1.merchantportal.firstdata.eu/MerchantApiWeb/authenticateUser, TestAutomation22, Password@1, EMS","duration":2817,"startTime":1514871591121,"result":"SUCCESS"},{"number":5,"description":"Loadgetrequestdata requestwithbody: https://uat1.merchantportal.firstdata.eu/MerchantApiWeb/rest/secure/user/financialData/authorisation/complete","duration":0,"startTime":1514871593947,"result":"SUCCESS"}]},{"number":6,"description":"When post request for completePreAuthorisation \"16765689\" and \"12.26\" and \"123456789\"","duration":3188,"startTime":1514871593974,"result":"SUCCESS","children":[{"number":7,"description":"Postrequest complete pre authorisation: https://uat1.merchantportal.firstdata.eu/MerchantApiWeb/rest/secure/user/financialData/authorisation/complete, 16765689, 12.26, 123456789","duration":3110,"startTime":1514871593987,"result":"SUCCESS"}]},{"number":8,"description":"Then verify completePreAuthorisation response status \"error\" and \"MPVE00025\" and \"Passcode must be of 6 digit\" and \"\" and \"\" and \"\"","duration":448,"startTime":1514871597162,"result":"SUCCESS","children":[{"number":9,"description":"Verify Response","duration":146,"startTime":1514871597174,"result":"SUCCESS"}]}]},{"number":10,"description":"[1] {report\u003dTC06, logindomain\u003d/MerchantApiWeb/authenticateUser, domainurl\u003d/MerchantApiWeb/rest/secure/user/financialData/authorisation/complete, sendpasscodedomain\u003d/MerchantApiWeb/rest/sendPasscode, status\u003derror, Message\u003dPasscode must be of 6 digit, ErrorCode\u003dMPVE00025, userName\u003dTestAutomation22, password\u003dPassword@1, allianceCode\u003dEMS, AuthErrMessage\u003d, Authaccessdenied\u003d, AuthErrCause\u003d, currency\u003dEUR, userType\u003d, pageNumber\u003d1, accountStatus\u003d, profile\u003d, firstName\u003d, lastName\u003d, period\u003d, fromDate\u003d2016-11-02, toDate\u003d20171102, invoiceId\u003d4723680, gsmTopUpFromDate\u003d, gsmTopUpToDate\u003d, invoiceLineItemId\u003d, fundId\u003d5121421, merchId\u003d65902182, fundDate\u003d, clearingId\u003d, refundallianceCode\u003dEMS, authId\u003d16765689, amount\u003d12.26, passcode\u003d1234, smsType\u003dCOMPLETION, sendPasscodeencUserId\u003d65384d6f6c306470584d6277756a705932674b335a773d3d}","duration":4208,"startTime":1514871602955,"result":"SUCCESS","children":[{"number":11,"description":"Given load request for completePreAuthorisation \"/MerchantApiWeb/authenticateUser\" and \"/MerchantApiWeb/rest/secure/user/financialData/authorisation/complete\" and \"TC06\" and \"TestAutomation22\" and \"Password@1\" and \"EMS\" and \"/MerchantApiWeb/rest/sendPasscode\" and \"COMPLETION\" and \"65384d6f6c306470584d6277756a705932674b335a773d3d\"","duration":1280,"startTime":1514871602997,"result":"SUCCESS","children":[{"number":12,"description":"Loadgetrequestdata: https://uat1.merchantportal.firstdata.eu/MerchantApiWeb/authenticateUser","duration":1,"startTime":1514871603081,"result":"SUCCESS"},{"number":13,"description":"Postrequest authenticate user: https://uat1.merchantportal.firstdata.eu/MerchantApiWeb/authenticateUser, TestAutomation22, Password@1, EMS","duration":1166,"startTime":1514871603083,"result":"SUCCESS"},{"number":14,"description":"Loadgetrequestdata requestwithbody: https://uat1.merchantportal.firstdata.eu/MerchantApiWeb/rest/secure/user/financialData/authorisation/complete","duration":0,"startTime":1514871604257,"result":"SUCCESS"}]},{"number":15,"description":"When post request for completePreAuthorisation \"16765689\" and \"12.26\" and \"1234\"","duration":2487,"startTime":1514871604278,"result":"SUCCESS","children":[{"number":16,"description":"Postrequest complete pre authorisation: https://uat1.merchantportal.firstdata.eu/MerchantApiWeb/rest/secure/user/financialData/authorisation/complete, 16765689, 12.26, 1234","duration":2430,"startTime":1514871604289,"result":"SUCCESS"}]},{"number":17,"description":"Then verify completePreAuthorisation response status \"error\" and \"MPVE00025\" and \"Passcode must be of 6 digit\" and \"\" and \"\" and \"\"","duration":398,"startTime":1514871606765,"result":"SUCCESS","children":[{"number":18,"description":"Verify Response","duration":46,"startTime":1514871606776,"result":"SUCCESS"}]}]},{"number":19,"description":"[1] {report\u003dTC07, logindomain\u003d/MerchantApiWeb/authenticateUser, domainurl\u003d/MerchantApiWeb/rest/secure/user/financialData/authorisation/complete, sendpasscodedomain\u003d/MerchantApiWeb/rest/sendPasscode, status\u003derror, Message\u003dPlease enter a valid passcode, ErrorCode\u003dMPVE00024, userName\u003dTestAutomation22, password\u003dPassword@1, allianceCode\u003dEMS, AuthErrMessage\u003d, Authaccessdenied\u003d, AuthErrCause\u003d, currency\u003dEUR, userType\u003d, pageNumber\u003d1, accountStatus\u003d, profile\u003d, firstName\u003d, lastName\u003d, period\u003d, fromDate\u003d2016-11-02, toDate\u003d20171102, invoiceId\u003d4723680, gsmTopUpFromDate\u003d, gsmTopUpToDate\u003d, invoiceLineItemId\u003d, fundId\u003d5121421, merchId\u003d65902182, fundDate\u003d, clearingId\u003d, refundallianceCode\u003dEMS, authId\u003d16765689, amount\u003d12.26, passcode\u003d123abc, smsType\u003dCOMPLETION, sendPasscodeencUserId\u003d65384d6f6c306470584d6277756a705932674b335a773d3d}","duration":2483,"startTime":1514871612820,"result":"SUCCESS","children":[{"number":20,"description":"Given load request for completePreAuthorisation \"/MerchantApiWeb/authenticateUser\" and \"/MerchantApiWeb/rest/secure/user/financialData/authorisation/complete\" and \"TC07\" and \"TestAutomation22\" and \"Password@1\" and \"EMS\" and \"/MerchantApiWeb/rest/sendPasscode\" and \"COMPLETION\" and \"65384d6f6c306470584d6277756a705932674b335a773d3d\"","duration":1327,"startTime":1514871612847,"result":"SUCCESS","children":[{"number":21,"description":"Loadgetrequestdata: https://uat1.merchantportal.firstdata.eu/MerchantApiWeb/authenticateUser","duration":1,"startTime":1514871612930,"result":"SUCCESS"},{"number":22,"description":"Postrequest authenticate user: https://uat1.merchantportal.firstdata.eu/MerchantApiWeb/authenticateUser, TestAutomation22, Password@1, EMS","duration":1208,"startTime":1514871612932,"result":"SUCCESS"},{"number":23,"description":"Loadgetrequestdata requestwithbody: https://uat1.merchantportal.firstdata.eu/MerchantApiWeb/rest/secure/user/financialData/authorisation/complete","duration":1,"startTime":1514871614150,"result":"SUCCESS"}]},{"number":24,"description":"When post request for completePreAuthorisation \"16765689\" and \"12.26\" and \"123abc\"","duration":943,"startTime":1514871614175,"result":"SUCCESS","children":[{"number":25,"description":"Postrequest complete pre authorisation: https://uat1.merchantportal.firstdata.eu/MerchantApiWeb/rest/secure/user/financialData/authorisation/complete, 16765689, 12.26, 123abc","duration":851,"startTime":1514871614189,"result":"SUCCESS"}]},{"number":26,"description":"Then verify completePreAuthorisation response status \"error\" and \"MPVE00024\" and \"Please enter a valid passcode\" and \"\" and \"\" and \"\"","duration":185,"startTime":1514871615118,"result":"SUCCESS","children":[{"number":27,"description":"Verify Response","duration":56,"startTime":1514871615129,"result":"SUCCESS"}]}]},{"number":28,"description":"[1] {report\u003dTC08, logindomain\u003d/MerchantApiWeb/authenticateUser, domainurl\u003d/MerchantApiWeb/rest/secure/user/financialData/authorisation/complete, sendpasscodedomain\u003d/MerchantApiWeb/rest/sendPasscode, status\u003derror, Message\u003dPlease enter a valid passcode, ErrorCode\u003dMPVE00024, userName\u003dTestAutomation22, password\u003dPassword@1, allianceCode\u003dEMS, AuthErrMessage\u003d, Authaccessdenied\u003d, AuthErrCause\u003d, currency\u003dEUR, userType\u003d, pageNumber\u003d1, accountStatus\u003d, profile\u003d, firstName\u003d, lastName\u003d, period\u003d, fromDate\u003d2016-11-02, toDate\u003d20171102, invoiceId\u003d4723680, gsmTopUpFromDate\u003d, gsmTopUpToDate\u003d, invoiceLineItemId\u003d, fundId\u003d5121421, merchId\u003d65902182, fundDate\u003d, clearingId\u003d, refundallianceCode\u003dEMS, authId\u003d16765689, amount\u003d12.26, passcode\u003d123@#$, smsType\u003dCOMPLETION, sendPasscodeencUserId\u003d65384d6f6c306470584d6277756a705932674b335a773d3d}","duration":2372,"startTime":1514871618735,"result":"SUCCESS","children":[{"number":29,"description":"Given load request for completePreAuthorisation \"/MerchantApiWeb/authenticateUser\" and \"/MerchantApiWeb/rest/secure/user/financialData/authorisation/complete\" and \"TC08\" and \"TestAutomation22\" and \"Password@1\" and \"EMS\" and \"/MerchantApiWeb/rest/sendPasscode\" and \"COMPLETION\" and \"65384d6f6c306470584d6277756a705932674b335a773d3d\"","duration":1195,"startTime":1514871618751,"result":"SUCCESS","children":[{"number":30,"description":"Loadgetrequestdata: https://uat1.merchantportal.firstdata.eu/MerchantApiWeb/authenticateUser","duration":0,"startTime":1514871618826,"result":"SUCCESS"},{"number":31,"description":"Postrequest authenticate user: https://uat1.merchantportal.firstdata.eu/MerchantApiWeb/authenticateUser, TestAutomation22, Password@1, EMS","duration":1086,"startTime":1514871618828,"result":"SUCCESS"},{"number":32,"description":"Loadgetrequestdata requestwithbody: https://uat1.merchantportal.firstdata.eu/MerchantApiWeb/rest/secure/user/financialData/authorisation/complete","duration":0,"startTime":1514871619922,"result":"SUCCESS"}]},{"number":33,"description":"When post request for completePreAuthorisation \"16765689\" and \"12.26\" and \"123@#$\"","duration":922,"startTime":1514871619947,"result":"SUCCESS","children":[{"number":34,"description":"Postrequest complete pre authorisation: https://uat1.merchantportal.firstdata.eu/MerchantApiWeb/rest/secure/user/financialData/authorisation/complete, 16765689, 12.26, 123@#$","duration":829,"startTime":1514871619962,"result":"SUCCESS"}]},{"number":35,"description":"Then verify completePreAuthorisation response status \"error\" and \"MPVE00024\" and \"Please enter a valid passcode\" and \"\" and \"\" and \"\"","duration":238,"startTime":1514871620869,"result":"SUCCESS","children":[{"number":36,"description":"Verify Response","duration":61,"startTime":1514871620883,"result":"SUCCESS"}]}]},{"number":37,"description":"[1] {report\u003dTC09, logindomain\u003d/MerchantApiWeb/authenticateUser, domainurl\u003d/MerchantApiWeb/rest/secure/user/financialData/authorisation/complete, sendpasscodedomain\u003d/MerchantApiWeb/rest/sendPasscode, status\u003derror, Message\u003dAmount can\u0027t be Empty/Zero, ErrorCode\u003dMPVE00114, userName\u003dTestAutomation22, password\u003dPassword@1, allianceCode\u003dEMS, AuthErrMessage\u003d, Authaccessdenied\u003d, AuthErrCause\u003d, currency\u003dEUR, userType\u003d, pageNumber\u003d1, accountStatus\u003d, profile\u003d, firstName\u003d, lastName\u003d, period\u003d, fromDate\u003d2016-11-02, toDate\u003d20171102, invoiceId\u003d4723680, gsmTopUpFromDate\u003d, gsmTopUpToDate\u003d, invoiceLineItemId\u003d, fundId\u003d5121421, merchId\u003d65902182, fundDate\u003d, clearingId\u003d, refundallianceCode\u003dEMS, authId\u003d16765689, amount\u003d0, passcode\u003d123456, smsType\u003dCOMPLETION, sendPasscodeencUserId\u003d65384d6f6c306470584d6277756a705932674b335a773d3d}","duration":2551,"startTime":1514871625316,"result":"SUCCESS","children":[{"number":38,"description":"Given load request for completePreAuthorisation \"/MerchantApiWeb/authenticateUser\" and \"/MerchantApiWeb/rest/secure/user/financialData/authorisation/complete\" and \"TC09\" and \"TestAutomation22\" and \"Password@1\" and \"EMS\" and \"/MerchantApiWeb/rest/sendPasscode\" and \"COMPLETION\" and \"65384d6f6c306470584d6277756a705932674b335a773d3d\"","duration":1227,"startTime":1514871625332,"result":"SUCCESS","children":[{"number":39,"description":"Loadgetrequestdata: https://uat1.merchantportal.firstdata.eu/MerchantApiWeb/authenticateUser","duration":1,"startTime":1514871625412,"result":"SUCCESS"},{"number":40,"description":"Postrequest authenticate user: https://uat1.merchantportal.firstdata.eu/MerchantApiWeb/authenticateUser, TestAutomation22, Password@1, EMS","duration":1115,"startTime":1514871625414,"result":"SUCCESS"},{"number":41,"description":"Loadgetrequestdata requestwithbody: https://uat1.merchantportal.firstdata.eu/MerchantApiWeb/rest/secure/user/financialData/authorisation/complete","duration":1,"startTime":1514871626536,"result":"SUCCESS"}]},{"number":42,"description":"When post request for completePreAuthorisation \"16765689\" and \"0\" and \"123456\"","duration":977,"startTime":1514871626560,"result":"SUCCESS","children":[{"number":43,"description":"Postrequest complete pre authorisation: https://uat1.merchantportal.firstdata.eu/MerchantApiWeb/rest/secure/user/financialData/authorisation/complete, 16765689, 0, 123456","duration":892,"startTime":1514871626575,"result":"SUCCESS"}]},{"number":44,"description":"Then verify completePreAuthorisation response status \"error\" and \"MPVE00114\" and \"Amount can\u0027t be Empty/Zero\" and \"\" and \"\" and \"\"","duration":330,"startTime":1514871627537,"result":"SUCCESS","children":[{"number":45,"description":"Verify Response","duration":128,"startTime":1514871627548,"result":"SUCCESS"}]}]}],"userStory":{"id":"merchant-portal-application-api-validation","storyName":"Merchant Portal application API validation","path":"APIupdate.feature","type":"feature"},"featureTag":{"name":"Merchant Portal application API validation","type":"feature"},"title":"Verify the api completes the PreAuthorisation","description":"","tags":[{"name":"completePreAuthorisation","type":"tag"}],"startTime":1514871591009,"duration":36859,"dataTable":{"headers":["report","logindomain","domainurl","sendpasscodedomain","status","Message","ErrorCode","userName","password","allianceCode","AuthErrMessage","Authaccessdenied","AuthErrCause","currency","userType","pageNumber","accountStatus","profile","firstName","lastName","period","fromDate","toDate","invoiceId","gsmTopUpFromDate","gsmTopUpToDate","invoiceLineItemId","fundId","merchId","fundDate","clearingId","refundallianceCode","authId","amount","passcode","smsType","sendPasscodeencUserId"],"rows":[{"values":["TC05","/MerchantApiWeb/authenticateUser","/MerchantApiWeb/rest/secure/user/financialData/authorisation/complete","/MerchantApiWeb/rest/sendPasscode","error","Passcode must be of 6 digit","MPVE00025","TestAutomation22","Password@1","EMS","","","","EUR","","1","","","","","","2016-11-02","20171102","4723680","","","","5121421","65902182","","","EMS","16765689","12.26","123456789","COMPLETION","65384d6f6c306470584d6277756a705932674b335a773d3d"],"result":"SUCCESS"},{"values":["TC06","/MerchantApiWeb/authenticateUser","/MerchantApiWeb/rest/secure/user/financialData/authorisation/complete","/MerchantApiWeb/rest/sendPasscode","error","Passcode must be of 6 digit","MPVE00025","TestAutomation22","Password@1","EMS","","","","EUR","","1","","","","","","2016-11-02","20171102","4723680","","","","5121421","65902182","","","EMS","16765689","12.26","1234","COMPLETION","65384d6f6c306470584d6277756a705932674b335a773d3d"],"result":"SUCCESS"},{"values":["TC07","/MerchantApiWeb/authenticateUser","/MerchantApiWeb/rest/secure/user/financialData/authorisation/complete","/MerchantApiWeb/rest/sendPasscode","error","Please enter a valid passcode","MPVE00024","TestAutomation22","Password@1","EMS","","","","EUR","","1","","","","","","2016-11-02","20171102","4723680","","","","5121421","65902182","","","EMS","16765689","12.26","123abc","COMPLETION","65384d6f6c306470584d6277756a705932674b335a773d3d"],"result":"SUCCESS"},{"values":["TC08","/MerchantApiWeb/authenticateUser","/MerchantApiWeb/rest/secure/user/financialData/authorisation/complete","/MerchantApiWeb/rest/sendPasscode","error","Please enter a valid passcode","MPVE00024","TestAutomation22","Password@1","EMS","","","","EUR","","1","","","","","","2016-11-02","20171102","4723680","","","","5121421","65902182","","","EMS","16765689","12.26","123@#$","COMPLETION","65384d6f6c306470584d6277756a705932674b335a773d3d"],"result":"SUCCESS"},{"values":["TC09","/MerchantApiWeb/authenticateUser","/MerchantApiWeb/rest/secure/user/financialData/authorisation/complete","/MerchantApiWeb/rest/sendPasscode","error","Amount can\u0027t be Empty/Zero","MPVE00114","TestAutomation22","Password@1","EMS","","","","EUR","","1","","","","","","2016-11-02","20171102","4723680","","","","5121421","65902182","","","EMS","16765689","0","123456","COMPLETION","65384d6f6c306470584d6277756a705932674b335a773d3d"],"result":"SUCCESS"}],"predefinedRows":true,"dataSetDescriptors":[{"startRow":0,"rowCount":0,"name":"","description":""}]},"manual":false,"testSource":"Cucumber","result":"SUCCESS"}