{"name":"Verify the api changes the user\u0027s password","testSteps":[{"number":1,"description":"[1] {report\u003dTC05, logindomain\u003d/MerchantApiWeb/authenticateUser, domainurl\u003d/MerchantApiWeb/rest/secure/user/changePassword, status\u003derror, Message\u003dPassword should be minimum 8 and maximum 20 characters long, ErrorCode\u003dMPVE00005, userName\u003dTestAutomationEMS11, password\u003dPassword@1, allianceCode\u003dEMS, AuthErrMessage\u003d, Authaccessdenied\u003d, AuthErrCause\u003d, currency\u003d, userType\u003d, pageNumber\u003d, accountStatus\u003d, profile\u003d, firstName\u003d, lastName\u003d, reasonForBlock\u003d, blockusername\u003d, newPassword\u003dpass, oldPassword\u003dpassword@1}","duration":10155,"startTime":1514457839799,"result":"SUCCESS","children":[{"number":2,"description":"Given load request for changePassword \"/MerchantApiWeb/authenticateUser\" and \"/MerchantApiWeb/rest/secure/user/changePassword\" and \"TC05\" and \"TestAutomationEMS11\" and \"Password@1\" and \"EMS\"","duration":7162,"startTime":1514457840450,"result":"SUCCESS","children":[{"number":3,"description":"Loadgetrequestdata: https://uat1.merchantportal.firstdata.eu/MerchantApiWeb/authenticateUser","duration":15,"startTime":1514457840757,"result":"SUCCESS"},{"number":4,"description":"Postrequest authenticate user: https://uat1.merchantportal.firstdata.eu/MerchantApiWeb/authenticateUser, TestAutomationEMS11, Password@1, EMS","duration":6774,"startTime":1514457840778,"result":"SUCCESS"},{"number":5,"description":"Loadgetrequestdata requestwithbody: https://uat1.merchantportal.firstdata.eu/MerchantApiWeb/rest/secure/user/changePassword","duration":7,"startTime":1514457847582,"result":"SUCCESS"}]},{"number":6,"description":"When post request for changePassword \"pass\" and \"password@1\"","duration":1330,"startTime":1514457847613,"result":"SUCCESS","children":[{"number":7,"description":"Postrequest change password: https://uat1.merchantportal.firstdata.eu/MerchantApiWeb/rest/secure/user/changePassword, pass, password@1","duration":1260,"startTime":1514457847625,"result":"SUCCESS"}]},{"number":8,"description":"Then verify changePassword response status \"error\" and \"MPVE00005\" and \"Password should be minimum 8 and maximum 20 characters long\" and \"\" and \"\" and \"\"","duration":1010,"startTime":1514457848944,"result":"SUCCESS","children":[{"number":9,"description":"Verify Response","duration":838,"startTime":1514457848961,"result":"SUCCESS"}]}]},{"number":10,"description":"[1] {report\u003dTC06, logindomain\u003d/MerchantApiWeb/authenticateUser, domainurl\u003d/MerchantApiWeb/rest/secure/user/changePassword, status\u003derror, Message\u003dPassword should be minimum 8 and maximum 20 characters long, ErrorCode\u003dMPVE00005, userName\u003dTestAutomationEMS11, password\u003dPassword@1, allianceCode\u003dEMS, AuthErrMessage\u003d, Authaccessdenied\u003d, AuthErrCause\u003d, currency\u003d, userType\u003d, pageNumber\u003d, accountStatus\u003d, profile\u003d, firstName\u003d, lastName\u003d, reasonForBlock\u003d, blockusername\u003d, newPassword\u003dTest123456978132456978123456798132456798456798123465, oldPassword\u003dpassword@1}","duration":2494,"startTime":1514457852635,"result":"SUCCESS","children":[{"number":11,"description":"Given load request for changePassword \"/MerchantApiWeb/authenticateUser\" and \"/MerchantApiWeb/rest/secure/user/changePassword\" and \"TC06\" and \"TestAutomationEMS11\" and \"Password@1\" and \"EMS\"","duration":1270,"startTime":1514457852670,"result":"SUCCESS","children":[{"number":12,"description":"Loadgetrequestdata: https://uat1.merchantportal.firstdata.eu/MerchantApiWeb/authenticateUser","duration":2,"startTime":1514457852782,"result":"SUCCESS"},{"number":13,"description":"Postrequest authenticate user: https://uat1.merchantportal.firstdata.eu/MerchantApiWeb/authenticateUser, TestAutomationEMS11, Password@1, EMS","duration":1115,"startTime":1514457852787,"result":"SUCCESS"},{"number":14,"description":"Loadgetrequestdata requestwithbody: https://uat1.merchantportal.firstdata.eu/MerchantApiWeb/rest/secure/user/changePassword","duration":1,"startTime":1514457853917,"result":"SUCCESS"}]},{"number":15,"description":"When post request for changePassword \"Test123456978132456978123456798132456798456798123465\" and \"password@1\"","duration":918,"startTime":1514457853941,"result":"SUCCESS","children":[{"number":16,"description":"Postrequest change password: https://uat1.merchantportal.firstdata.eu/MerchantApiWeb/rest/secure/user/changePassword, Test123456978132456978123456798132456798456798123465, password@1","duration":857,"startTime":1514457853955,"result":"SUCCESS"}]},{"number":17,"description":"Then verify changePassword response status \"error\" and \"MPVE00005\" and \"Password should be minimum 8 and maximum 20 characters long\" and \"\" and \"\" and \"\"","duration":270,"startTime":1514457854859,"result":"SUCCESS","children":[{"number":18,"description":"Verify Response","duration":63,"startTime":1514457854869,"result":"SUCCESS"}]}]},{"number":19,"description":"[1] {report\u003dTC07, logindomain\u003d/MerchantApiWeb/authenticateUser, domainurl\u003d/MerchantApiWeb/rest/secure/user/changePassword, status\u003derror, Message\u003dPassword should be minimum 8 and maximum 20 characters long, ErrorCode\u003dMPVE00005, userName\u003dTestAutomationEMS11, password\u003dPassword@1, allianceCode\u003dEMS, AuthErrMessage\u003d, Authaccessdenied\u003d, AuthErrCause\u003d, currency\u003d, userType\u003d, pageNumber\u003d, accountStatus\u003d, profile\u003d, firstName\u003d, lastName\u003d, reasonForBlock\u003d, blockusername\u003d, newPassword\u003dPassword@2, oldPassword\u003dpass}","duration":2562,"startTime":1514457856987,"result":"SUCCESS","children":[{"number":20,"description":"Given load request for changePassword \"/MerchantApiWeb/authenticateUser\" and \"/MerchantApiWeb/rest/secure/user/changePassword\" and \"TC07\" and \"TestAutomationEMS11\" and \"Password@1\" and \"EMS\"","duration":1269,"startTime":1514457857012,"result":"SUCCESS","children":[{"number":21,"description":"Loadgetrequestdata: https://uat1.merchantportal.firstdata.eu/MerchantApiWeb/authenticateUser","duration":0,"startTime":1514457857130,"result":"SUCCESS"},{"number":22,"description":"Postrequest authenticate user: https://uat1.merchantportal.firstdata.eu/MerchantApiWeb/authenticateUser, TestAutomationEMS11, Password@1, EMS","duration":1095,"startTime":1514457857132,"result":"SUCCESS"},{"number":23,"description":"Loadgetrequestdata requestwithbody: https://uat1.merchantportal.firstdata.eu/MerchantApiWeb/rest/secure/user/changePassword","duration":2,"startTime":1514457858237,"result":"SUCCESS"}]},{"number":24,"description":"When post request for changePassword \"Password@2\" and \"pass\"","duration":939,"startTime":1514457858282,"result":"SUCCESS","children":[{"number":25,"description":"Postrequest change password: https://uat1.merchantportal.firstdata.eu/MerchantApiWeb/rest/secure/user/changePassword, Password@2, pass","duration":817,"startTime":1514457858306,"result":"SUCCESS"}]},{"number":26,"description":"Then verify changePassword response status \"error\" and \"MPVE00005\" and \"Password should be minimum 8 and maximum 20 characters long\" and \"\" and \"\" and \"\"","duration":325,"startTime":1514457859223,"result":"SUCCESS","children":[{"number":27,"description":"Verify Response","duration":111,"startTime":1514457859242,"result":"SUCCESS"}]}]},{"number":28,"description":"[1] {report\u003dTC08, logindomain\u003d/MerchantApiWeb/authenticateUser, domainurl\u003d/MerchantApiWeb/rest/secure/user/changePassword, status\u003derror, Message\u003dPassword should be minimum 8 and maximum 20 characters long, ErrorCode\u003dMPVE00005, userName\u003dTestAutomationEMS11, password\u003dPassword@1, allianceCode\u003dEMS, AuthErrMessage\u003d, Authaccessdenied\u003d, AuthErrCause\u003d, currency\u003d, userType\u003d, pageNumber\u003d, accountStatus\u003d, profile\u003d, firstName\u003d, lastName\u003d, reasonForBlock\u003d, blockusername\u003d, newPassword\u003dPassword@2, oldPassword\u003dTest123456978132456978123456798132456798456798123465}","duration":2595,"startTime":1514457861649,"result":"SUCCESS","children":[{"number":29,"description":"Given load request for changePassword \"/MerchantApiWeb/authenticateUser\" and \"/MerchantApiWeb/rest/secure/user/changePassword\" and \"TC08\" and \"TestAutomationEMS11\" and \"Password@1\" and \"EMS\"","duration":1324,"startTime":1514457861668,"result":"SUCCESS","children":[{"number":30,"description":"Loadgetrequestdata: https://uat1.merchantportal.firstdata.eu/MerchantApiWeb/authenticateUser","duration":1,"startTime":1514457861778,"result":"SUCCESS"},{"number":31,"description":"Postrequest authenticate user: https://uat1.merchantportal.firstdata.eu/MerchantApiWeb/authenticateUser, TestAutomationEMS11, Password@1, EMS","duration":1162,"startTime":1514457861780,"result":"SUCCESS"},{"number":32,"description":"Loadgetrequestdata requestwithbody: https://uat1.merchantportal.firstdata.eu/MerchantApiWeb/rest/secure/user/changePassword","duration":1,"startTime":1514457862952,"result":"SUCCESS"}]},{"number":33,"description":"When post request for changePassword \"Password@2\" and \"Test123456978132456978123456798132456798456798123465\"","duration":922,"startTime":1514457862993,"result":"SUCCESS","children":[{"number":34,"description":"Postrequest change password: https://uat1.merchantportal.firstdata.eu/MerchantApiWeb/rest/secure/user/changePassword, Password@2, Test123456978132456978123456798132456798456798123465","duration":819,"startTime":1514457863014,"result":"SUCCESS"}]},{"number":35,"description":"Then verify changePassword response status \"error\" and \"MPVE00005\" and \"Password should be minimum 8 and maximum 20 characters long\" and \"\" and \"\" and \"\"","duration":324,"startTime":1514457863919,"result":"SUCCESS","children":[{"number":36,"description":"Verify Response","duration":139,"startTime":1514457863946,"result":"SUCCESS"}]}]},{"number":37,"description":"[1] {report\u003dTC09, logindomain\u003d/MerchantApiWeb/authenticateUser, domainurl\u003d/MerchantApiWeb/rest/secure/user/changePassword, status\u003derror, Message\u003dPlease enter a valid password, ErrorCode\u003dMPVE00006, userName\u003dTestAutomationEMS11, password\u003dPassword@1, allianceCode\u003dEMS, AuthErrMessage\u003d, Authaccessdenied\u003d, AuthErrCause\u003d, currency\u003d, userType\u003d, pageNumber\u003d, accountStatus\u003d, profile\u003d, firstName\u003d, lastName\u003d, reasonForBlock\u003d, blockusername\u003d, newPassword\u003dPassword@2, oldPassword\u003dPasswordasdhf}","duration":2581,"startTime":1514457866313,"result":"SUCCESS","children":[{"number":38,"description":"Given load request for changePassword \"/MerchantApiWeb/authenticateUser\" and \"/MerchantApiWeb/rest/secure/user/changePassword\" and \"TC09\" and \"TestAutomationEMS11\" and \"Password@1\" and \"EMS\"","duration":1328,"startTime":1514457866361,"result":"SUCCESS","children":[{"number":39,"description":"Loadgetrequestdata: https://uat1.merchantportal.firstdata.eu/MerchantApiWeb/authenticateUser","duration":1,"startTime":1514457866481,"result":"SUCCESS"},{"number":40,"description":"Postrequest authenticate user: https://uat1.merchantportal.firstdata.eu/MerchantApiWeb/authenticateUser, TestAutomationEMS11, Password@1, EMS","duration":1160,"startTime":1514457866483,"result":"SUCCESS"},{"number":41,"description":"Loadgetrequestdata requestwithbody: https://uat1.merchantportal.firstdata.eu/MerchantApiWeb/rest/secure/user/changePassword","duration":0,"startTime":1514457867651,"result":"SUCCESS"}]},{"number":42,"description":"When post request for changePassword \"Password@2\" and \"Passwordasdhf\"","duration":936,"startTime":1514457867690,"result":"SUCCESS","children":[{"number":43,"description":"Postrequest change password: https://uat1.merchantportal.firstdata.eu/MerchantApiWeb/rest/secure/user/changePassword, Password@2, Passwordasdhf","duration":830,"startTime":1514457867714,"result":"SUCCESS"}]},{"number":44,"description":"Then verify changePassword response status \"error\" and \"MPVE00006\" and \"Please enter a valid password\" and \"\" and \"\" and \"\"","duration":265,"startTime":1514457868629,"result":"SUCCESS","children":[{"number":45,"description":"Verify Response","duration":77,"startTime":1514457868650,"result":"SUCCESS"}]}]},{"number":46,"description":"[1] {report\u003dTC10, logindomain\u003d/MerchantApiWeb/authenticateUser, domainurl\u003d/MerchantApiWeb/rest/secure/user/changePassword, status\u003derror, Message\u003dPlease enter a valid password, ErrorCode\u003dMPVE00006, userName\u003dTestAutomationEMS11, password\u003dPassword@1, allianceCode\u003dEMS, AuthErrMessage\u003d, Authaccessdenied\u003d, AuthErrCause\u003d, currency\u003d, userType\u003d, pageNumber\u003d, accountStatus\u003d, profile\u003d, firstName\u003d, lastName\u003d, reasonForBlock\u003d, blockusername\u003d, newPassword\u003dPasssdlkfjd, oldPassword\u003dPassword@1}","duration":2419,"startTime":1514457870698,"result":"SUCCESS","children":[{"number":47,"description":"Given load request for changePassword \"/MerchantApiWeb/authenticateUser\" and \"/MerchantApiWeb/rest/secure/user/changePassword\" and \"TC10\" and \"TestAutomationEMS11\" and \"Password@1\" and \"EMS\"","duration":1237,"startTime":1514457870714,"result":"SUCCESS","children":[{"number":48,"description":"Loadgetrequestdata: https://uat1.merchantportal.firstdata.eu/MerchantApiWeb/authenticateUser","duration":1,"startTime":1514457870809,"result":"SUCCESS"},{"number":49,"description":"Postrequest authenticate user: https://uat1.merchantportal.firstdata.eu/MerchantApiWeb/authenticateUser, TestAutomationEMS11, Password@1, EMS","duration":1084,"startTime":1514457870811,"result":"SUCCESS"},{"number":50,"description":"Loadgetrequestdata requestwithbody: https://uat1.merchantportal.firstdata.eu/MerchantApiWeb/rest/secure/user/changePassword","duration":2,"startTime":1514457871905,"result":"SUCCESS"}]},{"number":51,"description":"When post request for changePassword \"Passsdlkfjd\" and \"Password@1\"","duration":918,"startTime":1514457871951,"result":"SUCCESS","children":[{"number":52,"description":"Postrequest change password: https://uat1.merchantportal.firstdata.eu/MerchantApiWeb/rest/secure/user/changePassword, Passsdlkfjd, Password@1","duration":813,"startTime":1514457871976,"result":"SUCCESS"}]},{"number":53,"description":"Then verify changePassword response status \"error\" and \"MPVE00006\" and \"Please enter a valid password\" and \"\" and \"\" and \"\"","duration":248,"startTime":1514457872869,"result":"SUCCESS","children":[{"number":54,"description":"Verify Response","duration":55,"startTime":1514457872889,"result":"SUCCESS"}]}]},{"number":55,"description":"[1] {report\u003dTC11, logindomain\u003d/MerchantApiWeb/authenticateUser, domainurl\u003d/MerchantApiWeb/rest/secure/user/changePassword, status\u003derror, Message\u003dPassword already used before, ErrorCode\u003dMPBE00011, userName\u003dTestAutomationEMS11, password\u003dPassword@1, allianceCode\u003dEMS, AuthErrMessage\u003d, Authaccessdenied\u003d, AuthErrCause\u003d, currency\u003d, userType\u003d, pageNumber\u003d, accountStatus\u003d, profile\u003d, firstName\u003d, lastName\u003d, reasonForBlock\u003d, blockusername\u003d, newPassword\u003dPassword@1, oldPassword\u003dPassword@1}","duration":2498,"startTime":1514457874958,"result":"SUCCESS","children":[{"number":56,"description":"Given load request for changePassword \"/MerchantApiWeb/authenticateUser\" and \"/MerchantApiWeb/rest/secure/user/changePassword\" and \"TC11\" and \"TestAutomationEMS11\" and \"Password@1\" and \"EMS\"","duration":1296,"startTime":1514457874975,"result":"SUCCESS","children":[{"number":57,"description":"Loadgetrequestdata: https://uat1.merchantportal.firstdata.eu/MerchantApiWeb/authenticateUser","duration":1,"startTime":1514457875083,"result":"SUCCESS"},{"number":58,"description":"Postrequest authenticate user: https://uat1.merchantportal.firstdata.eu/MerchantApiWeb/authenticateUser, TestAutomationEMS11, Password@1, EMS","duration":1134,"startTime":1514457875085,"result":"SUCCESS"},{"number":59,"description":"Loadgetrequestdata requestwithbody: https://uat1.merchantportal.firstdata.eu/MerchantApiWeb/rest/secure/user/changePassword","duration":0,"startTime":1514457876228,"result":"SUCCESS"}]},{"number":60,"description":"When post request for changePassword \"Password@1\" and \"Password@1\"","duration":953,"startTime":1514457876271,"result":"SUCCESS","children":[{"number":61,"description":"Postrequest change password: https://uat1.merchantportal.firstdata.eu/MerchantApiWeb/rest/secure/user/changePassword, Password@1, Password@1","duration":860,"startTime":1514457876291,"result":"SUCCESS"}]},{"number":62,"description":"Then verify changePassword response status \"error\" and \"MPBE00011\" and \"Password already used before\" and \"\" and \"\" and \"\"","duration":231,"startTime":1514457877224,"result":"SUCCESS","children":[{"number":63,"description":"Verify Response","duration":54,"startTime":1514457877244,"result":"SUCCESS"}]}]},{"number":64,"description":"[1] {report\u003dTC12, logindomain\u003d/MerchantApiWeb/authenticateUser, domainurl\u003d/MerchantApiWeb/rest/secure/user/changePassword, status\u003derror, Message\u003dOld Password is Incorrect, ErrorCode\u003dMPBE00012, userName\u003dTestAutomationEMS11, password\u003dPassword@1, allianceCode\u003dEMS, AuthErrMessage\u003d, Authaccessdenied\u003d, AuthErrCause\u003d, currency\u003d, userType\u003d, pageNumber\u003d, accountStatus\u003d, profile\u003d, firstName\u003d, lastName\u003d, reasonForBlock\u003d, blockusername\u003d, newPassword\u003dPassword@2, oldPassword\u003dPassword@100}","duration":2619,"startTime":1514457879321,"result":"SUCCESS","children":[{"number":65,"description":"Given load request for changePassword \"/MerchantApiWeb/authenticateUser\" and \"/MerchantApiWeb/rest/secure/user/changePassword\" and \"TC12\" and \"TestAutomationEMS11\" and \"Password@1\" and \"EMS\"","duration":1270,"startTime":1514457879338,"result":"SUCCESS","children":[{"number":66,"description":"Loadgetrequestdata: https://uat1.merchantportal.firstdata.eu/MerchantApiWeb/authenticateUser","duration":0,"startTime":1514457879476,"result":"SUCCESS"},{"number":67,"description":"Postrequest authenticate user: https://uat1.merchantportal.firstdata.eu/MerchantApiWeb/authenticateUser, TestAutomationEMS11, Password@1, EMS","duration":1069,"startTime":1514457879477,"result":"SUCCESS"},{"number":68,"description":"Loadgetrequestdata requestwithbody: https://uat1.merchantportal.firstdata.eu/MerchantApiWeb/rest/secure/user/changePassword","duration":1,"startTime":1514457880558,"result":"SUCCESS"}]},{"number":69,"description":"When post request for changePassword \"Password@2\" and \"Password@100\"","duration":1092,"startTime":1514457880608,"result":"SUCCESS","children":[{"number":70,"description":"Postrequest change password: https://uat1.merchantportal.firstdata.eu/MerchantApiWeb/rest/secure/user/changePassword, Password@2, Password@100","duration":975,"startTime":1514457880632,"result":"SUCCESS"}]},{"number":71,"description":"Then verify changePassword response status \"error\" and \"MPBE00012\" and \"Old Password is Incorrect\" and \"\" and \"\" and \"\"","duration":239,"startTime":1514457881701,"result":"SUCCESS","children":[{"number":72,"description":"Verify Response","duration":55,"startTime":1514457881722,"result":"SUCCESS"}]}]}],"userStory":{"id":"merchant-portal-application-api-validation","storyName":"Merchant Portal application API validation","path":"APIupdate.feature","type":"feature"},"featureTag":{"name":"Merchant Portal application API validation","type":"feature"},"title":"Verify the api changes the user\u0027s password","description":"","tags":[{"name":"changePassword","type":"tag"}],"startTime":1514457839694,"duration":42246,"dataTable":{"headers":["report","logindomain","domainurl","status","Message","ErrorCode","userName","password","allianceCode","AuthErrMessage","Authaccessdenied","AuthErrCause","currency","userType","pageNumber","accountStatus","profile","firstName","lastName","reasonForBlock","blockusername","newPassword","oldPassword"],"rows":[{"values":["TC05","/MerchantApiWeb/authenticateUser","/MerchantApiWeb/rest/secure/user/changePassword","error","Password should be minimum 8 and maximum 20 characters long","MPVE00005","TestAutomationEMS11","Password@1","EMS","","","","","","","","","","","","","pass","password@1"],"result":"SUCCESS"},{"values":["TC06","/MerchantApiWeb/authenticateUser","/MerchantApiWeb/rest/secure/user/changePassword","error","Password should be minimum 8 and maximum 20 characters long","MPVE00005","TestAutomationEMS11","Password@1","EMS","","","","","","","","","","","","","Test123456978132456978123456798132456798456798123465","password@1"],"result":"SUCCESS"},{"values":["TC07","/MerchantApiWeb/authenticateUser","/MerchantApiWeb/rest/secure/user/changePassword","error","Password should be minimum 8 and maximum 20 characters long","MPVE00005","TestAutomationEMS11","Password@1","EMS","","","","","","","","","","","","","Password@2","pass"],"result":"SUCCESS"},{"values":["TC08","/MerchantApiWeb/authenticateUser","/MerchantApiWeb/rest/secure/user/changePassword","error","Password should be minimum 8 and maximum 20 characters long","MPVE00005","TestAutomationEMS11","Password@1","EMS","","","","","","","","","","","","","Password@2","Test123456978132456978123456798132456798456798123465"],"result":"SUCCESS"},{"values":["TC09","/MerchantApiWeb/authenticateUser","/MerchantApiWeb/rest/secure/user/changePassword","error","Please enter a valid password","MPVE00006","TestAutomationEMS11","Password@1","EMS","","","","","","","","","","","","","Password@2","Passwordasdhf"],"result":"SUCCESS"},{"values":["TC10","/MerchantApiWeb/authenticateUser","/MerchantApiWeb/rest/secure/user/changePassword","error","Please enter a valid password","MPVE00006","TestAutomationEMS11","Password@1","EMS","","","","","","","","","","","","","Passsdlkfjd","Password@1"],"result":"SUCCESS"},{"values":["TC11","/MerchantApiWeb/authenticateUser","/MerchantApiWeb/rest/secure/user/changePassword","error","Password already used before","MPBE00011","TestAutomationEMS11","Password@1","EMS","","","","","","","","","","","","","Password@1","Password@1"],"result":"SUCCESS"},{"values":["TC12","/MerchantApiWeb/authenticateUser","/MerchantApiWeb/rest/secure/user/changePassword","error","Old Password is Incorrect","MPBE00012","TestAutomationEMS11","Password@1","EMS","","","","","","","","","","","","","Password@2","Password@100"],"result":"SUCCESS"}],"predefinedRows":true,"dataSetDescriptors":[{"startRow":0,"rowCount":0,"name":"","description":""}]},"manual":false,"testSource":"Cucumber","result":"SUCCESS"}