{"name":"Verify the api retrieves the Sub account details of the user","testSteps":[{"number":1,"description":"[1] {report\u003dTC01, logindomain\u003d/MerchantApiWeb/authenticateUser, domainurl\u003d/MerchantApiWeb/rest/secure/user/getSubAccountDetails, status\u003dsuccess, Message\u003d, ErrorCode\u003d, userName\u003dTestAutomation22, password\u003dPassword@1, allianceCode\u003dEMS, AuthErrMessage\u003d, Authaccessdenied\u003d, AuthErrCause\u003d, currency\u003d, userType\u003d, pageNumber\u003d, accountStatus\u003d, profile\u003d, firstName\u003d, lastName\u003d, SubAccountDetailsuserName\u003dTestAutomationEMS1}","duration":2591,"startTime":1514870457968,"result":"SUCCESS","children":[{"number":2,"description":"Given load request for getSubAccountDetails \"/MerchantApiWeb/authenticateUser\" and \"/MerchantApiWeb/rest/secure/user/getSubAccountDetails\" and \"TC01\" and \"TestAutomation22\" and \"Password@1\" and \"EMS\"","duration":1326,"startTime":1514870457983,"result":"SUCCESS","children":[{"number":3,"description":"Loadgetrequestdata: https://uat1.merchantportal.firstdata.eu/MerchantApiWeb/authenticateUser","duration":0,"startTime":1514870458078,"result":"SUCCESS"},{"number":4,"description":"Postrequest authenticate user: https://uat1.merchantportal.firstdata.eu/MerchantApiWeb/authenticateUser, TestAutomation22, Password@1, EMS","duration":1190,"startTime":1514870458079,"result":"SUCCESS"},{"number":5,"description":"Loadgetrequestdata authenticated: https://uat1.merchantportal.firstdata.eu/MerchantApiWeb/rest/secure/user/getSubAccountDetails, 33bbe85a-5e10-430b-b9e7-7a2a74cf5595","duration":1,"startTime":1514870459277,"result":"SUCCESS"}]},{"number":6,"description":"When post get request for getSubAccountDetails \"TestAutomationEMS1\"","duration":1152,"startTime":1514870459310,"result":"SUCCESS","children":[{"number":7,"description":"Post GET request get sub account details: https://uat1.merchantportal.firstdata.eu/MerchantApiWeb/rest/secure/user/getSubAccountDetails, TestAutomationEMS1","duration":1085,"startTime":1514870459324,"result":"SUCCESS"}]},{"number":8,"description":"Then verify getSubAccountDetails response status \"success\" and \"\" and \"\" and \"\" and \"\" and \"\"","duration":96,"startTime":1514870460463,"result":"SUCCESS","children":[{"number":9,"description":"Verify Response","duration":35,"startTime":1514870460479,"result":"SUCCESS"}]}]},{"number":10,"description":"[1] {report\u003dTC02, logindomain\u003d/MerchantApiWeb/authenticateUser, domainurl\u003d/MerchantApiWeb/rest/secure/user/getSubAccountDetails, status\u003derror, Message\u003dUsername can\u0027t be empty, ErrorCode\u003dMPVE00001, userName\u003dTestAutomation22, password\u003dPassword@1, allianceCode\u003dEMS, AuthErrMessage\u003d, Authaccessdenied\u003d, AuthErrCause\u003d, currency\u003d, userType\u003d, pageNumber\u003d, accountStatus\u003d, profile\u003d, firstName\u003d, lastName\u003d, SubAccountDetailsuserName\u003d}","duration":2499,"startTime":1514870463414,"result":"SUCCESS","children":[{"number":11,"description":"Given load request for getSubAccountDetails \"/MerchantApiWeb/authenticateUser\" and \"/MerchantApiWeb/rest/secure/user/getSubAccountDetails\" and \"TC02\" and \"TestAutomation22\" and \"Password@1\" and \"EMS\"","duration":1245,"startTime":1514870463427,"result":"SUCCESS","children":[{"number":12,"description":"Loadgetrequestdata: https://uat1.merchantportal.firstdata.eu/MerchantApiWeb/authenticateUser","duration":1,"startTime":1514870463489,"result":"SUCCESS"},{"number":13,"description":"Postrequest authenticate user: https://uat1.merchantportal.firstdata.eu/MerchantApiWeb/authenticateUser, TestAutomation22, Password@1, EMS","duration":1146,"startTime":1514870463492,"result":"SUCCESS"},{"number":14,"description":"Loadgetrequestdata authenticated: https://uat1.merchantportal.firstdata.eu/MerchantApiWeb/rest/secure/user/getSubAccountDetails, 33bbe85a-5e10-430b-b9e7-7a2a74cf5595","duration":1,"startTime":1514870464648,"result":"SUCCESS"}]},{"number":15,"description":"When post get request for getSubAccountDetails \"\"","duration":1048,"startTime":1514870464672,"result":"SUCCESS","children":[{"number":16,"description":"Post GET request get sub account details: https://uat1.merchantportal.firstdata.eu/MerchantApiWeb/rest/secure/user/getSubAccountDetails, ","duration":985,"startTime":1514870464685,"result":"SUCCESS"}]},{"number":17,"description":"Then verify getSubAccountDetails response status \"error\" and \"MPVE00001\" and \"Username can\u0027t be empty\" and \"\" and \"\" and \"\"","duration":193,"startTime":1514870465720,"result":"SUCCESS","children":[{"number":18,"description":"Verify Response","duration":67,"startTime":1514870465733,"result":"SUCCESS"}]}]},{"number":19,"description":"[1] {report\u003dTC03, logindomain\u003d/MerchantApiWeb/authenticateUser, domainurl\u003d/MerchantApiWeb/rest/secure/user/getSubAccountDetails, status\u003derror, Message\u003dUsername should be greater than 8 and less than 50 characters, ErrorCode\u003dMPVE00002, userName\u003dTestAutomation22, password\u003dPassword@1, allianceCode\u003dEMS, AuthErrMessage\u003d, Authaccessdenied\u003d, AuthErrCause\u003d, currency\u003d, userType\u003d, pageNumber\u003d, accountStatus\u003d, profile\u003d, firstName\u003d, lastName\u003d, SubAccountDetailsuserName\u003dDemoAcc}","duration":2473,"startTime":1514870468936,"result":"SUCCESS","children":[{"number":20,"description":"Given load request for getSubAccountDetails \"/MerchantApiWeb/authenticateUser\" and \"/MerchantApiWeb/rest/secure/user/getSubAccountDetails\" and \"TC03\" and \"TestAutomation22\" and \"Password@1\" and \"EMS\"","duration":1204,"startTime":1514870468953,"result":"SUCCESS","children":[{"number":21,"description":"Loadgetrequestdata: https://uat1.merchantportal.firstdata.eu/MerchantApiWeb/authenticateUser","duration":1,"startTime":1514870469035,"result":"SUCCESS"},{"number":22,"description":"Postrequest authenticate user: https://uat1.merchantportal.firstdata.eu/MerchantApiWeb/authenticateUser, TestAutomation22, Password@1, EMS","duration":1088,"startTime":1514870469037,"result":"SUCCESS"},{"number":23,"description":"Loadgetrequestdata authenticated: https://uat1.merchantportal.firstdata.eu/MerchantApiWeb/rest/secure/user/getSubAccountDetails, 33bbe85a-5e10-430b-b9e7-7a2a74cf5595","duration":0,"startTime":1514870470135,"result":"SUCCESS"}]},{"number":24,"description":"When post get request for getSubAccountDetails \"DemoAcc\"","duration":913,"startTime":1514870470158,"result":"SUCCESS","children":[{"number":25,"description":"Post GET request get sub account details: https://uat1.merchantportal.firstdata.eu/MerchantApiWeb/rest/secure/user/getSubAccountDetails, DemoAcc","duration":850,"startTime":1514870470170,"result":"SUCCESS"}]},{"number":26,"description":"Then verify getSubAccountDetails response status \"error\" and \"MPVE00002\" and \"Username should be greater than 8 and less than 50 characters\" and \"\" and \"\" and \"\"","duration":337,"startTime":1514870471072,"result":"SUCCESS","children":[{"number":27,"description":"Verify Response","duration":105,"startTime":1514870471169,"result":"SUCCESS"}]}]},{"number":28,"description":"[1] {report\u003dTC04, logindomain\u003d/MerchantApiWeb/authenticateUser, domainurl\u003d/MerchantApiWeb/rest/secure/user/getSubAccountDetails, status\u003derror, Message\u003dUsername should be greater than 8 and less than 50 characters, ErrorCode\u003dMPVE00002, userName\u003dTestAutomation22, password\u003dPassword@1, allianceCode\u003dEMS, AuthErrMessage\u003d, Authaccessdenied\u003d, AuthErrCause\u003d, currency\u003d, userType\u003d, pageNumber\u003d, accountStatus\u003d, profile\u003d, firstName\u003d, lastName\u003d, SubAccountDetailsuserName\u003dDemoAccount11323165498456461211561564589456456121332}","duration":2272,"startTime":1514870475462,"result":"SUCCESS","children":[{"number":29,"description":"Given load request for getSubAccountDetails \"/MerchantApiWeb/authenticateUser\" and \"/MerchantApiWeb/rest/secure/user/getSubAccountDetails\" and \"TC04\" and \"TestAutomation22\" and \"Password@1\" and \"EMS\"","duration":1170,"startTime":1514870475491,"result":"SUCCESS","children":[{"number":30,"description":"Loadgetrequestdata: https://uat1.merchantportal.firstdata.eu/MerchantApiWeb/authenticateUser","duration":1,"startTime":1514870475575,"result":"SUCCESS"},{"number":31,"description":"Postrequest authenticate user: https://uat1.merchantportal.firstdata.eu/MerchantApiWeb/authenticateUser, TestAutomation22, Password@1, EMS","duration":1053,"startTime":1514870475577,"result":"SUCCESS"},{"number":32,"description":"Loadgetrequestdata authenticated: https://uat1.merchantportal.firstdata.eu/MerchantApiWeb/rest/secure/user/getSubAccountDetails, 33bbe85a-5e10-430b-b9e7-7a2a74cf5595","duration":1,"startTime":1514870476638,"result":"SUCCESS"}]},{"number":33,"description":"When post get request for getSubAccountDetails \"DemoAccount11323165498456461211561564589456456121332\"","duration":879,"startTime":1514870476661,"result":"SUCCESS","children":[{"number":34,"description":"Post GET request get sub account details: https://uat1.merchantportal.firstdata.eu/MerchantApiWeb/rest/secure/user/getSubAccountDetails, DemoAccount11323165498456461211561564589456456121332","duration":809,"startTime":1514870476675,"result":"SUCCESS"}]},{"number":35,"description":"Then verify getSubAccountDetails response status \"error\" and \"MPVE00002\" and \"Username should be greater than 8 and less than 50 characters\" and \"\" and \"\" and \"\"","duration":193,"startTime":1514870477540,"result":"SUCCESS","children":[{"number":36,"description":"Verify Response","duration":56,"startTime":1514870477554,"result":"SUCCESS"}]}]},{"number":37,"description":"[1] {report\u003dTC05, logindomain\u003d/MerchantApiWeb/authenticateUser, domainurl\u003d/MerchantApiWeb/rest/secure/user/getSubAccountDetails, status\u003derror, Message\u003dUsername contain special characters or empty spaces, ErrorCode\u003dMPVE00003, userName\u003dTestAutomation22, password\u003dPassword@1, allianceCode\u003dEMS, AuthErrMessage\u003d, Authaccessdenied\u003d, AuthErrCause\u003d, currency\u003d, userType\u003d, pageNumber\u003d, accountStatus\u003d, profile\u003d, firstName\u003d, lastName\u003d, SubAccountDetailsuserName\u003dDemoAccoun@$%}","duration":2341,"startTime":1514870480744,"result":"SUCCESS","children":[{"number":38,"description":"Given load request for getSubAccountDetails \"/MerchantApiWeb/authenticateUser\" and \"/MerchantApiWeb/rest/secure/user/getSubAccountDetails\" and \"TC05\" and \"TestAutomation22\" and \"Password@1\" and \"EMS\"","duration":1181,"startTime":1514870480763,"result":"SUCCESS","children":[{"number":39,"description":"Loadgetrequestdata: https://uat1.merchantportal.firstdata.eu/MerchantApiWeb/authenticateUser","duration":1,"startTime":1514870480832,"result":"SUCCESS"},{"number":40,"description":"Postrequest authenticate user: https://uat1.merchantportal.firstdata.eu/MerchantApiWeb/authenticateUser, TestAutomation22, Password@1, EMS","duration":1074,"startTime":1514870480834,"result":"SUCCESS"},{"number":41,"description":"Loadgetrequestdata authenticated: https://uat1.merchantportal.firstdata.eu/MerchantApiWeb/rest/secure/user/getSubAccountDetails, 33bbe85a-5e10-430b-b9e7-7a2a74cf5595","duration":0,"startTime":1514870481919,"result":"SUCCESS"}]},{"number":42,"description":"When post get request for getSubAccountDetails \"DemoAccoun@$%\"","duration":920,"startTime":1514870481947,"result":"SUCCESS","children":[{"number":43,"description":"Post GET request get sub account details: https://uat1.merchantportal.firstdata.eu/MerchantApiWeb/rest/secure/user/getSubAccountDetails, DemoAccoun@$%","duration":850,"startTime":1514870481961,"result":"SUCCESS"}]},{"number":44,"description":"Then verify getSubAccountDetails response status \"error\" and \"MPVE00003\" and \"Username contain special characters or empty spaces\" and \"\" and \"\" and \"\"","duration":216,"startTime":1514870482868,"result":"SUCCESS","children":[{"number":45,"description":"Verify Response","duration":75,"startTime":1514870482880,"result":"SUCCESS"}]}]},{"number":46,"description":"[1] {report\u003dTC06, logindomain\u003d/MerchantApiWeb/authenticateUser, domainurl\u003d/MerchantApiWeb/rest/secure/user/getSubAccountDetails, status\u003derror, Message\u003dUsername contain special characters or empty spaces, ErrorCode\u003dMPVE00003, userName\u003dTestAutomation22, password\u003dPassword@1, allianceCode\u003dEMS, AuthErrMessage\u003d, Authaccessdenied\u003d, AuthErrCause\u003d, currency\u003d, userType\u003d, pageNumber\u003d, accountStatus\u003d, profile\u003d, firstName\u003d, lastName\u003d, SubAccountDetailsuserName\u003dDemoAccoun  654}","duration":2565,"startTime":1514870486369,"result":"SUCCESS","children":[{"number":47,"description":"Given load request for getSubAccountDetails \"/MerchantApiWeb/authenticateUser\" and \"/MerchantApiWeb/rest/secure/user/getSubAccountDetails\" and \"TC06\" and \"TestAutomation22\" and \"Password@1\" and \"EMS\"","duration":1407,"startTime":1514870486392,"result":"SUCCESS","children":[{"number":48,"description":"Loadgetrequestdata: https://uat1.merchantportal.firstdata.eu/MerchantApiWeb/authenticateUser","duration":0,"startTime":1514870486541,"result":"SUCCESS"},{"number":49,"description":"Postrequest authenticate user: https://uat1.merchantportal.firstdata.eu/MerchantApiWeb/authenticateUser, TestAutomation22, Password@1, EMS","duration":1220,"startTime":1514870486542,"result":"SUCCESS"},{"number":50,"description":"Loadgetrequestdata authenticated: https://uat1.merchantportal.firstdata.eu/MerchantApiWeb/rest/secure/user/getSubAccountDetails, 33bbe85a-5e10-430b-b9e7-7a2a74cf5595","duration":0,"startTime":1514870487772,"result":"SUCCESS"}]},{"number":51,"description":"When post get request for getSubAccountDetails \"DemoAccoun  654\"","duration":879,"startTime":1514870487799,"result":"SUCCESS","children":[{"number":52,"description":"Post GET request get sub account details: https://uat1.merchantportal.firstdata.eu/MerchantApiWeb/rest/secure/user/getSubAccountDetails, DemoAccoun  654","duration":817,"startTime":1514870487813,"result":"SUCCESS"}]},{"number":53,"description":"Then verify getSubAccountDetails response status \"error\" and \"MPVE00003\" and \"Username contain special characters or empty spaces\" and \"\" and \"\" and \"\"","duration":256,"startTime":1514870488678,"result":"SUCCESS","children":[{"number":54,"description":"Verify Response","duration":129,"startTime":1514870488693,"result":"SUCCESS"}]}]},{"number":55,"description":"[1] {report\u003dTC07, logindomain\u003d/MerchantApiWeb/authenticateUser, domainurl\u003d/MerchantApiWeb/rest/secure/user/getSubAccountDetails, status\u003derror, Message\u003dUsername does not exist, ErrorCode\u003dMPBE00004, userName\u003dTestAutomation22, password\u003dPassword@1, allianceCode\u003dEMS, AuthErrMessage\u003d, Authaccessdenied\u003d, AuthErrCause\u003d, currency\u003d, userType\u003d, pageNumber\u003d, accountStatus\u003d, profile\u003d, firstName\u003d, lastName\u003d, SubAccountDetailsuserName\u003dTestAccount1}","duration":2453,"startTime":1514870492194,"result":"SUCCESS","children":[{"number":56,"description":"Given load request for getSubAccountDetails \"/MerchantApiWeb/authenticateUser\" and \"/MerchantApiWeb/rest/secure/user/getSubAccountDetails\" and \"TC07\" and \"TestAutomation22\" and \"Password@1\" and \"EMS\"","duration":1214,"startTime":1514870492244,"result":"SUCCESS","children":[{"number":57,"description":"Loadgetrequestdata: https://uat1.merchantportal.firstdata.eu/MerchantApiWeb/authenticateUser","duration":1,"startTime":1514870492319,"result":"SUCCESS"},{"number":58,"description":"Postrequest authenticate user: https://uat1.merchantportal.firstdata.eu/MerchantApiWeb/authenticateUser, TestAutomation22, Password@1, EMS","duration":1097,"startTime":1514870492322,"result":"SUCCESS"},{"number":59,"description":"Loadgetrequestdata authenticated: https://uat1.merchantportal.firstdata.eu/MerchantApiWeb/rest/secure/user/getSubAccountDetails, 33bbe85a-5e10-430b-b9e7-7a2a74cf5595","duration":1,"startTime":1514870493427,"result":"SUCCESS"}]},{"number":60,"description":"When post get request for getSubAccountDetails \"TestAccount1\"","duration":960,"startTime":1514870493459,"result":"SUCCESS","children":[{"number":61,"description":"Post GET request get sub account details: https://uat1.merchantportal.firstdata.eu/MerchantApiWeb/rest/secure/user/getSubAccountDetails, TestAccount1","duration":875,"startTime":1514870493472,"result":"SUCCESS"}]},{"number":62,"description":"Then verify getSubAccountDetails response status \"error\" and \"MPBE00004\" and \"Username does not exist\" and \"\" and \"\" and \"\"","duration":227,"startTime":1514870494420,"result":"SUCCESS","children":[{"number":63,"description":"Verify Response","duration":58,"startTime":1514870494431,"result":"SUCCESS"}]}]},{"number":64,"description":"[1] {report\u003dTC08, logindomain\u003d/MerchantApiWeb/authenticateUser, domainurl\u003d/MerchantApiWeb/rest/secure/user/getSubAccountDetails, status\u003derror, Message\u003dThis Sub Account doesn\u0027t belong to you! Access Denied to User Data., ErrorCode\u003dMPVE00098, userName\u003dTestAutomation22, password\u003dPassword@1, allianceCode\u003dEMS, AuthErrMessage\u003d, Authaccessdenied\u003d, AuthErrCause\u003d, currency\u003d, userType\u003d, pageNumber\u003d, accountStatus\u003d, profile\u003d, firstName\u003d, lastName\u003d, SubAccountDetailsuserName\u003dDemoAccount2}","duration":2595,"startTime":1514870498649,"result":"SUCCESS","children":[{"number":65,"description":"Given load request for getSubAccountDetails \"/MerchantApiWeb/authenticateUser\" and \"/MerchantApiWeb/rest/secure/user/getSubAccountDetails\" and \"TC08\" and \"TestAutomation22\" and \"Password@1\" and \"EMS\"","duration":1326,"startTime":1514870498663,"result":"SUCCESS","children":[{"number":66,"description":"Loadgetrequestdata: https://uat1.merchantportal.firstdata.eu/MerchantApiWeb/authenticateUser","duration":0,"startTime":1514870498730,"result":"SUCCESS"},{"number":67,"description":"Postrequest authenticate user: https://uat1.merchantportal.firstdata.eu/MerchantApiWeb/authenticateUser, TestAutomation22, Password@1, EMS","duration":1228,"startTime":1514870498732,"result":"SUCCESS"},{"number":68,"description":"Loadgetrequestdata authenticated: https://uat1.merchantportal.firstdata.eu/MerchantApiWeb/rest/secure/user/getSubAccountDetails, 33bbe85a-5e10-430b-b9e7-7a2a74cf5595","duration":1,"startTime":1514870499968,"result":"SUCCESS"}]},{"number":69,"description":"When post get request for getSubAccountDetails \"DemoAccount2\"","duration":929,"startTime":1514870499989,"result":"SUCCESS","children":[{"number":70,"description":"Post GET request get sub account details: https://uat1.merchantportal.firstdata.eu/MerchantApiWeb/rest/secure/user/getSubAccountDetails, DemoAccount2","duration":865,"startTime":1514870500001,"result":"SUCCESS"}]},{"number":71,"description":"Then verify getSubAccountDetails response status \"error\" and \"MPVE00098\" and \"This Sub Account doesn\u0027t belong to you! Access Denied to User Data.\" and \"\" and \"\" and \"\"","duration":324,"startTime":1514870500919,"result":"SUCCESS","children":[{"number":72,"description":"Verify Response","duration":54,"startTime":1514870500953,"result":"SUCCESS"}]}]},{"number":73,"description":"[1] {report\u003dTC09, logindomain\u003d/MerchantApiWeb/authenticateUser, domainurl\u003d/MerchantApiWeb/rest/secure/user/getSubAccountDetails, status\u003derror, Message\u003dUser does not have priviledge to any Merchants data, ErrorCode\u003dMPBE00034, userName\u003dTestAutomationEMS3, password\u003dPassword@1, allianceCode\u003dEMS, AuthErrMessage\u003d, Authaccessdenied\u003d, AuthErrCause\u003d, currency\u003d, userType\u003d, pageNumber\u003d, accountStatus\u003d, profile\u003d, firstName\u003d, lastName\u003d, SubAccountDetailsuserName\u003dTestAutomationEMS3}","duration":4593,"startTime":1514870504934,"result":"SUCCESS","children":[{"number":74,"description":"Given load request for getSubAccountDetails \"/MerchantApiWeb/authenticateUser\" and \"/MerchantApiWeb/rest/secure/user/getSubAccountDetails\" and \"TC09\" and \"TestAutomationEMS3\" and \"Password@1\" and \"EMS\"","duration":3301,"startTime":1514870504948,"result":"SUCCESS","children":[{"number":75,"description":"Loadgetrequestdata: https://uat1.merchantportal.firstdata.eu/MerchantApiWeb/authenticateUser","duration":0,"startTime":1514870505020,"result":"SUCCESS"},{"number":76,"description":"Postrequest authenticate user: https://uat1.merchantportal.firstdata.eu/MerchantApiWeb/authenticateUser, TestAutomationEMS3, Password@1, EMS","duration":3193,"startTime":1514870505021,"result":"SUCCESS"},{"number":77,"description":"Loadgetrequestdata authenticated: https://uat1.merchantportal.firstdata.eu/MerchantApiWeb/rest/secure/user/getSubAccountDetails, 33bbe85a-5e10-430b-b9e7-7a2a74cf5595","duration":1,"startTime":1514870508225,"result":"SUCCESS"}]},{"number":78,"description":"When post get request for getSubAccountDetails \"TestAutomationEMS3\"","duration":1033,"startTime":1514870508249,"result":"SUCCESS","children":[{"number":79,"description":"Post GET request get sub account details: https://uat1.merchantportal.firstdata.eu/MerchantApiWeb/rest/secure/user/getSubAccountDetails, TestAutomationEMS3","duration":969,"startTime":1514870508263,"result":"SUCCESS"}]},{"number":80,"description":"Then verify getSubAccountDetails response status \"error\" and \"MPBE00034\" and \"User does not have priviledge to any Merchants data\" and \"\" and \"\" and \"\"","duration":244,"startTime":1514870509283,"result":"SUCCESS","children":[{"number":81,"description":"Verify Response","duration":93,"startTime":1514870509294,"result":"SUCCESS"}]}]}],"userStory":{"id":"merchant-portal-application-api-validation","storyName":"Merchant Portal application API validation","path":"APIupdate.feature","type":"feature"},"featureTag":{"name":"Merchant Portal application API validation","type":"feature"},"title":"Verify the api retrieves the Sub account details of the user","description":"","tags":[{"name":"getSubAccountDetails","type":"tag"}],"startTime":1514870457968,"duration":51559,"dataTable":{"headers":["report","logindomain","domainurl","status","Message","ErrorCode","userName","password","allianceCode","AuthErrMessage","Authaccessdenied","AuthErrCause","currency","userType","pageNumber","accountStatus","profile","firstName","lastName","SubAccountDetailsuserName"],"rows":[{"values":["TC01","/MerchantApiWeb/authenticateUser","/MerchantApiWeb/rest/secure/user/getSubAccountDetails","success","","","TestAutomation22","Password@1","EMS","","","","","","","","","","","TestAutomationEMS1"],"result":"SUCCESS"},{"values":["TC02","/MerchantApiWeb/authenticateUser","/MerchantApiWeb/rest/secure/user/getSubAccountDetails","error","Username can\u0027t be empty","MPVE00001","TestAutomation22","Password@1","EMS","","","","","","","","","","",""],"result":"SUCCESS"},{"values":["TC03","/MerchantApiWeb/authenticateUser","/MerchantApiWeb/rest/secure/user/getSubAccountDetails","error","Username should be greater than 8 and less than 50 characters","MPVE00002","TestAutomation22","Password@1","EMS","","","","","","","","","","","DemoAcc"],"result":"SUCCESS"},{"values":["TC04","/MerchantApiWeb/authenticateUser","/MerchantApiWeb/rest/secure/user/getSubAccountDetails","error","Username should be greater than 8 and less than 50 characters","MPVE00002","TestAutomation22","Password@1","EMS","","","","","","","","","","","DemoAccount11323165498456461211561564589456456121332"],"result":"SUCCESS"},{"values":["TC05","/MerchantApiWeb/authenticateUser","/MerchantApiWeb/rest/secure/user/getSubAccountDetails","error","Username contain special characters or empty spaces","MPVE00003","TestAutomation22","Password@1","EMS","","","","","","","","","","","DemoAccoun@$%"],"result":"SUCCESS"},{"values":["TC06","/MerchantApiWeb/authenticateUser","/MerchantApiWeb/rest/secure/user/getSubAccountDetails","error","Username contain special characters or empty spaces","MPVE00003","TestAutomation22","Password@1","EMS","","","","","","","","","","","DemoAccoun  654"],"result":"SUCCESS"},{"values":["TC07","/MerchantApiWeb/authenticateUser","/MerchantApiWeb/rest/secure/user/getSubAccountDetails","error","Username does not exist","MPBE00004","TestAutomation22","Password@1","EMS","","","","","","","","","","","TestAccount1"],"result":"SUCCESS"},{"values":["TC08","/MerchantApiWeb/authenticateUser","/MerchantApiWeb/rest/secure/user/getSubAccountDetails","error","This Sub Account doesn\u0027t belong to you! Access Denied to User Data.","MPVE00098","TestAutomation22","Password@1","EMS","","","","","","","","","","","DemoAccount2"],"result":"SUCCESS"},{"values":["TC09","/MerchantApiWeb/authenticateUser","/MerchantApiWeb/rest/secure/user/getSubAccountDetails","error","User does not have priviledge to any Merchants data","MPBE00034","TestAutomationEMS3","Password@1","EMS","","","","","","","","","","","TestAutomationEMS3"],"result":"SUCCESS"}],"predefinedRows":true,"dataSetDescriptors":[{"startRow":0,"rowCount":0,"name":"","description":""}]},"manual":false,"testSource":"Cucumber","result":"SUCCESS"}