{"name":"Verify the api validates the pseudousername","testSteps":[{"number":1,"description":"[1] {report\u003dTC01, logindomain\u003d/MerchantApiWeb/authenticateUser, domainurl\u003d/MerchantApiWeb/rest/secure/impersonation/validatepseudousername, status\u003dsuccess, Message\u003d, ErrorCode\u003d, userName\u003dTestAutomation18, password\u003dPassword@1, allianceCode\u003dEMS, AuthErrMessage\u003d, Authaccessdenied\u003d, AuthErrCause\u003d, currency\u003d, userType\u003d, pageNumber\u003d, accountStatus\u003d, profile\u003d, firstName\u003d, lastName\u003d, itrcount\u003d, validateuserName\u003d, pseudoUserName\u003dDemoAccount1, merchId\u003d, messageId\u003d, terminalBatchNumId\u003d, reasonForBlock\u003d, blockusername\u003d, fromDate\u003d, toDate\u003d}","duration":11968,"startTime":1512037258241,"result":"SUCCESS","children":[{"number":2,"description":"Given load request for validatepseudousername \"/MerchantApiWeb/authenticateUser\" and \"/MerchantApiWeb/rest/secure/impersonation/validatepseudousername\" and \"TC01\" and \"TestAutomation18\" and \"Password@1\" and \"EMS\"","duration":9772,"startTime":1512037258261,"result":"SUCCESS","children":[{"number":3,"description":"Loadgetrequestdata: https://uat1.merchantportal.firstdata.eu/MerchantApiWeb/authenticateUser","duration":1,"startTime":1512037258339,"result":"SUCCESS"},{"number":4,"description":"Postrequest authenticate user: https://uat1.merchantportal.firstdata.eu/MerchantApiWeb/authenticateUser, TestAutomation18, Password@1, EMS","duration":9659,"startTime":1512037258341,"result":"SUCCESS"},{"number":5,"description":"Loadgetrequestdata: https://uat1.merchantportal.firstdata.eu/MerchantApiWeb/rest/secure/impersonation/validatepseudousername","duration":1,"startTime":1512037268012,"result":"SUCCESS"}]},{"number":6,"description":"When post get request for validatepseudousername \"DemoAccount1\"","duration":2073,"startTime":1512037268033,"result":"SUCCESS","children":[{"number":7,"description":"Post GET request validatepseudousername: https://uat1.merchantportal.firstdata.eu/MerchantApiWeb/rest/secure/impersonation/validatepseudousername, DemoAccount1","duration":1990,"startTime":1512037268047,"result":"SUCCESS"}]},{"number":8,"description":"Then verify validatepseudousername response status \"success\" and \"\" and \"\" and \"\" and \"\" and \"\"","duration":103,"startTime":1512037270106,"result":"SUCCESS","children":[{"number":9,"description":"Verify Response","duration":34,"startTime":1512037270117,"result":"SUCCESS"}]}]},{"number":10,"description":"[1] {report\u003dTC02, logindomain\u003d/MerchantApiWeb/authenticateUser, domainurl\u003d/MerchantApiWeb/rest/secure/impersonation/validatepseudousername, status\u003derror, Message\u003dUsername can\u0027t be empty, ErrorCode\u003dMPVE00001, userName\u003dTestAutomation18, password\u003dPassword@1, allianceCode\u003dEMS, AuthErrMessage\u003d, Authaccessdenied\u003d, AuthErrCause\u003d, currency\u003d, userType\u003d, pageNumber\u003d, accountStatus\u003d, profile\u003d, firstName\u003d, lastName\u003d, itrcount\u003d, validateuserName\u003d, pseudoUserName\u003d, merchId\u003d, messageId\u003d, terminalBatchNumId\u003d, reasonForBlock\u003d, blockusername\u003d, fromDate\u003d, toDate\u003d}","duration":2528,"startTime":1512037270454,"result":"SUCCESS","children":[{"number":11,"description":"Given load request for validatepseudousername \"/MerchantApiWeb/authenticateUser\" and \"/MerchantApiWeb/rest/secure/impersonation/validatepseudousername\" and \"TC02\" and \"TestAutomation18\" and \"Password@1\" and \"EMS\"","duration":1350,"startTime":1512037270468,"result":"SUCCESS","children":[{"number":12,"description":"Loadgetrequestdata: https://uat1.merchantportal.firstdata.eu/MerchantApiWeb/authenticateUser","duration":0,"startTime":1512037270537,"result":"SUCCESS"},{"number":13,"description":"Postrequest authenticate user: https://uat1.merchantportal.firstdata.eu/MerchantApiWeb/authenticateUser, TestAutomation18, Password@1, EMS","duration":1243,"startTime":1512037270537,"result":"SUCCESS"},{"number":14,"description":"Loadgetrequestdata: https://uat1.merchantportal.firstdata.eu/MerchantApiWeb/rest/secure/impersonation/validatepseudousername","duration":0,"startTime":1512037271791,"result":"SUCCESS"}]},{"number":15,"description":"When post get request for validatepseudousername \"\"","duration":937,"startTime":1512037271819,"result":"SUCCESS","children":[{"number":16,"description":"Post GET request validatepseudousername: https://uat1.merchantportal.firstdata.eu/MerchantApiWeb/rest/secure/impersonation/validatepseudousername, ","duration":870,"startTime":1512037271830,"result":"SUCCESS"}]},{"number":17,"description":"Then verify validatepseudousername response status \"error\" and \"MPVE00001\" and \"Username can\u0027t be empty\" and \"\" and \"\" and \"\"","duration":224,"startTime":1512037272757,"result":"SUCCESS","children":[{"number":18,"description":"Verify Response","duration":91,"startTime":1512037272771,"result":"SUCCESS"}]}]},{"number":19,"description":"[1] {report\u003dTC03, logindomain\u003d/MerchantApiWeb/authenticateUser, domainurl\u003d/MerchantApiWeb/rest/secure/impersonation/validatepseudousername, status\u003derror, Message\u003dUsername should be greater than 8 and less than 50 characters, ErrorCode\u003dMPVE00002, userName\u003dTestAutomation18, password\u003dPassword@1, allianceCode\u003dEMS, AuthErrMessage\u003d, Authaccessdenied\u003d, AuthErrCause\u003d, currency\u003d, userType\u003d, pageNumber\u003d, accountStatus\u003d, profile\u003d, firstName\u003d, lastName\u003d, itrcount\u003d, validateuserName\u003d, pseudoUserName\u003dTest, merchId\u003d, messageId\u003d, terminalBatchNumId\u003d, reasonForBlock\u003d, blockusername\u003d, fromDate\u003d, toDate\u003d}","duration":4333,"startTime":1512037273365,"result":"SUCCESS","children":[{"number":20,"description":"Given load request for validatepseudousername \"/MerchantApiWeb/authenticateUser\" and \"/MerchantApiWeb/rest/secure/impersonation/validatepseudousername\" and \"TC03\" and \"TestAutomation18\" and \"Password@1\" and \"EMS\"","duration":3209,"startTime":1512037273382,"result":"SUCCESS","children":[{"number":21,"description":"Loadgetrequestdata: https://uat1.merchantportal.firstdata.eu/MerchantApiWeb/authenticateUser","duration":0,"startTime":1512037273462,"result":"SUCCESS"},{"number":22,"description":"Postrequest authenticate user: https://uat1.merchantportal.firstdata.eu/MerchantApiWeb/authenticateUser, TestAutomation18, Password@1, EMS","duration":3084,"startTime":1512037273463,"result":"SUCCESS"},{"number":23,"description":"Loadgetrequestdata: https://uat1.merchantportal.firstdata.eu/MerchantApiWeb/rest/secure/impersonation/validatepseudousername","duration":0,"startTime":1512037276565,"result":"SUCCESS"}]},{"number":24,"description":"When post get request for validatepseudousername \"Test\"","duration":890,"startTime":1512037276591,"result":"SUCCESS","children":[{"number":25,"description":"Post GET request validatepseudousername: https://uat1.merchantportal.firstdata.eu/MerchantApiWeb/rest/secure/impersonation/validatepseudousername, Test","duration":823,"startTime":1512037276604,"result":"SUCCESS"}]},{"number":26,"description":"Then verify validatepseudousername response status \"error\" and \"MPVE00002\" and \"Username should be greater than 8 and less than 50 characters\" and \"\" and \"\" and \"\"","duration":216,"startTime":1512037277482,"result":"SUCCESS","children":[{"number":27,"description":"Verify Response","duration":82,"startTime":1512037277496,"result":"SUCCESS"}]}]},{"number":28,"description":"[1] {report\u003dTC04, logindomain\u003d/MerchantApiWeb/authenticateUser, domainurl\u003d/MerchantApiWeb/rest/secure/impersonation/validatepseudousername, status\u003derror, Message\u003dUsername should be greater than 8 and less than 50 characters, ErrorCode\u003dMPVE00002, userName\u003dTestAutomation18, password\u003dPassword@1, allianceCode\u003dEMS, AuthErrMessage\u003d, Authaccessdenied\u003d, AuthErrCause\u003d, currency\u003d, userType\u003d, pageNumber\u003d, accountStatus\u003d, profile\u003d, firstName\u003d, lastName\u003d, itrcount\u003d, validateuserName\u003d, pseudoUserName\u003dTest123465789132456978132465789132456897123465897321654321, merchId\u003d, messageId\u003d, terminalBatchNumId\u003d, reasonForBlock\u003d, blockusername\u003d, fromDate\u003d, toDate\u003d}","duration":2910,"startTime":1512037277917,"result":"SUCCESS","children":[{"number":29,"description":"Given load request for validatepseudousername \"/MerchantApiWeb/authenticateUser\" and \"/MerchantApiWeb/rest/secure/impersonation/validatepseudousername\" and \"TC04\" and \"TestAutomation18\" and \"Password@1\" and \"EMS\"","duration":1728,"startTime":1512037277933,"result":"SUCCESS","children":[{"number":30,"description":"Loadgetrequestdata: https://uat1.merchantportal.firstdata.eu/MerchantApiWeb/authenticateUser","duration":1,"startTime":1512037278012,"result":"SUCCESS"},{"number":31,"description":"Postrequest authenticate user: https://uat1.merchantportal.firstdata.eu/MerchantApiWeb/authenticateUser, TestAutomation18, Password@1, EMS","duration":1606,"startTime":1512037278014,"result":"SUCCESS"},{"number":32,"description":"Loadgetrequestdata: https://uat1.merchantportal.firstdata.eu/MerchantApiWeb/rest/secure/impersonation/validatepseudousername","duration":1,"startTime":1512037279631,"result":"SUCCESS"}]},{"number":33,"description":"When post get request for validatepseudousername \"Test123465789132456978132465789132456897123465897321654321\"","duration":889,"startTime":1512037279662,"result":"SUCCESS","children":[{"number":34,"description":"Post GET request validatepseudousername: https://uat1.merchantportal.firstdata.eu/MerchantApiWeb/rest/secure/impersonation/validatepseudousername, Test123465789132456978132465789132456897123465897321654321","duration":813,"startTime":1512037279678,"result":"SUCCESS"}]},{"number":35,"description":"Then verify validatepseudousername response status \"error\" and \"MPVE00002\" and \"Username should be greater than 8 and less than 50 characters\" and \"\" and \"\" and \"\"","duration":276,"startTime":1512037280551,"result":"SUCCESS","children":[{"number":36,"description":"Verify Response","duration":128,"startTime":1512037280564,"result":"SUCCESS"}]}]},{"number":37,"description":"[1] {report\u003dTC05, logindomain\u003d/MerchantApiWeb/authenticateUser, domainurl\u003d/MerchantApiWeb/rest/secure/impersonation/validatepseudousername, status\u003derror, Message\u003dUsername does not exist, ErrorCode\u003dMPBE00004, userName\u003dTestAutomation18, password\u003dPassword@1, allianceCode\u003dEMS, AuthErrMessage\u003d, Authaccessdenied\u003d, AuthErrCause\u003d, currency\u003d, userType\u003d, pageNumber\u003d, accountStatus\u003d, profile\u003d, firstName\u003d, lastName\u003d, itrcount\u003d, validateuserName\u003d, pseudoUserName\u003dTest12346589, merchId\u003d, messageId\u003d, terminalBatchNumId\u003d, reasonForBlock\u003d, blockusername\u003d, fromDate\u003d, toDate\u003d}","duration":2972,"startTime":1512037281052,"result":"SUCCESS","children":[{"number":38,"description":"Given load request for validatepseudousername \"/MerchantApiWeb/authenticateUser\" and \"/MerchantApiWeb/rest/secure/impersonation/validatepseudousername\" and \"TC05\" and \"TestAutomation18\" and \"Password@1\" and \"EMS\"","duration":1534,"startTime":1512037281091,"result":"SUCCESS","children":[{"number":39,"description":"Loadgetrequestdata: https://uat1.merchantportal.firstdata.eu/MerchantApiWeb/authenticateUser","duration":0,"startTime":1512037281165,"result":"SUCCESS"},{"number":40,"description":"Postrequest authenticate user: https://uat1.merchantportal.firstdata.eu/MerchantApiWeb/authenticateUser, TestAutomation18, Password@1, EMS","duration":1409,"startTime":1512037281166,"result":"SUCCESS"},{"number":41,"description":"Loadgetrequestdata: https://uat1.merchantportal.firstdata.eu/MerchantApiWeb/rest/secure/impersonation/validatepseudousername","duration":1,"startTime":1512037282591,"result":"SUCCESS"}]},{"number":42,"description":"When post get request for validatepseudousername \"Test12346589\"","duration":1111,"startTime":1512037282626,"result":"SUCCESS","children":[{"number":43,"description":"Post GET request validatepseudousername: https://uat1.merchantportal.firstdata.eu/MerchantApiWeb/rest/secure/impersonation/validatepseudousername, Test12346589","duration":1040,"startTime":1512037282639,"result":"SUCCESS"}]},{"number":44,"description":"Then verify validatepseudousername response status \"error\" and \"MPBE00004\" and \"Username does not exist\" and \"\" and \"\" and \"\"","duration":286,"startTime":1512037283738,"result":"SUCCESS","children":[{"number":45,"description":"Verify Response","duration":108,"startTime":1512037283751,"result":"SUCCESS"}]}]},{"number":46,"description":"[1] {report\u003dTC06, logindomain\u003d/MerchantApiWeb/authenticateUser, domainurl\u003d/MerchantApiWeb/rest/secure/impersonation/validatepseudousername, status\u003derror, Message\u003dImpersination access denied/cant impersinate call center, ErrorCode\u003dMPBE00055, userName\u003dTestAutomation18, password\u003dPassword@1, allianceCode\u003dEMS, AuthErrMessage\u003d, Authaccessdenied\u003d, AuthErrCause\u003d, currency\u003d, userType\u003d, pageNumber\u003d, accountStatus\u003d, profile\u003d, firstName\u003d, lastName\u003d, itrcount\u003d, validateuserName\u003d, pseudoUserName\u003dTestAutomation1, merchId\u003d, messageId\u003d, terminalBatchNumId\u003d, reasonForBlock\u003d, blockusername\u003d, fromDate\u003d, toDate\u003d}","duration":2596,"startTime":1512037284253,"result":"SUCCESS","children":[{"number":47,"description":"Given load request for validatepseudousername \"/MerchantApiWeb/authenticateUser\" and \"/MerchantApiWeb/rest/secure/impersonation/validatepseudousername\" and \"TC06\" and \"TestAutomation18\" and \"Password@1\" and \"EMS\"","duration":1259,"startTime":1512037284274,"result":"SUCCESS","children":[{"number":48,"description":"Loadgetrequestdata: https://uat1.merchantportal.firstdata.eu/MerchantApiWeb/authenticateUser","duration":0,"startTime":1512037284351,"result":"SUCCESS"},{"number":49,"description":"Postrequest authenticate user: https://uat1.merchantportal.firstdata.eu/MerchantApiWeb/authenticateUser, TestAutomation18, Password@1, EMS","duration":1150,"startTime":1512037284353,"result":"SUCCESS"},{"number":50,"description":"Loadgetrequestdata: https://uat1.merchantportal.firstdata.eu/MerchantApiWeb/rest/secure/impersonation/validatepseudousername","duration":1,"startTime":1512037285511,"result":"SUCCESS"}]},{"number":51,"description":"When post get request for validatepseudousername \"TestAutomation1\"","duration":1076,"startTime":1512037285533,"result":"SUCCESS","children":[{"number":52,"description":"Post GET request validatepseudousername: https://uat1.merchantportal.firstdata.eu/MerchantApiWeb/rest/secure/impersonation/validatepseudousername, TestAutomation1","duration":1004,"startTime":1512037285547,"result":"SUCCESS"}]},{"number":53,"description":"Then verify validatepseudousername response status \"error\" and \"MPBE00055\" and \"Impersination access denied/cant impersinate call center\" and \"\" and \"\" and \"\"","duration":240,"startTime":1512037286609,"result":"SUCCESS","children":[{"number":54,"description":"Verify Response","duration":59,"startTime":1512037286623,"result":"SUCCESS"}]}]},{"number":55,"description":"[1] {report\u003dTC07, logindomain\u003d/MerchantApiWeb/authenticateUser, domainurl\u003d/MerchantApiWeb/rest/secure/impersonation/validatepseudousername, status\u003derror, Message\u003dUsername contain special characters or empty spaces, ErrorCode\u003dMPVE00003, userName\u003dTestAutomation18, password\u003dPassword@1, allianceCode\u003dEMS, AuthErrMessage\u003d, Authaccessdenied\u003d, AuthErrCause\u003d, currency\u003d, userType\u003d, pageNumber\u003d, accountStatus\u003d, profile\u003d, firstName\u003d, lastName\u003d, itrcount\u003d, validateuserName\u003d, pseudoUserName\u003dTestAutomation@#$, merchId\u003d, messageId\u003d, terminalBatchNumId\u003d, reasonForBlock\u003d, blockusername\u003d, fromDate\u003d, toDate\u003d}","duration":2373,"startTime":1512037287052,"result":"SUCCESS","children":[{"number":56,"description":"Given load request for validatepseudousername \"/MerchantApiWeb/authenticateUser\" and \"/MerchantApiWeb/rest/secure/impersonation/validatepseudousername\" and \"TC07\" and \"TestAutomation18\" and \"Password@1\" and \"EMS\"","duration":1320,"startTime":1512037287065,"result":"SUCCESS","children":[{"number":57,"description":"Loadgetrequestdata: https://uat1.merchantportal.firstdata.eu/MerchantApiWeb/authenticateUser","duration":1,"startTime":1512037287128,"result":"SUCCESS"},{"number":58,"description":"Postrequest authenticate user: https://uat1.merchantportal.firstdata.eu/MerchantApiWeb/authenticateUser, TestAutomation18, Password@1, EMS","duration":1222,"startTime":1512037287130,"result":"SUCCESS"},{"number":59,"description":"Loadgetrequestdata: https://uat1.merchantportal.firstdata.eu/MerchantApiWeb/rest/secure/impersonation/validatepseudousername","duration":0,"startTime":1512037288362,"result":"SUCCESS"}]},{"number":60,"description":"When post get request for validatepseudousername \"TestAutomation@#$\"","duration":860,"startTime":1512037288386,"result":"SUCCESS","children":[{"number":61,"description":"Post GET request validatepseudousername: https://uat1.merchantportal.firstdata.eu/MerchantApiWeb/rest/secure/impersonation/validatepseudousername, TestAutomation@#$","duration":795,"startTime":1512037288399,"result":"SUCCESS"}]},{"number":62,"description":"Then verify validatepseudousername response status \"error\" and \"MPVE00003\" and \"Username contain special characters or empty spaces\" and \"\" and \"\" and \"\"","duration":178,"startTime":1512037289247,"result":"SUCCESS","children":[{"number":63,"description":"Verify Response","duration":43,"startTime":1512037289260,"result":"SUCCESS"}]}]},{"number":64,"description":"[1] {report\u003dTC08, logindomain\u003d/MerchantApiWeb/authenticateUser, domainurl\u003d/MerchantApiWeb/rest/secure/impersonation/validatepseudousername, status\u003derror, Message\u003dUsername contain special characters or empty spaces, ErrorCode\u003dMPVE00003, userName\u003dTestAutomation18, password\u003dPassword@1, allianceCode\u003dEMS, AuthErrMessage\u003d, Authaccessdenied\u003d, AuthErrCause\u003d, currency\u003d, userType\u003d, pageNumber\u003d, accountStatus\u003d, profile\u003d, firstName\u003d, lastName\u003d, itrcount\u003d, validateuserName\u003d, pseudoUserName\u003dTest Automation, merchId\u003d, messageId\u003d, terminalBatchNumId\u003d, reasonForBlock\u003d, blockusername\u003d, fromDate\u003d, toDate\u003d}","duration":2350,"startTime":1512037289658,"result":"SUCCESS","children":[{"number":65,"description":"Given load request for validatepseudousername \"/MerchantApiWeb/authenticateUser\" and \"/MerchantApiWeb/rest/secure/impersonation/validatepseudousername\" and \"TC08\" and \"TestAutomation18\" and \"Password@1\" and \"EMS\"","duration":1284,"startTime":1512037289670,"result":"SUCCESS","children":[{"number":66,"description":"Loadgetrequestdata: https://uat1.merchantportal.firstdata.eu/MerchantApiWeb/authenticateUser","duration":1,"startTime":1512037289748,"result":"SUCCESS"},{"number":67,"description":"Postrequest authenticate user: https://uat1.merchantportal.firstdata.eu/MerchantApiWeb/authenticateUser, TestAutomation18, Password@1, EMS","duration":1169,"startTime":1512037289751,"result":"SUCCESS"},{"number":68,"description":"Loadgetrequestdata: https://uat1.merchantportal.firstdata.eu/MerchantApiWeb/rest/secure/impersonation/validatepseudousername","duration":0,"startTime":1512037290930,"result":"SUCCESS"}]},{"number":69,"description":"When post get request for validatepseudousername \"Test Automation\"","duration":860,"startTime":1512037290954,"result":"SUCCESS","children":[{"number":70,"description":"Post GET request validatepseudousername: https://uat1.merchantportal.firstdata.eu/MerchantApiWeb/rest/secure/impersonation/validatepseudousername, Test Automation","duration":801,"startTime":1512037290966,"result":"SUCCESS"}]},{"number":71,"description":"Then verify validatepseudousername response status \"error\" and \"MPVE00003\" and \"Username contain special characters or empty spaces\" and \"\" and \"\" and \"\"","duration":193,"startTime":1512037291815,"result":"SUCCESS","children":[{"number":72,"description":"Verify Response","duration":75,"startTime":1512037291828,"result":"SUCCESS"}]}]}],"userStory":{"id":"merchant-portal-application-api-validation","storyName":"Merchant Portal application API validation","path":"Testupdate.feature","type":"feature"},"featureTag":{"name":"Merchant Portal application API validation","type":"feature"},"title":"Verify the api validates the pseudousername","description":"","tags":[{"name":"validatepseudousername","type":"tag"}],"startTime":1512037258240,"duration":33768,"dataTable":{"headers":["report","logindomain","domainurl","status","Message","ErrorCode","userName","password","allianceCode","AuthErrMessage","Authaccessdenied","AuthErrCause","currency","userType","pageNumber","accountStatus","profile","firstName","lastName","itrcount","validateuserName","pseudoUserName","merchId","messageId","terminalBatchNumId","reasonForBlock","blockusername","fromDate","toDate"],"rows":[{"values":["TC01","/MerchantApiWeb/authenticateUser","/MerchantApiWeb/rest/secure/impersonation/validatepseudousername","success","","","TestAutomation18","Password@1","EMS","","","","","","","","","","","","","DemoAccount1","","","","","","",""],"result":"SUCCESS"},{"values":["TC02","/MerchantApiWeb/authenticateUser","/MerchantApiWeb/rest/secure/impersonation/validatepseudousername","error","Username can\u0027t be empty","MPVE00001","TestAutomation18","Password@1","EMS","","","","","","","","","","","","","","","","","","","",""],"result":"SUCCESS"},{"values":["TC03","/MerchantApiWeb/authenticateUser","/MerchantApiWeb/rest/secure/impersonation/validatepseudousername","error","Username should be greater than 8 and less than 50 characters","MPVE00002","TestAutomation18","Password@1","EMS","","","","","","","","","","","","","Test","","","","","","",""],"result":"SUCCESS"},{"values":["TC04","/MerchantApiWeb/authenticateUser","/MerchantApiWeb/rest/secure/impersonation/validatepseudousername","error","Username should be greater than 8 and less than 50 characters","MPVE00002","TestAutomation18","Password@1","EMS","","","","","","","","","","","","","Test123465789132456978132465789132456897123465897321654321","","","","","","",""],"result":"SUCCESS"},{"values":["TC05","/MerchantApiWeb/authenticateUser","/MerchantApiWeb/rest/secure/impersonation/validatepseudousername","error","Username does not exist","MPBE00004","TestAutomation18","Password@1","EMS","","","","","","","","","","","","","Test12346589","","","","","","",""],"result":"SUCCESS"},{"values":["TC06","/MerchantApiWeb/authenticateUser","/MerchantApiWeb/rest/secure/impersonation/validatepseudousername","error","Impersination access denied/cant impersinate call center","MPBE00055","TestAutomation18","Password@1","EMS","","","","","","","","","","","","","TestAutomation1","","","","","","",""],"result":"SUCCESS"},{"values":["TC07","/MerchantApiWeb/authenticateUser","/MerchantApiWeb/rest/secure/impersonation/validatepseudousername","error","Username contain special characters or empty spaces","MPVE00003","TestAutomation18","Password@1","EMS","","","","","","","","","","","","","TestAutomation@#$","","","","","","",""],"result":"SUCCESS"},{"values":["TC08","/MerchantApiWeb/authenticateUser","/MerchantApiWeb/rest/secure/impersonation/validatepseudousername","error","Username contain special characters or empty spaces","MPVE00003","TestAutomation18","Password@1","EMS","","","","","","","","","","","","","Test Automation","","","","","","",""],"result":"SUCCESS"}],"predefinedRows":true,"dataSetDescriptors":[{"startRow":0,"rowCount":0,"name":"","description":""}]},"manual":false,"testSource":"Cucumber","result":"SUCCESS"}