{"name":"Create the feature file","testSteps":[{"number":1,"description":"Given the Feature file path creattion","duration":3145612,"startTime":1514544168069,"result":"SUCCESS"}],"userStory":{"id":"create-feature","storyName":"Create Feature","path":"FeatureCreate.feature","type":"feature"},"featureTag":{"name":"Create Feature","type":"feature"},"title":"Create the feature file","description":"","tags":[{"name":"Create","type":"tag"}],"startTime":1514544164857,"duration":3148824,"manual":false,"testSource":"Cucumber","result":"SUCCESS"}