{"name":"Verify the api validates the pseudousername","testSteps":[{"number":1,"description":"[1] {report\u003dTC01, logindomain\u003d/MerchantApiWeb/authenticateUser, domainurl\u003d/MerchantApiWeb/rest/secure/impersonation/validatepseudousername, status\u003dsuccess, Message\u003d, ErrorCode\u003d, userName\u003dTestAutomation18, password\u003dPassword@1, allianceCode\u003dEMS, AuthErrMessage\u003d, Authaccessdenied\u003d, AuthErrCause\u003d, currency\u003d, userType\u003d, pageNumber\u003d, accountStatus\u003d, profile\u003d, firstName\u003d, lastName\u003d, pseudoUserName\u003dDemoAccount1}","duration":8358,"startTime":1514869963922,"result":"SUCCESS","children":[{"number":2,"description":"Given load request for validatepseudousername \"/MerchantApiWeb/authenticateUser\" and \"/MerchantApiWeb/rest/secure/impersonation/validatepseudousername\" and \"TC01\" and \"TestAutomation18\" and \"Password@1\" and \"EMS\"","duration":4056,"startTime":1514869963968,"result":"SUCCESS","children":[{"number":3,"description":"Loadgetrequestdata: https://uat1.merchantportal.firstdata.eu/MerchantApiWeb/authenticateUser","duration":1,"startTime":1514869964078,"result":"SUCCESS"},{"number":4,"description":"Postrequest authenticate user: https://uat1.merchantportal.firstdata.eu/MerchantApiWeb/authenticateUser, TestAutomation18, Password@1, EMS","duration":3898,"startTime":1514869964080,"result":"SUCCESS"},{"number":5,"description":"Loadgetrequestdata: https://uat1.merchantportal.firstdata.eu/MerchantApiWeb/rest/secure/impersonation/validatepseudousername","duration":0,"startTime":1514869967987,"result":"SUCCESS"}]},{"number":6,"description":"When post get request for validatepseudousername \"DemoAccount1\"","duration":4119,"startTime":1514869968025,"result":"SUCCESS","children":[{"number":7,"description":"Post GET request validatepseudousername: https://uat1.merchantportal.firstdata.eu/MerchantApiWeb/rest/secure/impersonation/validatepseudousername, DemoAccount1","duration":3682,"startTime":1514869968040,"result":"SUCCESS"}]},{"number":8,"description":"Then verify validatepseudousername response status \"success\" and \"\" and \"\" and \"\" and \"\" and \"\"","duration":135,"startTime":1514869972145,"result":"SUCCESS","children":[{"number":9,"description":"Verify Response","duration":50,"startTime":1514869972164,"result":"SUCCESS"}]}]},{"number":10,"description":"[1] {report\u003dTC02, logindomain\u003d/MerchantApiWeb/authenticateUser, domainurl\u003d/MerchantApiWeb/rest/secure/impersonation/validatepseudousername, status\u003derror, Message\u003dUsername can\u0027t be empty, ErrorCode\u003dMPVE00001, userName\u003dTestAutomation18, password\u003dPassword@1, allianceCode\u003dEMS, AuthErrMessage\u003d, Authaccessdenied\u003d, AuthErrCause\u003d, currency\u003d, userType\u003d, pageNumber\u003d, accountStatus\u003d, profile\u003d, firstName\u003d, lastName\u003d, pseudoUserName\u003d}","duration":2870,"startTime":1514869977743,"result":"SUCCESS","children":[{"number":11,"description":"Given load request for validatepseudousername \"/MerchantApiWeb/authenticateUser\" and \"/MerchantApiWeb/rest/secure/impersonation/validatepseudousername\" and \"TC02\" and \"TestAutomation18\" and \"Password@1\" and \"EMS\"","duration":1420,"startTime":1514869977827,"result":"SUCCESS","children":[{"number":12,"description":"Loadgetrequestdata: https://uat1.merchantportal.firstdata.eu/MerchantApiWeb/authenticateUser","duration":1,"startTime":1514869977941,"result":"SUCCESS"},{"number":13,"description":"Postrequest authenticate user: https://uat1.merchantportal.firstdata.eu/MerchantApiWeb/authenticateUser, TestAutomation18, Password@1, EMS","duration":1263,"startTime":1514869977943,"result":"SUCCESS"},{"number":14,"description":"Loadgetrequestdata: https://uat1.merchantportal.firstdata.eu/MerchantApiWeb/rest/secure/impersonation/validatepseudousername","duration":1,"startTime":1514869979224,"result":"SUCCESS"}]},{"number":15,"description":"When post get request for validatepseudousername \"\"","duration":1039,"startTime":1514869979248,"result":"SUCCESS","children":[{"number":16,"description":"Post GET request validatepseudousername: https://uat1.merchantportal.firstdata.eu/MerchantApiWeb/rest/secure/impersonation/validatepseudousername, ","duration":875,"startTime":1514869979287,"result":"SUCCESS"}]},{"number":17,"description":"Then verify validatepseudousername response status \"error\" and \"MPVE00001\" and \"Username can\u0027t be empty\" and \"\" and \"\" and \"\"","duration":323,"startTime":1514869980290,"result":"SUCCESS","children":[{"number":18,"description":"Verify Response","duration":142,"startTime":1514869980311,"result":"SUCCESS"}]}]},{"number":19,"description":"[1] {report\u003dTC03, logindomain\u003d/MerchantApiWeb/authenticateUser, domainurl\u003d/MerchantApiWeb/rest/secure/impersonation/validatepseudousername, status\u003derror, Message\u003dUsername should be greater than 8 and less than 50 characters, ErrorCode\u003dMPVE00002, userName\u003dTestAutomation18, password\u003dPassword@1, allianceCode\u003dEMS, AuthErrMessage\u003d, Authaccessdenied\u003d, AuthErrCause\u003d, currency\u003d, userType\u003d, pageNumber\u003d, accountStatus\u003d, profile\u003d, firstName\u003d, lastName\u003d, pseudoUserName\u003dDemo}","duration":2533,"startTime":1514869984734,"result":"SUCCESS","children":[{"number":20,"description":"Given load request for validatepseudousername \"/MerchantApiWeb/authenticateUser\" and \"/MerchantApiWeb/rest/secure/impersonation/validatepseudousername\" and \"TC03\" and \"TestAutomation18\" and \"Password@1\" and \"EMS\"","duration":1270,"startTime":1514869984754,"result":"SUCCESS","children":[{"number":21,"description":"Loadgetrequestdata: https://uat1.merchantportal.firstdata.eu/MerchantApiWeb/authenticateUser","duration":0,"startTime":1514869984870,"result":"SUCCESS"},{"number":22,"description":"Postrequest authenticate user: https://uat1.merchantportal.firstdata.eu/MerchantApiWeb/authenticateUser, TestAutomation18, Password@1, EMS","duration":1119,"startTime":1514869984872,"result":"SUCCESS"},{"number":23,"description":"Loadgetrequestdata: https://uat1.merchantportal.firstdata.eu/MerchantApiWeb/rest/secure/impersonation/validatepseudousername","duration":1,"startTime":1514869986001,"result":"SUCCESS"}]},{"number":24,"description":"When post get request for validatepseudousername \"Demo\"","duration":921,"startTime":1514869986024,"result":"SUCCESS","children":[{"number":25,"description":"Post GET request validatepseudousername: https://uat1.merchantportal.firstdata.eu/MerchantApiWeb/rest/secure/impersonation/validatepseudousername, Demo","duration":842,"startTime":1514869986040,"result":"SUCCESS"}]},{"number":26,"description":"Then verify validatepseudousername response status \"error\" and \"MPVE00002\" and \"Username should be greater than 8 and less than 50 characters\" and \"\" and \"\" and \"\"","duration":321,"startTime":1514869986946,"result":"SUCCESS","children":[{"number":27,"description":"Verify Response","duration":166,"startTime":1514869986965,"result":"SUCCESS"}]}]},{"number":28,"description":"[1] {report\u003dTC04, logindomain\u003d/MerchantApiWeb/authenticateUser, domainurl\u003d/MerchantApiWeb/rest/secure/impersonation/validatepseudousername, status\u003derror, Message\u003dUsername should be greater than 8 and less than 50 characters, ErrorCode\u003dMPVE00002, userName\u003dTestAutomation18, password\u003dPassword@1, allianceCode\u003dEMS, AuthErrMessage\u003d, Authaccessdenied\u003d, AuthErrCause\u003d, currency\u003d, userType\u003d, pageNumber\u003d, accountStatus\u003d, profile\u003d, firstName\u003d, lastName\u003d, pseudoUserName\u003dDemo123465789132456978132465789132456897123465897321654321}","duration":2703,"startTime":1514869990449,"result":"SUCCESS","children":[{"number":29,"description":"Given load request for validatepseudousername \"/MerchantApiWeb/authenticateUser\" and \"/MerchantApiWeb/rest/secure/impersonation/validatepseudousername\" and \"TC04\" and \"TestAutomation18\" and \"Password@1\" and \"EMS\"","duration":1330,"startTime":1514869990471,"result":"SUCCESS","children":[{"number":30,"description":"Loadgetrequestdata: https://uat1.merchantportal.firstdata.eu/MerchantApiWeb/authenticateUser","duration":1,"startTime":1514869990574,"result":"SUCCESS"},{"number":31,"description":"Postrequest authenticate user: https://uat1.merchantportal.firstdata.eu/MerchantApiWeb/authenticateUser, TestAutomation18, Password@1, EMS","duration":1125,"startTime":1514869990576,"result":"SUCCESS"},{"number":32,"description":"Loadgetrequestdata: https://uat1.merchantportal.firstdata.eu/MerchantApiWeb/rest/secure/impersonation/validatepseudousername","duration":0,"startTime":1514869991712,"result":"SUCCESS"}]},{"number":33,"description":"When post get request for validatepseudousername \"Demo123465789132456978132465789132456897123465897321654321\"","duration":994,"startTime":1514869991868,"result":"SUCCESS","children":[{"number":34,"description":"Post GET request validatepseudousername: https://uat1.merchantportal.firstdata.eu/MerchantApiWeb/rest/secure/impersonation/validatepseudousername, Demo123465789132456978132465789132456897123465897321654321","duration":895,"startTime":1514869991898,"result":"SUCCESS"}]},{"number":35,"description":"Then verify validatepseudousername response status \"error\" and \"MPVE00002\" and \"Username should be greater than 8 and less than 50 characters\" and \"\" and \"\" and \"\"","duration":290,"startTime":1514869992862,"result":"SUCCESS","children":[{"number":36,"description":"Verify Response","duration":109,"startTime":1514869992878,"result":"SUCCESS"}]}]},{"number":37,"description":"[1] {report\u003dTC05, logindomain\u003d/MerchantApiWeb/authenticateUser, domainurl\u003d/MerchantApiWeb/rest/secure/impersonation/validatepseudousername, status\u003derror, Message\u003dUsername does not exist, ErrorCode\u003dMPBE00004, userName\u003dTestAutomation18, password\u003dPassword@1, allianceCode\u003dEMS, AuthErrMessage\u003d, Authaccessdenied\u003d, AuthErrCause\u003d, currency\u003d, userType\u003d, pageNumber\u003d, accountStatus\u003d, profile\u003d, firstName\u003d, lastName\u003d, pseudoUserName\u003dDemo12346589}","duration":2784,"startTime":1514869996655,"result":"SUCCESS","children":[{"number":38,"description":"Given load request for validatepseudousername \"/MerchantApiWeb/authenticateUser\" and \"/MerchantApiWeb/rest/secure/impersonation/validatepseudousername\" and \"TC05\" and \"TestAutomation18\" and \"Password@1\" and \"EMS\"","duration":1369,"startTime":1514869996672,"result":"SUCCESS","children":[{"number":39,"description":"Loadgetrequestdata: https://uat1.merchantportal.firstdata.eu/MerchantApiWeb/authenticateUser","duration":1,"startTime":1514869996787,"result":"SUCCESS"},{"number":40,"description":"Postrequest authenticate user: https://uat1.merchantportal.firstdata.eu/MerchantApiWeb/authenticateUser, TestAutomation18, Password@1, EMS","duration":1185,"startTime":1514869996790,"result":"SUCCESS"},{"number":41,"description":"Loadgetrequestdata: https://uat1.merchantportal.firstdata.eu/MerchantApiWeb/rest/secure/impersonation/validatepseudousername","duration":0,"startTime":1514869997999,"result":"SUCCESS"}]},{"number":42,"description":"When post get request for validatepseudousername \"Demo12346589\"","duration":1053,"startTime":1514869998042,"result":"SUCCESS","children":[{"number":43,"description":"Post GET request validatepseudousername: https://uat1.merchantportal.firstdata.eu/MerchantApiWeb/rest/secure/impersonation/validatepseudousername, Demo12346589","duration":981,"startTime":1514869998064,"result":"SUCCESS"}]},{"number":44,"description":"Then verify validatepseudousername response status \"error\" and \"MPBE00004\" and \"Username does not exist\" and \"\" and \"\" and \"\"","duration":344,"startTime":1514869999095,"result":"SUCCESS","children":[{"number":45,"description":"Verify Response","duration":203,"startTime":1514869999109,"result":"SUCCESS"}]}]},{"number":46,"description":"[1] {report\u003dTC06, logindomain\u003d/MerchantApiWeb/authenticateUser, domainurl\u003d/MerchantApiWeb/rest/secure/impersonation/validatepseudousername, status\u003derror, Message\u003dImpersination access denied/cant impersinate call center, ErrorCode\u003dMPBE00055, userName\u003dTestAutomation18, password\u003dPassword@1, allianceCode\u003dEMS, AuthErrMessage\u003d, Authaccessdenied\u003d, AuthErrCause\u003d, currency\u003d, userType\u003d, pageNumber\u003d, accountStatus\u003d, profile\u003d, firstName\u003d, lastName\u003d, pseudoUserName\u003dTestAutomation1}","duration":2609,"startTime":1514870003564,"result":"SUCCESS","children":[{"number":47,"description":"Given load request for validatepseudousername \"/MerchantApiWeb/authenticateUser\" and \"/MerchantApiWeb/rest/secure/impersonation/validatepseudousername\" and \"TC06\" and \"TestAutomation18\" and \"Password@1\" and \"EMS\"","duration":1224,"startTime":1514870003605,"result":"SUCCESS","children":[{"number":48,"description":"Loadgetrequestdata: https://uat1.merchantportal.firstdata.eu/MerchantApiWeb/authenticateUser","duration":1,"startTime":1514870003724,"result":"SUCCESS"},{"number":49,"description":"Postrequest authenticate user: https://uat1.merchantportal.firstdata.eu/MerchantApiWeb/authenticateUser, TestAutomation18, Password@1, EMS","duration":1069,"startTime":1514870003726,"result":"SUCCESS"},{"number":50,"description":"Loadgetrequestdata: https://uat1.merchantportal.firstdata.eu/MerchantApiWeb/rest/secure/impersonation/validatepseudousername","duration":1,"startTime":1514870004805,"result":"SUCCESS"}]},{"number":51,"description":"When post get request for validatepseudousername \"TestAutomation1\"","duration":974,"startTime":1514870004830,"result":"SUCCESS","children":[{"number":52,"description":"Post GET request validatepseudousername: https://uat1.merchantportal.firstdata.eu/MerchantApiWeb/rest/secure/impersonation/validatepseudousername, TestAutomation1","duration":896,"startTime":1514870004842,"result":"SUCCESS"}]},{"number":53,"description":"Then verify validatepseudousername response status \"error\" and \"MPBE00055\" and \"Impersination access denied/cant impersinate call center\" and \"\" and \"\" and \"\"","duration":367,"startTime":1514870005805,"result":"SUCCESS","children":[{"number":54,"description":"Verify Response","duration":77,"startTime":1514870005817,"result":"SUCCESS"}]}]},{"number":55,"description":"[1] {report\u003dTC07, logindomain\u003d/MerchantApiWeb/authenticateUser, domainurl\u003d/MerchantApiWeb/rest/secure/impersonation/validatepseudousername, status\u003derror, Message\u003dUsername contain special characters or empty spaces, ErrorCode\u003dMPVE00003, userName\u003dTestAutomation18, password\u003dPassword@1, allianceCode\u003dEMS, AuthErrMessage\u003d, Authaccessdenied\u003d, AuthErrCause\u003d, currency\u003d, userType\u003d, pageNumber\u003d, accountStatus\u003d, profile\u003d, firstName\u003d, lastName\u003d, pseudoUserName\u003dTestAutomation@#$}","duration":2727,"startTime":1514870010225,"result":"SUCCESS","children":[{"number":56,"description":"Given load request for validatepseudousername \"/MerchantApiWeb/authenticateUser\" and \"/MerchantApiWeb/rest/secure/impersonation/validatepseudousername\" and \"TC07\" and \"TestAutomation18\" and \"Password@1\" and \"EMS\"","duration":1391,"startTime":1514870010304,"result":"SUCCESS","children":[{"number":57,"description":"Loadgetrequestdata: https://uat1.merchantportal.firstdata.eu/MerchantApiWeb/authenticateUser","duration":0,"startTime":1514870010388,"result":"SUCCESS"},{"number":58,"description":"Postrequest authenticate user: https://uat1.merchantportal.firstdata.eu/MerchantApiWeb/authenticateUser, TestAutomation18, Password@1, EMS","duration":1271,"startTime":1514870010389,"result":"SUCCESS"},{"number":59,"description":"Loadgetrequestdata: https://uat1.merchantportal.firstdata.eu/MerchantApiWeb/rest/secure/impersonation/validatepseudousername","duration":1,"startTime":1514870011671,"result":"SUCCESS"}]},{"number":60,"description":"When post get request for validatepseudousername \"TestAutomation@#$\"","duration":987,"startTime":1514870011696,"result":"SUCCESS","children":[{"number":61,"description":"Post GET request validatepseudousername: https://uat1.merchantportal.firstdata.eu/MerchantApiWeb/rest/secure/impersonation/validatepseudousername, TestAutomation@#$","duration":887,"startTime":1514870011715,"result":"SUCCESS"}]},{"number":62,"description":"Then verify validatepseudousername response status \"error\" and \"MPVE00003\" and \"Username contain special characters or empty spaces\" and \"\" and \"\" and \"\"","duration":269,"startTime":1514870012683,"result":"SUCCESS","children":[{"number":63,"description":"Verify Response","duration":78,"startTime":1514870012705,"result":"SUCCESS"}]}]},{"number":64,"description":"[1] {report\u003dTC08, logindomain\u003d/MerchantApiWeb/authenticateUser, domainurl\u003d/MerchantApiWeb/rest/secure/impersonation/validatepseudousername, status\u003derror, Message\u003dUsername contain special characters or empty spaces, ErrorCode\u003dMPVE00003, userName\u003dTestAutomation18, password\u003dPassword@1, allianceCode\u003dEMS, AuthErrMessage\u003d, Authaccessdenied\u003d, AuthErrCause\u003d, currency\u003d, userType\u003d, pageNumber\u003d, accountStatus\u003d, profile\u003d, firstName\u003d, lastName\u003d, pseudoUserName\u003dTest Automation}","duration":2819,"startTime":1514870020777,"result":"SUCCESS","children":[{"number":65,"description":"Given load request for validatepseudousername \"/MerchantApiWeb/authenticateUser\" and \"/MerchantApiWeb/rest/secure/impersonation/validatepseudousername\" and \"TC08\" and \"TestAutomation18\" and \"Password@1\" and \"EMS\"","duration":1299,"startTime":1514870020793,"result":"SUCCESS","children":[{"number":66,"description":"Loadgetrequestdata: https://uat1.merchantportal.firstdata.eu/MerchantApiWeb/authenticateUser","duration":1,"startTime":1514870020872,"result":"SUCCESS"},{"number":67,"description":"Postrequest authenticate user: https://uat1.merchantportal.firstdata.eu/MerchantApiWeb/authenticateUser, TestAutomation18, Password@1, EMS","duration":1162,"startTime":1514870020874,"result":"SUCCESS"},{"number":68,"description":"Loadgetrequestdata: https://uat1.merchantportal.firstdata.eu/MerchantApiWeb/rest/secure/impersonation/validatepseudousername","duration":0,"startTime":1514870022053,"result":"SUCCESS"}]},{"number":69,"description":"When post get request for validatepseudousername \"Test Automation\"","duration":1113,"startTime":1514870022093,"result":"SUCCESS","children":[{"number":70,"description":"Post GET request validatepseudousername: https://uat1.merchantportal.firstdata.eu/MerchantApiWeb/rest/secure/impersonation/validatepseudousername, Test Automation","duration":1024,"startTime":1514870022107,"result":"SUCCESS"}]},{"number":71,"description":"Then verify validatepseudousername response status \"error\" and \"MPVE00003\" and \"Username contain special characters or empty spaces\" and \"\" and \"\" and \"\"","duration":389,"startTime":1514870023207,"result":"SUCCESS","children":[{"number":72,"description":"Verify Response","duration":129,"startTime":1514870023221,"result":"SUCCESS"}]}]}],"userStory":{"id":"merchant-portal-application-api-validation","storyName":"Merchant Portal application API validation","path":"APIupdate.feature","type":"feature"},"featureTag":{"name":"Merchant Portal application API validation","type":"feature"},"title":"Verify the api validates the pseudousername","description":"","tags":[{"name":"validatepseudousername","type":"tag"}],"startTime":1514869963922,"duration":59674,"dataTable":{"headers":["report","logindomain","domainurl","status","Message","ErrorCode","userName","password","allianceCode","AuthErrMessage","Authaccessdenied","AuthErrCause","currency","userType","pageNumber","accountStatus","profile","firstName","lastName","pseudoUserName"],"rows":[{"values":["TC01","/MerchantApiWeb/authenticateUser","/MerchantApiWeb/rest/secure/impersonation/validatepseudousername","success","","","TestAutomation18","Password@1","EMS","","","","","","","","","","","DemoAccount1"],"result":"SUCCESS"},{"values":["TC02","/MerchantApiWeb/authenticateUser","/MerchantApiWeb/rest/secure/impersonation/validatepseudousername","error","Username can\u0027t be empty","MPVE00001","TestAutomation18","Password@1","EMS","","","","","","","","","","",""],"result":"SUCCESS"},{"values":["TC03","/MerchantApiWeb/authenticateUser","/MerchantApiWeb/rest/secure/impersonation/validatepseudousername","error","Username should be greater than 8 and less than 50 characters","MPVE00002","TestAutomation18","Password@1","EMS","","","","","","","","","","","Demo"],"result":"SUCCESS"},{"values":["TC04","/MerchantApiWeb/authenticateUser","/MerchantApiWeb/rest/secure/impersonation/validatepseudousername","error","Username should be greater than 8 and less than 50 characters","MPVE00002","TestAutomation18","Password@1","EMS","","","","","","","","","","","Demo123465789132456978132465789132456897123465897321654321"],"result":"SUCCESS"},{"values":["TC05","/MerchantApiWeb/authenticateUser","/MerchantApiWeb/rest/secure/impersonation/validatepseudousername","error","Username does not exist","MPBE00004","TestAutomation18","Password@1","EMS","","","","","","","","","","","Demo12346589"],"result":"SUCCESS"},{"values":["TC06","/MerchantApiWeb/authenticateUser","/MerchantApiWeb/rest/secure/impersonation/validatepseudousername","error","Impersination access denied/cant impersinate call center","MPBE00055","TestAutomation18","Password@1","EMS","","","","","","","","","","","TestAutomation1"],"result":"SUCCESS"},{"values":["TC07","/MerchantApiWeb/authenticateUser","/MerchantApiWeb/rest/secure/impersonation/validatepseudousername","error","Username contain special characters or empty spaces","MPVE00003","TestAutomation18","Password@1","EMS","","","","","","","","","","","TestAutomation@#$"],"result":"SUCCESS"},{"values":["TC08","/MerchantApiWeb/authenticateUser","/MerchantApiWeb/rest/secure/impersonation/validatepseudousername","error","Username contain special characters or empty spaces","MPVE00003","TestAutomation18","Password@1","EMS","","","","","","","","","","","Test Automation"],"result":"SUCCESS"}],"predefinedRows":true,"dataSetDescriptors":[{"startRow":0,"rowCount":0,"name":"","description":""}]},"manual":false,"testSource":"Cucumber","result":"SUCCESS"}