{"name":"Verify the api provides the report location of invoice","testSteps":[{"number":1,"description":"[1] {report\u003dTC01, logindomain\u003d/MerchantApiWeb/authenticateUser, domainurl\u003d/MerchantApiWeb/rest/secure/user/financialData/invoice/getInvoiceReportLocation, status\u003dsuccess, Message\u003d, ErrorCode\u003d, userName\u003dTheBatman, password\u003dPass123!, allianceCode\u003dFDP, AuthErrMessage\u003d, Authaccessdenied\u003d, AuthErrCause\u003d, currency\u003dPLN, userType\u003d, pageNumber\u003d, accountStatus\u003d, profile\u003d, firstName\u003d, lastName\u003d, period\u003d, fromDate\u003d2016-11-02, toDate\u003d2017-11-02, invoiceId\u003d4723680, timeZone\u003d, fileType\u003dXLS}","duration":9048,"startTime":1514870525243,"result":"SUCCESS","children":[{"number":2,"description":"Given load request for getInvoiceReportLocation \"/MerchantApiWeb/authenticateUser\" and \"/MerchantApiWeb/rest/secure/user/financialData/invoice/getInvoiceReportLocation\" and \"TC01\" and \"TheBatman\" and \"Pass123!\" and \"FDP\"","duration":1768,"startTime":1514870525262,"result":"SUCCESS","children":[{"number":3,"description":"Loadgetrequestdata: https://uat1.merchantportal.firstdata.eu/MerchantApiWeb/authenticateUser","duration":1,"startTime":1514870525356,"result":"SUCCESS"},{"number":4,"description":"Postrequest authenticate user: https://uat1.merchantportal.firstdata.eu/MerchantApiWeb/authenticateUser, TheBatman, Pass123!, FDP","duration":1642,"startTime":1514870525357,"result":"SUCCESS"},{"number":5,"description":"Loadgetrequestdata export download: https://uat1.merchantportal.firstdata.eu/MerchantApiWeb/rest/secure/user/financialData/invoice/getInvoiceReportLocation","duration":1,"startTime":1514870527007,"result":"SUCCESS"}]},{"number":6,"description":"When post get request for getInvoiceReportLocation \"4723680\" and \"\" and \"XLS\"","duration":7076,"startTime":1514870527031,"result":"SUCCESS","children":[{"number":7,"description":"Post GET request get invoice report location: https://uat1.merchantportal.firstdata.eu/MerchantApiWeb/rest/secure/user/financialData/invoice/getInvoiceReportLocation, 4723680, , XLS","duration":7013,"startTime":1514870527043,"result":"SUCCESS"}]},{"number":8,"description":"Then verify getInvoiceReportLocation response status \"success\" and \"\" and \"\" and \"\" and \"\" and \"\"","duration":183,"startTime":1514870534107,"result":"SUCCESS","children":[{"number":9,"description":"Verify Download file Response","duration":136,"startTime":1514870534121,"result":"SUCCESS"}]}]}],"userStory":{"id":"merchant-portal-application-api-validation","storyName":"Merchant Portal application API validation","path":"APIupdate.feature","type":"feature"},"featureTag":{"name":"Merchant Portal application API validation","type":"feature"},"title":"Verify the api provides the report location of invoice","description":"","tags":[{"name":"getInvoiceReportLocation","type":"tag"}],"startTime":1514870525243,"duration":9048,"dataTable":{"headers":["report","logindomain","domainurl","status","Message","ErrorCode","userName","password","allianceCode","AuthErrMessage","Authaccessdenied","AuthErrCause","currency","userType","pageNumber","accountStatus","profile","firstName","lastName","period","fromDate","toDate","invoiceId","timeZone","fileType"],"rows":[{"values":["TC01","/MerchantApiWeb/authenticateUser","/MerchantApiWeb/rest/secure/user/financialData/invoice/getInvoiceReportLocation","success","","","TheBatman","Pass123!","FDP","","","","PLN","","","","","","","","2016-11-02","2017-11-02","4723680","","XLS"],"result":"SUCCESS"}],"predefinedRows":true,"dataSetDescriptors":[{"startRow":0,"rowCount":0,"name":"","description":""}]},"manual":false,"testSource":"Cucumber","result":"SUCCESS"}