{"name":"Verify the details of the Sales summary of the impersonated user","testSteps":[{"number":1,"description":"[1] {report\u003dTC01, logindomain\u003d/MerchantApiWeb/authenticateUser, domainurl\u003d/MerchantApiWeb/rest/secure/impersonation/user/financialData/sales/getSalesSummary, status\u003dsuccess, Message\u003d, ErrorCode\u003d, userName\u003dTestAutomation18, password\u003dPassword@1, allianceCode\u003dEMS, AuthErrMessage\u003d, Authaccessdenied\u003d, AuthErrCause\u003d, currency\u003dEUR, userType\u003d, pageNumber\u003d, accountStatus\u003d, profile\u003d, firstName\u003d, lastName\u003d, itrcount\u003d, validateuserName\u003d, pseudoUserName\u003dDemoAccount1, merchId\u003d, messageId\u003d, terminalBatchNumId\u003d, reasonForBlock\u003d, blockusername\u003d, fromDate\u003d, toDate\u003d}","duration":2833,"startTime":1512037292616,"result":"SUCCESS","children":[{"number":2,"description":"Given load request for getSalesSummary_Impersonation \"/MerchantApiWeb/authenticateUser\" and \"/MerchantApiWeb/rest/secure/impersonation/user/financialData/sales/getSalesSummary\" and \"TC01\" and \"TestAutomation18\" and \"Password@1\" and \"EMS\"","duration":1373,"startTime":1512037292630,"result":"SUCCESS","children":[{"number":3,"description":"Loadgetrequestdata: https://uat1.merchantportal.firstdata.eu/MerchantApiWeb/authenticateUser","duration":0,"startTime":1512037292697,"result":"SUCCESS"},{"number":4,"description":"Postrequest authenticate user: https://uat1.merchantportal.firstdata.eu/MerchantApiWeb/authenticateUser, TestAutomation18, Password@1, EMS","duration":1267,"startTime":1512037292698,"result":"SUCCESS"},{"number":5,"description":"Loadgetrequestdata uniqueauthentication: https://uat1.merchantportal.firstdata.eu/MerchantApiWeb/rest/secure/impersonation/user/financialData/sales/getSalesSummary","duration":1,"startTime":1512037293977,"result":"SUCCESS"}]},{"number":6,"description":"When post get request for getSalesSummary_Impersonation \"EUR\" and \"DemoAccount1\"","duration":1348,"startTime":1512037294003,"result":"SUCCESS","children":[{"number":7,"description":"Post GET request get sales summary  impersonation: https://uat1.merchantportal.firstdata.eu/MerchantApiWeb/rest/secure/impersonation/user/financialData/sales/getSalesSummary, EUR, DemoAccount1","duration":1281,"startTime":1512037294015,"result":"SUCCESS"}]},{"number":8,"description":"Then verify getSalesSummary_Impersonation response status \"success\" and \"\" and \"\" and \"\" and \"\" and \"\"","duration":98,"startTime":1512037295351,"result":"SUCCESS","children":[{"number":9,"description":"Verify Response","duration":39,"startTime":1512037295362,"result":"SUCCESS"}]}]},{"number":10,"description":"[1] {report\u003dTC02, logindomain\u003d/MerchantApiWeb/authenticateUser, domainurl\u003d/MerchantApiWeb/rest/secure/impersonation/user/financialData/sales/getSalesSummary, status\u003derror, Message\u003dUsername can\u0027t be empty, ErrorCode\u003dMPVE00001, userName\u003dTestAutomation18, password\u003dPassword@1, allianceCode\u003dEMS, AuthErrMessage\u003d, Authaccessdenied\u003d, AuthErrCause\u003d, currency\u003dEUR, userType\u003d, pageNumber\u003d, accountStatus\u003d, profile\u003d, firstName\u003d, lastName\u003d, itrcount\u003d, validateuserName\u003d, pseudoUserName\u003d, merchId\u003d, messageId\u003d, terminalBatchNumId\u003d, reasonForBlock\u003d, blockusername\u003d, fromDate\u003d, toDate\u003d}","duration":2629,"startTime":1512037295678,"result":"SUCCESS","children":[{"number":11,"description":"Given load request for getSalesSummary_Impersonation \"/MerchantApiWeb/authenticateUser\" and \"/MerchantApiWeb/rest/secure/impersonation/user/financialData/sales/getSalesSummary\" and \"TC02\" and \"TestAutomation18\" and \"Password@1\" and \"EMS\"","duration":1488,"startTime":1512037295693,"result":"SUCCESS","children":[{"number":12,"description":"Loadgetrequestdata: https://uat1.merchantportal.firstdata.eu/MerchantApiWeb/authenticateUser","duration":1,"startTime":1512037295762,"result":"SUCCESS"},{"number":13,"description":"Postrequest authenticate user: https://uat1.merchantportal.firstdata.eu/MerchantApiWeb/authenticateUser, TestAutomation18, Password@1, EMS","duration":1383,"startTime":1512037295763,"result":"SUCCESS"},{"number":14,"description":"Loadgetrequestdata uniqueauthentication: https://uat1.merchantportal.firstdata.eu/MerchantApiWeb/rest/secure/impersonation/user/financialData/sales/getSalesSummary","duration":1,"startTime":1512037297156,"result":"SUCCESS"}]},{"number":15,"description":"When post get request for getSalesSummary_Impersonation \"EUR\" and \"\"","duration":864,"startTime":1512037297181,"result":"SUCCESS","children":[{"number":16,"description":"Post GET request get sales summary  impersonation: https://uat1.merchantportal.firstdata.eu/MerchantApiWeb/rest/secure/impersonation/user/financialData/sales/getSalesSummary, EUR, ","duration":798,"startTime":1512037297196,"result":"SUCCESS"}]},{"number":17,"description":"Then verify getSalesSummary_Impersonation response status \"error\" and \"MPVE00001\" and \"Username can\u0027t be empty\" and \"\" and \"\" and \"\"","duration":262,"startTime":1512037298045,"result":"SUCCESS","children":[{"number":18,"description":"Verify Response","duration":86,"startTime":1512037298056,"result":"SUCCESS"}]}]},{"number":19,"description":"[1] {report\u003dTC03, logindomain\u003d/MerchantApiWeb/authenticateUser, domainurl\u003d/MerchantApiWeb/rest/secure/impersonation/user/financialData/sales/getSalesSummary, status\u003derror, Message\u003dUsername should be greater than 8 and less than 50 characters, ErrorCode\u003dMPVE00002, userName\u003dTestAutomation18, password\u003dPassword@1, allianceCode\u003dEMS, AuthErrMessage\u003d, Authaccessdenied\u003d, AuthErrCause\u003d, currency\u003dEUR, userType\u003d, pageNumber\u003d, accountStatus\u003d, profile\u003d, firstName\u003d, lastName\u003d, itrcount\u003d, validateuserName\u003d, pseudoUserName\u003dTest, merchId\u003d, messageId\u003d, terminalBatchNumId\u003d, reasonForBlock\u003d, blockusername\u003d, fromDate\u003d, toDate\u003d}","duration":2395,"startTime":1512037298502,"result":"SUCCESS","children":[{"number":20,"description":"Given load request for getSalesSummary_Impersonation \"/MerchantApiWeb/authenticateUser\" and \"/MerchantApiWeb/rest/secure/impersonation/user/financialData/sales/getSalesSummary\" and \"TC03\" and \"TestAutomation18\" and \"Password@1\" and \"EMS\"","duration":1326,"startTime":1512037298517,"result":"SUCCESS","children":[{"number":21,"description":"Loadgetrequestdata: https://uat1.merchantportal.firstdata.eu/MerchantApiWeb/authenticateUser","duration":0,"startTime":1512037298590,"result":"SUCCESS"},{"number":22,"description":"Postrequest authenticate user: https://uat1.merchantportal.firstdata.eu/MerchantApiWeb/authenticateUser, TestAutomation18, Password@1, EMS","duration":1216,"startTime":1512037298591,"result":"SUCCESS"},{"number":23,"description":"Loadgetrequestdata uniqueauthentication: https://uat1.merchantportal.firstdata.eu/MerchantApiWeb/rest/secure/impersonation/user/financialData/sales/getSalesSummary","duration":2,"startTime":1512037299820,"result":"SUCCESS"}]},{"number":24,"description":"When post get request for getSalesSummary_Impersonation \"EUR\" and \"Test\"","duration":896,"startTime":1512037299844,"result":"SUCCESS","children":[{"number":25,"description":"Post GET request get sales summary  impersonation: https://uat1.merchantportal.firstdata.eu/MerchantApiWeb/rest/secure/impersonation/user/financialData/sales/getSalesSummary, EUR, Test","duration":820,"startTime":1512037299859,"result":"SUCCESS"}]},{"number":26,"description":"Then verify getSalesSummary_Impersonation response status \"error\" and \"MPVE00002\" and \"Username should be greater than 8 and less than 50 characters\" and \"\" and \"\" and \"\"","duration":157,"startTime":1512037300740,"result":"SUCCESS","children":[{"number":27,"description":"Verify Response","duration":41,"startTime":1512037300751,"result":"SUCCESS"}]}]},{"number":28,"description":"[1] {report\u003dTC04, logindomain\u003d/MerchantApiWeb/authenticateUser, domainurl\u003d/MerchantApiWeb/rest/secure/impersonation/user/financialData/sales/getSalesSummary, status\u003derror, Message\u003dUsername should be greater than 8 and less than 50 characters, ErrorCode\u003dMPVE00002, userName\u003dTestAutomation18, password\u003dPassword@1, allianceCode\u003dEMS, AuthErrMessage\u003d, Authaccessdenied\u003d, AuthErrCause\u003d, currency\u003dEUR, userType\u003d, pageNumber\u003d, accountStatus\u003d, profile\u003d, firstName\u003d, lastName\u003d, itrcount\u003d, validateuserName\u003d, pseudoUserName\u003dTestAutomation123456798123465798132465798657654987132, merchId\u003d, messageId\u003d, terminalBatchNumId\u003d, reasonForBlock\u003d, blockusername\u003d, fromDate\u003d, toDate\u003d}","duration":2455,"startTime":1512037301085,"result":"SUCCESS","children":[{"number":29,"description":"Given load request for getSalesSummary_Impersonation \"/MerchantApiWeb/authenticateUser\" and \"/MerchantApiWeb/rest/secure/impersonation/user/financialData/sales/getSalesSummary\" and \"TC04\" and \"TestAutomation18\" and \"Password@1\" and \"EMS\"","duration":1394,"startTime":1512037301096,"result":"SUCCESS","children":[{"number":30,"description":"Loadgetrequestdata: https://uat1.merchantportal.firstdata.eu/MerchantApiWeb/authenticateUser","duration":1,"startTime":1512037301168,"result":"SUCCESS"},{"number":31,"description":"Postrequest authenticate user: https://uat1.merchantportal.firstdata.eu/MerchantApiWeb/authenticateUser, TestAutomation18, Password@1, EMS","duration":1285,"startTime":1512037301170,"result":"SUCCESS"},{"number":32,"description":"Loadgetrequestdata uniqueauthentication: https://uat1.merchantportal.firstdata.eu/MerchantApiWeb/rest/secure/impersonation/user/financialData/sales/getSalesSummary","duration":1,"startTime":1512037302466,"result":"SUCCESS"}]},{"number":33,"description":"When post get request for getSalesSummary_Impersonation \"EUR\" and \"TestAutomation123456798123465798132465798657654987132\"","duration":867,"startTime":1512037302495,"result":"SUCCESS","children":[{"number":34,"description":"Post GET request get sales summary  impersonation: https://uat1.merchantportal.firstdata.eu/MerchantApiWeb/rest/secure/impersonation/user/financialData/sales/getSalesSummary, EUR, TestAutomation123456798123465798132465798657654987132","duration":796,"startTime":1512037302507,"result":"SUCCESS"}]},{"number":35,"description":"Then verify getSalesSummary_Impersonation response status \"error\" and \"MPVE00002\" and \"Username should be greater than 8 and less than 50 characters\" and \"\" and \"\" and \"\"","duration":178,"startTime":1512037303362,"result":"SUCCESS","children":[{"number":36,"description":"Verify Response","duration":63,"startTime":1512037303373,"result":"SUCCESS"}]}]},{"number":37,"description":"[1] {report\u003dTC05, logindomain\u003d/MerchantApiWeb/authenticateUser, domainurl\u003d/MerchantApiWeb/rest/secure/impersonation/user/financialData/sales/getSalesSummary, status\u003derror, Message\u003dUsername contain special characters or empty spaces, ErrorCode\u003dMPVE00003, userName\u003dTestAutomation18, password\u003dPassword@1, allianceCode\u003dEMS, AuthErrMessage\u003d, Authaccessdenied\u003d, AuthErrCause\u003d, currency\u003dEUR, userType\u003d, pageNumber\u003d, accountStatus\u003d, profile\u003d, firstName\u003d, lastName\u003d, itrcount\u003d, validateuserName\u003d, pseudoUserName\u003dTestAutoma@$#^\u0026, merchId\u003d, messageId\u003d, terminalBatchNumId\u003d, reasonForBlock\u003d, blockusername\u003d, fromDate\u003d, toDate\u003d}","duration":2462,"startTime":1512037303746,"result":"SUCCESS","children":[{"number":38,"description":"Given load request for getSalesSummary_Impersonation \"/MerchantApiWeb/authenticateUser\" and \"/MerchantApiWeb/rest/secure/impersonation/user/financialData/sales/getSalesSummary\" and \"TC05\" and \"TestAutomation18\" and \"Password@1\" and \"EMS\"","duration":1344,"startTime":1512037303759,"result":"SUCCESS","children":[{"number":39,"description":"Loadgetrequestdata: https://uat1.merchantportal.firstdata.eu/MerchantApiWeb/authenticateUser","duration":0,"startTime":1512037303828,"result":"SUCCESS"},{"number":40,"description":"Postrequest authenticate user: https://uat1.merchantportal.firstdata.eu/MerchantApiWeb/authenticateUser, TestAutomation18, Password@1, EMS","duration":1239,"startTime":1512037303829,"result":"SUCCESS"},{"number":41,"description":"Loadgetrequestdata uniqueauthentication: https://uat1.merchantportal.firstdata.eu/MerchantApiWeb/rest/secure/impersonation/user/financialData/sales/getSalesSummary","duration":0,"startTime":1512037305079,"result":"SUCCESS"}]},{"number":42,"description":"When post get request for getSalesSummary_Impersonation \"EUR\" and \"TestAutoma@$#^\u0026\"","duration":856,"startTime":1512037305103,"result":"SUCCESS","children":[{"number":43,"description":"Post GET request get sales summary  impersonation: https://uat1.merchantportal.firstdata.eu/MerchantApiWeb/rest/secure/impersonation/user/financialData/sales/getSalesSummary, EUR, TestAutoma@$#^\u0026","duration":790,"startTime":1512037305115,"result":"SUCCESS"}]},{"number":44,"description":"Then verify getSalesSummary_Impersonation response status \"error\" and \"MPVE00003\" and \"Username contain special characters or empty spaces\" and \"\" and \"\" and \"\"","duration":249,"startTime":1512037305959,"result":"SUCCESS","children":[{"number":45,"description":"Verify Response","duration":37,"startTime":1512037305971,"result":"SUCCESS"}]}]},{"number":46,"description":"[1] {report\u003dTC06, logindomain\u003d/MerchantApiWeb/authenticateUser, domainurl\u003d/MerchantApiWeb/rest/secure/impersonation/user/financialData/sales/getSalesSummary, status\u003derror, Message\u003dUsername contain special characters or empty spaces, ErrorCode\u003dMPVE00003, userName\u003dTestAutomation18, password\u003dPassword@1, allianceCode\u003dEMS, AuthErrMessage\u003d, Authaccessdenied\u003d, AuthErrCause\u003d, currency\u003dEUR, userType\u003d, pageNumber\u003d, accountStatus\u003d, profile\u003d, firstName\u003d, lastName\u003d, itrcount\u003d, validateuserName\u003d, pseudoUserName\u003dTestAutomation Auto, merchId\u003d, messageId\u003d, terminalBatchNumId\u003d, reasonForBlock\u003d, blockusername\u003d, fromDate\u003d, toDate\u003d}","duration":3180,"startTime":1512037306493,"result":"SUCCESS","children":[{"number":47,"description":"Given load request for getSalesSummary_Impersonation \"/MerchantApiWeb/authenticateUser\" and \"/MerchantApiWeb/rest/secure/impersonation/user/financialData/sales/getSalesSummary\" and \"TC06\" and \"TestAutomation18\" and \"Password@1\" and \"EMS\"","duration":2134,"startTime":1512037306512,"result":"SUCCESS","children":[{"number":48,"description":"Loadgetrequestdata: https://uat1.merchantportal.firstdata.eu/MerchantApiWeb/authenticateUser","duration":0,"startTime":1512037306577,"result":"SUCCESS"},{"number":49,"description":"Postrequest authenticate user: https://uat1.merchantportal.firstdata.eu/MerchantApiWeb/authenticateUser, TestAutomation18, Password@1, EMS","duration":2032,"startTime":1512037306578,"result":"SUCCESS"},{"number":50,"description":"Loadgetrequestdata uniqueauthentication: https://uat1.merchantportal.firstdata.eu/MerchantApiWeb/rest/secure/impersonation/user/financialData/sales/getSalesSummary","duration":0,"startTime":1512037308621,"result":"SUCCESS"}]},{"number":51,"description":"When post get request for getSalesSummary_Impersonation \"EUR\" and \"TestAutomation Auto\"","duration":875,"startTime":1512037308646,"result":"SUCCESS","children":[{"number":52,"description":"Post GET request get sales summary  impersonation: https://uat1.merchantportal.firstdata.eu/MerchantApiWeb/rest/secure/impersonation/user/financialData/sales/getSalesSummary, EUR, TestAutomation Auto","duration":805,"startTime":1512037308659,"result":"SUCCESS"}]},{"number":53,"description":"Then verify getSalesSummary_Impersonation response status \"error\" and \"MPVE00003\" and \"Username contain special characters or empty spaces\" and \"\" and \"\" and \"\"","duration":151,"startTime":1512037309522,"result":"SUCCESS","children":[{"number":54,"description":"Verify Response","duration":32,"startTime":1512037309535,"result":"SUCCESS"}]}]}],"userStory":{"id":"merchant-portal-application-api-validation","storyName":"Merchant Portal application API validation","path":"Testupdate.feature","type":"feature"},"featureTag":{"name":"Merchant Portal application API validation","type":"feature"},"title":"Verify the details of the Sales summary of the impersonated user","description":"","tags":[{"name":"getSalesSummaryImpersonation","type":"tag"}],"startTime":1512037292616,"duration":17057,"dataTable":{"headers":["report","logindomain","domainurl","status","Message","ErrorCode","userName","password","allianceCode","AuthErrMessage","Authaccessdenied","AuthErrCause","currency","userType","pageNumber","accountStatus","profile","firstName","lastName","itrcount","validateuserName","pseudoUserName","merchId","messageId","terminalBatchNumId","reasonForBlock","blockusername","fromDate","toDate"],"rows":[{"values":["TC01","/MerchantApiWeb/authenticateUser","/MerchantApiWeb/rest/secure/impersonation/user/financialData/sales/getSalesSummary","success","","","TestAutomation18","Password@1","EMS","","","","EUR","","","","","","","","","DemoAccount1","","","","","","",""],"result":"SUCCESS"},{"values":["TC02","/MerchantApiWeb/authenticateUser","/MerchantApiWeb/rest/secure/impersonation/user/financialData/sales/getSalesSummary","error","Username can\u0027t be empty","MPVE00001","TestAutomation18","Password@1","EMS","","","","EUR","","","","","","","","","","","","","","","",""],"result":"SUCCESS"},{"values":["TC03","/MerchantApiWeb/authenticateUser","/MerchantApiWeb/rest/secure/impersonation/user/financialData/sales/getSalesSummary","error","Username should be greater than 8 and less than 50 characters","MPVE00002","TestAutomation18","Password@1","EMS","","","","EUR","","","","","","","","","Test","","","","","","",""],"result":"SUCCESS"},{"values":["TC04","/MerchantApiWeb/authenticateUser","/MerchantApiWeb/rest/secure/impersonation/user/financialData/sales/getSalesSummary","error","Username should be greater than 8 and less than 50 characters","MPVE00002","TestAutomation18","Password@1","EMS","","","","EUR","","","","","","","","","TestAutomation123456798123465798132465798657654987132","","","","","","",""],"result":"SUCCESS"},{"values":["TC05","/MerchantApiWeb/authenticateUser","/MerchantApiWeb/rest/secure/impersonation/user/financialData/sales/getSalesSummary","error","Username contain special characters or empty spaces","MPVE00003","TestAutomation18","Password@1","EMS","","","","EUR","","","","","","","","","TestAutoma@$#^\u0026","","","","","","",""],"result":"SUCCESS"},{"values":["TC06","/MerchantApiWeb/authenticateUser","/MerchantApiWeb/rest/secure/impersonation/user/financialData/sales/getSalesSummary","error","Username contain special characters or empty spaces","MPVE00003","TestAutomation18","Password@1","EMS","","","","EUR","","","","","","","","","TestAutomation Auto","","","","","","",""],"result":"SUCCESS"}],"predefinedRows":true,"dataSetDescriptors":[{"startRow":0,"rowCount":0,"name":"","description":""}]},"manual":false,"testSource":"Cucumber","result":"SUCCESS"}