{"name":"Verify the authentication of the merchant user to merchant portal","testSteps":[{"number":1,"description":"[1] {report\u003dTC08, domainurl\u003d/MerchantApiWeb/authenticateUser, status\u003dsuccess, Message\u003d, ErrorCode\u003dnull, userName\u003dTestAutomation20, password\u003dPassword@1, allianceCode\u003dEMS, AuthErrMessage\u003d, Authaccessdenied\u003d, AuthErrCause\u003d, currency\u003d, userType\u003d, pageNumber\u003d, accountStatus\u003d, profile\u003d, firstName\u003d, lastName\u003d, itrcount\u003d0}","duration":1491,"startTime":1514349511183,"result":"SUCCESS","children":[{"number":2,"description":"Given load request for user authentication \"/MerchantApiWeb/authenticateUser\" and \"TC08\"","duration":129,"startTime":1514349511237,"result":"SUCCESS","children":[{"number":3,"description":"Loadgetrequestdata: https://uat1.merchantportal.firstdata.eu/MerchantApiWeb/authenticateUser","duration":2,"startTime":1514349511343,"result":"SUCCESS"}]},{"number":4,"description":"When post request for user authentication \"TestAutomation20\" and \"Password@1\" and \"EMS\" and \"null\" and \"0\"","duration":1252,"startTime":1514349511367,"result":"SUCCESS","children":[{"number":5,"description":"Postrequest authenticate user: https://uat1.merchantportal.firstdata.eu/MerchantApiWeb/authenticateUser, TestAutomation20, Password@1, EMS","duration":1175,"startTime":1514349511395,"result":"SUCCESS"}]},{"number":6,"description":"Then verify user authentication response \"success\" and \"null\" and \"\" and \"\" and \"\" and \"\"","duration":52,"startTime":1514349512622,"exception":{"errorType":"java.lang.AssertionError","message":"expected:\u003c[error]\u003e but was:\u003c[success]\u003e","stackTrace":[{"declaringClass":"api.ValidateRequest","methodName":"verifyresponse","fileName":"ValidateRequest.java","lineNumber":312},{"declaringClass":"stepdefinitions.Apidefinitions","methodName":"verify_user_authentication_response","fileName":"Apidefinitions.java","lineNumber":195},{"declaringClass":"✽","methodName":"Then verify user authentication response \"success\" and \"null\" and \"\" and \"\" and \"\" and \"\"","fileName":"src/test/resources/features/APIupdate.feature","lineNumber":15}]},"result":"FAILURE","children":[{"number":7,"description":"Verify Response","duration":35,"startTime":1514349512638,"exception":{"errorType":"org.junit.ComparisonFailure","message":"expected:\u003c[error]\u003e but was:\u003c[success]\u003e","stackTrace":[{"declaringClass":"api.ValidateRequest","methodName":"verifyresponse","fileName":"ValidateRequest.java","lineNumber":312},{"declaringClass":"stepdefinitions.Apidefinitions","methodName":"verify_user_authentication_response","fileName":"Apidefinitions.java","lineNumber":195}]},"result":"FAILURE"}]}]}],"userStory":{"id":"merchant-portal-application-api-validation","storyName":"Merchant Portal application API validation","path":"src/test/resources/features/APIupdate.feature","type":"feature"},"featureTag":{"name":"Merchant Portal application API validation","type":"feature"},"title":"Verify the authentication of the merchant user to merchant portal","description":"","tags":[{"name":"authenticateUser","type":"tag"}],"startTime":1514349511182,"duration":1493,"testFailureCause":{"errorType":"org.junit.ComparisonFailure","message":"expected:\u003c[error]\u003e but was:\u003c[success]\u003e","stackTrace":[{"declaringClass":"api.ValidateRequest","methodName":"verifyresponse","fileName":"ValidateRequest.java","lineNumber":312},{"declaringClass":"stepdefinitions.Apidefinitions","methodName":"verify_user_authentication_response","fileName":"Apidefinitions.java","lineNumber":195}]},"testFailureClassname":"java.lang.AssertionError","testFailureMessage":"expected:\u003c[error]\u003e but was:\u003c[success]\u003e\r\nexpected:\u003c[error]\u003e but was:\u003c[success]\u003e","annotatedResult":"FAILURE","dataTable":{"headers":["report","domainurl","status","Message","ErrorCode","userName","password","allianceCode","AuthErrMessage","Authaccessdenied","AuthErrCause","currency","userType","pageNumber","accountStatus","profile","firstName","lastName","itrcount"],"rows":[{"values":["TC08","/MerchantApiWeb/authenticateUser","success","","null","TestAutomation20","Password@1","EMS","","","","","","","","","","","0"],"result":"FAILURE"}],"predefinedRows":true,"dataSetDescriptors":[{"startRow":0,"rowCount":0,"name":"","description":""}]},"manual":false,"testSource":"Cucumber","result":"FAILURE"}