{"name":"Verify the api retrieves the details of the batches in the specified file format","testSteps":[{"number":1,"description":"[1] {report\u003dTC01, logindomain\u003d/MerchantApiWeb/authenticateUser, domainurl\u003d/MerchantApiWeb/rest/secure/user/financialData/batch/exportBatchDetails, status\u003dsuccess, Message\u003d, ErrorCode\u003d, userName\u003dTheBatman, password\u003dPass123!, allianceCode\u003dFDP, AuthErrMessage\u003d, Authaccessdenied\u003d, AuthErrCause\u003d, currency\u003dPLN, userType\u003d, pageNumber\u003d1, accountStatus\u003d, profile\u003d, firstName\u003d, lastName\u003d, period\u003d, fileType\u003dCSV, delimiter\u003d,, terminalBatchNumId\u003d8366009}","duration":3635,"startTime":1514871578330,"result":"SUCCESS","children":[{"number":2,"description":"Given load request for exportBatchDetails \"/MerchantApiWeb/authenticateUser\" and \"/MerchantApiWeb/rest/secure/user/financialData/batch/exportBatchDetails\" and \"TC01\" and \"TheBatman\" and \"Pass123!\" and \"FDP\"","duration":1884,"startTime":1514871578341,"result":"SUCCESS","children":[{"number":3,"description":"Loadgetrequestdata: https://uat1.merchantportal.firstdata.eu/MerchantApiWeb/authenticateUser","duration":0,"startTime":1514871578432,"result":"SUCCESS"},{"number":4,"description":"Postrequest authenticate user: https://uat1.merchantportal.firstdata.eu/MerchantApiWeb/authenticateUser, TheBatman, Pass123!, FDP","duration":1760,"startTime":1514871578433,"result":"SUCCESS"},{"number":5,"description":"Loadgetrequestdata export download: https://uat1.merchantportal.firstdata.eu/MerchantApiWeb/rest/secure/user/financialData/batch/exportBatchDetails","duration":0,"startTime":1514871580201,"result":"SUCCESS"}]},{"number":6,"description":"When post get request for exportBatchDetails \"PLN\" and \"8366009\" and \"CSV\" and \",\"","duration":1485,"startTime":1514871580245,"result":"SUCCESS","children":[{"number":7,"description":"Post GET request export batch details: https://uat1.merchantportal.firstdata.eu/MerchantApiWeb/rest/secure/user/financialData/batch/exportBatchDetails, PLN, 8366009, CSV, ,","duration":1378,"startTime":1514871580293,"result":"SUCCESS"}]},{"number":8,"description":"Then verify exportBatchDetails response status \"success\" and \"\" and \"\" and \"\" and \"\" and \"\"","duration":234,"startTime":1514871581731,"result":"SUCCESS","children":[{"number":9,"description":"Verify Download file Response","duration":175,"startTime":1514871581748,"result":"SUCCESS"}]}]},{"number":10,"description":"[1] {report\u003dTC02, logindomain\u003d/MerchantApiWeb/authenticateUser, domainurl\u003d/MerchantApiWeb/rest/secure/user/financialData/batch/exportBatchDetails, status\u003dsuccess, Message\u003d, ErrorCode\u003d, userName\u003dTheBatman, password\u003dPass123!, allianceCode\u003dFDP, AuthErrMessage\u003d, Authaccessdenied\u003d, AuthErrCause\u003d, currency\u003dPLN, userType\u003d, pageNumber\u003d1, accountStatus\u003d, profile\u003d, firstName\u003d, lastName\u003d, period\u003d, fileType\u003dXML, delimiter\u003d,, terminalBatchNumId\u003d8366009}","duration":2717,"startTime":1514871585879,"result":"SUCCESS","children":[{"number":11,"description":"Given load request for exportBatchDetails \"/MerchantApiWeb/authenticateUser\" and \"/MerchantApiWeb/rest/secure/user/financialData/batch/exportBatchDetails\" and \"TC02\" and \"TheBatman\" and \"Pass123!\" and \"FDP\"","duration":1535,"startTime":1514871585893,"result":"SUCCESS","children":[{"number":12,"description":"Loadgetrequestdata: https://uat1.merchantportal.firstdata.eu/MerchantApiWeb/authenticateUser","duration":0,"startTime":1514871585976,"result":"SUCCESS"},{"number":13,"description":"Postrequest authenticate user: https://uat1.merchantportal.firstdata.eu/MerchantApiWeb/authenticateUser, TheBatman, Pass123!, FDP","duration":1420,"startTime":1514871585977,"result":"SUCCESS"},{"number":14,"description":"Loadgetrequestdata export download: https://uat1.merchantportal.firstdata.eu/MerchantApiWeb/rest/secure/user/financialData/batch/exportBatchDetails","duration":1,"startTime":1514871587404,"result":"SUCCESS"}]},{"number":15,"description":"When post get request for exportBatchDetails \"PLN\" and \"8366009\" and \"XML\" and \",\"","duration":1012,"startTime":1514871587428,"result":"SUCCESS","children":[{"number":16,"description":"Post GET request export batch details: https://uat1.merchantportal.firstdata.eu/MerchantApiWeb/rest/secure/user/financialData/batch/exportBatchDetails, PLN, 8366009, XML, ,","duration":944,"startTime":1514871587443,"result":"SUCCESS"}]},{"number":17,"description":"Then verify exportBatchDetails response status \"success\" and \"\" and \"\" and \"\" and \"\" and \"\"","duration":155,"startTime":1514871588441,"result":"SUCCESS","children":[{"number":18,"description":"Verify Download file Response","duration":108,"startTime":1514871588453,"result":"SUCCESS"}]}]},{"number":19,"description":"[1] {report\u003dTC03, logindomain\u003d/MerchantApiWeb/authenticateUser, domainurl\u003d/MerchantApiWeb/rest/secure/user/financialData/batch/exportBatchDetails, status\u003dsuccess, Message\u003d, ErrorCode\u003d, userName\u003dTheBatman, password\u003dPass123!, allianceCode\u003dFDP, AuthErrMessage\u003d, Authaccessdenied\u003d, AuthErrCause\u003d, currency\u003dPLN, userType\u003d, pageNumber\u003d1, accountStatus\u003d, profile\u003d, firstName\u003d, lastName\u003d, period\u003d, fileType\u003dXLS, delimiter\u003d,, terminalBatchNumId\u003d8366009}","duration":2676,"startTime":1514871593116,"result":"SUCCESS","children":[{"number":20,"description":"Given load request for exportBatchDetails \"/MerchantApiWeb/authenticateUser\" and \"/MerchantApiWeb/rest/secure/user/financialData/batch/exportBatchDetails\" and \"TC03\" and \"TheBatman\" and \"Pass123!\" and \"FDP\"","duration":1591,"startTime":1514871593130,"result":"SUCCESS","children":[{"number":21,"description":"Loadgetrequestdata: https://uat1.merchantportal.firstdata.eu/MerchantApiWeb/authenticateUser","duration":1,"startTime":1514871593206,"result":"SUCCESS"},{"number":22,"description":"Postrequest authenticate user: https://uat1.merchantportal.firstdata.eu/MerchantApiWeb/authenticateUser, TheBatman, Pass123!, FDP","duration":1480,"startTime":1514871593208,"result":"SUCCESS"},{"number":23,"description":"Loadgetrequestdata export download: https://uat1.merchantportal.firstdata.eu/MerchantApiWeb/rest/secure/user/financialData/batch/exportBatchDetails","duration":1,"startTime":1514871594696,"result":"SUCCESS"}]},{"number":24,"description":"When post get request for exportBatchDetails \"PLN\" and \"8366009\" and \"XLS\" and \",\"","duration":941,"startTime":1514871594722,"result":"SUCCESS","children":[{"number":25,"description":"Post GET request export batch details: https://uat1.merchantportal.firstdata.eu/MerchantApiWeb/rest/secure/user/financialData/batch/exportBatchDetails, PLN, 8366009, XLS, ,","duration":876,"startTime":1514871594734,"result":"SUCCESS"}]},{"number":26,"description":"Then verify exportBatchDetails response status \"success\" and \"\" and \"\" and \"\" and \"\" and \"\"","duration":129,"startTime":1514871595663,"result":"SUCCESS","children":[{"number":27,"description":"Verify Download file Response","duration":77,"startTime":1514871595675,"result":"SUCCESS"}]}]}],"userStory":{"id":"merchant-portal-application-api-validation","storyName":"Merchant Portal application API validation","path":"APIupdate.feature","type":"feature"},"featureTag":{"name":"Merchant Portal application API validation","type":"feature"},"title":"Verify the api retrieves the details of the batches in the specified file format","description":"","tags":[{"name":"exportBatchDetails","type":"tag"}],"startTime":1514871578329,"duration":17463,"dataTable":{"headers":["report","logindomain","domainurl","status","Message","ErrorCode","userName","password","allianceCode","AuthErrMessage","Authaccessdenied","AuthErrCause","currency","userType","pageNumber","accountStatus","profile","firstName","lastName","period","fileType","delimiter","terminalBatchNumId"],"rows":[{"values":["TC01","/MerchantApiWeb/authenticateUser","/MerchantApiWeb/rest/secure/user/financialData/batch/exportBatchDetails","success","","","TheBatman","Pass123!","FDP","","","","PLN","","1","","","","","","CSV",",","8366009"],"result":"SUCCESS"},{"values":["TC02","/MerchantApiWeb/authenticateUser","/MerchantApiWeb/rest/secure/user/financialData/batch/exportBatchDetails","success","","","TheBatman","Pass123!","FDP","","","","PLN","","1","","","","","","XML",",","8366009"],"result":"SUCCESS"},{"values":["TC03","/MerchantApiWeb/authenticateUser","/MerchantApiWeb/rest/secure/user/financialData/batch/exportBatchDetails","success","","","TheBatman","Pass123!","FDP","","","","PLN","","1","","","","","","XLS",",","8366009"],"result":"SUCCESS"}],"predefinedRows":true,"dataSetDescriptors":[{"startRow":0,"rowCount":0,"name":"","description":""}]},"manual":false,"testSource":"Cucumber","result":"SUCCESS"}