{"name":"Verify the api retrieves the folder list for the current logged in user","testSteps":[{"number":1,"description":"[1] {report\u003dTC01, logindomain\u003d/MerchantApiWeb/authenticateUser, domainurl\u003d/MerchantApiWeb/rest/secure/user/documents/getFolderList, status\u003dsuccess, Message\u003d, ErrorCode\u003d, userName\u003dTestAutomation22, password\u003dPassword@1, allianceCode\u003dEMS, AuthErrMessage\u003d, Authaccessdenied\u003d, AuthErrCause\u003d, currency\u003d, userType\u003d, pageNumber\u003d, accountStatus\u003d, profile\u003d, firstName\u003d, lastName\u003d, profiles_Accessdata\u003d, Dictionary_category\u003d, Dictionary_code\u003d, Dictionary_languagecode\u003d}","duration":2389,"startTime":1514870660667,"result":"SUCCESS","children":[{"number":2,"description":"Given load request for getFolderList \"/MerchantApiWeb/authenticateUser\" and \"/MerchantApiWeb/rest/secure/user/documents/getFolderList\" and \"TC01\" and \"TestAutomation22\" and \"Password@1\" and \"EMS\"","duration":1181,"startTime":1514870660681,"result":"SUCCESS","children":[{"number":3,"description":"Loadgetrequestdata: https://uat1.merchantportal.firstdata.eu/MerchantApiWeb/authenticateUser","duration":1,"startTime":1514870660751,"result":"SUCCESS"},{"number":4,"description":"Postrequest authenticate user: https://uat1.merchantportal.firstdata.eu/MerchantApiWeb/authenticateUser, TestAutomation22, Password@1, EMS","duration":1061,"startTime":1514870660753,"result":"SUCCESS"},{"number":5,"description":"Loadgetrequestdata authenticated: https://uat1.merchantportal.firstdata.eu/MerchantApiWeb/rest/secure/user/documents/getFolderList, 33bbe85a-5e10-430b-b9e7-7a2a74cf5595","duration":0,"startTime":1514870661825,"result":"SUCCESS"}]},{"number":6,"description":"When post get request for getFolderList","duration":980,"startTime":1514870661862,"result":"SUCCESS","children":[{"number":7,"description":"Post GET request get folder list: https://uat1.merchantportal.firstdata.eu/MerchantApiWeb/rest/secure/user/documents/getFolderList","duration":902,"startTime":1514870661875,"result":"SUCCESS"}]},{"number":8,"description":"Then verify getFolderList response status \"success\" and \"\" and \"\" and \"\" and \"\" and \"\"","duration":213,"startTime":1514870662843,"result":"SUCCESS","children":[{"number":9,"description":"Verify Response","duration":41,"startTime":1514870662856,"result":"SUCCESS"}]}]}],"userStory":{"id":"merchant-portal-application-api-validation","storyName":"Merchant Portal application API validation","path":"APIupdate.feature","type":"feature"},"featureTag":{"name":"Merchant Portal application API validation","type":"feature"},"title":"Verify the api retrieves the folder list for the current logged in user","description":"","tags":[{"name":"getFolderList","type":"tag"}],"startTime":1514870660667,"duration":2389,"dataTable":{"headers":["report","logindomain","domainurl","status","Message","ErrorCode","userName","password","allianceCode","AuthErrMessage","Authaccessdenied","AuthErrCause","currency","userType","pageNumber","accountStatus","profile","firstName","lastName","profiles_Accessdata","Dictionary_category","Dictionary_code","Dictionary_languagecode"],"rows":[{"values":["TC01","/MerchantApiWeb/authenticateUser","/MerchantApiWeb/rest/secure/user/documents/getFolderList","success","","","TestAutomation22","Password@1","EMS","","","","","","","","","","","","","",""],"result":"SUCCESS"}],"predefinedRows":true,"dataSetDescriptors":[{"startRow":0,"rowCount":0,"name":"","description":""}]},"manual":false,"testSource":"Cucumber","result":"SUCCESS"}