{"name":"Verify the api retrieves the Filter And Column Preferences for the current logged in user","testSteps":[{"number":1,"description":"[1] {report\u003dTC01, logindomain\u003d/MerchantApiWeb/authenticateUser, domainurl\u003d/MerchantApiWeb/rest/secure/user/getFilterAndColumnPreferences, status\u003dsuccess, Message\u003d, ErrorCode\u003d, userName\u003dTestAutomation22, password\u003dPassword@1, allianceCode\u003dEMS, AuthErrMessage\u003d, Authaccessdenied\u003d, AuthErrCause\u003d, currency\u003d, userType\u003d, pageNumber\u003d, accountStatus\u003d, profile\u003d, firstName\u003d, lastName\u003d, profiles_Accessdata\u003d, Dictionary_category\u003d, Dictionary_code\u003d, Dictionary_languagecode\u003d}","duration":2523,"startTime":1514870643990,"result":"SUCCESS","children":[{"number":2,"description":"Given load request for getFilterAndColumnPreferences \"/MerchantApiWeb/authenticateUser\" and \"/MerchantApiWeb/rest/secure/user/getFilterAndColumnPreferences\" and \"TC01\" and \"TestAutomation22\" and \"Password@1\" and \"EMS\"","duration":1409,"startTime":1514870644006,"result":"SUCCESS","children":[{"number":3,"description":"Loadgetrequestdata: https://uat1.merchantportal.firstdata.eu/MerchantApiWeb/authenticateUser","duration":1,"startTime":1514870644077,"result":"SUCCESS"},{"number":4,"description":"Postrequest authenticate user: https://uat1.merchantportal.firstdata.eu/MerchantApiWeb/authenticateUser, TestAutomation22, Password@1, EMS","duration":1292,"startTime":1514870644080,"result":"SUCCESS"},{"number":5,"description":"Loadgetrequestdata authenticated: https://uat1.merchantportal.firstdata.eu/MerchantApiWeb/rest/secure/user/getFilterAndColumnPreferences, 33bbe85a-5e10-430b-b9e7-7a2a74cf5595","duration":1,"startTime":1514870645381,"result":"SUCCESS"}]},{"number":6,"description":"When post get request for getFilterAndColumnPreferences","duration":951,"startTime":1514870645415,"result":"SUCCESS","children":[{"number":7,"description":"Post GET request get filter and column preferences: https://uat1.merchantportal.firstdata.eu/MerchantApiWeb/rest/secure/user/getFilterAndColumnPreferences","duration":873,"startTime":1514870645428,"result":"SUCCESS"}]},{"number":8,"description":"Then verify getFilterAndColumnPreferences response status \"success\" and \"\" and \"\" and \"\" and \"\" and \"\"","duration":147,"startTime":1514870646366,"result":"SUCCESS","children":[{"number":9,"description":"Verify Response","duration":21,"startTime":1514870646379,"result":"SUCCESS"}]}]}],"userStory":{"id":"merchant-portal-application-api-validation","storyName":"Merchant Portal application API validation","path":"APIupdate.feature","type":"feature"},"featureTag":{"name":"Merchant Portal application API validation","type":"feature"},"title":"Verify the api retrieves the Filter And Column Preferences for the current logged in user","description":"","tags":[{"name":"getFilterAndColumnPreferences","type":"tag"}],"startTime":1514870643989,"duration":2524,"dataTable":{"headers":["report","logindomain","domainurl","status","Message","ErrorCode","userName","password","allianceCode","AuthErrMessage","Authaccessdenied","AuthErrCause","currency","userType","pageNumber","accountStatus","profile","firstName","lastName","profiles_Accessdata","Dictionary_category","Dictionary_code","Dictionary_languagecode"],"rows":[{"values":["TC01","/MerchantApiWeb/authenticateUser","/MerchantApiWeb/rest/secure/user/getFilterAndColumnPreferences","success","","","TestAutomation22","Password@1","EMS","","","","","","","","","","","","","",""],"result":"SUCCESS"}],"predefinedRows":true,"dataSetDescriptors":[{"startRow":0,"rowCount":0,"name":"","description":""}]},"manual":false,"testSource":"Cucumber","result":"SUCCESS"}