{"name":"Verify the api validates the userName","testSteps":[{"number":1,"description":"[1] {report\u003dTC01, logindomain\u003d/MerchantApiWeb/authenticateUser, domainurl\u003d/MerchantApiWeb/rest/secure/user/validateUserName, status\u003dsuccess, Message\u003d, ErrorCode\u003d, userName\u003dTestAutomation22, password\u003dPassword@1, allianceCode\u003dEMS, AuthErrMessage\u003d, Authaccessdenied\u003d, AuthErrCause\u003d, currency\u003d, userType\u003d, pageNumber\u003d, accountStatus\u003d, profile\u003d, firstName\u003d, lastName\u003d, validateuserName\u003dTestAccount1}","duration":5434,"startTime":1514869946095,"result":"SUCCESS","children":[{"number":2,"description":"Given load request for validateUserName \"/MerchantApiWeb/authenticateUser\" and \"/MerchantApiWeb/rest/secure/user/validateUserName\" and \"TC01\" and \"TestAutomation22\" and \"Password@1\" and \"EMS\"","duration":4158,"startTime":1514869946119,"result":"SUCCESS","children":[{"number":3,"description":"Loadgetrequestdata: https://uat1.merchantportal.firstdata.eu/MerchantApiWeb/authenticateUser","duration":2,"startTime":1514869946318,"result":"SUCCESS"},{"number":4,"description":"Postrequest authenticate user: https://uat1.merchantportal.firstdata.eu/MerchantApiWeb/authenticateUser, TestAutomation22, Password@1, EMS","duration":3913,"startTime":1514869946327,"result":"SUCCESS"},{"number":5,"description":"Loadgetrequestdata: https://uat1.merchantportal.firstdata.eu/MerchantApiWeb/rest/secure/user/validateUserName","duration":6,"startTime":1514869950248,"result":"SUCCESS"}]},{"number":6,"description":"When post get request for validateUserName \"TestAccount1\"","duration":1108,"startTime":1514869950277,"result":"SUCCESS","children":[{"number":7,"description":"Post GET request validate user name: https://uat1.merchantportal.firstdata.eu/MerchantApiWeb/rest/secure/user/validateUserName, TestAccount1","duration":1038,"startTime":1514869950291,"result":"SUCCESS"}]},{"number":8,"description":"Then verify validateUserName response status \"success\" and \"\" and \"\" and \"\" and \"\" and \"\"","duration":143,"startTime":1514869951386,"result":"SUCCESS","children":[{"number":9,"description":"Verify Response","duration":58,"startTime":1514869951400,"result":"SUCCESS"}]}]},{"number":10,"description":"[1] {report\u003dTC02, logindomain\u003d/MerchantApiWeb/authenticateUser, domainurl\u003d/MerchantApiWeb/rest/secure/user/validateUserName, status\u003derror, Message\u003dUsername already registered, ErrorCode\u003dMPBE00007, userName\u003dTestAutomation22, password\u003dPassword@1, allianceCode\u003dEMS, AuthErrMessage\u003d, Authaccessdenied\u003d, AuthErrCause\u003d, currency\u003d, userType\u003d, pageNumber\u003d, accountStatus\u003d, profile\u003d, firstName\u003d, lastName\u003d, validateuserName\u003dDemoAccount1}","duration":2864,"startTime":1514869956423,"result":"SUCCESS","children":[{"number":11,"description":"Given load request for validateUserName \"/MerchantApiWeb/authenticateUser\" and \"/MerchantApiWeb/rest/secure/user/validateUserName\" and \"TC02\" and \"TestAutomation22\" and \"Password@1\" and \"EMS\"","duration":1521,"startTime":1514869956486,"result":"SUCCESS","children":[{"number":12,"description":"Loadgetrequestdata: https://uat1.merchantportal.firstdata.eu/MerchantApiWeb/authenticateUser","duration":1,"startTime":1514869956587,"result":"SUCCESS"},{"number":13,"description":"Postrequest authenticate user: https://uat1.merchantportal.firstdata.eu/MerchantApiWeb/authenticateUser, TestAutomation22, Password@1, EMS","duration":1376,"startTime":1514869956589,"result":"SUCCESS"},{"number":14,"description":"Loadgetrequestdata: https://uat1.merchantportal.firstdata.eu/MerchantApiWeb/rest/secure/user/validateUserName","duration":1,"startTime":1514869957976,"result":"SUCCESS"}]},{"number":15,"description":"When post get request for validateUserName \"DemoAccount1\"","duration":1026,"startTime":1514869958009,"result":"SUCCESS","children":[{"number":16,"description":"Post GET request validate user name: https://uat1.merchantportal.firstdata.eu/MerchantApiWeb/rest/secure/user/validateUserName, DemoAccount1","duration":956,"startTime":1514869958022,"result":"SUCCESS"}]},{"number":17,"description":"Then verify validateUserName response status \"error\" and \"MPBE00007\" and \"Username already registered\" and \"\" and \"\" and \"\"","duration":251,"startTime":1514869959036,"result":"SUCCESS","children":[{"number":18,"description":"Verify Response","duration":103,"startTime":1514869959054,"result":"SUCCESS"}]}]}],"userStory":{"id":"merchant-portal-application-api-validation","storyName":"Merchant Portal application API validation","path":"APIupdate.feature","type":"feature"},"featureTag":{"name":"Merchant Portal application API validation","type":"feature"},"title":"Verify the api validates the userName","description":"","tags":[{"name":"validateUserName","type":"tag"}],"startTime":1514869946094,"duration":13193,"dataTable":{"headers":["report","logindomain","domainurl","status","Message","ErrorCode","userName","password","allianceCode","AuthErrMessage","Authaccessdenied","AuthErrCause","currency","userType","pageNumber","accountStatus","profile","firstName","lastName","validateuserName"],"rows":[{"values":["TC01","/MerchantApiWeb/authenticateUser","/MerchantApiWeb/rest/secure/user/validateUserName","success","","","TestAutomation22","Password@1","EMS","","","","","","","","","","","TestAccount1"],"result":"SUCCESS"},{"values":["TC02","/MerchantApiWeb/authenticateUser","/MerchantApiWeb/rest/secure/user/validateUserName","error","Username already registered","MPBE00007","TestAutomation22","Password@1","EMS","","","","","","","","","","","DemoAccount1"],"result":"SUCCESS"}],"predefinedRows":true,"dataSetDescriptors":[{"startRow":0,"rowCount":0,"name":"","description":""}]},"manual":false,"testSource":"Cucumber","result":"SUCCESS"}