{"name":"Verify the api retrieves the list of the PreAuthorisations","testSteps":[{"number":1,"description":"[1] {report\u003dTC01, logindomain\u003d/MerchantApiWeb/authenticateUser, domainurl\u003d/MerchantApiWeb/rest/secure/user/financialData/authorisation/getPreAuthorisationList, status\u003dsuccess, Message\u003d, ErrorCode\u003d, userName\u003dTestAutomation22, password\u003dPassword@1, allianceCode\u003dEMS, AuthErrMessage\u003d, Authaccessdenied\u003d, AuthErrCause\u003d, currency\u003dEUR, userType\u003d, pageNumber\u003d, accountStatus\u003d, profile\u003d, firstName\u003d, lastName\u003d, fromDate\u003d2017-05-02, toDate\u003d2017-11-02, fromAmount\u003d, toAmount\u003d}","duration":15654,"startTime":1514870205036,"result":"SUCCESS","children":[{"number":2,"description":"Given load request for getPreAuthorisationList \"/MerchantApiWeb/authenticateUser\" and \"/MerchantApiWeb/rest/secure/user/financialData/authorisation/getPreAuthorisationList\" and \"TC01\" and \"TestAutomation22\" and \"Password@1\" and \"EMS\"","duration":3706,"startTime":1514870205054,"result":"SUCCESS","children":[{"number":3,"description":"Loadgetrequestdata: https://uat1.merchantportal.firstdata.eu/MerchantApiWeb/authenticateUser","duration":1,"startTime":1514870205149,"result":"SUCCESS"},{"number":4,"description":"Postrequest authenticate user: https://uat1.merchantportal.firstdata.eu/MerchantApiWeb/authenticateUser, TestAutomation22, Password@1, EMS","duration":3555,"startTime":1514870205151,"result":"SUCCESS"},{"number":5,"description":"Loadgetrequestdata authenticated: https://uat1.merchantportal.firstdata.eu/MerchantApiWeb/rest/secure/user/financialData/authorisation/getPreAuthorisationList, 33bbe85a-5e10-430b-b9e7-7a2a74cf5595","duration":1,"startTime":1514870208713,"result":"SUCCESS"}]},{"number":6,"description":"When post get request for getPreAuthorisationList \"2017-05-02\" and \"2017-11-02\" and \"\" and \"\"","duration":11389,"startTime":1514870208761,"result":"SUCCESS","children":[{"number":7,"description":"Post GET request get pre authorisation list: https://uat1.merchantportal.firstdata.eu/MerchantApiWeb/rest/secure/user/financialData/authorisation/getPreAuthorisationList, 2017-05-02, 2017-11-02, , ","duration":11297,"startTime":1514870208775,"result":"SUCCESS"}]},{"number":8,"description":"Then verify getPreAuthorisationList response status \"success\" and \"\" and \"\" and \"\" and \"\" and \"\"","duration":539,"startTime":1514870220151,"result":"SUCCESS","children":[{"number":9,"description":"Verify Response","duration":394,"startTime":1514870220176,"result":"SUCCESS"}]}]},{"number":10,"description":"[1] {report\u003dTC02, logindomain\u003d/MerchantApiWeb/authenticateUser, domainurl\u003d/MerchantApiWeb/rest/secure/user/financialData/authorisation/getPreAuthorisationList, status\u003derror, Message\u003dInvalid Date format, ErrorCode\u003dMPVE00051, userName\u003dTestAutomation22, password\u003dPassword@1, allianceCode\u003dEMS, AuthErrMessage\u003d, Authaccessdenied\u003d, AuthErrCause\u003d, currency\u003dEUR, userType\u003d, pageNumber\u003d, accountStatus\u003d, profile\u003d, firstName\u003d, lastName\u003d, fromDate\u003d20161102, toDate\u003d2017-11-02, fromAmount\u003d, toAmount\u003d}","duration":2352,"startTime":1514870224879,"result":"SUCCESS","children":[{"number":11,"description":"Given load request for getPreAuthorisationList \"/MerchantApiWeb/authenticateUser\" and \"/MerchantApiWeb/rest/secure/user/financialData/authorisation/getPreAuthorisationList\" and \"TC02\" and \"TestAutomation22\" and \"Password@1\" and \"EMS\"","duration":1198,"startTime":1514870224929,"result":"SUCCESS","children":[{"number":12,"description":"Loadgetrequestdata: https://uat1.merchantportal.firstdata.eu/MerchantApiWeb/authenticateUser","duration":0,"startTime":1514870225017,"result":"SUCCESS"},{"number":13,"description":"Postrequest authenticate user: https://uat1.merchantportal.firstdata.eu/MerchantApiWeb/authenticateUser, TestAutomation22, Password@1, EMS","duration":1062,"startTime":1514870225019,"result":"SUCCESS"},{"number":14,"description":"Loadgetrequestdata authenticated: https://uat1.merchantportal.firstdata.eu/MerchantApiWeb/rest/secure/user/financialData/authorisation/getPreAuthorisationList, 33bbe85a-5e10-430b-b9e7-7a2a74cf5595","duration":0,"startTime":1514870226103,"result":"SUCCESS"}]},{"number":15,"description":"When post get request for getPreAuthorisationList \"20161102\" and \"2017-11-02\" and \"\" and \"\"","duration":882,"startTime":1514870226128,"result":"SUCCESS","children":[{"number":16,"description":"Post GET request get pre authorisation list: https://uat1.merchantportal.firstdata.eu/MerchantApiWeb/rest/secure/user/financialData/authorisation/getPreAuthorisationList, 20161102, 2017-11-02, , ","duration":807,"startTime":1514870226141,"result":"SUCCESS"}]},{"number":17,"description":"Then verify getPreAuthorisationList response status \"error\" and \"MPVE00051\" and \"Invalid Date format\" and \"\" and \"\" and \"\"","duration":220,"startTime":1514870227011,"result":"SUCCESS","children":[{"number":18,"description":"Verify Response","duration":61,"startTime":1514870227023,"result":"SUCCESS"}]}]},{"number":19,"description":"[1] {report\u003dTC03, logindomain\u003d/MerchantApiWeb/authenticateUser, domainurl\u003d/MerchantApiWeb/rest/secure/user/financialData/authorisation/getPreAuthorisationList, status\u003derror, Message\u003dInvalid Date format, ErrorCode\u003dMPVE00051, userName\u003dTestAutomation22, password\u003dPassword@1, allianceCode\u003dEMS, AuthErrMessage\u003d, Authaccessdenied\u003d, AuthErrCause\u003d, currency\u003dEUR, userType\u003d, pageNumber\u003d, accountStatus\u003d, profile\u003d, firstName\u003d, lastName\u003d, fromDate\u003d2016-11-02, toDate\u003d20171102, fromAmount\u003d, toAmount\u003d}","duration":2325,"startTime":1514870230946,"result":"SUCCESS","children":[{"number":20,"description":"Given load request for getPreAuthorisationList \"/MerchantApiWeb/authenticateUser\" and \"/MerchantApiWeb/rest/secure/user/financialData/authorisation/getPreAuthorisationList\" and \"TC03\" and \"TestAutomation22\" and \"Password@1\" and \"EMS\"","duration":1214,"startTime":1514870230959,"result":"SUCCESS","children":[{"number":21,"description":"Loadgetrequestdata: https://uat1.merchantportal.firstdata.eu/MerchantApiWeb/authenticateUser","duration":1,"startTime":1514870231054,"result":"SUCCESS"},{"number":22,"description":"Postrequest authenticate user: https://uat1.merchantportal.firstdata.eu/MerchantApiWeb/authenticateUser, TestAutomation22, Password@1, EMS","duration":1080,"startTime":1514870231056,"result":"SUCCESS"},{"number":23,"description":"Loadgetrequestdata authenticated: https://uat1.merchantportal.firstdata.eu/MerchantApiWeb/rest/secure/user/financialData/authorisation/getPreAuthorisationList, 33bbe85a-5e10-430b-b9e7-7a2a74cf5595","duration":1,"startTime":1514870232145,"result":"SUCCESS"}]},{"number":24,"description":"When post get request for getPreAuthorisationList \"2016-11-02\" and \"20171102\" and \"\" and \"\"","duration":905,"startTime":1514870232174,"result":"SUCCESS","children":[{"number":25,"description":"Post GET request get pre authorisation list: https://uat1.merchantportal.firstdata.eu/MerchantApiWeb/rest/secure/user/financialData/authorisation/getPreAuthorisationList, 2016-11-02, 20171102, , ","duration":837,"startTime":1514870232188,"result":"SUCCESS"}]},{"number":26,"description":"Then verify getPreAuthorisationList response status \"error\" and \"MPVE00051\" and \"Invalid Date format\" and \"\" and \"\" and \"\"","duration":191,"startTime":1514870233080,"result":"SUCCESS","children":[{"number":27,"description":"Verify Response","duration":51,"startTime":1514870233093,"result":"SUCCESS"}]}]},{"number":28,"description":"[1] {report\u003dTC06, logindomain\u003d/MerchantApiWeb/authenticateUser, domainurl\u003d/MerchantApiWeb/rest/secure/user/financialData/authorisation/getPreAuthorisationList, status\u003derror, Message\u003dfromAmount is greater than toAmount, ErrorCode\u003dMPVE00054, userName\u003dTestAutomation22, password\u003dPassword@1, allianceCode\u003dEMS, AuthErrMessage\u003d, Authaccessdenied\u003d, AuthErrCause\u003d, currency\u003dEUR, userType\u003d, pageNumber\u003d, accountStatus\u003d, profile\u003d, firstName\u003d, lastName\u003d, fromDate\u003d2016-11-02, toDate\u003d2017-11-02, fromAmount\u003d10, toAmount\u003d5}","duration":2692,"startTime":1514870237379,"result":"SUCCESS","children":[{"number":29,"description":"Given load request for getPreAuthorisationList \"/MerchantApiWeb/authenticateUser\" and \"/MerchantApiWeb/rest/secure/user/financialData/authorisation/getPreAuthorisationList\" and \"TC06\" and \"TestAutomation22\" and \"Password@1\" and \"EMS\"","duration":1477,"startTime":1514870237396,"result":"SUCCESS","children":[{"number":30,"description":"Loadgetrequestdata: https://uat1.merchantportal.firstdata.eu/MerchantApiWeb/authenticateUser","duration":1,"startTime":1514870237546,"result":"SUCCESS"},{"number":31,"description":"Postrequest authenticate user: https://uat1.merchantportal.firstdata.eu/MerchantApiWeb/authenticateUser, TestAutomation22, Password@1, EMS","duration":1291,"startTime":1514870237550,"result":"SUCCESS"},{"number":32,"description":"Loadgetrequestdata authenticated: https://uat1.merchantportal.firstdata.eu/MerchantApiWeb/rest/secure/user/financialData/authorisation/getPreAuthorisationList, 33bbe85a-5e10-430b-b9e7-7a2a74cf5595","duration":0,"startTime":1514870238850,"result":"SUCCESS"}]},{"number":33,"description":"When post get request for getPreAuthorisationList \"2016-11-02\" and \"2017-11-02\" and \"10\" and \"5\"","duration":912,"startTime":1514870238874,"result":"SUCCESS","children":[{"number":34,"description":"Post GET request get pre authorisation list: https://uat1.merchantportal.firstdata.eu/MerchantApiWeb/rest/secure/user/financialData/authorisation/getPreAuthorisationList, 2016-11-02, 2017-11-02, 10, 5","duration":846,"startTime":1514870238886,"result":"SUCCESS"}]},{"number":35,"description":"Then verify getPreAuthorisationList response status \"error\" and \"MPVE00054\" and \"fromAmount is greater than toAmount\" and \"\" and \"\" and \"\"","duration":284,"startTime":1514870239786,"result":"SUCCESS","children":[{"number":36,"description":"Verify Response","duration":68,"startTime":1514870239800,"result":"SUCCESS"}]}]},{"number":37,"description":"[1] {report\u003dTC07, logindomain\u003d/MerchantApiWeb/authenticateUser, domainurl\u003d/MerchantApiWeb/rest/secure/user/financialData/authorisation/getPreAuthorisationList, status\u003derror, Message\u003dtoDate is required, ErrorCode\u003dMPVE00061, userName\u003dTestAutomation22, password\u003dPassword@1, allianceCode\u003dEMS, AuthErrMessage\u003d, Authaccessdenied\u003d, AuthErrCause\u003d, currency\u003dEUR, userType\u003d, pageNumber\u003d, accountStatus\u003d, profile\u003d, firstName\u003d, lastName\u003d, fromDate\u003d2016-11-02, toDate\u003d, fromAmount\u003d, toAmount\u003d}","duration":2541,"startTime":1514870244134,"result":"SUCCESS","children":[{"number":38,"description":"Given load request for getPreAuthorisationList \"/MerchantApiWeb/authenticateUser\" and \"/MerchantApiWeb/rest/secure/user/financialData/authorisation/getPreAuthorisationList\" and \"TC07\" and \"TestAutomation22\" and \"Password@1\" and \"EMS\"","duration":1251,"startTime":1514870244152,"result":"SUCCESS","children":[{"number":39,"description":"Loadgetrequestdata: https://uat1.merchantportal.firstdata.eu/MerchantApiWeb/authenticateUser","duration":1,"startTime":1514870244242,"result":"SUCCESS"},{"number":40,"description":"Postrequest authenticate user: https://uat1.merchantportal.firstdata.eu/MerchantApiWeb/authenticateUser, TestAutomation22, Password@1, EMS","duration":1120,"startTime":1514870244245,"result":"SUCCESS"},{"number":41,"description":"Loadgetrequestdata authenticated: https://uat1.merchantportal.firstdata.eu/MerchantApiWeb/rest/secure/user/financialData/authorisation/getPreAuthorisationList, 33bbe85a-5e10-430b-b9e7-7a2a74cf5595","duration":1,"startTime":1514870245378,"result":"SUCCESS"}]},{"number":42,"description":"When post get request for getPreAuthorisationList \"2016-11-02\" and \"\" and \"\" and \"\"","duration":888,"startTime":1514870245403,"result":"SUCCESS","children":[{"number":43,"description":"Post GET request get pre authorisation list: https://uat1.merchantportal.firstdata.eu/MerchantApiWeb/rest/secure/user/financialData/authorisation/getPreAuthorisationList, 2016-11-02, , , ","duration":814,"startTime":1514870245420,"result":"SUCCESS"}]},{"number":44,"description":"Then verify getPreAuthorisationList response status \"error\" and \"MPVE00061\" and \"toDate is required\" and \"\" and \"\" and \"\"","duration":383,"startTime":1514870246292,"result":"SUCCESS","children":[{"number":45,"description":"Verify Response","duration":164,"startTime":1514870246309,"result":"SUCCESS"}]}]},{"number":46,"description":"[1] {report\u003dTC09, logindomain\u003d/MerchantApiWeb/authenticateUser, domainurl\u003d/MerchantApiWeb/rest/secure/user/financialData/authorisation/getPreAuthorisationList, status\u003derror, Message\u003dfromDate is required, ErrorCode\u003dMPVE00063, userName\u003dTestAutomation22, password\u003dPassword@1, allianceCode\u003dEMS, AuthErrMessage\u003d, Authaccessdenied\u003d, AuthErrCause\u003d, currency\u003dEUR, userType\u003d, pageNumber\u003d, accountStatus\u003d, profile\u003d, firstName\u003d, lastName\u003d, fromDate\u003d, toDate\u003d2017-11-02, fromAmount\u003d, toAmount\u003d}","duration":3267,"startTime":1514870250532,"result":"SUCCESS","children":[{"number":47,"description":"Given load request for getPreAuthorisationList \"/MerchantApiWeb/authenticateUser\" and \"/MerchantApiWeb/rest/secure/user/financialData/authorisation/getPreAuthorisationList\" and \"TC09\" and \"TestAutomation22\" and \"Password@1\" and \"EMS\"","duration":2056,"startTime":1514870250569,"result":"SUCCESS","children":[{"number":48,"description":"Loadgetrequestdata: https://uat1.merchantportal.firstdata.eu/MerchantApiWeb/authenticateUser","duration":1,"startTime":1514870250780,"result":"SUCCESS"},{"number":49,"description":"Postrequest authenticate user: https://uat1.merchantportal.firstdata.eu/MerchantApiWeb/authenticateUser, TestAutomation22, Password@1, EMS","duration":1803,"startTime":1514870250782,"result":"SUCCESS"},{"number":50,"description":"Loadgetrequestdata authenticated: https://uat1.merchantportal.firstdata.eu/MerchantApiWeb/rest/secure/user/financialData/authorisation/getPreAuthorisationList, 33bbe85a-5e10-430b-b9e7-7a2a74cf5595","duration":1,"startTime":1514870252603,"result":"SUCCESS"}]},{"number":51,"description":"When post get request for getPreAuthorisationList \"\" and \"2017-11-02\" and \"\" and \"\"","duration":950,"startTime":1514870252625,"result":"SUCCESS","children":[{"number":52,"description":"Post GET request get pre authorisation list: https://uat1.merchantportal.firstdata.eu/MerchantApiWeb/rest/secure/user/financialData/authorisation/getPreAuthorisationList, , 2017-11-02, , ","duration":869,"startTime":1514870252639,"result":"SUCCESS"}]},{"number":53,"description":"Then verify getPreAuthorisationList response status \"error\" and \"MPVE00063\" and \"fromDate is required\" and \"\" and \"\" and \"\"","duration":223,"startTime":1514870253576,"result":"SUCCESS","children":[{"number":54,"description":"Verify Response","duration":103,"startTime":1514870253588,"result":"SUCCESS"}]}]}],"userStory":{"id":"merchant-portal-application-api-validation","storyName":"Merchant Portal application API validation","path":"APIupdate.feature","type":"feature"},"featureTag":{"name":"Merchant Portal application API validation","type":"feature"},"title":"Verify the api retrieves the list of the PreAuthorisations","description":"","tags":[{"name":"getPreAuthorisationList","type":"tag"}],"startTime":1514870205035,"duration":48764,"dataTable":{"headers":["report","logindomain","domainurl","status","Message","ErrorCode","userName","password","allianceCode","AuthErrMessage","Authaccessdenied","AuthErrCause","currency","userType","pageNumber","accountStatus","profile","firstName","lastName","fromDate","toDate","fromAmount","toAmount"],"rows":[{"values":["TC01","/MerchantApiWeb/authenticateUser","/MerchantApiWeb/rest/secure/user/financialData/authorisation/getPreAuthorisationList","success","","","TestAutomation22","Password@1","EMS","","","","EUR","","","","","","","2017-05-02","2017-11-02","",""],"result":"SUCCESS"},{"values":["TC02","/MerchantApiWeb/authenticateUser","/MerchantApiWeb/rest/secure/user/financialData/authorisation/getPreAuthorisationList","error","Invalid Date format","MPVE00051","TestAutomation22","Password@1","EMS","","","","EUR","","","","","","","20161102","2017-11-02","",""],"result":"SUCCESS"},{"values":["TC03","/MerchantApiWeb/authenticateUser","/MerchantApiWeb/rest/secure/user/financialData/authorisation/getPreAuthorisationList","error","Invalid Date format","MPVE00051","TestAutomation22","Password@1","EMS","","","","EUR","","","","","","","2016-11-02","20171102","",""],"result":"SUCCESS"},{"values":["TC06","/MerchantApiWeb/authenticateUser","/MerchantApiWeb/rest/secure/user/financialData/authorisation/getPreAuthorisationList","error","fromAmount is greater than toAmount","MPVE00054","TestAutomation22","Password@1","EMS","","","","EUR","","","","","","","2016-11-02","2017-11-02","10","5"],"result":"SUCCESS"},{"values":["TC07","/MerchantApiWeb/authenticateUser","/MerchantApiWeb/rest/secure/user/financialData/authorisation/getPreAuthorisationList","error","toDate is required","MPVE00061","TestAutomation22","Password@1","EMS","","","","EUR","","","","","","","2016-11-02","","",""],"result":"SUCCESS"},{"values":["TC09","/MerchantApiWeb/authenticateUser","/MerchantApiWeb/rest/secure/user/financialData/authorisation/getPreAuthorisationList","error","fromDate is required","MPVE00063","TestAutomation22","Password@1","EMS","","","","EUR","","","","","","","","2017-11-02","",""],"result":"SUCCESS"}],"predefinedRows":true,"dataSetDescriptors":[{"startRow":0,"rowCount":0,"name":"","description":""}]},"manual":false,"testSource":"Cucumber","result":"SUCCESS"}