{"name":"Verify the API retrieves the orders of the logged in user","testSteps":[{"number":1,"description":"[1] {report\u003dTC01, logindomain\u003d/MerchantApiWeb/authenticateUser, domainurl\u003d/MerchantApiWeb/rest/secure/user/order, status\u003dsuccess, Message\u003d, ErrorCode\u003d, userName\u003dvarunbo007, password\u003dPassword@3, allianceCode\u003dBCN, AuthErrMessage\u003d, Authaccessdenied\u003d, AuthErrCause\u003d, currency\u003d, userType\u003d, pageNumber\u003d, accountStatus\u003d, profile\u003d, firstName\u003d, lastName\u003d, itrcount\u003d, validateuserName\u003d, pseudoUserName\u003d, merchId\u003d, messageId\u003d, terminalBatchNumId\u003d, reasonForBlock\u003d, blockusername\u003d, fromDate\u003d2016-11-02, toDate\u003d2017-11-02}","duration":3165,"startTime":1512037437683,"result":"SUCCESS","children":[{"number":2,"description":"Given load request for getorder \"/MerchantApiWeb/authenticateUser\" and \"/MerchantApiWeb/rest/secure/user/order\" and \"TC01\" and \"varunbo007\" and \"Password@3\" and \"BCN\"","duration":1241,"startTime":1512037437693,"result":"SUCCESS","children":[{"number":3,"description":"Loadgetrequestdata: https://uat1.merchantportal.firstdata.eu/MerchantApiWeb/authenticateUser","duration":0,"startTime":1512037437760,"result":"SUCCESS"},{"number":4,"description":"Postrequest authenticate user: https://uat1.merchantportal.firstdata.eu/MerchantApiWeb/authenticateUser, varunbo007, Password@3, BCN","duration":1142,"startTime":1512037437760,"result":"SUCCESS"},{"number":5,"description":"Loadgetrequestdata authenticated: https://uat1.merchantportal.firstdata.eu/MerchantApiWeb/rest/secure/user/order, d14f7adb-657a-4eb3-a54f-730811717248","duration":0,"startTime":1512037438911,"result":"SUCCESS"}]},{"number":6,"description":"When post get request for getorder \"2016-11-02\" and \"2017-11-02\"","duration":1795,"startTime":1512037438935,"result":"SUCCESS","children":[{"number":7,"description":"Post GET request getorder: https://uat1.merchantportal.firstdata.eu/MerchantApiWeb/rest/secure/user/order, 2016-11-02, 2017-11-02","duration":1729,"startTime":1512037438947,"result":"SUCCESS"}]},{"number":8,"description":"Then verify getorder response status \"success\" and \"\" and \"\" and \"\" and \"\" and \"\"","duration":117,"startTime":1512037440731,"result":"SUCCESS","children":[{"number":9,"description":"Verify Response","duration":35,"startTime":1512037440746,"result":"SUCCESS"}]}]},{"number":10,"description":"[1] {report\u003dTC02, logindomain\u003d/MerchantApiWeb/authenticateUser, domainurl\u003d/MerchantApiWeb/rest/secure/user/order, status\u003derror, Message\u003dInvalid Date format, ErrorCode\u003dMPVE00051, userName\u003dvarunbo007, password\u003dPassword@3, allianceCode\u003dBCN, AuthErrMessage\u003d, Authaccessdenied\u003d, AuthErrCause\u003d, currency\u003d, userType\u003d, pageNumber\u003d, accountStatus\u003d, profile\u003d, firstName\u003d, lastName\u003d, itrcount\u003d, validateuserName\u003d, pseudoUserName\u003d, merchId\u003d, messageId\u003d, terminalBatchNumId\u003d, reasonForBlock\u003d, blockusername\u003d, fromDate\u003d201611-02, toDate\u003d2017-11-02}","duration":2298,"startTime":1512037441122,"result":"SUCCESS","children":[{"number":11,"description":"Given load request for getorder \"/MerchantApiWeb/authenticateUser\" and \"/MerchantApiWeb/rest/secure/user/order\" and \"TC02\" and \"varunbo007\" and \"Password@3\" and \"BCN\"","duration":1211,"startTime":1512037441153,"result":"SUCCESS","children":[{"number":12,"description":"Loadgetrequestdata: https://uat1.merchantportal.firstdata.eu/MerchantApiWeb/authenticateUser","duration":0,"startTime":1512037441228,"result":"SUCCESS"},{"number":13,"description":"Postrequest authenticate user: https://uat1.merchantportal.firstdata.eu/MerchantApiWeb/authenticateUser, varunbo007, Password@3, BCN","duration":1100,"startTime":1512037441229,"result":"SUCCESS"},{"number":14,"description":"Loadgetrequestdata authenticated: https://uat1.merchantportal.firstdata.eu/MerchantApiWeb/rest/secure/user/order, d14f7adb-657a-4eb3-a54f-730811717248","duration":0,"startTime":1512037442340,"result":"SUCCESS"}]},{"number":15,"description":"When post get request for getorder \"201611-02\" and \"2017-11-02\"","duration":884,"startTime":1512037442364,"result":"SUCCESS","children":[{"number":16,"description":"Post GET request getorder: https://uat1.merchantportal.firstdata.eu/MerchantApiWeb/rest/secure/user/order, 201611-02, 2017-11-02","duration":818,"startTime":1512037442377,"result":"SUCCESS"}]},{"number":17,"description":"Then verify getorder response status \"error\" and \"MPVE00051\" and \"Invalid Date format\" and \"\" and \"\" and \"\"","duration":171,"startTime":1512037443249,"result":"SUCCESS","children":[{"number":18,"description":"Verify Response","duration":49,"startTime":1512037443262,"result":"SUCCESS"}]}]},{"number":19,"description":"[1] {report\u003dTC03, logindomain\u003d/MerchantApiWeb/authenticateUser, domainurl\u003d/MerchantApiWeb/rest/secure/user/order, status\u003derror, Message\u003dInvalid Date format, ErrorCode\u003dMPVE00051, userName\u003dvarunbo007, password\u003dPassword@3, allianceCode\u003dBCN, AuthErrMessage\u003d, Authaccessdenied\u003d, AuthErrCause\u003d, currency\u003d, userType\u003d, pageNumber\u003d, accountStatus\u003d, profile\u003d, firstName\u003d, lastName\u003d, itrcount\u003d, validateuserName\u003d, pseudoUserName\u003d, merchId\u003d, messageId\u003d, terminalBatchNumId\u003d, reasonForBlock\u003d, blockusername\u003d, fromDate\u003d2016-11-02, toDate\u003d201711-02}","duration":2322,"startTime":1512037443645,"result":"SUCCESS","children":[{"number":20,"description":"Given load request for getorder \"/MerchantApiWeb/authenticateUser\" and \"/MerchantApiWeb/rest/secure/user/order\" and \"TC03\" and \"varunbo007\" and \"Password@3\" and \"BCN\"","duration":1269,"startTime":1512037443659,"result":"SUCCESS","children":[{"number":21,"description":"Loadgetrequestdata: https://uat1.merchantportal.firstdata.eu/MerchantApiWeb/authenticateUser","duration":1,"startTime":1512037443746,"result":"SUCCESS"},{"number":22,"description":"Postrequest authenticate user: https://uat1.merchantportal.firstdata.eu/MerchantApiWeb/authenticateUser, varunbo007, Password@3, BCN","duration":1142,"startTime":1512037443748,"result":"SUCCESS"},{"number":23,"description":"Loadgetrequestdata authenticated: https://uat1.merchantportal.firstdata.eu/MerchantApiWeb/rest/secure/user/order, d14f7adb-657a-4eb3-a54f-730811717248","duration":2,"startTime":1512037444900,"result":"SUCCESS"}]},{"number":24,"description":"When post get request for getorder \"2016-11-02\" and \"201711-02\"","duration":875,"startTime":1512037444928,"result":"SUCCESS","children":[{"number":25,"description":"Post GET request getorder: https://uat1.merchantportal.firstdata.eu/MerchantApiWeb/rest/secure/user/order, 2016-11-02, 201711-02","duration":804,"startTime":1512037444939,"result":"SUCCESS"}]},{"number":26,"description":"Then verify getorder response status \"error\" and \"MPVE00051\" and \"Invalid Date format\" and \"\" and \"\" and \"\"","duration":163,"startTime":1512037445804,"result":"SUCCESS","children":[{"number":27,"description":"Verify Response","duration":35,"startTime":1512037445821,"result":"SUCCESS"}]}]},{"number":28,"description":"[1] {report\u003dTC04, logindomain\u003d/MerchantApiWeb/authenticateUser, domainurl\u003d/MerchantApiWeb/rest/secure/user/order, status\u003derror, Message\u003dtoDate is required, ErrorCode\u003dMPVE00061, userName\u003dvarunbo007, password\u003dPassword@3, allianceCode\u003dBCN, AuthErrMessage\u003d, Authaccessdenied\u003d, AuthErrCause\u003d, currency\u003d, userType\u003d, pageNumber\u003d, accountStatus\u003d, profile\u003d, firstName\u003d, lastName\u003d, itrcount\u003d, validateuserName\u003d, pseudoUserName\u003d, merchId\u003d, messageId\u003d, terminalBatchNumId\u003d, reasonForBlock\u003d, blockusername\u003d, fromDate\u003d2016-11-02, toDate\u003d}","duration":2461,"startTime":1512037446181,"result":"SUCCESS","children":[{"number":29,"description":"Given load request for getorder \"/MerchantApiWeb/authenticateUser\" and \"/MerchantApiWeb/rest/secure/user/order\" and \"TC04\" and \"varunbo007\" and \"Password@3\" and \"BCN\"","duration":1377,"startTime":1512037446192,"result":"SUCCESS","children":[{"number":30,"description":"Loadgetrequestdata: https://uat1.merchantportal.firstdata.eu/MerchantApiWeb/authenticateUser","duration":0,"startTime":1512037446260,"result":"SUCCESS"},{"number":31,"description":"Postrequest authenticate user: https://uat1.merchantportal.firstdata.eu/MerchantApiWeb/authenticateUser, varunbo007, Password@3, BCN","duration":1274,"startTime":1512037446261,"result":"SUCCESS"},{"number":32,"description":"Loadgetrequestdata authenticated: https://uat1.merchantportal.firstdata.eu/MerchantApiWeb/rest/secure/user/order, d14f7adb-657a-4eb3-a54f-730811717248","duration":1,"startTime":1512037447544,"result":"SUCCESS"}]},{"number":33,"description":"When post get request for getorder \"2016-11-02\" and \"\"","duration":911,"startTime":1512037447569,"result":"SUCCESS","children":[{"number":34,"description":"Post GET request getorder: https://uat1.merchantportal.firstdata.eu/MerchantApiWeb/rest/secure/user/order, 2016-11-02, ","duration":851,"startTime":1512037447583,"result":"SUCCESS"}]},{"number":35,"description":"Then verify getorder response status \"error\" and \"MPVE00061\" and \"toDate is required\" and \"\" and \"\" and \"\"","duration":161,"startTime":1512037448481,"result":"SUCCESS","children":[{"number":36,"description":"Verify Response","duration":49,"startTime":1512037448493,"result":"SUCCESS"}]}]},{"number":37,"description":"[1] {report\u003dTC05, logindomain\u003d/MerchantApiWeb/authenticateUser, domainurl\u003d/MerchantApiWeb/rest/secure/user/order, status\u003derror, Message\u003dfromDate is required, ErrorCode\u003dMPVE00063, userName\u003dvarunbo007, password\u003dPassword@3, allianceCode\u003dBCN, AuthErrMessage\u003d, Authaccessdenied\u003d, AuthErrCause\u003d, currency\u003d, userType\u003d, pageNumber\u003d, accountStatus\u003d, profile\u003d, firstName\u003d, lastName\u003d, itrcount\u003d, validateuserName\u003d, pseudoUserName\u003d, merchId\u003d, messageId\u003d, terminalBatchNumId\u003d, reasonForBlock\u003d, blockusername\u003d, fromDate\u003d, toDate\u003d2017-11-02}","duration":2503,"startTime":1512037448857,"result":"SUCCESS","children":[{"number":38,"description":"Given load request for getorder \"/MerchantApiWeb/authenticateUser\" and \"/MerchantApiWeb/rest/secure/user/order\" and \"TC05\" and \"varunbo007\" and \"Password@3\" and \"BCN\"","duration":1279,"startTime":1512037448868,"result":"SUCCESS","children":[{"number":39,"description":"Loadgetrequestdata: https://uat1.merchantportal.firstdata.eu/MerchantApiWeb/authenticateUser","duration":0,"startTime":1512037448932,"result":"SUCCESS"},{"number":40,"description":"Postrequest authenticate user: https://uat1.merchantportal.firstdata.eu/MerchantApiWeb/authenticateUser, varunbo007, Password@3, BCN","duration":1184,"startTime":1512037448933,"result":"SUCCESS"},{"number":41,"description":"Loadgetrequestdata authenticated: https://uat1.merchantportal.firstdata.eu/MerchantApiWeb/rest/secure/user/order, d14f7adb-657a-4eb3-a54f-730811717248","duration":0,"startTime":1512037450127,"result":"SUCCESS"}]},{"number":42,"description":"When post get request for getorder \"\" and \"2017-11-02\"","duration":1041,"startTime":1512037450148,"result":"SUCCESS","children":[{"number":43,"description":"Post GET request getorder: https://uat1.merchantportal.firstdata.eu/MerchantApiWeb/rest/secure/user/order, , 2017-11-02","duration":974,"startTime":1512037450159,"result":"SUCCESS"}]},{"number":44,"description":"Then verify getorder response status \"error\" and \"MPVE00063\" and \"fromDate is required\" and \"\" and \"\" and \"\"","duration":171,"startTime":1512037451189,"result":"SUCCESS","children":[{"number":45,"description":"Verify Response","duration":52,"startTime":1512037451202,"result":"SUCCESS"}]}]}],"userStory":{"id":"merchant-portal-application-api-validation","storyName":"Merchant Portal application API validation","path":"Testupdate.feature","type":"feature"},"featureTag":{"name":"Merchant Portal application API validation","type":"feature"},"title":"Verify the API retrieves the orders of the logged in user","description":"","tags":[{"name":"getorder","type":"tag"}],"startTime":1512037437682,"duration":13678,"dataTable":{"headers":["report","logindomain","domainurl","status","Message","ErrorCode","userName","password","allianceCode","AuthErrMessage","Authaccessdenied","AuthErrCause","currency","userType","pageNumber","accountStatus","profile","firstName","lastName","itrcount","validateuserName","pseudoUserName","merchId","messageId","terminalBatchNumId","reasonForBlock","blockusername","fromDate","toDate"],"rows":[{"values":["TC01","/MerchantApiWeb/authenticateUser","/MerchantApiWeb/rest/secure/user/order","success","","","varunbo007","Password@3","BCN","","","","","","","","","","","","","","","","","","","2016-11-02","2017-11-02"],"result":"SUCCESS"},{"values":["TC02","/MerchantApiWeb/authenticateUser","/MerchantApiWeb/rest/secure/user/order","error","Invalid Date format","MPVE00051","varunbo007","Password@3","BCN","","","","","","","","","","","","","","","","","","","201611-02","2017-11-02"],"result":"SUCCESS"},{"values":["TC03","/MerchantApiWeb/authenticateUser","/MerchantApiWeb/rest/secure/user/order","error","Invalid Date format","MPVE00051","varunbo007","Password@3","BCN","","","","","","","","","","","","","","","","","","","2016-11-02","201711-02"],"result":"SUCCESS"},{"values":["TC04","/MerchantApiWeb/authenticateUser","/MerchantApiWeb/rest/secure/user/order","error","toDate is required","MPVE00061","varunbo007","Password@3","BCN","","","","","","","","","","","","","","","","","","","2016-11-02",""],"result":"SUCCESS"},{"values":["TC05","/MerchantApiWeb/authenticateUser","/MerchantApiWeb/rest/secure/user/order","error","fromDate is required","MPVE00063","varunbo007","Password@3","BCN","","","","","","","","","","","","","","","","","","","","2017-11-02"],"result":"SUCCESS"}],"predefinedRows":true,"dataSetDescriptors":[{"startRow":0,"rowCount":0,"name":"","description":""}]},"manual":false,"testSource":"Cucumber","result":"SUCCESS"}