{"name":"Verify the api exports the GsmTopUpList","testSteps":[{"number":1,"description":"[1] {report\u003dTC03, logindomain\u003d/MerchantApiWeb/authenticateUser, domainurl\u003d/MerchantApiWeb/rest/secure/user/financialData/gsm/exportGsmTopUpList, status\u003derror, Message\u003dInvalid FileType, ErrorCode\u003dMPVE00092, userName\u003dTheBatman, password\u003dPass123!, allianceCode\u003dFDP, AuthErrMessage\u003d, Authaccessdenied\u003d, AuthErrCause\u003d, currency\u003dPLN, userType\u003d, pageNumber\u003d, accountStatus\u003d, profile\u003d, firstName\u003d, lastName\u003d, period\u003d, fromDate\u003d2016-11-02, toDate\u003d2017-11-02, invoiceId\u003d4723680, gsmTopUpFromDate\u003d2017-01-02, gsmTopUpToDate\u003d2017-11-02, fileType\u003dtxt, delimiter\u003d,}","duration":3381,"startTime":1514871601995,"result":"SUCCESS","children":[{"number":2,"description":"Given load request for exportGsmTopUpList \"/MerchantApiWeb/authenticateUser\" and \"/MerchantApiWeb/rest/secure/user/financialData/gsm/exportGsmTopUpList\" and \"TC03\" and \"TheBatman\" and \"Pass123!\" and \"FDP\"","duration":2168,"startTime":1514871602011,"result":"SUCCESS","children":[{"number":3,"description":"Loadgetrequestdata: https://uat1.merchantportal.firstdata.eu/MerchantApiWeb/authenticateUser","duration":0,"startTime":1514871602115,"result":"SUCCESS"},{"number":4,"description":"Postrequest authenticate user: https://uat1.merchantportal.firstdata.eu/MerchantApiWeb/authenticateUser, TheBatman, Pass123!, FDP","duration":2031,"startTime":1514871602116,"result":"SUCCESS"},{"number":5,"description":"Loadgetrequestdata export download: https://uat1.merchantportal.firstdata.eu/MerchantApiWeb/rest/secure/user/financialData/gsm/exportGsmTopUpList","duration":1,"startTime":1514871604157,"result":"SUCCESS"}]},{"number":6,"description":"When post get request for exportGsmTopUpList \"2017-01-02\" and \"2017-11-02\" and \"txt\" and \",\"","duration":980,"startTime":1514871604180,"result":"SUCCESS","children":[{"number":7,"description":"Post GET request export gsm top up list: https://uat1.merchantportal.firstdata.eu/MerchantApiWeb/rest/secure/user/financialData/gsm/exportGsmTopUpList, 2017-01-02, 2017-11-02, txt, ,","duration":901,"startTime":1514871604198,"result":"SUCCESS"}]},{"number":8,"description":"Then verify exportGsmTopUpList response status \"error\" and \"MPVE00092\" and \"Invalid FileType\" and \"\" and \"\" and \"\"","duration":216,"startTime":1514871605160,"result":"SUCCESS","children":[{"number":9,"description":"Verify Download file Response","duration":89,"startTime":1514871605172,"result":"SUCCESS"}]}]}],"userStory":{"id":"merchant-portal-application-api-validation","storyName":"Merchant Portal application API validation","path":"APIupdate.feature","type":"feature"},"featureTag":{"name":"Merchant Portal application API validation","type":"feature"},"title":"Verify the api exports the GsmTopUpList","description":"","tags":[{"name":"exportGsmTopUpList","type":"tag"}],"startTime":1514871601995,"duration":3381,"dataTable":{"headers":["report","logindomain","domainurl","status","Message","ErrorCode","userName","password","allianceCode","AuthErrMessage","Authaccessdenied","AuthErrCause","currency","userType","pageNumber","accountStatus","profile","firstName","lastName","period","fromDate","toDate","invoiceId","gsmTopUpFromDate","gsmTopUpToDate","fileType","delimiter"],"rows":[{"values":["TC03","/MerchantApiWeb/authenticateUser","/MerchantApiWeb/rest/secure/user/financialData/gsm/exportGsmTopUpList","error","Invalid FileType","MPVE00092","TheBatman","Pass123!","FDP","","","","PLN","","","","","","","","2016-11-02","2017-11-02","4723680","2017-01-02","2017-11-02","txt",","],"result":"SUCCESS"}],"predefinedRows":true,"dataSetDescriptors":[{"startRow":0,"rowCount":0,"name":"","description":""}]},"manual":false,"testSource":"Cucumber","result":"SUCCESS"}