{"name":"Verify the details of the Authorisation summary","testSteps":[{"number":1,"description":"[1] {report\u003dTC01, logindomain\u003d/MerchantApiWeb/authenticateUser, domainurl\u003d/MerchantApiWeb/rest/secure/user/financialData/authorisation/getAuthorisationSummary, status\u003dsuccess, Message\u003d, ErrorCode\u003d, userName\u003dTestAutomation22, password\u003dPassword@1, allianceCode\u003dEMS, AuthErrMessage\u003d, Authaccessdenied\u003d, AuthErrCause\u003d, currency\u003dEUR, userType\u003d, pageNumber\u003d, accountStatus\u003d, profile\u003d, firstName\u003d, lastName\u003d}","duration":17092,"startTime":1514872119609,"result":"SUCCESS","children":[{"number":2,"description":"Given load request for getAuthorisationSummary \"/MerchantApiWeb/authenticateUser\" and \"/MerchantApiWeb/rest/secure/user/financialData/authorisation/getAuthorisationSummary\" and \"TC01\" and \"TestAutomation22\" and \"Password@1\" and \"EMS\"","duration":1175,"startTime":1514872119734,"result":"SUCCESS","children":[{"number":3,"description":"Loadgetrequestdata: https://uat1.merchantportal.firstdata.eu/MerchantApiWeb/authenticateUser","duration":1,"startTime":1514872119812,"result":"SUCCESS"},{"number":4,"description":"Postrequest authenticate user: https://uat1.merchantportal.firstdata.eu/MerchantApiWeb/authenticateUser, TestAutomation22, Password@1, EMS","duration":1046,"startTime":1514872119815,"result":"SUCCESS"},{"number":5,"description":"Loadgetrequestdata authenticated: https://uat1.merchantportal.firstdata.eu/MerchantApiWeb/rest/secure/user/financialData/authorisation/getAuthorisationSummary, 692fd4f2-e39a-4e25-bba6-a37915b0cedc","duration":1,"startTime":1514872120873,"result":"SUCCESS"}]},{"number":6,"description":"When post get request for getAuthorisationSummary \"EUR\"","duration":15633,"startTime":1514872120909,"result":"SUCCESS","children":[{"number":7,"description":"Post GET request get authorisation summary: https://uat1.merchantportal.firstdata.eu/MerchantApiWeb/rest/secure/user/financialData/authorisation/getAuthorisationSummary, EUR","duration":15553,"startTime":1514872120926,"result":"SUCCESS"}]},{"number":8,"description":"Then verify getAuthorisationSummary response status \"success\" and \"\" and \"\" and \"\" and \"\" and \"\"","duration":159,"startTime":1514872136542,"result":"SUCCESS","children":[{"number":9,"description":"Verify Response","duration":92,"startTime":1514872136557,"result":"SUCCESS"}]}]}],"userStory":{"id":"merchant-portal-application-api-validation","storyName":"Merchant Portal application API validation","path":"APIupdate.feature","type":"feature"},"featureTag":{"name":"Merchant Portal application API validation","type":"feature"},"title":"Verify the details of the Authorisation summary","description":"","tags":[{"name":"getAuthorisationSummary","type":"tag"}],"startTime":1514872119608,"duration":17093,"dataTable":{"headers":["report","logindomain","domainurl","status","Message","ErrorCode","userName","password","allianceCode","AuthErrMessage","Authaccessdenied","AuthErrCause","currency","userType","pageNumber","accountStatus","profile","firstName","lastName"],"rows":[{"values":["TC01","/MerchantApiWeb/authenticateUser","/MerchantApiWeb/rest/secure/user/financialData/authorisation/getAuthorisationSummary","success","","","TestAutomation22","Password@1","EMS","","","","EUR","","","","","",""],"result":"SUCCESS"}],"predefinedRows":true,"dataSetDescriptors":[{"startRow":0,"rowCount":0,"name":"","description":""}]},"manual":false,"testSource":"Cucumber","result":"SUCCESS"}