{"name":"Verify the api retrieves the profile list of different user types","testSteps":[{"number":1,"description":"[1] {report\u003dTC01, logindomain\u003d/MerchantApiWeb/authenticateUser, domainurl\u003d/MerchantApiWeb/rest/secure/user/getProfileList, status\u003dsuccess, Message\u003d, ErrorCode\u003d, userName\u003dTestAutomation22, password\u003dPassword@1, allianceCode\u003dEMS, AuthErrMessage\u003d, Authaccessdenied\u003d, AuthErrCause\u003d, currency\u003d, userType\u003dALLIANCE, pageNumber\u003d, accountStatus\u003d, profile\u003d, firstName\u003d, lastName\u003d}","duration":4375,"startTime":1514870390851,"result":"SUCCESS","children":[{"number":2,"description":"Given load request for getProfileList \"/MerchantApiWeb/authenticateUser\" and \"/MerchantApiWeb/rest/secure/user/getProfileList\" and \"TC01\" and \"TestAutomation22\" and \"Password@1\" and \"EMS\"","duration":3317,"startTime":1514870390865,"result":"SUCCESS","children":[{"number":3,"description":"Loadgetrequestdata: https://uat1.merchantportal.firstdata.eu/MerchantApiWeb/authenticateUser","duration":0,"startTime":1514870391001,"result":"SUCCESS"},{"number":4,"description":"Postrequest authenticate user: https://uat1.merchantportal.firstdata.eu/MerchantApiWeb/authenticateUser, TestAutomation22, Password@1, EMS","duration":3146,"startTime":1514870391002,"result":"SUCCESS"},{"number":5,"description":"Loadgetrequestdata authenticated: https://uat1.merchantportal.firstdata.eu/MerchantApiWeb/rest/secure/user/getProfileList, 33bbe85a-5e10-430b-b9e7-7a2a74cf5595","duration":0,"startTime":1514870394156,"result":"SUCCESS"}]},{"number":6,"description":"When post get request for getProfileList \"ALLIANCE\"","duration":971,"startTime":1514870394182,"result":"SUCCESS","children":[{"number":7,"description":"Post GET request get profile list: https://uat1.merchantportal.firstdata.eu/MerchantApiWeb/rest/secure/user/getProfileList, ALLIANCE","duration":899,"startTime":1514870394196,"result":"SUCCESS"}]},{"number":8,"description":"Then verify getProfileList response status \"success\" and \"\" and \"\" and \"\" and \"\" and \"\"","duration":72,"startTime":1514870395154,"result":"SUCCESS","children":[{"number":9,"description":"Verify Response","duration":20,"startTime":1514870395165,"result":"SUCCESS"}]}]},{"number":10,"description":"[1] {report\u003dTC02, logindomain\u003d/MerchantApiWeb/authenticateUser, domainurl\u003d/MerchantApiWeb/rest/secure/user/getProfileList, status\u003dsuccess, Message\u003d, ErrorCode\u003d, userName\u003dTestAutomation22, password\u003dPassword@1, allianceCode\u003dEMS, AuthErrMessage\u003d, Authaccessdenied\u003d, AuthErrCause\u003d, currency\u003d, userType\u003dFIRSTDATA, pageNumber\u003d, accountStatus\u003d, profile\u003d, firstName\u003d, lastName\u003d}","duration":2363,"startTime":1514870398964,"result":"SUCCESS","children":[{"number":11,"description":"Given load request for getProfileList \"/MerchantApiWeb/authenticateUser\" and \"/MerchantApiWeb/rest/secure/user/getProfileList\" and \"TC02\" and \"TestAutomation22\" and \"Password@1\" and \"EMS\"","duration":1304,"startTime":1514870398982,"result":"SUCCESS","children":[{"number":12,"description":"Loadgetrequestdata: https://uat1.merchantportal.firstdata.eu/MerchantApiWeb/authenticateUser","duration":0,"startTime":1514870399052,"result":"SUCCESS"},{"number":13,"description":"Postrequest authenticate user: https://uat1.merchantportal.firstdata.eu/MerchantApiWeb/authenticateUser, TestAutomation22, Password@1, EMS","duration":1198,"startTime":1514870399053,"result":"SUCCESS"},{"number":14,"description":"Loadgetrequestdata authenticated: https://uat1.merchantportal.firstdata.eu/MerchantApiWeb/rest/secure/user/getProfileList, 33bbe85a-5e10-430b-b9e7-7a2a74cf5595","duration":1,"startTime":1514870400260,"result":"SUCCESS"}]},{"number":15,"description":"When post get request for getProfileList \"FIRSTDATA\"","duration":944,"startTime":1514870400286,"result":"SUCCESS","children":[{"number":16,"description":"Post GET request get profile list: https://uat1.merchantportal.firstdata.eu/MerchantApiWeb/rest/secure/user/getProfileList, FIRSTDATA","duration":862,"startTime":1514870400301,"result":"SUCCESS"}]},{"number":17,"description":"Then verify getProfileList response status \"success\" and \"\" and \"\" and \"\" and \"\" and \"\"","duration":96,"startTime":1514870401231,"result":"SUCCESS","children":[{"number":18,"description":"Verify Response","duration":24,"startTime":1514870401242,"result":"SUCCESS"}]}]},{"number":19,"description":"[1] {report\u003dTC03, logindomain\u003d/MerchantApiWeb/authenticateUser, domainurl\u003d/MerchantApiWeb/rest/secure/user/getProfileList, status\u003dsuccess, Message\u003d, ErrorCode\u003d, userName\u003dTestAutomation22, password\u003dPassword@1, allianceCode\u003dEMS, AuthErrMessage\u003d, Authaccessdenied\u003d, AuthErrCause\u003d, currency\u003d, userType\u003dMERCHANT, pageNumber\u003d, accountStatus\u003d, profile\u003d, firstName\u003d, lastName\u003d}","duration":2469,"startTime":1514870405514,"result":"SUCCESS","children":[{"number":20,"description":"Given load request for getProfileList \"/MerchantApiWeb/authenticateUser\" and \"/MerchantApiWeb/rest/secure/user/getProfileList\" and \"TC03\" and \"TestAutomation22\" and \"Password@1\" and \"EMS\"","duration":1481,"startTime":1514870405542,"result":"SUCCESS","children":[{"number":21,"description":"Loadgetrequestdata: https://uat1.merchantportal.firstdata.eu/MerchantApiWeb/authenticateUser","duration":1,"startTime":1514870405687,"result":"SUCCESS"},{"number":22,"description":"Postrequest authenticate user: https://uat1.merchantportal.firstdata.eu/MerchantApiWeb/authenticateUser, TestAutomation22, Password@1, EMS","duration":1303,"startTime":1514870405689,"result":"SUCCESS"},{"number":23,"description":"Loadgetrequestdata authenticated: https://uat1.merchantportal.firstdata.eu/MerchantApiWeb/rest/secure/user/getProfileList, 33bbe85a-5e10-430b-b9e7-7a2a74cf5595","duration":0,"startTime":1514870406999,"result":"SUCCESS"}]},{"number":24,"description":"When post get request for getProfileList \"MERCHANT\"","duration":869,"startTime":1514870407023,"result":"SUCCESS","children":[{"number":25,"description":"Post GET request get profile list: https://uat1.merchantportal.firstdata.eu/MerchantApiWeb/rest/secure/user/getProfileList, MERCHANT","duration":801,"startTime":1514870407038,"result":"SUCCESS"}]},{"number":26,"description":"Then verify getProfileList response status \"success\" and \"\" and \"\" and \"\" and \"\" and \"\"","duration":91,"startTime":1514870407892,"result":"SUCCESS","children":[{"number":27,"description":"Verify Response","duration":21,"startTime":1514870407907,"result":"SUCCESS"}]}]},{"number":28,"description":"[1] {report\u003dTC04, logindomain\u003d/MerchantApiWeb/authenticateUser, domainurl\u003d/MerchantApiWeb/rest/secure/user/getProfileList, status\u003dsuccess, Message\u003d, ErrorCode\u003d, userName\u003dTestAutomation22, password\u003dPassword@1, allianceCode\u003dEMS, AuthErrMessage\u003d, Authaccessdenied\u003d, AuthErrCause\u003d, currency\u003d, userType\u003dSUBACCOUNT, pageNumber\u003d, accountStatus\u003d, profile\u003d, firstName\u003d, lastName\u003d}","duration":2207,"startTime":1514870411945,"result":"SUCCESS","children":[{"number":29,"description":"Given load request for getProfileList \"/MerchantApiWeb/authenticateUser\" and \"/MerchantApiWeb/rest/secure/user/getProfileList\" and \"TC04\" and \"TestAutomation22\" and \"Password@1\" and \"EMS\"","duration":1218,"startTime":1514870411962,"result":"SUCCESS","children":[{"number":30,"description":"Loadgetrequestdata: https://uat1.merchantportal.firstdata.eu/MerchantApiWeb/authenticateUser","duration":1,"startTime":1514870412040,"result":"SUCCESS"},{"number":31,"description":"Postrequest authenticate user: https://uat1.merchantportal.firstdata.eu/MerchantApiWeb/authenticateUser, TestAutomation22, Password@1, EMS","duration":1095,"startTime":1514870412042,"result":"SUCCESS"},{"number":32,"description":"Loadgetrequestdata authenticated: https://uat1.merchantportal.firstdata.eu/MerchantApiWeb/rest/secure/user/getProfileList, 33bbe85a-5e10-430b-b9e7-7a2a74cf5595","duration":1,"startTime":1514870413146,"result":"SUCCESS"}]},{"number":33,"description":"When post get request for getProfileList \"SUBACCOUNT\"","duration":867,"startTime":1514870413180,"result":"SUCCESS","children":[{"number":34,"description":"Post GET request get profile list: https://uat1.merchantportal.firstdata.eu/MerchantApiWeb/rest/secure/user/getProfileList, SUBACCOUNT","duration":801,"startTime":1514870413196,"result":"SUCCESS"}]},{"number":35,"description":"Then verify getProfileList response status \"success\" and \"\" and \"\" and \"\" and \"\" and \"\"","duration":104,"startTime":1514870414048,"result":"SUCCESS","children":[{"number":36,"description":"Verify Response","duration":22,"startTime":1514870414086,"result":"SUCCESS"}]}]},{"number":37,"description":"[1] {report\u003dTC05, logindomain\u003d/MerchantApiWeb/authenticateUser, domainurl\u003d/MerchantApiWeb/rest/secure/user/getProfileList, status\u003derror, Message\u003dUser Type is required, ErrorCode\u003dMPVE00099, userName\u003dTestAutomation22, password\u003dPassword@1, allianceCode\u003dEMS, AuthErrMessage\u003d, Authaccessdenied\u003d, AuthErrCause\u003d, currency\u003d, userType\u003d, pageNumber\u003d, accountStatus\u003d, profile\u003d, firstName\u003d, lastName\u003d}","duration":2401,"startTime":1514870417732,"result":"SUCCESS","children":[{"number":38,"description":"Given load request for getProfileList \"/MerchantApiWeb/authenticateUser\" and \"/MerchantApiWeb/rest/secure/user/getProfileList\" and \"TC05\" and \"TestAutomation22\" and \"Password@1\" and \"EMS\"","duration":1254,"startTime":1514870417747,"result":"SUCCESS","children":[{"number":39,"description":"Loadgetrequestdata: https://uat1.merchantportal.firstdata.eu/MerchantApiWeb/authenticateUser","duration":1,"startTime":1514870417824,"result":"SUCCESS"},{"number":40,"description":"Postrequest authenticate user: https://uat1.merchantportal.firstdata.eu/MerchantApiWeb/authenticateUser, TestAutomation22, Password@1, EMS","duration":1140,"startTime":1514870417826,"result":"SUCCESS"},{"number":41,"description":"Loadgetrequestdata authenticated: https://uat1.merchantportal.firstdata.eu/MerchantApiWeb/rest/secure/user/getProfileList, 33bbe85a-5e10-430b-b9e7-7a2a74cf5595","duration":0,"startTime":1514870418974,"result":"SUCCESS"}]},{"number":42,"description":"When post get request for getProfileList \"\"","duration":895,"startTime":1514870419001,"result":"SUCCESS","children":[{"number":43,"description":"Post GET request get profile list: https://uat1.merchantportal.firstdata.eu/MerchantApiWeb/rest/secure/user/getProfileList, ","duration":826,"startTime":1514870419016,"result":"SUCCESS"}]},{"number":44,"description":"Then verify getProfileList response status \"error\" and \"MPVE00099\" and \"User Type is required\" and \"\" and \"\" and \"\"","duration":236,"startTime":1514870419897,"result":"SUCCESS","children":[{"number":45,"description":"Verify Response","duration":107,"startTime":1514870419909,"result":"SUCCESS"}]}]}],"userStory":{"id":"merchant-portal-application-api-validation","storyName":"Merchant Portal application API validation","path":"APIupdate.feature","type":"feature"},"featureTag":{"name":"Merchant Portal application API validation","type":"feature"},"title":"Verify the api retrieves the profile list of different user types","description":"","tags":[{"name":"getProfileList","type":"tag"}],"startTime":1514870390850,"duration":29283,"dataTable":{"headers":["report","logindomain","domainurl","status","Message","ErrorCode","userName","password","allianceCode","AuthErrMessage","Authaccessdenied","AuthErrCause","currency","userType","pageNumber","accountStatus","profile","firstName","lastName"],"rows":[{"values":["TC01","/MerchantApiWeb/authenticateUser","/MerchantApiWeb/rest/secure/user/getProfileList","success","","","TestAutomation22","Password@1","EMS","","","","","ALLIANCE","","","","",""],"result":"SUCCESS"},{"values":["TC02","/MerchantApiWeb/authenticateUser","/MerchantApiWeb/rest/secure/user/getProfileList","success","","","TestAutomation22","Password@1","EMS","","","","","FIRSTDATA","","","","",""],"result":"SUCCESS"},{"values":["TC03","/MerchantApiWeb/authenticateUser","/MerchantApiWeb/rest/secure/user/getProfileList","success","","","TestAutomation22","Password@1","EMS","","","","","MERCHANT","","","","",""],"result":"SUCCESS"},{"values":["TC04","/MerchantApiWeb/authenticateUser","/MerchantApiWeb/rest/secure/user/getProfileList","success","","","TestAutomation22","Password@1","EMS","","","","","SUBACCOUNT","","","","",""],"result":"SUCCESS"},{"values":["TC05","/MerchantApiWeb/authenticateUser","/MerchantApiWeb/rest/secure/user/getProfileList","error","User Type is required","MPVE00099","TestAutomation22","Password@1","EMS","","","","","","","","","",""],"result":"SUCCESS"}],"predefinedRows":true,"dataSetDescriptors":[{"startRow":0,"rowCount":0,"name":"","description":""}]},"manual":false,"testSource":"Cucumber","result":"SUCCESS"}