{"name":"Verify the details of the Merchant portal application","testSteps":[{"number":1,"description":"[1] {report\u003dTC01, logindomain\u003d, domainurl\u003d/MerchantApiWeb/rest/applicationInfo, Migrationanswersdomain\u003d, sendpasscodedomain\u003d, logisticslockurl\u003d, status\u003dsuccess, Message\u003d, ErrorCode\u003d, userName\u003d, password\u003d, allianceCode\u003d, AuthErrMessage\u003d, Authaccessdenied\u003d, AuthErrCause\u003d, currency\u003d, userType\u003d, pageNumber\u003d, accountStatus\u003d, profile\u003d, firstName\u003d, lastName\u003d, itrcount\u003d, validateuserName\u003d, pseudoUserName\u003d, messageId\u003d, terminalBatchNumId\u003d, reasonForBlock\u003d, blockusername\u003d, fromDate\u003d, toDate\u003d, userNameresetPin\u003d, period\u003d, bikTermsId\u003d, caTermsId\u003d, loanAmount\u003d, encUserId\u003d, languagePreference\u003d, passcode\u003d, registerpassword\u003d, tcHasAccepted\u003d, pin\u003d, fileType\u003d, fundId\u003d, merchId\u003d, delimiter\u003d, invoiceId\u003d, timeZone\u003d, fromAmount\u003d, toAmount\u003d, fundDate\u003d, startDate\u003d, endDate\u003d, gsmTopUpFromDate\u003d, gsmTopUpToDate\u003d, invoiceLineItemId\u003d, mobileNumber\u003d, answer1\u003d, answer2\u003d, answer3\u003d, authId\u003d, amount\u003d, smsType\u003d, sendPasscodeencUserId\u003d, clearingId\u003d, refundallianceCode\u003d, source\u003d, merchantType\u003d, posSubType\u003d, posCode\u003d, getuserlist_userName\u003d, SubAccountDetailsuserName\u003d, profiles_Accessdata\u003d, Dictionary_category\u003d, Dictionary_code\u003d, Dictionary_languagecode\u003d, documentfolder\u003d, currencyCode\u003d, paymentType1\u003d, days\u003d, documentId\u003d, messageType\u003d, termsId\u003d, allianceCode_request\u003d, languageCode\u003d, encryptedUserName\u003d, encryptedEmailType\u003d, verifypasscodeencUserId\u003d, resetpasswordencUserId\u003d, resetpassword\u003d, deleteusername\u003d, ResetpassworduserName\u003d, ResettriggerallianceCode\u003d, SendEmailuserName\u003d, SendEmailallianceCode\u003d, emailType\u003d, newPassword\u003d, oldPassword\u003d, oldPin\u003d, newPin\u003d, saveCriteria\u003d, shippingRequestId\u003d, lockUnlockInput\u003d, archiveComments\u003d, requestCode\u003d, terminalPartNumber\u003d, terminalSerialNumber\u003d, trackTrace\u003d, invoiceIds\u003d, reportId\u003d, termsType\u003d, contentType\u003d, attachmentId\u003d, currRefundAmt\u003d, documentIds\u003d, messageIdList1\u003d, updatemessagestatus\u003d, documentIdList\u003d, markRead\u003d, createuser_allianceCode\u003d, createuser_emailAddress\u003d, createuser_firstName\u003d, createuser_languageCode\u003d, createuser_lastName\u003d, createuser_merchantIds\u003d, createuser_migratedUsrFlag\u003d, createuser_mobileNumber\u003d, createuser_phoneNumber\u003d, createuser_profiles\u003d, createuser_userName\u003d, createuser_boUserManagementFlag\u003d, createuser_userType\u003d, updateUser_allianceCode\u003d, updateUser_boUserManagementFlag\u003d, updateUser_emailAddress\u003d, updateUser_firstName\u003d, updateUser_languageCode\u003d, updateUser_lastName\u003d, updateUser_merchantList\u003d, updateUser_mobileNumber\u003d, updateUser_phoneNumber\u003d, updateUser_profiles\u003d, updateUser_sendEmailNotification\u003d, updateUser_sendNewsletter\u003d, updateUser_userName\u003d, cashadvanceoffers_accountManager\u003d, cashadvanceoffers_address\u003d, cashadvanceoffers_agreementNumber\u003d, cashadvanceoffers_commisionPercentage\u003d, cashadvanceoffers_dailyRepaymentPercentage\u003d, cashadvanceoffers_emails\u003d, cashadvanceoffers_endDate\u003d, cashadvanceoffers_fdpDepartment\u003d, cashadvanceoffers_maxLoanAmount\u003d, cashadvanceoffers_merchantName\u003d, cashadvanceoffers_minLoanAmount\u003d, cashadvanceoffers_phoneNumbers\u003d, cashadvanceoffers_repaymentPeriod\u003d, cashadvanceoffers_startDate\u003d, cashadvanceoffers_taxId\u003d, cashadvanceoffers_fileName\u003d, migrateUsers_allianceCode\u003d, migrateUsers_answer1\u003d, migrateUsers_answer2\u003d, migrateUsers_answer3\u003d, migrateUsers_emailAddress\u003d, migrateUsers_firstName\u003d, migrateUsers_languageCode\u003d, migrateUsers_lastName\u003d, migrateUsers_merchantIds\u003d, migrateUsers_mobileNumber\u003d, migrateUsers_phoneNumber\u003d, migrateUsers_profiles\u003d, migrateUsers_userName\u003d, migrateUsers_userType\u003d, migrateUsers_uploadTimestamp\u003d}","duration":1378,"startTime":1514551843575,"result":"SUCCESS","children":[{"number":2,"description":"Given load request for application info \"/MerchantApiWeb/rest/applicationInfo\" and \"TC01\"","duration":128,"startTime":1514551843620,"result":"SUCCESS","children":[{"number":3,"description":"Loadgetrequestdata: https://uat1.merchantportal.firstdata.eu/MerchantApiWeb/rest/applicationInfo","duration":0,"startTime":1514551843717,"result":"SUCCESS"}]},{"number":4,"description":"When post get request for application info","duration":986,"startTime":1514551843749,"result":"SUCCESS","children":[{"number":5,"description":"Post GET request applicationinfo: https://uat1.merchantportal.firstdata.eu/MerchantApiWeb/rest/applicationInfo","duration":841,"startTime":1514551843765,"result":"SUCCESS"}]},{"number":6,"description":"Then verify application info response status \"success\" and \"\" and \"\" and \"\" and \"\" and \"\"","duration":217,"startTime":1514551844736,"result":"SUCCESS","children":[{"number":7,"description":"Verify Response","duration":157,"startTime":1514551844750,"result":"SUCCESS"}]}]}],"userStory":{"id":"merchant-portal-application-api-validation","storyName":"Merchant Portal application API validation","path":"Testupdate.feature","type":"feature"},"featureTag":{"name":"Merchant Portal application API validation","type":"feature"},"title":"Verify the details of the Merchant portal application","description":"","tags":[{"name":"applicationinfo","type":"tag"}],"startTime":1514551843574,"duration":1379,"dataTable":{"headers":["report","logindomain","domainurl","Migrationanswersdomain","sendpasscodedomain","logisticslockurl","status","Message","ErrorCode","userName","password","allianceCode","AuthErrMessage","Authaccessdenied","AuthErrCause","currency","userType","pageNumber","accountStatus","profile","firstName","lastName","itrcount","validateuserName","pseudoUserName","messageId","terminalBatchNumId","reasonForBlock","blockusername","fromDate","toDate","userNameresetPin","period","bikTermsId","caTermsId","loanAmount","encUserId","languagePreference","passcode","registerpassword","tcHasAccepted","pin","fileType","fundId","merchId","delimiter","invoiceId","timeZone","fromAmount","toAmount","fundDate","startDate","endDate","gsmTopUpFromDate","gsmTopUpToDate","invoiceLineItemId","mobileNumber","answer1","answer2","answer3","authId","amount","smsType","sendPasscodeencUserId","clearingId","refundallianceCode","source","merchantType","posSubType","posCode","getuserlist_userName","SubAccountDetailsuserName","profiles_Accessdata","Dictionary_category","Dictionary_code","Dictionary_languagecode","documentfolder","currencyCode","paymentType1","days","documentId","messageType","termsId","allianceCode_request","languageCode","encryptedUserName","encryptedEmailType","verifypasscodeencUserId","resetpasswordencUserId","resetpassword","deleteusername","ResetpassworduserName","ResettriggerallianceCode","SendEmailuserName","SendEmailallianceCode","emailType","newPassword","oldPassword","oldPin","newPin","saveCriteria","shippingRequestId","lockUnlockInput","archiveComments","requestCode","terminalPartNumber","terminalSerialNumber","trackTrace","invoiceIds","reportId","termsType","contentType","attachmentId","currRefundAmt","documentIds","messageIdList1","updatemessagestatus","documentIdList","markRead","createuser_allianceCode","createuser_emailAddress","createuser_firstName","createuser_languageCode","createuser_lastName","createuser_merchantIds","createuser_migratedUsrFlag","createuser_mobileNumber","createuser_phoneNumber","createuser_profiles","createuser_userName","createuser_boUserManagementFlag","createuser_userType","updateUser_allianceCode","updateUser_boUserManagementFlag","updateUser_emailAddress","updateUser_firstName","updateUser_languageCode","updateUser_lastName","updateUser_merchantList","updateUser_mobileNumber","updateUser_phoneNumber","updateUser_profiles","updateUser_sendEmailNotification","updateUser_sendNewsletter","updateUser_userName","cashadvanceoffers_accountManager","cashadvanceoffers_address","cashadvanceoffers_agreementNumber","cashadvanceoffers_commisionPercentage","cashadvanceoffers_dailyRepaymentPercentage","cashadvanceoffers_emails","cashadvanceoffers_endDate","cashadvanceoffers_fdpDepartment","cashadvanceoffers_maxLoanAmount","cashadvanceoffers_merchantName","cashadvanceoffers_minLoanAmount","cashadvanceoffers_phoneNumbers","cashadvanceoffers_repaymentPeriod","cashadvanceoffers_startDate","cashadvanceoffers_taxId","cashadvanceoffers_fileName","migrateUsers_allianceCode","migrateUsers_answer1","migrateUsers_answer2","migrateUsers_answer3","migrateUsers_emailAddress","migrateUsers_firstName","migrateUsers_languageCode","migrateUsers_lastName","migrateUsers_merchantIds","migrateUsers_mobileNumber","migrateUsers_phoneNumber","migrateUsers_profiles","migrateUsers_userName","migrateUsers_userType","migrateUsers_uploadTimestamp"],"rows":[{"values":["TC01","","/MerchantApiWeb/rest/applicationInfo","","","","success","","","","","","","","","","","","","","","","","","","","","","","","","","","","","","","","","","","","","","","","","","","","","","","","","","","","","","","","","","","","","","","","","","","","","","","","","","","","","","","","","","","","","","","","","","","","","","","","","","","","","","","","","","","","","","","","","","","","","","","","","","","","","","","","","","","","","","","","","","","","","","","","","","","","","","","","","","","","","","","","","","","","","","","","",""],"result":"SUCCESS"}],"predefinedRows":true,"dataSetDescriptors":[{"startRow":0,"rowCount":0,"name":"","description":""}]},"manual":false,"testSource":"Cucumber","result":"SUCCESS"}