{"name":"Verify the api retrieves the terminal details as per merchant input for the current logged in user","testSteps":[{"number":1,"description":"[1] {report\u003dTC01, logindomain\u003d/MerchantApiWeb/authenticateUser, domainurl\u003d/MerchantApiWeb/rest/secure/merchant/hierarchy/terminal, status\u003dsuccess, Message\u003d, ErrorCode\u003d, userName\u003dvarunbo007, password\u003dPassword@3, allianceCode\u003dBCN, AuthErrMessage\u003d, Authaccessdenied\u003d, AuthErrCause\u003d, currency\u003d, userType\u003d, pageNumber\u003d, accountStatus\u003d, profile\u003d, firstName\u003d, lastName\u003d, itrcount\u003d, validateuserName\u003d, pseudoUserName\u003d, merchId\u003d428759855, messageId\u003d, terminalBatchNumId\u003d, reasonForBlock\u003d, blockusername\u003d, fromDate\u003d, toDate\u003d}","duration":21930,"startTime":1512037310513,"result":"SUCCESS","children":[{"number":2,"description":"Given load request for getTerminalDetails \"/MerchantApiWeb/authenticateUser\" and \"/MerchantApiWeb/rest/secure/merchant/hierarchy/terminal\" and \"TC01\" and \"varunbo007\" and \"Password@3\" and \"BCN\"","duration":11653,"startTime":1512037310546,"result":"SUCCESS","children":[{"number":3,"description":"Loadgetrequestdata: https://uat1.merchantportal.firstdata.eu/MerchantApiWeb/authenticateUser","duration":0,"startTime":1512037310626,"result":"SUCCESS"},{"number":4,"description":"Postrequest authenticate user: https://uat1.merchantportal.firstdata.eu/MerchantApiWeb/authenticateUser, varunbo007, Password@3, BCN","duration":11518,"startTime":1512037310628,"result":"SUCCESS"},{"number":5,"description":"Loadgetrequestdata uniqueauthentication: https://uat1.merchantportal.firstdata.eu/MerchantApiWeb/rest/secure/merchant/hierarchy/terminal","duration":0,"startTime":1512037322163,"result":"SUCCESS"}]},{"number":6,"description":"When post get request for getTerminalDetails \"428759855\"","duration":10119,"startTime":1512037322199,"result":"SUCCESS","children":[{"number":7,"description":"Post GET request get terminal details: https://uat1.merchantportal.firstdata.eu/MerchantApiWeb/rest/secure/merchant/hierarchy/terminal, 428759855","duration":10039,"startTime":1512037322222,"result":"SUCCESS"}]},{"number":8,"description":"Then verify getTerminalDetails response status \"success\" and \"\" and \"\" and \"\" and \"\" and \"\"","duration":125,"startTime":1512037332318,"result":"SUCCESS","children":[{"number":9,"description":"Verify Response","duration":70,"startTime":1512037332329,"result":"SUCCESS"}]}]}],"userStory":{"id":"merchant-portal-application-api-validation","storyName":"Merchant Portal application API validation","path":"Testupdate.feature","type":"feature"},"featureTag":{"name":"Merchant Portal application API validation","type":"feature"},"title":"Verify the api retrieves the terminal details as per merchant input for the current logged in user","description":"","tags":[{"name":"getTerminalDetails","type":"tag"}],"startTime":1512037310513,"duration":21930,"dataTable":{"headers":["report","logindomain","domainurl","status","Message","ErrorCode","userName","password","allianceCode","AuthErrMessage","Authaccessdenied","AuthErrCause","currency","userType","pageNumber","accountStatus","profile","firstName","lastName","itrcount","validateuserName","pseudoUserName","merchId","messageId","terminalBatchNumId","reasonForBlock","blockusername","fromDate","toDate"],"rows":[{"values":["TC01","/MerchantApiWeb/authenticateUser","/MerchantApiWeb/rest/secure/merchant/hierarchy/terminal","success","","","varunbo007","Password@3","BCN","","","","","","","","","","","","","","428759855","","","","","",""],"result":"SUCCESS"}],"predefinedRows":true,"dataSetDescriptors":[{"startRow":0,"rowCount":0,"name":"","description":""}]},"manual":false,"testSource":"Cucumber","result":"SUCCESS"}