{"name":"Verify the api retrieves the terminal details as per merchant input for the current logged in user","testSteps":[{"number":1,"description":"[1] {report\u003dTC01, logindomain\u003d/MerchantApiWeb/authenticateUser, domainurl\u003d/MerchantApiWeb/rest/secure/merchant/hierarchy/terminal, status\u003dsuccess, Message\u003d, ErrorCode\u003d, userName\u003dTestAutomationBCO7, password\u003dPassword@1, allianceCode\u003dBCN, AuthErrMessage\u003d, Authaccessdenied\u003d, AuthErrCause\u003d, currency\u003d, userType\u003d, pageNumber\u003d, accountStatus\u003d, profile\u003d, firstName\u003d, lastName\u003d, profiles_Accessdata\u003d, Dictionary_category\u003d, Dictionary_code\u003d, Dictionary_languagecode\u003d, documentfolder\u003d, documentId\u003d, merchId\u003d428759855}","duration":14145,"startTime":1514877089887,"result":"SUCCESS","children":[{"number":2,"description":"Given load request for getTerminalDetails \"/MerchantApiWeb/authenticateUser\" and \"/MerchantApiWeb/rest/secure/merchant/hierarchy/terminal\" and \"TC01\" and \"TestAutomationBCO7\" and \"Password@1\" and \"BCN\"","duration":9859,"startTime":1514877090933,"result":"SUCCESS","children":[{"number":3,"description":"Loadgetrequestdata: https://uat1.merchantportal.firstdata.eu/MerchantApiWeb/authenticateUser","duration":17,"startTime":1514877091280,"result":"SUCCESS"},{"number":4,"description":"Postrequest authenticate user: https://uat1.merchantportal.firstdata.eu/MerchantApiWeb/authenticateUser, TestAutomationBCO7, Password@1, BCN","duration":9428,"startTime":1514877091307,"result":"SUCCESS"},{"number":5,"description":"Loadgetrequestdata uniqueauthentication: https://uat1.merchantportal.firstdata.eu/MerchantApiWeb/rest/secure/merchant/hierarchy/terminal","duration":2,"startTime":1514877100752,"result":"SUCCESS"}]},{"number":6,"description":"When post get request for getTerminalDetails \"428759855\"","duration":2057,"startTime":1514877100793,"result":"SUCCESS","children":[{"number":7,"description":"Post GET request get terminal details: https://uat1.merchantportal.firstdata.eu/MerchantApiWeb/rest/secure/merchant/hierarchy/terminal, 428759855","duration":1861,"startTime":1514877100854,"result":"SUCCESS"}]},{"number":8,"description":"Then verify getTerminalDetails response status \"success\" and \"\" and \"\" and \"\" and \"\" and \"\"","duration":1181,"startTime":1514877102851,"result":"SUCCESS","children":[{"number":9,"description":"Verify Response","duration":1021,"startTime":1514877102873,"result":"SUCCESS"}]}]}],"userStory":{"id":"merchant-portal-application-api-validation","storyName":"Merchant Portal application API validation","path":"APIupdate.feature","type":"feature"},"featureTag":{"name":"Merchant Portal application API validation","type":"feature"},"title":"Verify the api retrieves the terminal details as per merchant input for the current logged in user","description":"","tags":[{"name":"getTerminalDetails","type":"tag"}],"startTime":1514877089706,"duration":14327,"dataTable":{"headers":["report","logindomain","domainurl","status","Message","ErrorCode","userName","password","allianceCode","AuthErrMessage","Authaccessdenied","AuthErrCause","currency","userType","pageNumber","accountStatus","profile","firstName","lastName","profiles_Accessdata","Dictionary_category","Dictionary_code","Dictionary_languagecode","documentfolder","documentId","merchId"],"rows":[{"values":["TC01","/MerchantApiWeb/authenticateUser","/MerchantApiWeb/rest/secure/merchant/hierarchy/terminal","success","","","TestAutomationBCO7","Password@1","BCN","","","","","","","","","","","","","","","","","428759855"],"result":"SUCCESS"}],"predefinedRows":true,"dataSetDescriptors":[{"startRow":0,"rowCount":0,"name":"","description":""}]},"manual":false,"testSource":"Cucumber","result":"SUCCESS"}