{"name":"Verify the api retrieves the details of the batches for the impersonated user","testSteps":[{"number":1,"description":"[1] {report\u003dTC01, logindomain\u003d/MerchantApiWeb/authenticateUser, domainurl\u003d/MerchantApiWeb/rest/secure/user/financialData/batch/getBatchDetails, status\u003dsuccess, Message\u003d, ErrorCode\u003d, userName\u003dBetterCallFDP, password\u003dPassword@3, allianceCode\u003dFDP, AuthErrMessage\u003d, Authaccessdenied\u003d, AuthErrCause\u003d, currency\u003dPLN, userType\u003d, pageNumber\u003d, accountStatus\u003d, profile\u003d, firstName\u003d, lastName\u003d, itrcount\u003d, validateuserName\u003d, pseudoUserName\u003dTheBatman, merchId\u003d, messageId\u003d, terminalBatchNumId\u003d8366009, reasonForBlock\u003d, blockusername\u003d, fromDate\u003d, toDate\u003d}","duration":13523,"startTime":1512037415515,"result":"SUCCESS","children":[{"number":2,"description":"Given load request for getBatchDetailsImpersonation \"/MerchantApiWeb/authenticateUser\" and \"/MerchantApiWeb/rest/secure/user/financialData/batch/getBatchDetails\" and \"TC01\" and \"BetterCallFDP\" and \"Password@3\" and \"FDP\"","duration":1310,"startTime":1512037415536,"result":"SUCCESS","children":[{"number":3,"description":"Loadgetrequestdata: https://uat1.merchantportal.firstdata.eu/MerchantApiWeb/authenticateUser","duration":1,"startTime":1512037415666,"result":"SUCCESS"},{"number":4,"description":"Postrequest authenticate user: https://uat1.merchantportal.firstdata.eu/MerchantApiWeb/authenticateUser, BetterCallFDP, Password@3, FDP","duration":1143,"startTime":1512037415668,"result":"SUCCESS"},{"number":5,"description":"Loadgetrequestdata uniqueauthentication: https://uat1.merchantportal.firstdata.eu/MerchantApiWeb/rest/secure/user/financialData/batch/getBatchDetails","duration":1,"startTime":1512037416822,"result":"SUCCESS"}]},{"number":6,"description":"When post get request for getBatchDetailsImpersonation \"PLN\" and \"8366009\" and \"TheBatman\"","duration":12103,"startTime":1512037416846,"result":"SUCCESS","children":[{"number":7,"description":"Post GET request get batch details impersonation: https://uat1.merchantportal.firstdata.eu/MerchantApiWeb/rest/secure/user/financialData/batch/getBatchDetails, PLN, 8366009, TheBatman","duration":12036,"startTime":1512037416860,"result":"SUCCESS"}]},{"number":8,"description":"Then verify getBatchDetailsImpersonation response status \"success\" and \"\" and \"\" and \"\" and \"\" and \"\"","duration":88,"startTime":1512037428950,"result":"SUCCESS","children":[{"number":9,"description":"Verify Response","duration":17,"startTime":1512037428962,"result":"SUCCESS"}]}]},{"number":10,"description":"[1] {report\u003dTC02, logindomain\u003d/MerchantApiWeb/authenticateUser, domainurl\u003d/MerchantApiWeb/rest/secure/user/financialData/batch/getBatchDetails, status\u003derror, Message\u003dplease enter a valid currency, ErrorCode\u003dMPVE00075, userName\u003dBetterCallFDP, password\u003dPassword@3, allianceCode\u003dFDP, AuthErrMessage\u003d, Authaccessdenied\u003d, AuthErrCause\u003d, currency\u003dabc, userType\u003d, pageNumber\u003d, accountStatus\u003d, profile\u003d, firstName\u003d, lastName\u003d, itrcount\u003d, validateuserName\u003d, pseudoUserName\u003dTheBatman, merchId\u003d, messageId\u003d, terminalBatchNumId\u003d8366009, reasonForBlock\u003d, blockusername\u003d, fromDate\u003d, toDate\u003d}","duration":2586,"startTime":1512037429282,"result":"SUCCESS","children":[{"number":11,"description":"Given load request for getBatchDetailsImpersonation \"/MerchantApiWeb/authenticateUser\" and \"/MerchantApiWeb/rest/secure/user/financialData/batch/getBatchDetails\" and \"TC02\" and \"BetterCallFDP\" and \"Password@3\" and \"FDP\"","duration":1371,"startTime":1512037429295,"result":"SUCCESS","children":[{"number":12,"description":"Loadgetrequestdata: https://uat1.merchantportal.firstdata.eu/MerchantApiWeb/authenticateUser","duration":0,"startTime":1512037429360,"result":"SUCCESS"},{"number":13,"description":"Postrequest authenticate user: https://uat1.merchantportal.firstdata.eu/MerchantApiWeb/authenticateUser, BetterCallFDP, Password@3, FDP","duration":1261,"startTime":1512037429360,"result":"SUCCESS"},{"number":14,"description":"Loadgetrequestdata uniqueauthentication: https://uat1.merchantportal.firstdata.eu/MerchantApiWeb/rest/secure/user/financialData/batch/getBatchDetails","duration":1,"startTime":1512037430634,"result":"SUCCESS"}]},{"number":15,"description":"When post get request for getBatchDetailsImpersonation \"abc\" and \"8366009\" and \"TheBatman\"","duration":962,"startTime":1512037430667,"result":"SUCCESS","children":[{"number":16,"description":"Post GET request get batch details impersonation: https://uat1.merchantportal.firstdata.eu/MerchantApiWeb/rest/secure/user/financialData/batch/getBatchDetails, abc, 8366009, TheBatman","duration":881,"startTime":1512037430687,"result":"SUCCESS"}]},{"number":17,"description":"Then verify getBatchDetailsImpersonation response status \"error\" and \"MPVE00075\" and \"please enter a valid currency\" and \"\" and \"\" and \"\"","duration":239,"startTime":1512037431629,"result":"SUCCESS","children":[{"number":18,"description":"Verify Response","duration":99,"startTime":1512037431641,"result":"SUCCESS"}]}]},{"number":19,"description":"[1] {report\u003dTC03, logindomain\u003d/MerchantApiWeb/authenticateUser, domainurl\u003d/MerchantApiWeb/rest/secure/user/financialData/batch/getBatchDetails, status\u003derror, Message\u003dCurrency can\u0027t be empty, ErrorCode\u003dMPVE00076, userName\u003dBetterCallFDP, password\u003dPassword@3, allianceCode\u003dFDP, AuthErrMessage\u003d, Authaccessdenied\u003d, AuthErrCause\u003d, currency\u003d, userType\u003d, pageNumber\u003d, accountStatus\u003d, profile\u003d, firstName\u003d, lastName\u003d, itrcount\u003d, validateuserName\u003d, pseudoUserName\u003dTheBatman, merchId\u003d, messageId\u003d, terminalBatchNumId\u003d8366009, reasonForBlock\u003d, blockusername\u003d, fromDate\u003d, toDate\u003d}","duration":2487,"startTime":1512037432073,"result":"SUCCESS","children":[{"number":20,"description":"Given load request for getBatchDetailsImpersonation \"/MerchantApiWeb/authenticateUser\" and \"/MerchantApiWeb/rest/secure/user/financialData/batch/getBatchDetails\" and \"TC03\" and \"BetterCallFDP\" and \"Password@3\" and \"FDP\"","duration":1384,"startTime":1512037432114,"result":"SUCCESS","children":[{"number":21,"description":"Loadgetrequestdata: https://uat1.merchantportal.firstdata.eu/MerchantApiWeb/authenticateUser","duration":0,"startTime":1512037432184,"result":"SUCCESS"},{"number":22,"description":"Postrequest authenticate user: https://uat1.merchantportal.firstdata.eu/MerchantApiWeb/authenticateUser, BetterCallFDP, Password@3, FDP","duration":1282,"startTime":1512037432184,"result":"SUCCESS"},{"number":23,"description":"Loadgetrequestdata uniqueauthentication: https://uat1.merchantportal.firstdata.eu/MerchantApiWeb/rest/secure/user/financialData/batch/getBatchDetails","duration":0,"startTime":1512037433474,"result":"SUCCESS"}]},{"number":24,"description":"When post get request for getBatchDetailsImpersonation \"\" and \"8366009\" and \"TheBatman\"","duration":872,"startTime":1512037433499,"result":"SUCCESS","children":[{"number":25,"description":"Post GET request get batch details impersonation: https://uat1.merchantportal.firstdata.eu/MerchantApiWeb/rest/secure/user/financialData/batch/getBatchDetails, , 8366009, TheBatman","duration":805,"startTime":1512037433511,"result":"SUCCESS"}]},{"number":26,"description":"Then verify getBatchDetailsImpersonation response status \"error\" and \"MPVE00076\" and \"Currency can\u0027t be empty\" and \"\" and \"\" and \"\"","duration":189,"startTime":1512037434371,"result":"SUCCESS","children":[{"number":27,"description":"Verify Response","duration":36,"startTime":1512037434383,"result":"SUCCESS"}]}]},{"number":28,"description":"[1] {report\u003dTC04, logindomain\u003d/MerchantApiWeb/authenticateUser, domainurl\u003d/MerchantApiWeb/rest/secure/user/financialData/batch/getBatchDetails, status\u003derror, Message\u003dBatch Id can\u0027t be empty, ErrorCode\u003dMPVE00095, userName\u003dBetterCallFDP, password\u003dPassword@3, allianceCode\u003dFDP, AuthErrMessage\u003d, Authaccessdenied\u003d, AuthErrCause\u003d, currency\u003dPLN, userType\u003d, pageNumber\u003d, accountStatus\u003d, profile\u003d, firstName\u003d, lastName\u003d, itrcount\u003d, validateuserName\u003d, pseudoUserName\u003dTheBatman, merchId\u003d, messageId\u003d, terminalBatchNumId\u003d, reasonForBlock\u003d, blockusername\u003d, fromDate\u003d, toDate\u003d}","duration":2247,"startTime":1512037434771,"result":"SUCCESS","children":[{"number":29,"description":"Given load request for getBatchDetailsImpersonation \"/MerchantApiWeb/authenticateUser\" and \"/MerchantApiWeb/rest/secure/user/financialData/batch/getBatchDetails\" and \"TC04\" and \"BetterCallFDP\" and \"Password@3\" and \"FDP\"","duration":1164,"startTime":1512037434783,"result":"SUCCESS","children":[{"number":30,"description":"Loadgetrequestdata: https://uat1.merchantportal.firstdata.eu/MerchantApiWeb/authenticateUser","duration":1,"startTime":1512037434856,"result":"SUCCESS"},{"number":31,"description":"Postrequest authenticate user: https://uat1.merchantportal.firstdata.eu/MerchantApiWeb/authenticateUser, BetterCallFDP, Password@3, FDP","duration":1053,"startTime":1512037434858,"result":"SUCCESS"},{"number":32,"description":"Loadgetrequestdata uniqueauthentication: https://uat1.merchantportal.firstdata.eu/MerchantApiWeb/rest/secure/user/financialData/batch/getBatchDetails","duration":1,"startTime":1512037435920,"result":"SUCCESS"}]},{"number":33,"description":"When post get request for getBatchDetailsImpersonation \"PLN\" and \"\" and \"TheBatman\"","duration":889,"startTime":1512037435947,"result":"SUCCESS","children":[{"number":34,"description":"Post GET request get batch details impersonation: https://uat1.merchantportal.firstdata.eu/MerchantApiWeb/rest/secure/user/financialData/batch/getBatchDetails, PLN, , TheBatman","duration":811,"startTime":1512037435960,"result":"SUCCESS"}]},{"number":35,"description":"Then verify getBatchDetailsImpersonation response status \"error\" and \"MPVE00095\" and \"Batch Id can\u0027t be empty\" and \"\" and \"\" and \"\"","duration":182,"startTime":1512037436836,"result":"SUCCESS","children":[{"number":36,"description":"Verify Response","duration":38,"startTime":1512037436851,"result":"SUCCESS"}]}]}],"userStory":{"id":"merchant-portal-application-api-validation","storyName":"Merchant Portal application API validation","path":"Testupdate.feature","type":"feature"},"featureTag":{"name":"Merchant Portal application API validation","type":"feature"},"title":"Verify the api retrieves the details of the batches for the impersonated user","description":"","tags":[{"name":"getBatchDetailsImpersonation","type":"tag"}],"startTime":1512037415515,"duration":21503,"dataTable":{"headers":["report","logindomain","domainurl","status","Message","ErrorCode","userName","password","allianceCode","AuthErrMessage","Authaccessdenied","AuthErrCause","currency","userType","pageNumber","accountStatus","profile","firstName","lastName","itrcount","validateuserName","pseudoUserName","merchId","messageId","terminalBatchNumId","reasonForBlock","blockusername","fromDate","toDate"],"rows":[{"values":["TC01","/MerchantApiWeb/authenticateUser","/MerchantApiWeb/rest/secure/user/financialData/batch/getBatchDetails","success","","","BetterCallFDP","Password@3","FDP","","","","PLN","","","","","","","","","TheBatman","","","8366009","","","",""],"result":"SUCCESS"},{"values":["TC02","/MerchantApiWeb/authenticateUser","/MerchantApiWeb/rest/secure/user/financialData/batch/getBatchDetails","error","please enter a valid currency","MPVE00075","BetterCallFDP","Password@3","FDP","","","","abc","","","","","","","","","TheBatman","","","8366009","","","",""],"result":"SUCCESS"},{"values":["TC03","/MerchantApiWeb/authenticateUser","/MerchantApiWeb/rest/secure/user/financialData/batch/getBatchDetails","error","Currency can\u0027t be empty","MPVE00076","BetterCallFDP","Password@3","FDP","","","","","","","","","","","","","TheBatman","","","8366009","","","",""],"result":"SUCCESS"},{"values":["TC04","/MerchantApiWeb/authenticateUser","/MerchantApiWeb/rest/secure/user/financialData/batch/getBatchDetails","error","Batch Id can\u0027t be empty","MPVE00095","BetterCallFDP","Password@3","FDP","","","","PLN","","","","","","","","","TheBatman","","","","","","",""],"result":"SUCCESS"}],"predefinedRows":true,"dataSetDescriptors":[{"startRow":0,"rowCount":0,"name":"","description":""}]},"manual":false,"testSource":"Cucumber","result":"SUCCESS"}