{"name":"Verify the api retrieves the details of the cashadvance offers","testSteps":[{"number":1,"description":"[1] {report\u003dTC01, logindomain\u003d/MerchantApiWeb/authenticateUser, domainurl\u003d/MerchantApiWeb/rest/secure/user/cashadvance/offer, status\u003dsuccess, Message\u003d, ErrorCode\u003d, userName\u003dTestClerk11, password\u003dPass123!, allianceCode\u003dFDP, AuthErrMessage\u003d, Authaccessdenied\u003d, AuthErrCause\u003d, currency\u003dPLN, userType\u003d, pageNumber\u003d1, accountStatus\u003d, profile\u003d, firstName\u003d, lastName\u003d, period\u003d, fileType\u003dCSV, delimiter\u003d,, terminalBatchNumId\u003d8366009, startDate\u003d, endDate\u003d}","duration":10565,"startTime":1514878024458,"result":"SUCCESS","children":[{"number":2,"description":"Given load request for cashadvanceoffer \"/MerchantApiWeb/authenticateUser\" and \"/MerchantApiWeb/rest/secure/user/cashadvance/offer\" and \"TC01\" and \"TestClerk11\" and \"Pass123!\" and \"FDP\"","duration":8025,"startTime":1514878025354,"result":"SUCCESS","children":[{"number":3,"description":"Loadgetrequestdata: https://uat1.merchantportal.firstdata.eu/MerchantApiWeb/authenticateUser","duration":18,"startTime":1514878025630,"result":"SUCCESS"},{"number":4,"description":"Postrequest authenticate user: https://uat1.merchantportal.firstdata.eu/MerchantApiWeb/authenticateUser, TestClerk11, Pass123!, FDP","duration":7658,"startTime":1514878025656,"result":"SUCCESS"},{"number":5,"description":"Loadgetrequestdata uniqueauthentication: https://uat1.merchantportal.firstdata.eu/MerchantApiWeb/rest/secure/user/cashadvance/offer","duration":2,"startTime":1514878033350,"result":"SUCCESS"}]},{"number":6,"description":"When post get request for cashadvanceoffer","duration":1032,"startTime":1514878033383,"result":"SUCCESS","children":[{"number":7,"description":"Post GET request cashadvanceoffer: https://uat1.merchantportal.firstdata.eu/MerchantApiWeb/rest/secure/user/cashadvance/offer","duration":940,"startTime":1514878033403,"result":"SUCCESS"}]},{"number":8,"description":"Then verify cashadvanceoffer response status \"success\" and \"\" and \"\" and \"\" and \"\" and \"\"","duration":607,"startTime":1514878034416,"exception":{"errorType":"java.lang.NullPointerException","stackTrace":[{"declaringClass":"api.ValidateRequest","methodName":"verifyresponse","fileName":"ValidateRequest.java","lineNumber":355},{"declaringClass":"stepdefinitions.Apidefinitions","methodName":"verify_cashadvanceoffer_response_status","fileName":"Apidefinitions.java","lineNumber":4328},{"declaringClass":"✽","methodName":"Then verify cashadvanceoffer response status \"success\" and \"\" and \"\" and \"\" and \"\" and \"\"","fileName":"APIupdate.feature","lineNumber":518}]},"result":"ERROR","children":[{"number":9,"description":"Verify Response","duration":574,"startTime":1514878034432,"exception":{"errorType":"java.lang.NullPointerException","stackTrace":[{"declaringClass":"api.ValidateRequest","methodName":"verifyresponse","fileName":"ValidateRequest.java","lineNumber":355},{"declaringClass":"stepdefinitions.Apidefinitions","methodName":"verify_cashadvanceoffer_response_status","fileName":"Apidefinitions.java","lineNumber":4328},{"declaringClass":"org.eclipse.jdt.internal.junit4.runner.JUnit4TestReference","methodName":"run","fileName":"JUnit4TestReference.java","lineNumber":86},{"declaringClass":"org.eclipse.jdt.internal.junit.runner.TestExecution","methodName":"run","fileName":"TestExecution.java","lineNumber":38},{"declaringClass":"org.eclipse.jdt.internal.junit.runner.RemoteTestRunner","methodName":"runTests","fileName":"RemoteTestRunner.java","lineNumber":459},{"declaringClass":"org.eclipse.jdt.internal.junit.runner.RemoteTestRunner","methodName":"runTests","fileName":"RemoteTestRunner.java","lineNumber":675},{"declaringClass":"org.eclipse.jdt.internal.junit.runner.RemoteTestRunner","methodName":"run","fileName":"RemoteTestRunner.java","lineNumber":382},{"declaringClass":"org.eclipse.jdt.internal.junit.runner.RemoteTestRunner","methodName":"main","fileName":"RemoteTestRunner.java","lineNumber":192}]},"result":"ERROR"}]}]}],"userStory":{"id":"merchant-portal-application-api-validation","storyName":"Merchant Portal application API validation","path":"APIupdate.feature","type":"feature"},"featureTag":{"name":"Merchant Portal application API validation","type":"feature"},"title":"Verify the api retrieves the details of the cashadvance offers","description":"","tags":[{"name":"cashadvanceoffer","type":"tag"}],"startTime":1514878024350,"duration":10673,"testFailureCause":{"errorType":"java.lang.NullPointerException","stackTrace":[{"declaringClass":"api.ValidateRequest","methodName":"verifyresponse","fileName":"ValidateRequest.java","lineNumber":355},{"declaringClass":"stepdefinitions.Apidefinitions","methodName":"verify_cashadvanceoffer_response_status","fileName":"Apidefinitions.java","lineNumber":4328},{"declaringClass":"org.eclipse.jdt.internal.junit4.runner.JUnit4TestReference","methodName":"run","fileName":"JUnit4TestReference.java","lineNumber":86},{"declaringClass":"org.eclipse.jdt.internal.junit.runner.TestExecution","methodName":"run","fileName":"TestExecution.java","lineNumber":38},{"declaringClass":"org.eclipse.jdt.internal.junit.runner.RemoteTestRunner","methodName":"runTests","fileName":"RemoteTestRunner.java","lineNumber":459},{"declaringClass":"org.eclipse.jdt.internal.junit.runner.RemoteTestRunner","methodName":"runTests","fileName":"RemoteTestRunner.java","lineNumber":675},{"declaringClass":"org.eclipse.jdt.internal.junit.runner.RemoteTestRunner","methodName":"run","fileName":"RemoteTestRunner.java","lineNumber":382},{"declaringClass":"org.eclipse.jdt.internal.junit.runner.RemoteTestRunner","methodName":"main","fileName":"RemoteTestRunner.java","lineNumber":192}]},"testFailureClassname":"java.lang.AssertionError","testFailureMessage":"null\r\nnull","annotatedResult":"ERROR","dataTable":{"headers":["report","logindomain","domainurl","status","Message","ErrorCode","userName","password","allianceCode","AuthErrMessage","Authaccessdenied","AuthErrCause","currency","userType","pageNumber","accountStatus","profile","firstName","lastName","period","fileType","delimiter","terminalBatchNumId","startDate","endDate"],"rows":[{"values":["TC01","/MerchantApiWeb/authenticateUser","/MerchantApiWeb/rest/secure/user/cashadvance/offer","success","","","TestClerk11","Pass123!","FDP","","","","PLN","","1","","","","","","CSV",",","8366009","",""],"result":"ERROR"}],"predefinedRows":true,"dataSetDescriptors":[{"startRow":0,"rowCount":0,"name":"","description":""}]},"manual":false,"testSource":"Cucumber","result":"ERROR"}