{"name":"Verify the authentication of the merchant user to merchant portal","testSteps":[{"number":1,"description":"[1] {report\u003dTC08, domainurl\u003d/MerchantApiWeb/authenticateUser, status\u003dsuccess, Message\u003d, ErrorCode\u003dnull, userName\u003dTestAutomation20, password\u003dPassword@1, allianceCode\u003dEMS, AuthErrMessage\u003d, Authaccessdenied\u003d, AuthErrCause\u003d, currency\u003d, userType\u003d, pageNumber\u003d, accountStatus\u003d, profile\u003d, firstName\u003d, lastName\u003d, itrcount\u003d0}","duration":7025,"startTime":1514869934663,"result":"SUCCESS","children":[{"number":2,"description":"Given load request for user authentication \"/MerchantApiWeb/authenticateUser\" and \"TC08\"","duration":245,"startTime":1514869934711,"result":"SUCCESS","children":[{"number":3,"description":"Loadgetrequestdata: https://uat1.merchantportal.firstdata.eu/MerchantApiWeb/authenticateUser","duration":2,"startTime":1514869934917,"result":"SUCCESS"}]},{"number":4,"description":"When post request for user authentication \"TestAutomation20\" and \"Password@1\" and \"EMS\" and \"null\" and \"0\"","duration":6599,"startTime":1514869934959,"result":"SUCCESS","children":[{"number":5,"description":"Postrequest authenticate user: https://uat1.merchantportal.firstdata.eu/MerchantApiWeb/authenticateUser, TestAutomation20, Password@1, EMS","duration":6496,"startTime":1514869934979,"result":"SUCCESS"}]},{"number":6,"description":"Then verify user authentication response \"success\" and \"null\" and \"\" and \"\" and \"\" and \"\"","duration":128,"startTime":1514869941560,"result":"SUCCESS","children":[{"number":7,"description":"Verify Response","duration":41,"startTime":1514869941582,"result":"SUCCESS"}]}]}],"userStory":{"id":"merchant-portal-application-api-validation","storyName":"Merchant Portal application API validation","path":"APIupdate.feature","type":"feature"},"featureTag":{"name":"Merchant Portal application API validation","type":"feature"},"title":"Verify the authentication of the merchant user to merchant portal","description":"","tags":[{"name":"authenticateUser","type":"tag"}],"startTime":1514869934649,"duration":7039,"dataTable":{"headers":["report","domainurl","status","Message","ErrorCode","userName","password","allianceCode","AuthErrMessage","Authaccessdenied","AuthErrCause","currency","userType","pageNumber","accountStatus","profile","firstName","lastName","itrcount"],"rows":[{"values":["TC08","/MerchantApiWeb/authenticateUser","success","","null","TestAutomation20","Password@1","EMS","","","","","","","","","","","0"],"result":"SUCCESS"}],"predefinedRows":true,"dataSetDescriptors":[{"startRow":0,"rowCount":0,"name":"","description":""}]},"manual":false,"testSource":"Cucumber","result":"SUCCESS"}