{"name":"Verify the api retrieves the details of the device list for the impersonated user","testSteps":[{"number":1,"description":"[1] {report\u003dTC01, logindomain\u003d/MerchantApiWeb/authenticateUser, domainurl\u003d/MerchantApiWeb/rest/secure/impersonation/user/devices/getDeviceList, status\u003dsuccess, Message\u003d, ErrorCode\u003d, userName\u003dTestAutomationFDP3, password\u003dPassword@1, allianceCode\u003dFDP, AuthErrMessage\u003d, Authaccessdenied\u003d, AuthErrCause\u003d, currency\u003d, userType\u003d, pageNumber\u003d, accountStatus\u003d, profile\u003d, firstName\u003d, lastName\u003d, period\u003d, pseudoUserName\u003dTheBatman}","duration":5583,"startTime":1514870297245,"result":"SUCCESS","children":[{"number":2,"description":"Given load request for getDeviceList_Impersonation \"/MerchantApiWeb/authenticateUser\" and \"/MerchantApiWeb/rest/secure/impersonation/user/devices/getDeviceList\" and \"TC01\" and \"TestAutomationFDP3\" and \"Password@1\" and \"FDP\"","duration":3635,"startTime":1514870297262,"result":"SUCCESS","children":[{"number":3,"description":"Loadgetrequestdata: https://uat1.merchantportal.firstdata.eu/MerchantApiWeb/authenticateUser","duration":1,"startTime":1514870297356,"result":"SUCCESS"},{"number":4,"description":"Postrequest authenticate user: https://uat1.merchantportal.firstdata.eu/MerchantApiWeb/authenticateUser, TestAutomationFDP3, Password@1, FDP","duration":3488,"startTime":1514870297358,"result":"SUCCESS"},{"number":5,"description":"Loadgetrequestdata uniqueauthentication: https://uat1.merchantportal.firstdata.eu/MerchantApiWeb/rest/secure/impersonation/user/devices/getDeviceList","duration":1,"startTime":1514870300854,"result":"SUCCESS"}]},{"number":6,"description":"When post get request for getDeviceList_Impersonation \"TheBatman\"","duration":1660,"startTime":1514870300897,"result":"SUCCESS","children":[{"number":7,"description":"Post GET request get device list  impersonation: https://uat1.merchantportal.firstdata.eu/MerchantApiWeb/rest/secure/impersonation/user/devices/getDeviceList, TheBatman","duration":1545,"startTime":1514870300909,"result":"SUCCESS"}]},{"number":8,"description":"Then verify getDeviceList_Impersonation response status \"success\" and \"\" and \"\" and \"\" and \"\" and \"\"","duration":270,"startTime":1514870302558,"result":"SUCCESS","children":[{"number":9,"description":"Verify Response","duration":83,"startTime":1514870302570,"result":"SUCCESS"}]}]},{"number":10,"description":"[1] {report\u003dTC07, logindomain\u003d/MerchantApiWeb/authenticateUser, domainurl\u003d/MerchantApiWeb/rest/secure/impersonation/user/devices/getDeviceList, status\u003derror, Message\u003dUsername does not exist, ErrorCode\u003dMPBE00004, userName\u003dTestAutomationFDP3, password\u003dPassword@1, allianceCode\u003dFDP, AuthErrMessage\u003d, Authaccessdenied\u003d, AuthErrCause\u003d, currency\u003d, userType\u003d, pageNumber\u003d, accountStatus\u003d, profile\u003d, firstName\u003d, lastName\u003d, period\u003d, pseudoUserName\u003dTest2137612581}","duration":4483,"startTime":1514870306682,"result":"SUCCESS","children":[{"number":11,"description":"Given load request for getDeviceList_Impersonation \"/MerchantApiWeb/authenticateUser\" and \"/MerchantApiWeb/rest/secure/impersonation/user/devices/getDeviceList\" and \"TC07\" and \"TestAutomationFDP3\" and \"Password@1\" and \"FDP\"","duration":3165,"startTime":1514870306748,"result":"SUCCESS","children":[{"number":12,"description":"Loadgetrequestdata: https://uat1.merchantportal.firstdata.eu/MerchantApiWeb/authenticateUser","duration":0,"startTime":1514870306824,"result":"SUCCESS"},{"number":13,"description":"Postrequest authenticate user: https://uat1.merchantportal.firstdata.eu/MerchantApiWeb/authenticateUser, TestAutomationFDP3, Password@1, FDP","duration":3038,"startTime":1514870306826,"result":"SUCCESS"},{"number":14,"description":"Loadgetrequestdata uniqueauthentication: https://uat1.merchantportal.firstdata.eu/MerchantApiWeb/rest/secure/impersonation/user/devices/getDeviceList","duration":0,"startTime":1514870309873,"result":"SUCCESS"}]},{"number":15,"description":"When post get request for getDeviceList_Impersonation \"Test2137612581\"","duration":1036,"startTime":1514870309914,"result":"SUCCESS","children":[{"number":16,"description":"Post GET request get device list  impersonation: https://uat1.merchantportal.firstdata.eu/MerchantApiWeb/rest/secure/impersonation/user/devices/getDeviceList, Test2137612581","duration":973,"startTime":1514870309928,"result":"SUCCESS"}]},{"number":17,"description":"Then verify getDeviceList_Impersonation response status \"error\" and \"MPBE00004\" and \"Username does not exist\" and \"\" and \"\" and \"\"","duration":213,"startTime":1514870310951,"result":"SUCCESS","children":[{"number":18,"description":"Verify Response","duration":77,"startTime":1514870310964,"result":"SUCCESS"}]}]}],"userStory":{"id":"merchant-portal-application-api-validation","storyName":"Merchant Portal application API validation","path":"APIupdate.feature","type":"feature"},"featureTag":{"name":"Merchant Portal application API validation","type":"feature"},"title":"Verify the api retrieves the details of the device list for the impersonated user","description":"","tags":[{"name":"getDeviceListImpersonation","type":"tag"}],"startTime":1514870297244,"duration":13921,"dataTable":{"headers":["report","logindomain","domainurl","status","Message","ErrorCode","userName","password","allianceCode","AuthErrMessage","Authaccessdenied","AuthErrCause","currency","userType","pageNumber","accountStatus","profile","firstName","lastName","period","pseudoUserName"],"rows":[{"values":["TC01","/MerchantApiWeb/authenticateUser","/MerchantApiWeb/rest/secure/impersonation/user/devices/getDeviceList","success","","","TestAutomationFDP3","Password@1","FDP","","","","","","","","","","","","TheBatman"],"result":"SUCCESS"},{"values":["TC07","/MerchantApiWeb/authenticateUser","/MerchantApiWeb/rest/secure/impersonation/user/devices/getDeviceList","error","Username does not exist","MPBE00004","TestAutomationFDP3","Password@1","FDP","","","","","","","","","","","","Test2137612581"],"result":"SUCCESS"}],"predefinedRows":true,"dataSetDescriptors":[{"startRow":0,"rowCount":0,"name":"","description":""}]},"manual":false,"testSource":"Cucumber","result":"SUCCESS"}