{"name":"Verify the api retrieves the details of the device list by last upload date for the impersonated user","testSteps":[{"number":1,"description":"[1] {report\u003dTC01, logindomain\u003d/MerchantApiWeb/authenticateUser, domainurl\u003d/MerchantApiWeb/rest/secure/impersonation/user/getDeviceListByLastUploadDate, status\u003dsuccess, Message\u003d, ErrorCode\u003d, userName\u003dTestAutomationFDP3, password\u003dPassword@1, allianceCode\u003dFDP, AuthErrMessage\u003d, Authaccessdenied\u003d, AuthErrCause\u003d, currency\u003d, userType\u003d, pageNumber\u003d, accountStatus\u003d, profile\u003d, firstName\u003d, lastName\u003d, period\u003d, pseudoUserName\u003dTheBatman}","duration":5287,"startTime":1514870326264,"result":"SUCCESS","children":[{"number":2,"description":"Given load request for getDeviceListByLastUploadDateImpersonation \"/MerchantApiWeb/authenticateUser\" and \"/MerchantApiWeb/rest/secure/impersonation/user/getDeviceListByLastUploadDate\" and \"TC01\" and \"TestAutomationFDP3\" and \"Password@1\" and \"FDP\"","duration":3830,"startTime":1514870326282,"result":"SUCCESS","children":[{"number":3,"description":"Loadgetrequestdata: https://uat1.merchantportal.firstdata.eu/MerchantApiWeb/authenticateUser","duration":2,"startTime":1514870326356,"result":"SUCCESS"},{"number":4,"description":"Postrequest authenticate user: https://uat1.merchantportal.firstdata.eu/MerchantApiWeb/authenticateUser, TestAutomationFDP3, Password@1, FDP","duration":3711,"startTime":1514870326359,"result":"SUCCESS"},{"number":5,"description":"Loadgetrequestdata uniqueauthentication: https://uat1.merchantportal.firstdata.eu/MerchantApiWeb/rest/secure/impersonation/user/getDeviceListByLastUploadDate","duration":0,"startTime":1514870330088,"result":"SUCCESS"}]},{"number":6,"description":"When post get request for getDeviceListByLastUploadDateImpersonation \"TheBatman\"","duration":1338,"startTime":1514870330112,"result":"SUCCESS","children":[{"number":7,"description":"Post GET request get device list by last upload date impersonation: https://uat1.merchantportal.firstdata.eu/MerchantApiWeb/rest/secure/impersonation/user/getDeviceListByLastUploadDate, TheBatman","duration":1268,"startTime":1514870330128,"result":"SUCCESS"}]},{"number":8,"description":"Then verify getDeviceListByLastUploadDateImpersonation response status \"success\" and \"\" and \"\" and \"\" and \"\" and \"\"","duration":100,"startTime":1514870331451,"result":"SUCCESS","children":[{"number":9,"description":"Verify Response","duration":23,"startTime":1514870331462,"result":"SUCCESS"}]}]},{"number":10,"description":"[1] {report\u003dTC07, logindomain\u003d/MerchantApiWeb/authenticateUser, domainurl\u003d/MerchantApiWeb/rest/secure/impersonation/user/getDeviceListByLastUploadDate, status\u003derror, Message\u003dUsername does not exist, ErrorCode\u003dMPBE00004, userName\u003dTestAutomationFDP3, password\u003dPassword@1, allianceCode\u003dFDP, AuthErrMessage\u003d, Authaccessdenied\u003d, AuthErrCause\u003d, currency\u003d, userType\u003d, pageNumber\u003d, accountStatus\u003d, profile\u003d, firstName\u003d, lastName\u003d, period\u003d, pseudoUserName\u003dTest2137612581}","duration":4680,"startTime":1514870335749,"result":"SUCCESS","children":[{"number":11,"description":"Given load request for getDeviceListByLastUploadDateImpersonation \"/MerchantApiWeb/authenticateUser\" and \"/MerchantApiWeb/rest/secure/impersonation/user/getDeviceListByLastUploadDate\" and \"TC07\" and \"TestAutomationFDP3\" and \"Password@1\" and \"FDP\"","duration":3336,"startTime":1514870335765,"result":"SUCCESS","children":[{"number":12,"description":"Loadgetrequestdata: https://uat1.merchantportal.firstdata.eu/MerchantApiWeb/authenticateUser","duration":0,"startTime":1514870335848,"result":"SUCCESS"},{"number":13,"description":"Postrequest authenticate user: https://uat1.merchantportal.firstdata.eu/MerchantApiWeb/authenticateUser, TestAutomationFDP3, Password@1, FDP","duration":3217,"startTime":1514870335849,"result":"SUCCESS"},{"number":14,"description":"Loadgetrequestdata uniqueauthentication: https://uat1.merchantportal.firstdata.eu/MerchantApiWeb/rest/secure/impersonation/user/getDeviceListByLastUploadDate","duration":1,"startTime":1514870339075,"result":"SUCCESS"}]},{"number":15,"description":"When post get request for getDeviceListByLastUploadDateImpersonation \"Test2137612581\"","duration":1092,"startTime":1514870339102,"result":"SUCCESS","children":[{"number":16,"description":"Post GET request get device list by last upload date impersonation: https://uat1.merchantportal.firstdata.eu/MerchantApiWeb/rest/secure/impersonation/user/getDeviceListByLastUploadDate, Test2137612581","duration":1015,"startTime":1514870339115,"result":"SUCCESS"}]},{"number":17,"description":"Then verify getDeviceListByLastUploadDateImpersonation response status \"error\" and \"MPBE00004\" and \"Username does not exist\" and \"\" and \"\" and \"\"","duration":234,"startTime":1514870340195,"result":"SUCCESS","children":[{"number":18,"description":"Verify Response","duration":50,"startTime":1514870340207,"result":"SUCCESS"}]}]}],"userStory":{"id":"merchant-portal-application-api-validation","storyName":"Merchant Portal application API validation","path":"APIupdate.feature","type":"feature"},"featureTag":{"name":"Merchant Portal application API validation","type":"feature"},"title":"Verify the api retrieves the details of the device list by last upload date for the impersonated user","description":"","tags":[{"name":"getDeviceListByLastUploadDateImpersonation","type":"tag"}],"startTime":1514870326264,"duration":14165,"dataTable":{"headers":["report","logindomain","domainurl","status","Message","ErrorCode","userName","password","allianceCode","AuthErrMessage","Authaccessdenied","AuthErrCause","currency","userType","pageNumber","accountStatus","profile","firstName","lastName","period","pseudoUserName"],"rows":[{"values":["TC01","/MerchantApiWeb/authenticateUser","/MerchantApiWeb/rest/secure/impersonation/user/getDeviceListByLastUploadDate","success","","","TestAutomationFDP3","Password@1","FDP","","","","","","","","","","","","TheBatman"],"result":"SUCCESS"},{"values":["TC07","/MerchantApiWeb/authenticateUser","/MerchantApiWeb/rest/secure/impersonation/user/getDeviceListByLastUploadDate","error","Username does not exist","MPBE00004","TestAutomationFDP3","Password@1","FDP","","","","","","","","","","","","Test2137612581"],"result":"SUCCESS"}],"predefinedRows":true,"dataSetDescriptors":[{"startRow":0,"rowCount":0,"name":"","description":""}]},"manual":false,"testSource":"Cucumber","result":"SUCCESS"}