{"name":"Verify the api retrieves the details of the Invoice summary","testSteps":[{"number":1,"description":"[1] {report\u003dTC01, logindomain\u003d/MerchantApiWeb/authenticateUser, domainurl\u003d/MerchantApiWeb/rest/secure/user/financialData/invoice/getInvoiceSummary, status\u003dsuccess, Message\u003d, ErrorCode\u003d, userName\u003dTheBatman, password\u003dPass123!, allianceCode\u003dFDP, AuthErrMessage\u003d, Authaccessdenied\u003d, AuthErrCause\u003d, currency\u003dPLN, userType\u003d, pageNumber\u003d, accountStatus\u003d, profile\u003d, firstName\u003d, lastName\u003d, period\u003d}","duration":6989,"startTime":1514870251305,"result":"SUCCESS","children":[{"number":2,"description":"Given load request for getInvoiceSummary \"/MerchantApiWeb/authenticateUser\" and \"/MerchantApiWeb/rest/secure/user/financialData/invoice/getInvoiceSummary\" and \"TC01\" and \"TheBatman\" and \"Pass123!\" and \"FDP\"","duration":4556,"startTime":1514870251323,"result":"SUCCESS","children":[{"number":3,"description":"Loadgetrequestdata: https://uat1.merchantportal.firstdata.eu/MerchantApiWeb/authenticateUser","duration":1,"startTime":1514870251393,"result":"SUCCESS"},{"number":4,"description":"Postrequest authenticate user: https://uat1.merchantportal.firstdata.eu/MerchantApiWeb/authenticateUser, TheBatman, Pass123!, FDP","duration":4421,"startTime":1514870251395,"result":"SUCCESS"},{"number":5,"description":"Loadgetrequestdata uniqueauthentication: https://uat1.merchantportal.firstdata.eu/MerchantApiWeb/rest/secure/user/financialData/invoice/getInvoiceSummary","duration":1,"startTime":1514870255850,"result":"SUCCESS"}]},{"number":6,"description":"When post get request for getInvoiceSummary \"PLN\" and \"\"","duration":2231,"startTime":1514870255880,"result":"SUCCESS","children":[{"number":7,"description":"Post GET request get invoice summary: https://uat1.merchantportal.firstdata.eu/MerchantApiWeb/rest/secure/user/financialData/invoice/getInvoiceSummary, PLN, ","duration":2155,"startTime":1514870255892,"result":"SUCCESS"}]},{"number":8,"description":"Then verify getInvoiceSummary response status \"success\" and \"\" and \"\" and \"\" and \"\" and \"\"","duration":182,"startTime":1514870258111,"result":"SUCCESS","children":[{"number":9,"description":"Verify Response","duration":107,"startTime":1514870258127,"result":"SUCCESS"}]}]},{"number":10,"description":"[1] {report\u003dTC02, logindomain\u003d/MerchantApiWeb/authenticateUser, domainurl\u003d/MerchantApiWeb/rest/secure/user/financialData/invoice/getInvoiceSummary, status\u003derror, Message\u003dInvalid Date format, ErrorCode\u003dMPVE00051, userName\u003dTheBatman, password\u003dPass123!, allianceCode\u003dFDP, AuthErrMessage\u003d, Authaccessdenied\u003d, AuthErrCause\u003d, currency\u003dPLN, userType\u003d, pageNumber\u003d, accountStatus\u003d, profile\u003d, firstName\u003d, lastName\u003d, period\u003d201710-01}","duration":5193,"startTime":1514870262766,"result":"SUCCESS","children":[{"number":11,"description":"Given load request for getInvoiceSummary \"/MerchantApiWeb/authenticateUser\" and \"/MerchantApiWeb/rest/secure/user/financialData/invoice/getInvoiceSummary\" and \"TC02\" and \"TheBatman\" and \"Pass123!\" and \"FDP\"","duration":4026,"startTime":1514870262785,"result":"SUCCESS","children":[{"number":12,"description":"Loadgetrequestdata: https://uat1.merchantportal.firstdata.eu/MerchantApiWeb/authenticateUser","duration":1,"startTime":1514870262959,"result":"SUCCESS"},{"number":13,"description":"Postrequest authenticate user: https://uat1.merchantportal.firstdata.eu/MerchantApiWeb/authenticateUser, TheBatman, Pass123!, FDP","duration":3820,"startTime":1514870262961,"result":"SUCCESS"},{"number":14,"description":"Loadgetrequestdata uniqueauthentication: https://uat1.merchantportal.firstdata.eu/MerchantApiWeb/rest/secure/user/financialData/invoice/getInvoiceSummary","duration":1,"startTime":1514870266789,"result":"SUCCESS"}]},{"number":15,"description":"When post get request for getInvoiceSummary \"PLN\" and \"201710-01\"","duration":940,"startTime":1514870266812,"result":"SUCCESS","children":[{"number":16,"description":"Post GET request get invoice summary: https://uat1.merchantportal.firstdata.eu/MerchantApiWeb/rest/secure/user/financialData/invoice/getInvoiceSummary, PLN, 201710-01","duration":873,"startTime":1514870266825,"result":"SUCCESS"}]},{"number":17,"description":"Then verify getInvoiceSummary response status \"error\" and \"MPVE00051\" and \"Invalid Date format\" and \"\" and \"\" and \"\"","duration":206,"startTime":1514870267753,"result":"SUCCESS","children":[{"number":18,"description":"Verify Response","duration":54,"startTime":1514870267765,"result":"SUCCESS"}]}]},{"number":19,"description":"[1] {report\u003dTC04, logindomain\u003d/MerchantApiWeb/authenticateUser, domainurl\u003d/MerchantApiWeb/rest/secure/user/financialData/invoice/getInvoiceSummary, status\u003derror, Message\u003dCurrency can\u0027t be empty, ErrorCode\u003dMPVE00076, userName\u003dTheBatman, password\u003dPass123!, allianceCode\u003dFDP, AuthErrMessage\u003d, Authaccessdenied\u003d, AuthErrCause\u003d, currency\u003d, userType\u003d, pageNumber\u003d, accountStatus\u003d, profile\u003d, firstName\u003d, lastName\u003d, period\u003d2017-10-01}","duration":6885,"startTime":1514870272018,"result":"SUCCESS","children":[{"number":20,"description":"Given load request for getInvoiceSummary \"/MerchantApiWeb/authenticateUser\" and \"/MerchantApiWeb/rest/secure/user/financialData/invoice/getInvoiceSummary\" and \"TC04\" and \"TheBatman\" and \"Pass123!\" and \"FDP\"","duration":5478,"startTime":1514870272118,"result":"SUCCESS","children":[{"number":21,"description":"Loadgetrequestdata: https://uat1.merchantportal.firstdata.eu/MerchantApiWeb/authenticateUser","duration":11,"startTime":1514870272199,"result":"SUCCESS"},{"number":22,"description":"Postrequest authenticate user: https://uat1.merchantportal.firstdata.eu/MerchantApiWeb/authenticateUser, TheBatman, Pass123!, FDP","duration":5335,"startTime":1514870272211,"result":"SUCCESS"},{"number":23,"description":"Loadgetrequestdata uniqueauthentication: https://uat1.merchantportal.firstdata.eu/MerchantApiWeb/rest/secure/user/financialData/invoice/getInvoiceSummary","duration":1,"startTime":1514870277557,"result":"SUCCESS"}]},{"number":24,"description":"When post get request for getInvoiceSummary \"\" and \"2017-10-01\"","duration":1118,"startTime":1514870277597,"result":"SUCCESS","children":[{"number":25,"description":"Post GET request get invoice summary: https://uat1.merchantportal.firstdata.eu/MerchantApiWeb/rest/secure/user/financialData/invoice/getInvoiceSummary, , 2017-10-01","duration":1055,"startTime":1514870277611,"result":"SUCCESS"}]},{"number":26,"description":"Then verify getInvoiceSummary response status \"error\" and \"MPVE00076\" and \"Currency can\u0027t be empty\" and \"\" and \"\" and \"\"","duration":186,"startTime":1514870278716,"result":"SUCCESS","children":[{"number":27,"description":"Verify Response","duration":58,"startTime":1514870278727,"result":"SUCCESS"}]}]}],"userStory":{"id":"merchant-portal-application-api-validation","storyName":"Merchant Portal application API validation","path":"APIupdate.feature","type":"feature"},"featureTag":{"name":"Merchant Portal application API validation","type":"feature"},"title":"Verify the api retrieves the details of the Invoice summary","description":"","tags":[{"name":"getInvoiceSummary","type":"tag"}],"startTime":1514870251305,"duration":27598,"dataTable":{"headers":["report","logindomain","domainurl","status","Message","ErrorCode","userName","password","allianceCode","AuthErrMessage","Authaccessdenied","AuthErrCause","currency","userType","pageNumber","accountStatus","profile","firstName","lastName","period"],"rows":[{"values":["TC01","/MerchantApiWeb/authenticateUser","/MerchantApiWeb/rest/secure/user/financialData/invoice/getInvoiceSummary","success","","","TheBatman","Pass123!","FDP","","","","PLN","","","","","","",""],"result":"SUCCESS"},{"values":["TC02","/MerchantApiWeb/authenticateUser","/MerchantApiWeb/rest/secure/user/financialData/invoice/getInvoiceSummary","error","Invalid Date format","MPVE00051","TheBatman","Pass123!","FDP","","","","PLN","","","","","","","201710-01"],"result":"SUCCESS"},{"values":["TC04","/MerchantApiWeb/authenticateUser","/MerchantApiWeb/rest/secure/user/financialData/invoice/getInvoiceSummary","error","Currency can\u0027t be empty","MPVE00076","TheBatman","Pass123!","FDP","","","","","","","","","","","2017-10-01"],"result":"SUCCESS"}],"predefinedRows":true,"dataSetDescriptors":[{"startRow":0,"rowCount":0,"name":"","description":""}]},"manual":false,"testSource":"Cucumber","result":"SUCCESS"}