{"name":"Verify the api exports the Invoice list","testSteps":[{"number":1,"description":"[1] {report\u003dTC01, logindomain\u003d/MerchantApiWeb/authenticateUser, domainurl\u003d/MerchantApiWeb/rest/secure/user/financialData/export/exportInvoiceList, status\u003dsuccess, Message\u003d, ErrorCode\u003d, userName\u003dTheBatman, password\u003dPass123!, allianceCode\u003dFDP, AuthErrMessage\u003d, Authaccessdenied\u003d, AuthErrCause\u003d, currency\u003dPLN, userType\u003d, pageNumber\u003d, accountStatus\u003d, profile\u003d, firstName\u003d, lastName\u003d, period\u003d, fromDate\u003d2016-11-02, toDate\u003d2017-11-02, fileType\u003dCSV, delimiter\u003d,}","duration":21172,"startTime":1514870427388,"result":"SUCCESS","children":[{"number":2,"description":"Given load request for exportInvoiceList \"/MerchantApiWeb/authenticateUser\" and \"/MerchantApiWeb/rest/secure/user/financialData/export/exportInvoiceList\" and \"TC01\" and \"TheBatman\" and \"Pass123!\" and \"FDP\"","duration":5292,"startTime":1514870427404,"result":"SUCCESS","children":[{"number":3,"description":"Loadgetrequestdata: https://uat1.merchantportal.firstdata.eu/MerchantApiWeb/authenticateUser","duration":0,"startTime":1514870427517,"result":"SUCCESS"},{"number":4,"description":"Postrequest authenticate user: https://uat1.merchantportal.firstdata.eu/MerchantApiWeb/authenticateUser, TheBatman, Pass123!, FDP","duration":5148,"startTime":1514870427518,"result":"SUCCESS"},{"number":5,"description":"Loadgetrequestdata export download: https://uat1.merchantportal.firstdata.eu/MerchantApiWeb/rest/secure/user/financialData/export/exportInvoiceList","duration":1,"startTime":1514870432674,"result":"SUCCESS"}]},{"number":6,"description":"When post get request for exportInvoiceList \"2016-11-02\" and \"2017-11-02\" and \"\" and \"CSV\" and \",\"","duration":15636,"startTime":1514870432696,"result":"SUCCESS","children":[{"number":7,"description":"Post GET request export invoice list: https://uat1.merchantportal.firstdata.eu/MerchantApiWeb/rest/secure/user/financialData/export/exportInvoiceList, 2016-11-02, 2017-11-02, , CSV, ,","duration":15514,"startTime":1514870432707,"result":"SUCCESS"}]},{"number":8,"description":"Then verify exportInvoiceList response status \"success\" and \"\" and \"\" and \"\" and \"\" and \"\"","duration":227,"startTime":1514870448333,"result":"SUCCESS","children":[{"number":9,"description":"Verify Download file Response","duration":177,"startTime":1514870448345,"result":"SUCCESS"}]}]},{"number":10,"description":"[1] {report\u003dTC02, logindomain\u003d/MerchantApiWeb/authenticateUser, domainurl\u003d/MerchantApiWeb/rest/secure/user/financialData/export/exportInvoiceList, status\u003dsuccess, Message\u003d, ErrorCode\u003d, userName\u003dTheBatman, password\u003dPass123!, allianceCode\u003dFDP, AuthErrMessage\u003d, Authaccessdenied\u003d, AuthErrCause\u003d, currency\u003dPLN, userType\u003d, pageNumber\u003d, accountStatus\u003d, profile\u003d, firstName\u003d, lastName\u003d, period\u003d, fromDate\u003d2016-11-02, toDate\u003d2017-11-02, fileType\u003dXML, delimiter\u003d,}","duration":19420,"startTime":1514870451937,"result":"SUCCESS","children":[{"number":11,"description":"Given load request for exportInvoiceList \"/MerchantApiWeb/authenticateUser\" and \"/MerchantApiWeb/rest/secure/user/financialData/export/exportInvoiceList\" and \"TC02\" and \"TheBatman\" and \"Pass123!\" and \"FDP\"","duration":4169,"startTime":1514870452048,"result":"SUCCESS","children":[{"number":12,"description":"Loadgetrequestdata: https://uat1.merchantportal.firstdata.eu/MerchantApiWeb/authenticateUser","duration":2,"startTime":1514870452139,"result":"SUCCESS"},{"number":13,"description":"Postrequest authenticate user: https://uat1.merchantportal.firstdata.eu/MerchantApiWeb/authenticateUser, TheBatman, Pass123!, FDP","duration":4002,"startTime":1514870452142,"result":"SUCCESS"},{"number":14,"description":"Loadgetrequestdata export download: https://uat1.merchantportal.firstdata.eu/MerchantApiWeb/rest/secure/user/financialData/export/exportInvoiceList","duration":1,"startTime":1514870456160,"result":"SUCCESS"}]},{"number":15,"description":"When post get request for exportInvoiceList \"2016-11-02\" and \"2017-11-02\" and \"\" and \"XML\" and \",\"","duration":14801,"startTime":1514870456217,"result":"SUCCESS","children":[{"number":16,"description":"Post GET request export invoice list: https://uat1.merchantportal.firstdata.eu/MerchantApiWeb/rest/secure/user/financialData/export/exportInvoiceList, 2016-11-02, 2017-11-02, , XML, ,","duration":14725,"startTime":1514870456242,"result":"SUCCESS"}]},{"number":17,"description":"Then verify exportInvoiceList response status \"success\" and \"\" and \"\" and \"\" and \"\" and \"\"","duration":339,"startTime":1514870471018,"result":"SUCCESS","children":[{"number":18,"description":"Verify Download file Response","duration":256,"startTime":1514870471054,"result":"SUCCESS"}]}]},{"number":19,"description":"[1] {report\u003dTC03, logindomain\u003d/MerchantApiWeb/authenticateUser, domainurl\u003d/MerchantApiWeb/rest/secure/user/financialData/export/exportInvoiceList, status\u003derror, Message\u003dInvalid/Unsupported File Format, ErrorCode\u003dMPFFERR001, userName\u003dTheBatman, password\u003dPass123!, allianceCode\u003dFDP, AuthErrMessage\u003d, Authaccessdenied\u003d, AuthErrCause\u003d, currency\u003dPLN, userType\u003d, pageNumber\u003d1, accountStatus\u003d, profile\u003d, firstName\u003d, lastName\u003d, period\u003d, fromDate\u003d2016-11-02, toDate\u003d2017-11-02, fileType\u003dtxt, delimiter\u003d,}","duration":10742,"startTime":1514870475570,"result":"SUCCESS","children":[{"number":20,"description":"Given load request for exportInvoiceList \"/MerchantApiWeb/authenticateUser\" and \"/MerchantApiWeb/rest/secure/user/financialData/export/exportInvoiceList\" and \"TC03\" and \"TheBatman\" and \"Pass123!\" and \"FDP\"","duration":3748,"startTime":1514870475588,"result":"SUCCESS","children":[{"number":21,"description":"Loadgetrequestdata: https://uat1.merchantportal.firstdata.eu/MerchantApiWeb/authenticateUser","duration":0,"startTime":1514870475662,"result":"SUCCESS"},{"number":22,"description":"Postrequest authenticate user: https://uat1.merchantportal.firstdata.eu/MerchantApiWeb/authenticateUser, TheBatman, Pass123!, FDP","duration":3620,"startTime":1514870475663,"result":"SUCCESS"},{"number":23,"description":"Loadgetrequestdata export download: https://uat1.merchantportal.firstdata.eu/MerchantApiWeb/rest/secure/user/financialData/export/exportInvoiceList","duration":1,"startTime":1514870479304,"result":"SUCCESS"}]},{"number":24,"description":"When post get request for exportInvoiceList \"2016-11-02\" and \"2017-11-02\" and \"1\" and \"txt\" and \",\"","duration":6515,"startTime":1514870479336,"result":"SUCCESS","children":[{"number":25,"description":"Post GET request export invoice list: https://uat1.merchantportal.firstdata.eu/MerchantApiWeb/rest/secure/user/financialData/export/exportInvoiceList, 2016-11-02, 2017-11-02, 1, txt, ,","duration":6420,"startTime":1514870479350,"result":"SUCCESS"}]},{"number":26,"description":"Then verify exportInvoiceList response status \"error\" and \"MPFFERR001\" and \"Invalid/Unsupported File Format\" and \"\" and \"\" and \"\"","duration":460,"startTime":1514870485852,"result":"SUCCESS","children":[{"number":27,"description":"Verify Download file Response","duration":264,"startTime":1514870485864,"result":"SUCCESS"}]}]},{"number":28,"description":"[1] {report\u003dTC04, logindomain\u003d/MerchantApiWeb/authenticateUser, domainurl\u003d/MerchantApiWeb/rest/secure/user/financialData/export/exportInvoiceList, status\u003derror, Message\u003dInvalid Date format, ErrorCode\u003dMPVE00051, userName\u003dTheBatman, password\u003dPass123!, allianceCode\u003dFDP, AuthErrMessage\u003d, Authaccessdenied\u003d, AuthErrCause\u003d, currency\u003dPLN, userType\u003d, pageNumber\u003d, accountStatus\u003d, profile\u003d, firstName\u003d, lastName\u003d, period\u003d, fromDate\u003d201611-02, toDate\u003d2017-11-02, fileType\u003dtxt, delimiter\u003d,}","duration":4593,"startTime":1514870489845,"result":"SUCCESS","children":[{"number":29,"description":"Given load request for exportInvoiceList \"/MerchantApiWeb/authenticateUser\" and \"/MerchantApiWeb/rest/secure/user/financialData/export/exportInvoiceList\" and \"TC04\" and \"TheBatman\" and \"Pass123!\" and \"FDP\"","duration":3362,"startTime":1514870489889,"result":"SUCCESS","children":[{"number":30,"description":"Loadgetrequestdata: https://uat1.merchantportal.firstdata.eu/MerchantApiWeb/authenticateUser","duration":0,"startTime":1514870490009,"result":"SUCCESS"},{"number":31,"description":"Postrequest authenticate user: https://uat1.merchantportal.firstdata.eu/MerchantApiWeb/authenticateUser, TheBatman, Pass123!, FDP","duration":3209,"startTime":1514870490011,"result":"SUCCESS"},{"number":32,"description":"Loadgetrequestdata export download: https://uat1.merchantportal.firstdata.eu/MerchantApiWeb/rest/secure/user/financialData/export/exportInvoiceList","duration":1,"startTime":1514870493227,"result":"SUCCESS"}]},{"number":33,"description":"When post get request for exportInvoiceList \"201611-02\" and \"2017-11-02\" and \"\" and \"txt\" and \",\"","duration":968,"startTime":1514870493252,"result":"SUCCESS","children":[{"number":34,"description":"Post GET request export invoice list: https://uat1.merchantportal.firstdata.eu/MerchantApiWeb/rest/secure/user/financialData/export/exportInvoiceList, 201611-02, 2017-11-02, , txt, ,","duration":907,"startTime":1514870493263,"result":"SUCCESS"}]},{"number":35,"description":"Then verify exportInvoiceList response status \"error\" and \"MPVE00051\" and \"Invalid Date format\" and \"\" and \"\" and \"\"","duration":218,"startTime":1514870494220,"result":"SUCCESS","children":[{"number":36,"description":"Verify Download file Response","duration":50,"startTime":1514870494231,"result":"SUCCESS"}]}]},{"number":37,"description":"[1] {report\u003dTC05, logindomain\u003d/MerchantApiWeb/authenticateUser, domainurl\u003d/MerchantApiWeb/rest/secure/user/financialData/export/exportInvoiceList, status\u003derror, Message\u003dInvalid Date format, ErrorCode\u003dMPVE00051, userName\u003dTheBatman, password\u003dPass123!, allianceCode\u003dFDP, AuthErrMessage\u003d, Authaccessdenied\u003d, AuthErrCause\u003d, currency\u003d, userType\u003d, pageNumber\u003d, accountStatus\u003d, profile\u003d, firstName\u003d, lastName\u003d, period\u003d, fromDate\u003d2016-11-02, toDate\u003d201711-02, fileType\u003dtxt, delimiter\u003d,}","duration":2754,"startTime":1514870498156,"result":"SUCCESS","children":[{"number":38,"description":"Given load request for exportInvoiceList \"/MerchantApiWeb/authenticateUser\" and \"/MerchantApiWeb/rest/secure/user/financialData/export/exportInvoiceList\" and \"TC05\" and \"TheBatman\" and \"Pass123!\" and \"FDP\"","duration":1574,"startTime":1514870498172,"result":"SUCCESS","children":[{"number":39,"description":"Loadgetrequestdata: https://uat1.merchantportal.firstdata.eu/MerchantApiWeb/authenticateUser","duration":1,"startTime":1514870498246,"result":"SUCCESS"},{"number":40,"description":"Postrequest authenticate user: https://uat1.merchantportal.firstdata.eu/MerchantApiWeb/authenticateUser, TheBatman, Pass123!, FDP","duration":1463,"startTime":1514870498248,"result":"SUCCESS"},{"number":41,"description":"Loadgetrequestdata export download: https://uat1.merchantportal.firstdata.eu/MerchantApiWeb/rest/secure/user/financialData/export/exportInvoiceList","duration":1,"startTime":1514870499721,"result":"SUCCESS"}]},{"number":42,"description":"When post get request for exportInvoiceList \"2016-11-02\" and \"201711-02\" and \"\" and \"txt\" and \",\"","duration":949,"startTime":1514870499746,"result":"SUCCESS","children":[{"number":43,"description":"Post GET request export invoice list: https://uat1.merchantportal.firstdata.eu/MerchantApiWeb/rest/secure/user/financialData/export/exportInvoiceList, 2016-11-02, 201711-02, , txt, ,","duration":886,"startTime":1514870499758,"result":"SUCCESS"}]},{"number":44,"description":"Then verify exportInvoiceList response status \"error\" and \"MPVE00051\" and \"Invalid Date format\" and \"\" and \"\" and \"\"","duration":214,"startTime":1514870500696,"result":"SUCCESS","children":[{"number":45,"description":"Verify Download file Response","duration":51,"startTime":1514870500708,"result":"SUCCESS"}]}]},{"number":46,"description":"[1] {report\u003dTC06, logindomain\u003d/MerchantApiWeb/authenticateUser, domainurl\u003d/MerchantApiWeb/rest/secure/user/financialData/export/exportInvoiceList, status\u003derror, Message\u003dfromDate should be less than toDate, ErrorCode\u003dMPVE00053, userName\u003dTheBatman, password\u003dPass123!, allianceCode\u003dFDP, AuthErrMessage\u003d, Authaccessdenied\u003d, AuthErrCause\u003d, currency\u003dabc, userType\u003d, pageNumber\u003d, accountStatus\u003d, profile\u003d, firstName\u003d, lastName\u003d, period\u003d, fromDate\u003d2018-11-02, toDate\u003d2017-11-02, fileType\u003dtxt, delimiter\u003d,}","duration":2864,"startTime":1514870504783,"result":"SUCCESS","children":[{"number":47,"description":"Given load request for exportInvoiceList \"/MerchantApiWeb/authenticateUser\" and \"/MerchantApiWeb/rest/secure/user/financialData/export/exportInvoiceList\" and \"TC06\" and \"TheBatman\" and \"Pass123!\" and \"FDP\"","duration":1734,"startTime":1514870504797,"result":"SUCCESS","children":[{"number":48,"description":"Loadgetrequestdata: https://uat1.merchantportal.firstdata.eu/MerchantApiWeb/authenticateUser","duration":0,"startTime":1514870504871,"result":"SUCCESS"},{"number":49,"description":"Postrequest authenticate user: https://uat1.merchantportal.firstdata.eu/MerchantApiWeb/authenticateUser, TheBatman, Pass123!, FDP","duration":1621,"startTime":1514870504872,"result":"SUCCESS"},{"number":50,"description":"Loadgetrequestdata export download: https://uat1.merchantportal.firstdata.eu/MerchantApiWeb/rest/secure/user/financialData/export/exportInvoiceList","duration":1,"startTime":1514870506504,"result":"SUCCESS"}]},{"number":51,"description":"When post get request for exportInvoiceList \"2018-11-02\" and \"2017-11-02\" and \"\" and \"txt\" and \",\"","duration":905,"startTime":1514870506531,"result":"SUCCESS","children":[{"number":52,"description":"Post GET request export invoice list: https://uat1.merchantportal.firstdata.eu/MerchantApiWeb/rest/secure/user/financialData/export/exportInvoiceList, 2018-11-02, 2017-11-02, , txt, ,","duration":840,"startTime":1514870506545,"result":"SUCCESS"}]},{"number":53,"description":"Then verify exportInvoiceList response status \"error\" and \"MPVE00053\" and \"fromDate should be less than toDate\" and \"\" and \"\" and \"\"","duration":210,"startTime":1514870507437,"result":"SUCCESS","children":[{"number":54,"description":"Verify Download file Response","duration":52,"startTime":1514870507452,"result":"SUCCESS"}]}]},{"number":55,"description":"[1] {report\u003dTC07, logindomain\u003d/MerchantApiWeb/authenticateUser, domainurl\u003d/MerchantApiWeb/rest/secure/user/financialData/export/exportInvoiceList, status\u003derror, Message\u003dtoDate is required, ErrorCode\u003dMPVE00061, userName\u003dTheBatman, password\u003dPass123!, allianceCode\u003dFDP, AuthErrMessage\u003d, Authaccessdenied\u003d, AuthErrCause\u003d, currency\u003d, userType\u003d, pageNumber\u003d, accountStatus\u003d, profile\u003d, firstName\u003d, lastName\u003d, period\u003d, fromDate\u003d2017-11-02, toDate\u003d, fileType\u003dtxt, delimiter\u003d,}","duration":2922,"startTime":1514870511125,"result":"SUCCESS","children":[{"number":56,"description":"Given load request for exportInvoiceList \"/MerchantApiWeb/authenticateUser\" and \"/MerchantApiWeb/rest/secure/user/financialData/export/exportInvoiceList\" and \"TC07\" and \"TheBatman\" and \"Pass123!\" and \"FDP\"","duration":1563,"startTime":1514870511140,"result":"SUCCESS","children":[{"number":57,"description":"Loadgetrequestdata: https://uat1.merchantportal.firstdata.eu/MerchantApiWeb/authenticateUser","duration":1,"startTime":1514870511250,"result":"SUCCESS"},{"number":58,"description":"Postrequest authenticate user: https://uat1.merchantportal.firstdata.eu/MerchantApiWeb/authenticateUser, TheBatman, Pass123!, FDP","duration":1417,"startTime":1514870511252,"result":"SUCCESS"},{"number":59,"description":"Loadgetrequestdata export download: https://uat1.merchantportal.firstdata.eu/MerchantApiWeb/rest/secure/user/financialData/export/exportInvoiceList","duration":0,"startTime":1514870512677,"result":"SUCCESS"}]},{"number":60,"description":"When post get request for exportInvoiceList \"2017-11-02\" and \"\" and \"\" and \"txt\" and \",\"","duration":935,"startTime":1514870512704,"result":"SUCCESS","children":[{"number":61,"description":"Post GET request export invoice list: https://uat1.merchantportal.firstdata.eu/MerchantApiWeb/rest/secure/user/financialData/export/exportInvoiceList, 2017-11-02, , , txt, ,","duration":852,"startTime":1514870512716,"result":"SUCCESS"}]},{"number":62,"description":"Then verify exportInvoiceList response status \"error\" and \"MPVE00061\" and \"toDate is required\" and \"\" and \"\" and \"\"","duration":407,"startTime":1514870513640,"result":"SUCCESS","children":[{"number":63,"description":"Verify Download file Response","duration":149,"startTime":1514870513679,"result":"SUCCESS"}]}]},{"number":64,"description":"[1] {report\u003dTC08, logindomain\u003d/MerchantApiWeb/authenticateUser, domainurl\u003d/MerchantApiWeb/rest/secure/user/financialData/export/exportInvoiceList, status\u003derror, Message\u003dfromDate is required, ErrorCode\u003dMPVE00063, userName\u003dTheBatman, password\u003dPass123!, allianceCode\u003dFDP, AuthErrMessage\u003d, Authaccessdenied\u003d, AuthErrCause\u003d, currency\u003d, userType\u003d, pageNumber\u003d, accountStatus\u003d, profile\u003d, firstName\u003d, lastName\u003d, period\u003d, fromDate\u003d, toDate\u003d2017-11-02, fileType\u003dtxt, delimiter\u003d,}","duration":2963,"startTime":1514870517719,"result":"SUCCESS","children":[{"number":65,"description":"Given load request for exportInvoiceList \"/MerchantApiWeb/authenticateUser\" and \"/MerchantApiWeb/rest/secure/user/financialData/export/exportInvoiceList\" and \"TC08\" and \"TheBatman\" and \"Pass123!\" and \"FDP\"","duration":1601,"startTime":1514870517735,"result":"SUCCESS","children":[{"number":66,"description":"Loadgetrequestdata: https://uat1.merchantportal.firstdata.eu/MerchantApiWeb/authenticateUser","duration":0,"startTime":1514870517835,"result":"SUCCESS"},{"number":67,"description":"Postrequest authenticate user: https://uat1.merchantportal.firstdata.eu/MerchantApiWeb/authenticateUser, TheBatman, Pass123!, FDP","duration":1467,"startTime":1514870517837,"result":"SUCCESS"},{"number":68,"description":"Loadgetrequestdata export download: https://uat1.merchantportal.firstdata.eu/MerchantApiWeb/rest/secure/user/financialData/export/exportInvoiceList","duration":1,"startTime":1514870519311,"result":"SUCCESS"}]},{"number":69,"description":"When post get request for exportInvoiceList \"\" and \"2017-11-02\" and \"\" and \"txt\" and \",\"","duration":896,"startTime":1514870519337,"result":"SUCCESS","children":[{"number":70,"description":"Post GET request export invoice list: https://uat1.merchantportal.firstdata.eu/MerchantApiWeb/rest/secure/user/financialData/export/exportInvoiceList, , 2017-11-02, , txt, ,","duration":801,"startTime":1514870519351,"result":"SUCCESS"}]},{"number":71,"description":"Then verify exportInvoiceList response status \"error\" and \"MPVE00063\" and \"fromDate is required\" and \"\" and \"\" and \"\"","duration":449,"startTime":1514870520233,"result":"SUCCESS","children":[{"number":72,"description":"Verify Download file Response","duration":292,"startTime":1514870520247,"result":"SUCCESS"}]}]}],"userStory":{"id":"merchant-portal-application-api-validation","storyName":"Merchant Portal application API validation","path":"APIupdate.feature","type":"feature"},"featureTag":{"name":"Merchant Portal application API validation","type":"feature"},"title":"Verify the api exports the Invoice list","description":"","tags":[{"name":"exportInvoiceList","type":"tag"}],"startTime":1514870427387,"duration":93296,"dataTable":{"headers":["report","logindomain","domainurl","status","Message","ErrorCode","userName","password","allianceCode","AuthErrMessage","Authaccessdenied","AuthErrCause","currency","userType","pageNumber","accountStatus","profile","firstName","lastName","period","fromDate","toDate","fileType","delimiter"],"rows":[{"values":["TC01","/MerchantApiWeb/authenticateUser","/MerchantApiWeb/rest/secure/user/financialData/export/exportInvoiceList","success","","","TheBatman","Pass123!","FDP","","","","PLN","","","","","","","","2016-11-02","2017-11-02","CSV",","],"result":"SUCCESS"},{"values":["TC02","/MerchantApiWeb/authenticateUser","/MerchantApiWeb/rest/secure/user/financialData/export/exportInvoiceList","success","","","TheBatman","Pass123!","FDP","","","","PLN","","","","","","","","2016-11-02","2017-11-02","XML",","],"result":"SUCCESS"},{"values":["TC03","/MerchantApiWeb/authenticateUser","/MerchantApiWeb/rest/secure/user/financialData/export/exportInvoiceList","error","Invalid/Unsupported File Format","MPFFERR001","TheBatman","Pass123!","FDP","","","","PLN","","1","","","","","","2016-11-02","2017-11-02","txt",","],"result":"SUCCESS"},{"values":["TC04","/MerchantApiWeb/authenticateUser","/MerchantApiWeb/rest/secure/user/financialData/export/exportInvoiceList","error","Invalid Date format","MPVE00051","TheBatman","Pass123!","FDP","","","","PLN","","","","","","","","201611-02","2017-11-02","txt",","],"result":"SUCCESS"},{"values":["TC05","/MerchantApiWeb/authenticateUser","/MerchantApiWeb/rest/secure/user/financialData/export/exportInvoiceList","error","Invalid Date format","MPVE00051","TheBatman","Pass123!","FDP","","","","","","","","","","","","2016-11-02","201711-02","txt",","],"result":"SUCCESS"},{"values":["TC06","/MerchantApiWeb/authenticateUser","/MerchantApiWeb/rest/secure/user/financialData/export/exportInvoiceList","error","fromDate should be less than toDate","MPVE00053","TheBatman","Pass123!","FDP","","","","abc","","","","","","","","2018-11-02","2017-11-02","txt",","],"result":"SUCCESS"},{"values":["TC07","/MerchantApiWeb/authenticateUser","/MerchantApiWeb/rest/secure/user/financialData/export/exportInvoiceList","error","toDate is required","MPVE00061","TheBatman","Pass123!","FDP","","","","","","","","","","","","2017-11-02","","txt",","],"result":"SUCCESS"},{"values":["TC08","/MerchantApiWeb/authenticateUser","/MerchantApiWeb/rest/secure/user/financialData/export/exportInvoiceList","error","fromDate is required","MPVE00063","TheBatman","Pass123!","FDP","","","","","","","","","","","","","2017-11-02","txt",","],"result":"SUCCESS"}],"predefinedRows":true,"dataSetDescriptors":[{"startRow":0,"rowCount":0,"name":"","description":""}]},"manual":false,"testSource":"Cucumber","result":"SUCCESS"}