{"name":"Verify the api retrieves the details of the Invoice details","testSteps":[{"number":1,"description":"[1] {report\u003dTC01, logindomain\u003d/MerchantApiWeb/authenticateUser, domainurl\u003d/MerchantApiWeb/rest/secure/user/financialData/invoice/getInvoiceDetails, status\u003dsuccess, Message\u003d, ErrorCode\u003d, userName\u003dTheBatman, password\u003dPass123!, allianceCode\u003dFDP, AuthErrMessage\u003d, Authaccessdenied\u003d, AuthErrCause\u003d, currency\u003dPLN, userType\u003d, pageNumber\u003d, accountStatus\u003d, profile\u003d, firstName\u003d, lastName\u003d, period\u003d, fromDate\u003d2016-11-02, toDate\u003d2017-11-02, invoiceId\u003d4723680}","duration":5515,"startTime":1514871257009,"result":"SUCCESS","children":[{"number":2,"description":"Given load request for getInvoiceDetails \"/MerchantApiWeb/authenticateUser\" and \"/MerchantApiWeb/rest/secure/user/financialData/invoice/getInvoiceDetails\" and \"TC01\" and \"TheBatman\" and \"Pass123!\" and \"FDP\"","duration":1819,"startTime":1514871257031,"result":"SUCCESS","children":[{"number":3,"description":"Loadgetrequestdata: https://uat1.merchantportal.firstdata.eu/MerchantApiWeb/authenticateUser","duration":0,"startTime":1514871257100,"result":"SUCCESS"},{"number":4,"description":"Postrequest authenticate user: https://uat1.merchantportal.firstdata.eu/MerchantApiWeb/authenticateUser, TheBatman, Pass123!, FDP","duration":1720,"startTime":1514871257101,"result":"SUCCESS"},{"number":5,"description":"Loadgetrequestdata uniqueauthentication: https://uat1.merchantportal.firstdata.eu/MerchantApiWeb/rest/secure/user/financialData/invoice/getInvoiceDetails","duration":0,"startTime":1514871258830,"result":"SUCCESS"}]},{"number":6,"description":"When post get request for getInvoiceDetails \"4723680\"","duration":3568,"startTime":1514871258850,"result":"SUCCESS","children":[{"number":7,"description":"Post GET request get invoice details: https://uat1.merchantportal.firstdata.eu/MerchantApiWeb/rest/secure/user/financialData/invoice/getInvoiceDetails, 4723680","duration":3502,"startTime":1514871258863,"result":"SUCCESS"}]},{"number":8,"description":"Then verify getInvoiceDetails response status \"success\" and \"\" and \"\" and \"\" and \"\" and \"\"","duration":105,"startTime":1514871262419,"result":"SUCCESS","children":[{"number":9,"description":"Verify Response","duration":39,"startTime":1514871262432,"result":"SUCCESS"}]}]}],"userStory":{"id":"merchant-portal-application-api-validation","storyName":"Merchant Portal application API validation","path":"APIupdate.feature","type":"feature"},"featureTag":{"name":"Merchant Portal application API validation","type":"feature"},"title":"Verify the api retrieves the details of the Invoice details","description":"","tags":[{"name":"getInvoiceDetails","type":"tag"}],"startTime":1514871257009,"duration":5515,"dataTable":{"headers":["report","logindomain","domainurl","status","Message","ErrorCode","userName","password","allianceCode","AuthErrMessage","Authaccessdenied","AuthErrCause","currency","userType","pageNumber","accountStatus","profile","firstName","lastName","period","fromDate","toDate","invoiceId"],"rows":[{"values":["TC01","/MerchantApiWeb/authenticateUser","/MerchantApiWeb/rest/secure/user/financialData/invoice/getInvoiceDetails","success","","","TheBatman","Pass123!","FDP","","","","PLN","","","","","","","","2016-11-02","2017-11-02","4723680"],"result":"SUCCESS"}],"predefinedRows":true,"dataSetDescriptors":[{"startRow":0,"rowCount":0,"name":"","description":""}]},"manual":false,"testSource":"Cucumber","result":"SUCCESS"}