{"name":"Verify the api retrieves the Funding list for the impersonated user","testSteps":[{"number":1,"description":"[1] {report\u003dTC01, logindomain\u003d/MerchantApiWeb/authenticateUser, domainurl\u003d/MerchantApiWeb/rest/secure/impersonation/user/financialData/funding/getFundingList, status\u003dsuccess, Message\u003d, ErrorCode\u003d, userName\u003dTestAutomation18, password\u003dPassword@1, allianceCode\u003dEMS, AuthErrMessage\u003d, Authaccessdenied\u003d, AuthErrCause\u003d, currency\u003dEUR, userType\u003d, pageNumber\u003d1, accountStatus\u003d, profile\u003d, firstName\u003d, lastName\u003d, period\u003d, fromDate\u003d2016-11-02, toDate\u003d2017-11-02, invoiceId\u003d4723680, gsmTopUpFromDate\u003d, gsmTopUpToDate\u003d, invoiceLineItemId\u003d, fundId\u003d5121421, merchId\u003d65902182, pseudoUserName\u003dDemoAccount1}","duration":2664,"startTime":1514871519103,"result":"SUCCESS","children":[{"number":2,"description":"Given load request for getFundingListImpersonation \"/MerchantApiWeb/authenticateUser\" and \"/MerchantApiWeb/rest/secure/impersonation/user/financialData/funding/getFundingList\" and \"TC01\" and \"TestAutomation18\" and \"Password@1\" and \"EMS\"","duration":1294,"startTime":1514871519135,"result":"SUCCESS","children":[{"number":3,"description":"Loadgetrequestdata: https://uat1.merchantportal.firstdata.eu/MerchantApiWeb/authenticateUser","duration":0,"startTime":1514871519262,"result":"SUCCESS"},{"number":4,"description":"Postrequest authenticate user: https://uat1.merchantportal.firstdata.eu/MerchantApiWeb/authenticateUser, TestAutomation18, Password@1, EMS","duration":1128,"startTime":1514871519263,"result":"SUCCESS"},{"number":5,"description":"Loadgetrequestdata uniqueauthentication: https://uat1.merchantportal.firstdata.eu/MerchantApiWeb/rest/secure/impersonation/user/financialData/funding/getFundingList","duration":1,"startTime":1514871520405,"result":"SUCCESS"}]},{"number":6,"description":"When post get request for getFundingListImpersonation \"EUR\" and \"1\" and \"2016-11-02\" and \"2017-11-02\" and \"DemoAccount1\"","duration":1241,"startTime":1514871520430,"result":"SUCCESS","children":[{"number":7,"description":"Post GET request get funding list impersonation: https://uat1.merchantportal.firstdata.eu/MerchantApiWeb/rest/secure/impersonation/user/financialData/funding/getFundingList, EUR, 1, 2016-11-02, 2017-11-02, DemoAccount1","duration":1082,"startTime":1514871520453,"result":"SUCCESS"}]},{"number":8,"description":"Then verify getFundingListImpersonation response status \"success\" and \"\" and \"\" and \"\" and \"\" and \"\"","duration":95,"startTime":1514871521672,"result":"SUCCESS","children":[{"number":9,"description":"Verify Response","duration":33,"startTime":1514871521687,"result":"SUCCESS"}]}]},{"number":10,"description":"[1] {report\u003dTC02, logindomain\u003d/MerchantApiWeb/authenticateUser, domainurl\u003d/MerchantApiWeb/rest/secure/impersonation/user/financialData/funding/getFundingList, status\u003derror, Message\u003dInvalid Date format, ErrorCode\u003dMPVE00051, userName\u003dTestAutomation18, password\u003dPassword@1, allianceCode\u003dEMS, AuthErrMessage\u003d, Authaccessdenied\u003d, AuthErrCause\u003d, currency\u003dEUR, userType\u003d, pageNumber\u003d1, accountStatus\u003d, profile\u003d, firstName\u003d, lastName\u003d, period\u003d, fromDate\u003d20161102, toDate\u003d2017-11-02, invoiceId\u003d4723680, gsmTopUpFromDate\u003d, gsmTopUpToDate\u003d, invoiceLineItemId\u003d, fundId\u003d5121421, merchId\u003d65902182, pseudoUserName\u003dDemoAccount1}","duration":2275,"startTime":1514871527157,"result":"SUCCESS","children":[{"number":11,"description":"Given load request for getFundingListImpersonation \"/MerchantApiWeb/authenticateUser\" and \"/MerchantApiWeb/rest/secure/impersonation/user/financialData/funding/getFundingList\" and \"TC02\" and \"TestAutomation18\" and \"Password@1\" and \"EMS\"","duration":1115,"startTime":1514871527180,"result":"SUCCESS","children":[{"number":12,"description":"Loadgetrequestdata: https://uat1.merchantportal.firstdata.eu/MerchantApiWeb/authenticateUser","duration":0,"startTime":1514871527258,"result":"SUCCESS"},{"number":13,"description":"Postrequest authenticate user: https://uat1.merchantportal.firstdata.eu/MerchantApiWeb/authenticateUser, TestAutomation18, Password@1, EMS","duration":1008,"startTime":1514871527259,"result":"SUCCESS"},{"number":14,"description":"Loadgetrequestdata uniqueauthentication: https://uat1.merchantportal.firstdata.eu/MerchantApiWeb/rest/secure/impersonation/user/financialData/funding/getFundingList","duration":0,"startTime":1514871528275,"result":"SUCCESS"}]},{"number":15,"description":"When post get request for getFundingListImpersonation \"EUR\" and \"1\" and \"20161102\" and \"2017-11-02\" and \"DemoAccount1\"","duration":895,"startTime":1514871528296,"result":"SUCCESS","children":[{"number":16,"description":"Post GET request get funding list impersonation: https://uat1.merchantportal.firstdata.eu/MerchantApiWeb/rest/secure/impersonation/user/financialData/funding/getFundingList, EUR, 1, 20161102, 2017-11-02, DemoAccount1","duration":830,"startTime":1514871528308,"result":"SUCCESS"}]},{"number":17,"description":"Then verify getFundingListImpersonation response status \"error\" and \"MPVE00051\" and \"Invalid Date format\" and \"\" and \"\" and \"\"","duration":240,"startTime":1514871529192,"result":"SUCCESS","children":[{"number":18,"description":"Verify Response","duration":120,"startTime":1514871529202,"result":"SUCCESS"}]}]},{"number":19,"description":"[1] {report\u003dTC03, logindomain\u003d/MerchantApiWeb/authenticateUser, domainurl\u003d/MerchantApiWeb/rest/secure/impersonation/user/financialData/funding/getFundingList, status\u003derror, Message\u003dInvalid Date format, ErrorCode\u003dMPVE00051, userName\u003dTestAutomation18, password\u003dPassword@1, allianceCode\u003dEMS, AuthErrMessage\u003d, Authaccessdenied\u003d, AuthErrCause\u003d, currency\u003dEUR, userType\u003d, pageNumber\u003d1, accountStatus\u003d, profile\u003d, firstName\u003d, lastName\u003d, period\u003d, fromDate\u003d2016-11-02, toDate\u003d20171102, invoiceId\u003d4723680, gsmTopUpFromDate\u003d, gsmTopUpToDate\u003d, invoiceLineItemId\u003d, fundId\u003d5121421, merchId\u003d65902182, pseudoUserName\u003dDemoAccount1}","duration":2347,"startTime":1514871532585,"result":"SUCCESS","children":[{"number":20,"description":"Given load request for getFundingListImpersonation \"/MerchantApiWeb/authenticateUser\" and \"/MerchantApiWeb/rest/secure/impersonation/user/financialData/funding/getFundingList\" and \"TC03\" and \"TestAutomation18\" and \"Password@1\" and \"EMS\"","duration":1234,"startTime":1514871532661,"result":"SUCCESS","children":[{"number":21,"description":"Loadgetrequestdata: https://uat1.merchantportal.firstdata.eu/MerchantApiWeb/authenticateUser","duration":1,"startTime":1514871532739,"result":"SUCCESS"},{"number":22,"description":"Postrequest authenticate user: https://uat1.merchantportal.firstdata.eu/MerchantApiWeb/authenticateUser, TestAutomation18, Password@1, EMS","duration":1119,"startTime":1514871532741,"result":"SUCCESS"},{"number":23,"description":"Loadgetrequestdata uniqueauthentication: https://uat1.merchantportal.firstdata.eu/MerchantApiWeb/rest/secure/impersonation/user/financialData/funding/getFundingList","duration":0,"startTime":1514871533868,"result":"SUCCESS"}]},{"number":24,"description":"When post get request for getFundingListImpersonation \"EUR\" and \"1\" and \"2016-11-02\" and \"20171102\" and \"DemoAccount1\"","duration":865,"startTime":1514871533895,"result":"SUCCESS","children":[{"number":25,"description":"Post GET request get funding list impersonation: https://uat1.merchantportal.firstdata.eu/MerchantApiWeb/rest/secure/impersonation/user/financialData/funding/getFundingList, EUR, 1, 2016-11-02, 20171102, DemoAccount1","duration":807,"startTime":1514871533909,"result":"SUCCESS"}]},{"number":26,"description":"Then verify getFundingListImpersonation response status \"error\" and \"MPVE00051\" and \"Invalid Date format\" and \"\" and \"\" and \"\"","duration":171,"startTime":1514871534760,"result":"SUCCESS","children":[{"number":27,"description":"Verify Response","duration":54,"startTime":1514871534770,"result":"SUCCESS"}]}]},{"number":28,"description":"[1] {report\u003dTC05, logindomain\u003d/MerchantApiWeb/authenticateUser, domainurl\u003d/MerchantApiWeb/rest/secure/impersonation/user/financialData/funding/getFundingList, status\u003derror, Message\u003dfromDate should be less than toDate, ErrorCode\u003dMPVE00053, userName\u003dTestAutomation18, password\u003dPassword@1, allianceCode\u003dEMS, AuthErrMessage\u003d, Authaccessdenied\u003d, AuthErrCause\u003d, currency\u003dEUR, userType\u003d, pageNumber\u003d1, accountStatus\u003d, profile\u003d, firstName\u003d, lastName\u003d, period\u003d, fromDate\u003d2018-11-02, toDate\u003d2017-11-02, invoiceId\u003d4723680, gsmTopUpFromDate\u003d, gsmTopUpToDate\u003d, invoiceLineItemId\u003d, fundId\u003d5121421, merchId\u003d65902182, pseudoUserName\u003dDemoAccount1}","duration":2609,"startTime":1514871538186,"result":"SUCCESS","children":[{"number":29,"description":"Given load request for getFundingListImpersonation \"/MerchantApiWeb/authenticateUser\" and \"/MerchantApiWeb/rest/secure/impersonation/user/financialData/funding/getFundingList\" and \"TC05\" and \"TestAutomation18\" and \"Password@1\" and \"EMS\"","duration":1337,"startTime":1514871538202,"result":"SUCCESS","children":[{"number":30,"description":"Loadgetrequestdata: https://uat1.merchantportal.firstdata.eu/MerchantApiWeb/authenticateUser","duration":0,"startTime":1514871538307,"result":"SUCCESS"},{"number":31,"description":"Postrequest authenticate user: https://uat1.merchantportal.firstdata.eu/MerchantApiWeb/authenticateUser, TestAutomation18, Password@1, EMS","duration":1198,"startTime":1514871538308,"result":"SUCCESS"},{"number":32,"description":"Loadgetrequestdata uniqueauthentication: https://uat1.merchantportal.firstdata.eu/MerchantApiWeb/rest/secure/impersonation/user/financialData/funding/getFundingList","duration":1,"startTime":1514871539514,"result":"SUCCESS"}]},{"number":33,"description":"When post get request for getFundingListImpersonation \"EUR\" and \"1\" and \"2018-11-02\" and \"2017-11-02\" and \"DemoAccount1\"","duration":924,"startTime":1514871539539,"result":"SUCCESS","children":[{"number":34,"description":"Post GET request get funding list impersonation: https://uat1.merchantportal.firstdata.eu/MerchantApiWeb/rest/secure/impersonation/user/financialData/funding/getFundingList, EUR, 1, 2018-11-02, 2017-11-02, DemoAccount1","duration":838,"startTime":1514871539553,"result":"SUCCESS"}]},{"number":35,"description":"Then verify getFundingListImpersonation response status \"error\" and \"MPVE00053\" and \"fromDate should be less than toDate\" and \"\" and \"\" and \"\"","duration":332,"startTime":1514871540463,"result":"SUCCESS","children":[{"number":36,"description":"Verify Response","duration":130,"startTime":1514871540487,"result":"SUCCESS"}]}]},{"number":37,"description":"[1] {report\u003dTC06, logindomain\u003d/MerchantApiWeb/authenticateUser, domainurl\u003d/MerchantApiWeb/rest/secure/impersonation/user/financialData/funding/getFundingList, status\u003derror, Message\u003dtoDate is required, ErrorCode\u003dMPVE00061, userName\u003dTestAutomation18, password\u003dPassword@1, allianceCode\u003dEMS, AuthErrMessage\u003d, Authaccessdenied\u003d, AuthErrCause\u003d, currency\u003dEUR, userType\u003d, pageNumber\u003d1, accountStatus\u003d, profile\u003d, firstName\u003d, lastName\u003d, period\u003d, fromDate\u003d2016-11-02, toDate\u003d, invoiceId\u003d4723680, gsmTopUpFromDate\u003d, gsmTopUpToDate\u003d, invoiceLineItemId\u003d, fundId\u003d5121421, merchId\u003d65902182, pseudoUserName\u003dDemoAccount1}","duration":2417,"startTime":1514871544131,"result":"SUCCESS","children":[{"number":38,"description":"Given load request for getFundingListImpersonation \"/MerchantApiWeb/authenticateUser\" and \"/MerchantApiWeb/rest/secure/impersonation/user/financialData/funding/getFundingList\" and \"TC06\" and \"TestAutomation18\" and \"Password@1\" and \"EMS\"","duration":1277,"startTime":1514871544145,"result":"SUCCESS","children":[{"number":39,"description":"Loadgetrequestdata: https://uat1.merchantportal.firstdata.eu/MerchantApiWeb/authenticateUser","duration":1,"startTime":1514871544210,"result":"SUCCESS"},{"number":40,"description":"Postrequest authenticate user: https://uat1.merchantportal.firstdata.eu/MerchantApiWeb/authenticateUser, TestAutomation18, Password@1, EMS","duration":1173,"startTime":1514871544212,"result":"SUCCESS"},{"number":41,"description":"Loadgetrequestdata uniqueauthentication: https://uat1.merchantportal.firstdata.eu/MerchantApiWeb/rest/secure/impersonation/user/financialData/funding/getFundingList","duration":1,"startTime":1514871545396,"result":"SUCCESS"}]},{"number":42,"description":"When post get request for getFundingListImpersonation \"EUR\" and \"1\" and \"2016-11-02\" and \"\" and \"DemoAccount1\"","duration":943,"startTime":1514871545423,"result":"SUCCESS","children":[{"number":43,"description":"Post GET request get funding list impersonation: https://uat1.merchantportal.firstdata.eu/MerchantApiWeb/rest/secure/impersonation/user/financialData/funding/getFundingList, EUR, 1, 2016-11-02, , DemoAccount1","duration":873,"startTime":1514871545437,"result":"SUCCESS"}]},{"number":44,"description":"Then verify getFundingListImpersonation response status \"error\" and \"MPVE00061\" and \"toDate is required\" and \"\" and \"\" and \"\"","duration":181,"startTime":1514871546367,"result":"SUCCESS","children":[{"number":45,"description":"Verify Response","duration":48,"startTime":1514871546380,"result":"SUCCESS"}]}]},{"number":46,"description":"[1] {report\u003dTC07, logindomain\u003d/MerchantApiWeb/authenticateUser, domainurl\u003d/MerchantApiWeb/rest/secure/impersonation/user/financialData/funding/getFundingList, status\u003derror, Message\u003dfromDate is required, ErrorCode\u003dMPVE00063, userName\u003dTestAutomation18, password\u003dPassword@1, allianceCode\u003dEMS, AuthErrMessage\u003d, Authaccessdenied\u003d, AuthErrCause\u003d, currency\u003dEUR, userType\u003d, pageNumber\u003d1, accountStatus\u003d, profile\u003d, firstName\u003d, lastName\u003d, period\u003d, fromDate\u003d, toDate\u003d2017-11-02, invoiceId\u003d4723680, gsmTopUpFromDate\u003d, gsmTopUpToDate\u003d, invoiceLineItemId\u003d, fundId\u003d5121421, merchId\u003d65902182, pseudoUserName\u003dDemoAccount1}","duration":2268,"startTime":1514871551757,"result":"SUCCESS","children":[{"number":47,"description":"Given load request for getFundingListImpersonation \"/MerchantApiWeb/authenticateUser\" and \"/MerchantApiWeb/rest/secure/impersonation/user/financialData/funding/getFundingList\" and \"TC07\" and \"TestAutomation18\" and \"Password@1\" and \"EMS\"","duration":1200,"startTime":1514871551796,"result":"SUCCESS","children":[{"number":48,"description":"Loadgetrequestdata: https://uat1.merchantportal.firstdata.eu/MerchantApiWeb/authenticateUser","duration":1,"startTime":1514871551877,"result":"SUCCESS"},{"number":49,"description":"Postrequest authenticate user: https://uat1.merchantportal.firstdata.eu/MerchantApiWeb/authenticateUser, TestAutomation18, Password@1, EMS","duration":1072,"startTime":1514871551879,"result":"SUCCESS"},{"number":50,"description":"Loadgetrequestdata uniqueauthentication: https://uat1.merchantportal.firstdata.eu/MerchantApiWeb/rest/secure/impersonation/user/financialData/funding/getFundingList","duration":1,"startTime":1514871552962,"result":"SUCCESS"}]},{"number":51,"description":"When post get request for getFundingListImpersonation \"EUR\" and \"1\" and \"\" and \"2017-11-02\" and \"DemoAccount1\"","duration":853,"startTime":1514871552997,"result":"SUCCESS","children":[{"number":52,"description":"Post GET request get funding list impersonation: https://uat1.merchantportal.firstdata.eu/MerchantApiWeb/rest/secure/impersonation/user/financialData/funding/getFundingList, EUR, 1, , 2017-11-02, DemoAccount1","duration":788,"startTime":1514871553013,"result":"SUCCESS"}]},{"number":53,"description":"Then verify getFundingListImpersonation response status \"error\" and \"MPVE00063\" and \"fromDate is required\" and \"\" and \"\" and \"\"","duration":173,"startTime":1514871553851,"result":"SUCCESS","children":[{"number":54,"description":"Verify Response","duration":49,"startTime":1514871553864,"result":"SUCCESS"}]}]},{"number":55,"description":"[1] {report\u003dTC08, logindomain\u003d/MerchantApiWeb/authenticateUser, domainurl\u003d/MerchantApiWeb/rest/secure/impersonation/user/financialData/funding/getFundingList, status\u003derror, Message\u003dPage no should be numeric, ErrorCode\u003dMPVE00032, userName\u003dTestAutomation18, password\u003dPassword@1, allianceCode\u003dEMS, AuthErrMessage\u003d, Authaccessdenied\u003d, AuthErrCause\u003d, currency\u003dEUR, userType\u003d, pageNumber\u003dA, accountStatus\u003d, profile\u003d, firstName\u003d, lastName\u003d, period\u003d, fromDate\u003d2016-11-02, toDate\u003d2017-11-02, invoiceId\u003d4723680, gsmTopUpFromDate\u003d, gsmTopUpToDate\u003d, invoiceLineItemId\u003d, fundId\u003d5121421, merchId\u003d65902182, pseudoUserName\u003dDemoAccount1}","duration":2625,"startTime":1514871557648,"result":"SUCCESS","children":[{"number":56,"description":"Given load request for getFundingListImpersonation \"/MerchantApiWeb/authenticateUser\" and \"/MerchantApiWeb/rest/secure/impersonation/user/financialData/funding/getFundingList\" and \"TC08\" and \"TestAutomation18\" and \"Password@1\" and \"EMS\"","duration":1261,"startTime":1514871557664,"result":"SUCCESS","children":[{"number":57,"description":"Loadgetrequestdata: https://uat1.merchantportal.firstdata.eu/MerchantApiWeb/authenticateUser","duration":0,"startTime":1514871557759,"result":"SUCCESS"},{"number":58,"description":"Postrequest authenticate user: https://uat1.merchantportal.firstdata.eu/MerchantApiWeb/authenticateUser, TestAutomation18, Password@1, EMS","duration":1124,"startTime":1514871557760,"result":"SUCCESS"},{"number":59,"description":"Loadgetrequestdata uniqueauthentication: https://uat1.merchantportal.firstdata.eu/MerchantApiWeb/rest/secure/impersonation/user/financialData/funding/getFundingList","duration":0,"startTime":1514871558895,"result":"SUCCESS"}]},{"number":60,"description":"When post get request for getFundingListImpersonation \"EUR\" and \"A\" and \"2016-11-02\" and \"2017-11-02\" and \"DemoAccount1\"","duration":1027,"startTime":1514871558925,"result":"SUCCESS","children":[{"number":61,"description":"Post GET request get funding list impersonation: https://uat1.merchantportal.firstdata.eu/MerchantApiWeb/rest/secure/impersonation/user/financialData/funding/getFundingList, EUR, A, 2016-11-02, 2017-11-02, DemoAccount1","duration":938,"startTime":1514871558946,"result":"SUCCESS"}]},{"number":62,"description":"Then verify getFundingListImpersonation response status \"error\" and \"MPVE00032\" and \"Page no should be numeric\" and \"\" and \"\" and \"\"","duration":320,"startTime":1514871559953,"result":"SUCCESS","children":[{"number":63,"description":"Verify Response","duration":171,"startTime":1514871559968,"result":"SUCCESS"}]}]},{"number":64,"description":"[1] {report\u003dTC09, logindomain\u003d/MerchantApiWeb/authenticateUser, domainurl\u003d/MerchantApiWeb/rest/secure/impersonation/user/financialData/funding/getFundingList, status\u003derror, Message\u003dUsername does not exist, ErrorCode\u003dMPBE00004, userName\u003dTestAutomation18, password\u003dPassword@1, allianceCode\u003dEMS, AuthErrMessage\u003d, Authaccessdenied\u003d, AuthErrCause\u003d, currency\u003dEUR, userType\u003d, pageNumber\u003d1, accountStatus\u003d, profile\u003d, firstName\u003d, lastName\u003d, period\u003d, fromDate\u003d2016-11-02, toDate\u003d2017-11-02, invoiceId\u003d4723680, gsmTopUpFromDate\u003d, gsmTopUpToDate\u003d, invoiceLineItemId\u003d, fundId\u003d5121421, merchId\u003d65902182, pseudoUserName\u003dTestabcd123}","duration":2557,"startTime":1514871564212,"result":"SUCCESS","children":[{"number":65,"description":"Given load request for getFundingListImpersonation \"/MerchantApiWeb/authenticateUser\" and \"/MerchantApiWeb/rest/secure/impersonation/user/financialData/funding/getFundingList\" and \"TC09\" and \"TestAutomation18\" and \"Password@1\" and \"EMS\"","duration":1308,"startTime":1514871564256,"result":"SUCCESS","children":[{"number":66,"description":"Loadgetrequestdata: https://uat1.merchantportal.firstdata.eu/MerchantApiWeb/authenticateUser","duration":0,"startTime":1514871564325,"result":"SUCCESS"},{"number":67,"description":"Postrequest authenticate user: https://uat1.merchantportal.firstdata.eu/MerchantApiWeb/authenticateUser, TestAutomation18, Password@1, EMS","duration":1202,"startTime":1514871564326,"result":"SUCCESS"},{"number":68,"description":"Loadgetrequestdata uniqueauthentication: https://uat1.merchantportal.firstdata.eu/MerchantApiWeb/rest/secure/impersonation/user/financialData/funding/getFundingList","duration":0,"startTime":1514871565535,"result":"SUCCESS"}]},{"number":69,"description":"When post get request for getFundingListImpersonation \"EUR\" and \"1\" and \"2016-11-02\" and \"2017-11-02\" and \"Testabcd123\"","duration":1021,"startTime":1514871565565,"result":"SUCCESS","children":[{"number":70,"description":"Post GET request get funding list impersonation: https://uat1.merchantportal.firstdata.eu/MerchantApiWeb/rest/secure/impersonation/user/financialData/funding/getFundingList, EUR, 1, 2016-11-02, 2017-11-02, Testabcd123","duration":943,"startTime":1514871565580,"result":"SUCCESS"}]},{"number":71,"description":"Then verify getFundingListImpersonation response status \"error\" and \"MPBE00004\" and \"Username does not exist\" and \"\" and \"\" and \"\"","duration":182,"startTime":1514871566587,"result":"SUCCESS","children":[{"number":72,"description":"Verify Response","duration":65,"startTime":1514871566599,"result":"SUCCESS"}]}]}],"userStory":{"id":"merchant-portal-application-api-validation","storyName":"Merchant Portal application API validation","path":"APIupdate.feature","type":"feature"},"featureTag":{"name":"Merchant Portal application API validation","type":"feature"},"title":"Verify the api retrieves the Funding list for the impersonated user","description":"","tags":[{"name":"getFundingListImpersonation","type":"tag"}],"startTime":1514871519102,"duration":47667,"dataTable":{"headers":["report","logindomain","domainurl","status","Message","ErrorCode","userName","password","allianceCode","AuthErrMessage","Authaccessdenied","AuthErrCause","currency","userType","pageNumber","accountStatus","profile","firstName","lastName","period","fromDate","toDate","invoiceId","gsmTopUpFromDate","gsmTopUpToDate","invoiceLineItemId","fundId","merchId","pseudoUserName"],"rows":[{"values":["TC01","/MerchantApiWeb/authenticateUser","/MerchantApiWeb/rest/secure/impersonation/user/financialData/funding/getFundingList","success","","","TestAutomation18","Password@1","EMS","","","","EUR","","1","","","","","","2016-11-02","2017-11-02","4723680","","","","5121421","65902182","DemoAccount1"],"result":"SUCCESS"},{"values":["TC02","/MerchantApiWeb/authenticateUser","/MerchantApiWeb/rest/secure/impersonation/user/financialData/funding/getFundingList","error","Invalid Date format","MPVE00051","TestAutomation18","Password@1","EMS","","","","EUR","","1","","","","","","20161102","2017-11-02","4723680","","","","5121421","65902182","DemoAccount1"],"result":"SUCCESS"},{"values":["TC03","/MerchantApiWeb/authenticateUser","/MerchantApiWeb/rest/secure/impersonation/user/financialData/funding/getFundingList","error","Invalid Date format","MPVE00051","TestAutomation18","Password@1","EMS","","","","EUR","","1","","","","","","2016-11-02","20171102","4723680","","","","5121421","65902182","DemoAccount1"],"result":"SUCCESS"},{"values":["TC05","/MerchantApiWeb/authenticateUser","/MerchantApiWeb/rest/secure/impersonation/user/financialData/funding/getFundingList","error","fromDate should be less than toDate","MPVE00053","TestAutomation18","Password@1","EMS","","","","EUR","","1","","","","","","2018-11-02","2017-11-02","4723680","","","","5121421","65902182","DemoAccount1"],"result":"SUCCESS"},{"values":["TC06","/MerchantApiWeb/authenticateUser","/MerchantApiWeb/rest/secure/impersonation/user/financialData/funding/getFundingList","error","toDate is required","MPVE00061","TestAutomation18","Password@1","EMS","","","","EUR","","1","","","","","","2016-11-02","","4723680","","","","5121421","65902182","DemoAccount1"],"result":"SUCCESS"},{"values":["TC07","/MerchantApiWeb/authenticateUser","/MerchantApiWeb/rest/secure/impersonation/user/financialData/funding/getFundingList","error","fromDate is required","MPVE00063","TestAutomation18","Password@1","EMS","","","","EUR","","1","","","","","","","2017-11-02","4723680","","","","5121421","65902182","DemoAccount1"],"result":"SUCCESS"},{"values":["TC08","/MerchantApiWeb/authenticateUser","/MerchantApiWeb/rest/secure/impersonation/user/financialData/funding/getFundingList","error","Page no should be numeric","MPVE00032","TestAutomation18","Password@1","EMS","","","","EUR","","A","","","","","","2016-11-02","2017-11-02","4723680","","","","5121421","65902182","DemoAccount1"],"result":"SUCCESS"},{"values":["TC09","/MerchantApiWeb/authenticateUser","/MerchantApiWeb/rest/secure/impersonation/user/financialData/funding/getFundingList","error","Username does not exist","MPBE00004","TestAutomation18","Password@1","EMS","","","","EUR","","1","","","","","","2016-11-02","2017-11-02","4723680","","","","5121421","65902182","Testabcd123"],"result":"SUCCESS"}],"predefinedRows":true,"dataSetDescriptors":[{"startRow":0,"rowCount":0,"name":"","description":""}]},"manual":false,"testSource":"Cucumber","result":"SUCCESS"}