{"name":"Verify the api sends the passcode to the customer as per input","testSteps":[{"number":1,"description":"[1] {report\u003dTC01, logindomain\u003d/MerchantApiWeb/authenticateUser, domainurl\u003d/MerchantApiWeb/rest/sendPasscode, status\u003dsuccess, Message\u003d, ErrorCode\u003d, userName\u003dTestAutomation22, password\u003dPassword@1, allianceCode\u003dEMS, AuthErrMessage\u003d, Authaccessdenied\u003d, AuthErrCause\u003d, currency\u003d, userType\u003d, pageNumber\u003d, accountStatus\u003d, profile\u003d, firstName\u003d, lastName\u003d, sendPasscodeencUserId\u003d6b69752b3071456453767677756a705932674b335a773d3d, smsType\u003dRESET PASSWORD}","duration":5109,"startTime":1514870895252,"result":"SUCCESS","children":[{"number":2,"description":"Given load request for sendPasscode \"/MerchantApiWeb/authenticateUser\" and \"/MerchantApiWeb/rest/sendPasscode\" and \"TC01\" and \"TestAutomation22\" and \"Password@1\" and \"EMS\"","duration":1206,"startTime":1514870895271,"result":"SUCCESS","children":[{"number":3,"description":"Loadgetrequestdata: https://uat1.merchantportal.firstdata.eu/MerchantApiWeb/authenticateUser","duration":1,"startTime":1514870895377,"result":"SUCCESS"},{"number":4,"description":"Postrequest authenticate user: https://uat1.merchantportal.firstdata.eu/MerchantApiWeb/authenticateUser, TestAutomation22, Password@1, EMS","duration":1066,"startTime":1514870895379,"result":"SUCCESS"},{"number":5,"description":"Loadgetrequestdata requestwithbody: https://uat1.merchantportal.firstdata.eu/MerchantApiWeb/rest/sendPasscode","duration":0,"startTime":1514870896454,"result":"SUCCESS"}]},{"number":6,"description":"When post request for sendPasscode \"6b69752b3071456453767677756a705932674b335a773d3d\" and \"RESET PASSWORD\"","duration":3802,"startTime":1514870896477,"result":"SUCCESS","children":[{"number":7,"description":"Postrequest send passcode: https://uat1.merchantportal.firstdata.eu/MerchantApiWeb/rest/sendPasscode, 6b69752b3071456453767677756a705932674b335a773d3d, RESET PASSWORD","duration":3711,"startTime":1514870896510,"result":"SUCCESS"}]},{"number":8,"description":"Then verify sendPasscode response status \"success\" and \"\" and \"\" and \"\" and \"\" and \"\"","duration":82,"startTime":1514870900279,"result":"SUCCESS","children":[{"number":9,"description":"Verify Response","duration":18,"startTime":1514870900293,"result":"SUCCESS"}]}]}],"userStory":{"id":"merchant-portal-application-api-validation","storyName":"Merchant Portal application API validation","path":"APIupdate.feature","type":"feature"},"featureTag":{"name":"Merchant Portal application API validation","type":"feature"},"title":"Verify the api sends the passcode to the customer as per input","description":"","tags":[{"name":"sendPasscode","type":"tag"}],"startTime":1514870895251,"duration":5110,"dataTable":{"headers":["report","logindomain","domainurl","status","Message","ErrorCode","userName","password","allianceCode","AuthErrMessage","Authaccessdenied","AuthErrCause","currency","userType","pageNumber","accountStatus","profile","firstName","lastName","sendPasscodeencUserId","smsType"],"rows":[{"values":["TC01","/MerchantApiWeb/authenticateUser","/MerchantApiWeb/rest/sendPasscode","success","","","TestAutomation22","Password@1","EMS","","","","","","","","","","","6b69752b3071456453767677756a705932674b335a773d3d","RESET PASSWORD"],"result":"SUCCESS"}],"predefinedRows":true,"dataSetDescriptors":[{"startRow":0,"rowCount":0,"name":"","description":""}]},"manual":false,"testSource":"Cucumber","result":"SUCCESS"}