{"name":"Verify the api retrieves the details of the Invoice summary for the impersonated user","testSteps":[{"number":1,"description":"[1] {report\u003dTC01, logindomain\u003d/MerchantApiWeb/authenticateUser, domainurl\u003d/MerchantApiWeb/rest/secure/impersonation/user/financialData/invoice/getInvoiceSummary, status\u003dsuccess, Message\u003d, ErrorCode\u003d, userName\u003dTestAutomationFDP3, password\u003dPassword@1, allianceCode\u003dFDP, AuthErrMessage\u003d, Authaccessdenied\u003d, AuthErrCause\u003d, currency\u003dPLN, userType\u003d, pageNumber\u003d, accountStatus\u003d, profile\u003d, firstName\u003d, lastName\u003d, period\u003d, pseudoUserName\u003dTheBatman}","duration":3560,"startTime":1514871141644,"result":"SUCCESS","children":[{"number":2,"description":"Given load request for getInvoiceSummaryImpersonation \"/MerchantApiWeb/authenticateUser\" and \"/MerchantApiWeb/rest/secure/impersonation/user/financialData/invoice/getInvoiceSummary\" and \"TC01\" and \"TestAutomationFDP3\" and \"Password@1\" and \"FDP\"","duration":1230,"startTime":1514871141658,"result":"SUCCESS","children":[{"number":3,"description":"Loadgetrequestdata: https://uat1.merchantportal.firstdata.eu/MerchantApiWeb/authenticateUser","duration":0,"startTime":1514871141758,"result":"SUCCESS"},{"number":4,"description":"Postrequest authenticate user: https://uat1.merchantportal.firstdata.eu/MerchantApiWeb/authenticateUser, TestAutomationFDP3, Password@1, FDP","duration":1096,"startTime":1514871141759,"result":"SUCCESS"},{"number":5,"description":"Loadgetrequestdata uniqueauthentication: https://uat1.merchantportal.firstdata.eu/MerchantApiWeb/rest/secure/impersonation/user/financialData/invoice/getInvoiceSummary","duration":0,"startTime":1514871142862,"result":"SUCCESS"}]},{"number":6,"description":"When post get request for getInvoiceSummaryImpersonation \"PLN\" and \"\" and \"TheBatman\"","duration":2160,"startTime":1514871142888,"result":"SUCCESS","children":[{"number":7,"description":"Post GET request get invoice summary impersonation: https://uat1.merchantportal.firstdata.eu/MerchantApiWeb/rest/secure/impersonation/user/financialData/invoice/getInvoiceSummary, PLN, , TheBatman","duration":2086,"startTime":1514871142902,"result":"SUCCESS"}]},{"number":8,"description":"Then verify getInvoiceSummaryImpersonation response status \"success\" and \"\" and \"\" and \"\" and \"\" and \"\"","duration":156,"startTime":1514871145048,"result":"SUCCESS","children":[{"number":9,"description":"Verify Response","duration":88,"startTime":1514871145062,"result":"SUCCESS"}]}]},{"number":10,"description":"[1] {report\u003dTC02, logindomain\u003d/MerchantApiWeb/authenticateUser, domainurl\u003d/MerchantApiWeb/rest/secure/impersonation/user/financialData/invoice/getInvoiceSummary, status\u003derror, Message\u003dInvalid Date format, ErrorCode\u003dMPVE00051, userName\u003dTestAutomationFDP3, password\u003dPassword@1, allianceCode\u003dFDP, AuthErrMessage\u003d, Authaccessdenied\u003d, AuthErrCause\u003d, currency\u003dPLN, userType\u003d, pageNumber\u003d, accountStatus\u003d, profile\u003d, firstName\u003d, lastName\u003d, period\u003d201710-01, pseudoUserName\u003dTheBatman}","duration":2537,"startTime":1514871148486,"result":"SUCCESS","children":[{"number":11,"description":"Given load request for getInvoiceSummaryImpersonation \"/MerchantApiWeb/authenticateUser\" and \"/MerchantApiWeb/rest/secure/impersonation/user/financialData/invoice/getInvoiceSummary\" and \"TC02\" and \"TestAutomationFDP3\" and \"Password@1\" and \"FDP\"","duration":1356,"startTime":1514871148531,"result":"SUCCESS","children":[{"number":12,"description":"Loadgetrequestdata: https://uat1.merchantportal.firstdata.eu/MerchantApiWeb/authenticateUser","duration":1,"startTime":1514871148633,"result":"SUCCESS"},{"number":13,"description":"Postrequest authenticate user: https://uat1.merchantportal.firstdata.eu/MerchantApiWeb/authenticateUser, TestAutomationFDP3, Password@1, FDP","duration":1189,"startTime":1514871148635,"result":"SUCCESS"},{"number":14,"description":"Loadgetrequestdata uniqueauthentication: https://uat1.merchantportal.firstdata.eu/MerchantApiWeb/rest/secure/impersonation/user/financialData/invoice/getInvoiceSummary","duration":1,"startTime":1514871149834,"result":"SUCCESS"}]},{"number":15,"description":"When post get request for getInvoiceSummaryImpersonation \"PLN\" and \"201710-01\" and \"TheBatman\"","duration":952,"startTime":1514871149887,"result":"SUCCESS","children":[{"number":16,"description":"Post GET request get invoice summary impersonation: https://uat1.merchantportal.firstdata.eu/MerchantApiWeb/rest/secure/impersonation/user/financialData/invoice/getInvoiceSummary, PLN, 201710-01, TheBatman","duration":887,"startTime":1514871149904,"result":"SUCCESS"}]},{"number":17,"description":"Then verify getInvoiceSummaryImpersonation response status \"error\" and \"MPVE00051\" and \"Invalid Date format\" and \"\" and \"\" and \"\"","duration":183,"startTime":1514871150840,"result":"SUCCESS","children":[{"number":18,"description":"Verify Response","duration":54,"startTime":1514871150850,"result":"SUCCESS"}]}]},{"number":19,"description":"[1] {report\u003dTC04, logindomain\u003d/MerchantApiWeb/authenticateUser, domainurl\u003d/MerchantApiWeb/rest/secure/impersonation/user/financialData/invoice/getInvoiceSummary, status\u003derror, Message\u003dCurrency can\u0027t be empty, ErrorCode\u003dMPVE00076, userName\u003dTestAutomationFDP3, password\u003dPassword@1, allianceCode\u003dFDP, AuthErrMessage\u003d, Authaccessdenied\u003d, AuthErrCause\u003d, currency\u003d, userType\u003d, pageNumber\u003d, accountStatus\u003d, profile\u003d, firstName\u003d, lastName\u003d, period\u003d2017-10-01, pseudoUserName\u003dTheBatman}","duration":2351,"startTime":1514871155975,"result":"SUCCESS","children":[{"number":20,"description":"Given load request for getInvoiceSummaryImpersonation \"/MerchantApiWeb/authenticateUser\" and \"/MerchantApiWeb/rest/secure/impersonation/user/financialData/invoice/getInvoiceSummary\" and \"TC04\" and \"TestAutomationFDP3\" and \"Password@1\" and \"FDP\"","duration":1180,"startTime":1514871155989,"result":"SUCCESS","children":[{"number":21,"description":"Loadgetrequestdata: https://uat1.merchantportal.firstdata.eu/MerchantApiWeb/authenticateUser","duration":1,"startTime":1514871156064,"result":"SUCCESS"},{"number":22,"description":"Postrequest authenticate user: https://uat1.merchantportal.firstdata.eu/MerchantApiWeb/authenticateUser, TestAutomationFDP3, Password@1, FDP","duration":1070,"startTime":1514871156066,"result":"SUCCESS"},{"number":23,"description":"Loadgetrequestdata uniqueauthentication: https://uat1.merchantportal.firstdata.eu/MerchantApiWeb/rest/secure/impersonation/user/financialData/invoice/getInvoiceSummary","duration":0,"startTime":1514871157143,"result":"SUCCESS"}]},{"number":24,"description":"When post get request for getInvoiceSummaryImpersonation \"\" and \"2017-10-01\" and \"TheBatman\"","duration":982,"startTime":1514871157169,"result":"SUCCESS","children":[{"number":25,"description":"Post GET request get invoice summary impersonation: https://uat1.merchantportal.firstdata.eu/MerchantApiWeb/rest/secure/impersonation/user/financialData/invoice/getInvoiceSummary, , 2017-10-01, TheBatman","duration":919,"startTime":1514871157184,"result":"SUCCESS"}]},{"number":26,"description":"Then verify getInvoiceSummaryImpersonation response status \"error\" and \"MPVE00076\" and \"Currency can\u0027t be empty\" and \"\" and \"\" and \"\"","duration":174,"startTime":1514871158152,"result":"SUCCESS","children":[{"number":27,"description":"Verify Response","duration":54,"startTime":1514871158167,"result":"SUCCESS"}]}]},{"number":28,"description":"[1] {report\u003dTC05, logindomain\u003d/MerchantApiWeb/authenticateUser, domainurl\u003d/MerchantApiWeb/rest/secure/impersonation/user/financialData/invoice/getInvoiceSummary, status\u003derror, Message\u003dplease enter a valid currency, ErrorCode\u003dMPVE00075, userName\u003dTestAutomationFDP3, password\u003dPassword@1, allianceCode\u003dFDP, AuthErrMessage\u003d, Authaccessdenied\u003d, AuthErrCause\u003d, currency\u003dabc, userType\u003d, pageNumber\u003d, accountStatus\u003d, profile\u003d, firstName\u003d, lastName\u003d, period\u003d2017-10-01, pseudoUserName\u003dTheBatman}","duration":2310,"startTime":1514871162001,"result":"SUCCESS","children":[{"number":29,"description":"Given load request for getInvoiceSummaryImpersonation \"/MerchantApiWeb/authenticateUser\" and \"/MerchantApiWeb/rest/secure/impersonation/user/financialData/invoice/getInvoiceSummary\" and \"TC05\" and \"TestAutomationFDP3\" and \"Password@1\" and \"FDP\"","duration":1131,"startTime":1514871162019,"result":"SUCCESS","children":[{"number":30,"description":"Loadgetrequestdata: https://uat1.merchantportal.firstdata.eu/MerchantApiWeb/authenticateUser","duration":0,"startTime":1514871162127,"result":"SUCCESS"},{"number":31,"description":"Postrequest authenticate user: https://uat1.merchantportal.firstdata.eu/MerchantApiWeb/authenticateUser, TestAutomationFDP3, Password@1, FDP","duration":990,"startTime":1514871162128,"result":"SUCCESS"},{"number":32,"description":"Loadgetrequestdata uniqueauthentication: https://uat1.merchantportal.firstdata.eu/MerchantApiWeb/rest/secure/impersonation/user/financialData/invoice/getInvoiceSummary","duration":2,"startTime":1514871163125,"result":"SUCCESS"}]},{"number":33,"description":"When post get request for getInvoiceSummaryImpersonation \"abc\" and \"2017-10-01\" and \"TheBatman\"","duration":964,"startTime":1514871163151,"result":"SUCCESS","children":[{"number":34,"description":"Post GET request get invoice summary impersonation: https://uat1.merchantportal.firstdata.eu/MerchantApiWeb/rest/secure/impersonation/user/financialData/invoice/getInvoiceSummary, abc, 2017-10-01, TheBatman","duration":895,"startTime":1514871163166,"result":"SUCCESS"}]},{"number":35,"description":"Then verify getInvoiceSummaryImpersonation response status \"error\" and \"MPVE00075\" and \"please enter a valid currency\" and \"\" and \"\" and \"\"","duration":196,"startTime":1514871164115,"result":"SUCCESS","children":[{"number":36,"description":"Verify Response","duration":52,"startTime":1514871164128,"result":"SUCCESS"}]}]},{"number":37,"description":"[1] {report\u003dTC06, logindomain\u003d/MerchantApiWeb/authenticateUser, domainurl\u003d/MerchantApiWeb/rest/secure/impersonation/user/financialData/invoice/getInvoiceSummary, status\u003derror, Message\u003dUsername can\u0027t be empty, ErrorCode\u003dMPVE00001, userName\u003dTestAutomationFDP3, password\u003dPassword@1, allianceCode\u003dFDP, AuthErrMessage\u003d, Authaccessdenied\u003d, AuthErrCause\u003d, currency\u003dPLN, userType\u003d, pageNumber\u003d, accountStatus\u003d, profile\u003d, firstName\u003d, lastName\u003d, period\u003d2017-10-01, pseudoUserName\u003d}","duration":2500,"startTime":1514871167954,"result":"SUCCESS","children":[{"number":38,"description":"Given load request for getInvoiceSummaryImpersonation \"/MerchantApiWeb/authenticateUser\" and \"/MerchantApiWeb/rest/secure/impersonation/user/financialData/invoice/getInvoiceSummary\" and \"TC06\" and \"TestAutomationFDP3\" and \"Password@1\" and \"FDP\"","duration":1195,"startTime":1514871168014,"result":"SUCCESS","children":[{"number":39,"description":"Loadgetrequestdata: https://uat1.merchantportal.firstdata.eu/MerchantApiWeb/authenticateUser","duration":1,"startTime":1514871168098,"result":"SUCCESS"},{"number":40,"description":"Postrequest authenticate user: https://uat1.merchantportal.firstdata.eu/MerchantApiWeb/authenticateUser, TestAutomationFDP3, Password@1, FDP","duration":1020,"startTime":1514871168100,"result":"SUCCESS"},{"number":41,"description":"Loadgetrequestdata uniqueauthentication: https://uat1.merchantportal.firstdata.eu/MerchantApiWeb/rest/secure/impersonation/user/financialData/invoice/getInvoiceSummary","duration":0,"startTime":1514871169131,"result":"SUCCESS"}]},{"number":42,"description":"When post get request for getInvoiceSummaryImpersonation \"PLN\" and \"2017-10-01\" and \"\"","duration":988,"startTime":1514871169209,"result":"SUCCESS","children":[{"number":43,"description":"Post GET request get invoice summary impersonation: https://uat1.merchantportal.firstdata.eu/MerchantApiWeb/rest/secure/impersonation/user/financialData/invoice/getInvoiceSummary, PLN, 2017-10-01, ","duration":859,"startTime":1514871169223,"result":"SUCCESS"}]},{"number":44,"description":"Then verify getInvoiceSummaryImpersonation response status \"error\" and \"MPVE00001\" and \"Username can\u0027t be empty\" and \"\" and \"\" and \"\"","duration":256,"startTime":1514871170198,"result":"SUCCESS","children":[{"number":45,"description":"Verify Response","duration":51,"startTime":1514871170211,"result":"SUCCESS"}]}]},{"number":46,"description":"[1] {report\u003dTC07, logindomain\u003d/MerchantApiWeb/authenticateUser, domainurl\u003d/MerchantApiWeb/rest/secure/impersonation/user/financialData/invoice/getInvoiceSummary, status\u003derror, Message\u003dUsername should be greater than 8 and less than 50 characters, ErrorCode\u003dMPVE00002, userName\u003dTestAutomationFDP3, password\u003dPassword@1, allianceCode\u003dFDP, AuthErrMessage\u003d, Authaccessdenied\u003d, AuthErrCause\u003d, currency\u003dPLN, userType\u003d, pageNumber\u003d, accountStatus\u003d, profile\u003d, firstName\u003d, lastName\u003d, period\u003d2017-10-01, pseudoUserName\u003dThe}","duration":2769,"startTime":1514871175506,"result":"SUCCESS","children":[{"number":47,"description":"Given load request for getInvoiceSummaryImpersonation \"/MerchantApiWeb/authenticateUser\" and \"/MerchantApiWeb/rest/secure/impersonation/user/financialData/invoice/getInvoiceSummary\" and \"TC07\" and \"TestAutomationFDP3\" and \"Password@1\" and \"FDP\"","duration":1250,"startTime":1514871175520,"result":"SUCCESS","children":[{"number":48,"description":"Loadgetrequestdata: https://uat1.merchantportal.firstdata.eu/MerchantApiWeb/authenticateUser","duration":1,"startTime":1514871175613,"result":"SUCCESS"},{"number":49,"description":"Postrequest authenticate user: https://uat1.merchantportal.firstdata.eu/MerchantApiWeb/authenticateUser, TestAutomationFDP3, Password@1, FDP","duration":1120,"startTime":1514871175615,"result":"SUCCESS"},{"number":50,"description":"Loadgetrequestdata uniqueauthentication: https://uat1.merchantportal.firstdata.eu/MerchantApiWeb/rest/secure/impersonation/user/financialData/invoice/getInvoiceSummary","duration":1,"startTime":1514871176744,"result":"SUCCESS"}]},{"number":51,"description":"When post get request for getInvoiceSummaryImpersonation \"PLN\" and \"2017-10-01\" and \"The\"","duration":1141,"startTime":1514871176771,"result":"SUCCESS","children":[{"number":52,"description":"Post GET request get invoice summary impersonation: https://uat1.merchantportal.firstdata.eu/MerchantApiWeb/rest/secure/impersonation/user/financialData/invoice/getInvoiceSummary, PLN, 2017-10-01, The","duration":1035,"startTime":1514871176801,"result":"SUCCESS"}]},{"number":53,"description":"Then verify getInvoiceSummaryImpersonation response status \"error\" and \"MPVE00002\" and \"Username should be greater than 8 and less than 50 characters\" and \"\" and \"\" and \"\"","duration":363,"startTime":1514871177912,"result":"SUCCESS","children":[{"number":54,"description":"Verify Response","duration":152,"startTime":1514871177967,"result":"SUCCESS"}]}]},{"number":55,"description":"[1] {report\u003dTC08, logindomain\u003d/MerchantApiWeb/authenticateUser, domainurl\u003d/MerchantApiWeb/rest/secure/impersonation/user/financialData/invoice/getInvoiceSummary, status\u003derror, Message\u003dUsername should be greater than 8 and less than 50 characters, ErrorCode\u003dMPVE00002, userName\u003dTestAutomationFDP3, password\u003dPassword@1, allianceCode\u003dFDP, AuthErrMessage\u003d, Authaccessdenied\u003d, AuthErrCause\u003d, currency\u003dPLN, userType\u003d, pageNumber\u003d, accountStatus\u003d, profile\u003d, firstName\u003d, lastName\u003d, period\u003d2017-10-01, pseudoUserName\u003dThe2934857293857923875928375923759273597239475923759273597}","duration":2558,"startTime":1514871182947,"result":"SUCCESS","children":[{"number":56,"description":"Given load request for getInvoiceSummaryImpersonation \"/MerchantApiWeb/authenticateUser\" and \"/MerchantApiWeb/rest/secure/impersonation/user/financialData/invoice/getInvoiceSummary\" and \"TC08\" and \"TestAutomationFDP3\" and \"Password@1\" and \"FDP\"","duration":1284,"startTime":1514871183043,"result":"SUCCESS","children":[{"number":57,"description":"Loadgetrequestdata: https://uat1.merchantportal.firstdata.eu/MerchantApiWeb/authenticateUser","duration":0,"startTime":1514871183114,"result":"SUCCESS"},{"number":58,"description":"Postrequest authenticate user: https://uat1.merchantportal.firstdata.eu/MerchantApiWeb/authenticateUser, TestAutomationFDP3, Password@1, FDP","duration":1180,"startTime":1514871183115,"result":"SUCCESS"},{"number":59,"description":"Loadgetrequestdata uniqueauthentication: https://uat1.merchantportal.firstdata.eu/MerchantApiWeb/rest/secure/impersonation/user/financialData/invoice/getInvoiceSummary","duration":0,"startTime":1514871184303,"result":"SUCCESS"}]},{"number":60,"description":"When post get request for getInvoiceSummaryImpersonation \"PLN\" and \"2017-10-01\" and \"The2934857293857923875928375923759273597239475923759273597\"","duration":909,"startTime":1514871184327,"result":"SUCCESS","children":[{"number":61,"description":"Post GET request get invoice summary impersonation: https://uat1.merchantportal.firstdata.eu/MerchantApiWeb/rest/secure/impersonation/user/financialData/invoice/getInvoiceSummary, PLN, 2017-10-01, The2934857293857923875928375923759273597239475923759273597","duration":806,"startTime":1514871184341,"result":"SUCCESS"}]},{"number":62,"description":"Then verify getInvoiceSummaryImpersonation response status \"error\" and \"MPVE00002\" and \"Username should be greater than 8 and less than 50 characters\" and \"\" and \"\" and \"\"","duration":268,"startTime":1514871185237,"result":"SUCCESS","children":[{"number":63,"description":"Verify Response","duration":103,"startTime":1514871185264,"result":"SUCCESS"}]}]},{"number":64,"description":"[1] {report\u003dTC09, logindomain\u003d/MerchantApiWeb/authenticateUser, domainurl\u003d/MerchantApiWeb/rest/secure/impersonation/user/financialData/invoice/getInvoiceSummary, status\u003derror, Message\u003dUsername contain special characters or empty spaces, ErrorCode\u003dMPVE00003, userName\u003dTestAutomationFDP3, password\u003dPassword@1, allianceCode\u003dFDP, AuthErrMessage\u003d, Authaccessdenied\u003d, AuthErrCause\u003d, currency\u003dPLN, userType\u003d, pageNumber\u003d, accountStatus\u003d, profile\u003d, firstName\u003d, lastName\u003d, period\u003d2017-10-01, pseudoUserName\u003dThe@#$%@$}","duration":2513,"startTime":1514871189488,"result":"SUCCESS","children":[{"number":65,"description":"Given load request for getInvoiceSummaryImpersonation \"/MerchantApiWeb/authenticateUser\" and \"/MerchantApiWeb/rest/secure/impersonation/user/financialData/invoice/getInvoiceSummary\" and \"TC09\" and \"TestAutomationFDP3\" and \"Password@1\" and \"FDP\"","duration":1267,"startTime":1514871189513,"result":"SUCCESS","children":[{"number":66,"description":"Loadgetrequestdata: https://uat1.merchantportal.firstdata.eu/MerchantApiWeb/authenticateUser","duration":0,"startTime":1514871189724,"result":"SUCCESS"},{"number":67,"description":"Postrequest authenticate user: https://uat1.merchantportal.firstdata.eu/MerchantApiWeb/authenticateUser, TestAutomationFDP3, Password@1, FDP","duration":1015,"startTime":1514871189726,"result":"SUCCESS"},{"number":68,"description":"Loadgetrequestdata uniqueauthentication: https://uat1.merchantportal.firstdata.eu/MerchantApiWeb/rest/secure/impersonation/user/financialData/invoice/getInvoiceSummary","duration":1,"startTime":1514871190751,"result":"SUCCESS"}]},{"number":69,"description":"When post get request for getInvoiceSummaryImpersonation \"PLN\" and \"2017-10-01\" and \"The@#$%@$\"","duration":913,"startTime":1514871190780,"result":"SUCCESS","children":[{"number":70,"description":"Post GET request get invoice summary impersonation: https://uat1.merchantportal.firstdata.eu/MerchantApiWeb/rest/secure/impersonation/user/financialData/invoice/getInvoiceSummary, PLN, 2017-10-01, The@#$%@$","duration":846,"startTime":1514871190792,"result":"SUCCESS"}]},{"number":71,"description":"Then verify getInvoiceSummaryImpersonation response status \"error\" and \"MPVE00003\" and \"Username contain special characters or empty spaces\" and \"\" and \"\" and \"\"","duration":308,"startTime":1514871191693,"result":"SUCCESS","children":[{"number":72,"description":"Verify Response","duration":161,"startTime":1514871191707,"result":"SUCCESS"}]}]},{"number":73,"description":"[1] {report\u003dTC10, logindomain\u003d/MerchantApiWeb/authenticateUser, domainurl\u003d/MerchantApiWeb/rest/secure/impersonation/user/financialData/invoice/getInvoiceSummary, status\u003derror, Message\u003dUsername contain special characters or empty spaces, ErrorCode\u003dMPVE00003, userName\u003dTestAutomationFDP3, password\u003dPassword@1, allianceCode\u003dFDP, AuthErrMessage\u003d, Authaccessdenied\u003d, AuthErrCause\u003d, currency\u003dPLN, userType\u003d, pageNumber\u003d, accountStatus\u003d, profile\u003d, firstName\u003d, lastName\u003d, period\u003d2017-10-01, pseudoUserName\u003dThe batman}","duration":2450,"startTime":1514871197574,"result":"SUCCESS","children":[{"number":74,"description":"Given load request for getInvoiceSummaryImpersonation \"/MerchantApiWeb/authenticateUser\" and \"/MerchantApiWeb/rest/secure/impersonation/user/financialData/invoice/getInvoiceSummary\" and \"TC10\" and \"TestAutomationFDP3\" and \"Password@1\" and \"FDP\"","duration":1161,"startTime":1514871197592,"result":"SUCCESS","children":[{"number":75,"description":"Loadgetrequestdata: https://uat1.merchantportal.firstdata.eu/MerchantApiWeb/authenticateUser","duration":0,"startTime":1514871197665,"result":"SUCCESS"},{"number":76,"description":"Postrequest authenticate user: https://uat1.merchantportal.firstdata.eu/MerchantApiWeb/authenticateUser, TestAutomationFDP3, Password@1, FDP","duration":1057,"startTime":1514871197666,"result":"SUCCESS"},{"number":77,"description":"Loadgetrequestdata uniqueauthentication: https://uat1.merchantportal.firstdata.eu/MerchantApiWeb/rest/secure/impersonation/user/financialData/invoice/getInvoiceSummary","duration":1,"startTime":1514871198732,"result":"SUCCESS"}]},{"number":78,"description":"When post get request for getInvoiceSummaryImpersonation \"PLN\" and \"2017-10-01\" and \"The batman\"","duration":1064,"startTime":1514871198753,"result":"SUCCESS","children":[{"number":79,"description":"Post GET request get invoice summary impersonation: https://uat1.merchantportal.firstdata.eu/MerchantApiWeb/rest/secure/impersonation/user/financialData/invoice/getInvoiceSummary, PLN, 2017-10-01, The batman","duration":1004,"startTime":1514871198766,"result":"SUCCESS"}]},{"number":80,"description":"Then verify getInvoiceSummaryImpersonation response status \"error\" and \"MPVE00003\" and \"Username contain special characters or empty spaces\" and \"\" and \"\" and \"\"","duration":205,"startTime":1514871199819,"result":"SUCCESS","children":[{"number":81,"description":"Verify Response","duration":61,"startTime":1514871199843,"result":"SUCCESS"}]}]}],"userStory":{"id":"merchant-portal-application-api-validation","storyName":"Merchant Portal application API validation","path":"APIupdate.feature","type":"feature"},"featureTag":{"name":"Merchant Portal application API validation","type":"feature"},"title":"Verify the api retrieves the details of the Invoice summary for the impersonated user","description":"","tags":[{"name":"getInvoiceSummaryImpersonation","type":"tag"}],"startTime":1514871141643,"duration":58381,"dataTable":{"headers":["report","logindomain","domainurl","status","Message","ErrorCode","userName","password","allianceCode","AuthErrMessage","Authaccessdenied","AuthErrCause","currency","userType","pageNumber","accountStatus","profile","firstName","lastName","period","pseudoUserName"],"rows":[{"values":["TC01","/MerchantApiWeb/authenticateUser","/MerchantApiWeb/rest/secure/impersonation/user/financialData/invoice/getInvoiceSummary","success","","","TestAutomationFDP3","Password@1","FDP","","","","PLN","","","","","","","","TheBatman"],"result":"SUCCESS"},{"values":["TC02","/MerchantApiWeb/authenticateUser","/MerchantApiWeb/rest/secure/impersonation/user/financialData/invoice/getInvoiceSummary","error","Invalid Date format","MPVE00051","TestAutomationFDP3","Password@1","FDP","","","","PLN","","","","","","","201710-01","TheBatman"],"result":"SUCCESS"},{"values":["TC04","/MerchantApiWeb/authenticateUser","/MerchantApiWeb/rest/secure/impersonation/user/financialData/invoice/getInvoiceSummary","error","Currency can\u0027t be empty","MPVE00076","TestAutomationFDP3","Password@1","FDP","","","","","","","","","","","2017-10-01","TheBatman"],"result":"SUCCESS"},{"values":["TC05","/MerchantApiWeb/authenticateUser","/MerchantApiWeb/rest/secure/impersonation/user/financialData/invoice/getInvoiceSummary","error","please enter a valid currency","MPVE00075","TestAutomationFDP3","Password@1","FDP","","","","abc","","","","","","","2017-10-01","TheBatman"],"result":"SUCCESS"},{"values":["TC06","/MerchantApiWeb/authenticateUser","/MerchantApiWeb/rest/secure/impersonation/user/financialData/invoice/getInvoiceSummary","error","Username can\u0027t be empty","MPVE00001","TestAutomationFDP3","Password@1","FDP","","","","PLN","","","","","","","2017-10-01",""],"result":"SUCCESS"},{"values":["TC07","/MerchantApiWeb/authenticateUser","/MerchantApiWeb/rest/secure/impersonation/user/financialData/invoice/getInvoiceSummary","error","Username should be greater than 8 and less than 50 characters","MPVE00002","TestAutomationFDP3","Password@1","FDP","","","","PLN","","","","","","","2017-10-01","The"],"result":"SUCCESS"},{"values":["TC08","/MerchantApiWeb/authenticateUser","/MerchantApiWeb/rest/secure/impersonation/user/financialData/invoice/getInvoiceSummary","error","Username should be greater than 8 and less than 50 characters","MPVE00002","TestAutomationFDP3","Password@1","FDP","","","","PLN","","","","","","","2017-10-01","The2934857293857923875928375923759273597239475923759273597"],"result":"SUCCESS"},{"values":["TC09","/MerchantApiWeb/authenticateUser","/MerchantApiWeb/rest/secure/impersonation/user/financialData/invoice/getInvoiceSummary","error","Username contain special characters or empty spaces","MPVE00003","TestAutomationFDP3","Password@1","FDP","","","","PLN","","","","","","","2017-10-01","The@#$%@$"],"result":"SUCCESS"},{"values":["TC10","/MerchantApiWeb/authenticateUser","/MerchantApiWeb/rest/secure/impersonation/user/financialData/invoice/getInvoiceSummary","error","Username contain special characters or empty spaces","MPVE00003","TestAutomationFDP3","Password@1","FDP","","","","PLN","","","","","","","2017-10-01","The batman"],"result":"SUCCESS"}],"predefinedRows":true,"dataSetDescriptors":[{"startRow":0,"rowCount":0,"name":"","description":""}]},"manual":false,"testSource":"Cucumber","result":"SUCCESS"}