{"name":"Verify the api retrieves the new message count for the current logged in user","testSteps":[{"number":1,"description":"[1] {report\u003dTC01, logindomain\u003d/MerchantApiWeb/authenticateUser, domainurl\u003d/MerchantApiWeb/rest/secure/user/message/getNewMessageCount, status\u003dsuccess, Message\u003d, ErrorCode\u003d, userName\u003dTestAutomation22, password\u003dPassword@1, allianceCode\u003dEMS, AuthErrMessage\u003d, Authaccessdenied\u003d, AuthErrCause\u003d, currency\u003d, userType\u003d, pageNumber\u003d, accountStatus\u003d, profile\u003d, firstName\u003d, lastName\u003d, profiles_Accessdata\u003d, Dictionary_category\u003d, Dictionary_code\u003d, Dictionary_languagecode\u003d, documentfolder\u003d, documentId\u003d, merchId\u003d}","duration":2535,"startTime":1514870764002,"result":"SUCCESS","children":[{"number":2,"description":"Given load request for getNewMessageCount \"/MerchantApiWeb/authenticateUser\" and \"/MerchantApiWeb/rest/secure/user/message/getNewMessageCount\" and \"TC01\" and \"TestAutomation22\" and \"Password@1\" and \"EMS\"","duration":1434,"startTime":1514870764025,"result":"SUCCESS","children":[{"number":3,"description":"Loadgetrequestdata: https://uat1.merchantportal.firstdata.eu/MerchantApiWeb/authenticateUser","duration":1,"startTime":1514870764312,"result":"SUCCESS"},{"number":4,"description":"Postrequest authenticate user: https://uat1.merchantportal.firstdata.eu/MerchantApiWeb/authenticateUser, TestAutomation22, Password@1, EMS","duration":1107,"startTime":1514870764314,"result":"SUCCESS"},{"number":5,"description":"Loadgetrequestdata authenticated: https://uat1.merchantportal.firstdata.eu/MerchantApiWeb/rest/secure/user/message/getNewMessageCount, 33bbe85a-5e10-430b-b9e7-7a2a74cf5595","duration":0,"startTime":1514870765429,"result":"SUCCESS"}]},{"number":6,"description":"When post get request for getNewMessageCount","duration":972,"startTime":1514870765459,"result":"SUCCESS","children":[{"number":7,"description":"Post GET request get new message count: https://uat1.merchantportal.firstdata.eu/MerchantApiWeb/rest/secure/user/message/getNewMessageCount","duration":898,"startTime":1514870765477,"result":"SUCCESS"}]},{"number":8,"description":"Then verify getNewMessageCount response status \"success\" and \"\" and \"\" and \"\" and \"\" and \"\"","duration":105,"startTime":1514870766431,"result":"SUCCESS","children":[{"number":9,"description":"Verify Response","duration":21,"startTime":1514870766448,"result":"SUCCESS"}]}]}],"userStory":{"id":"merchant-portal-application-api-validation","storyName":"Merchant Portal application API validation","path":"APIupdate.feature","type":"feature"},"featureTag":{"name":"Merchant Portal application API validation","type":"feature"},"title":"Verify the api retrieves the new message count for the current logged in user","description":"","tags":[{"name":"getNewMessageCount","type":"tag"}],"startTime":1514870764001,"duration":2536,"dataTable":{"headers":["report","logindomain","domainurl","status","Message","ErrorCode","userName","password","allianceCode","AuthErrMessage","Authaccessdenied","AuthErrCause","currency","userType","pageNumber","accountStatus","profile","firstName","lastName","profiles_Accessdata","Dictionary_category","Dictionary_code","Dictionary_languagecode","documentfolder","documentId","merchId"],"rows":[{"values":["TC01","/MerchantApiWeb/authenticateUser","/MerchantApiWeb/rest/secure/user/message/getNewMessageCount","success","","","TestAutomation22","Password@1","EMS","","","","","","","","","","","","","","","","",""],"result":"SUCCESS"}],"predefinedRows":true,"dataSetDescriptors":[{"startRow":0,"rowCount":0,"name":"","description":""}]},"manual":false,"testSource":"Cucumber","result":"SUCCESS"}