{"name":"Verify the api retrieves the Payment Types Summary","testSteps":[{"number":1,"description":"[1] {report\u003dTC01, logindomain\u003d/MerchantApiWeb/authenticateUser, domainurl\u003d/MerchantApiWeb/rest/secure/user/financialData/transaction/getPaymentTypesSummary, status\u003dsuccess, Message\u003d, ErrorCode\u003d, userName\u003dTestAutomation22, password\u003dPassword@1, allianceCode\u003dEMS, AuthErrMessage\u003d, Authaccessdenied\u003d, AuthErrCause\u003d, currency\u003dEUR, userType\u003d, pageNumber\u003d, accountStatus\u003d, profile\u003d, firstName\u003d, lastName\u003d, profiles_Accessdata\u003d, Dictionary_category\u003d, Dictionary_code\u003d, Dictionary_languagecode\u003d, documentfolder\u003dEN Marketing Information, paymentType1\u003dVISA, days\u003d5, currencyCode\u003dEUR}","duration":2793,"startTime":1514870686972,"result":"SUCCESS","children":[{"number":2,"description":"Given load request for getPaymentTypesSummary \"/MerchantApiWeb/authenticateUser\" and \"/MerchantApiWeb/rest/secure/user/financialData/transaction/getPaymentTypesSummary\" and \"TC01\" and \"TestAutomation22\" and \"Password@1\" and \"EMS\"","duration":1253,"startTime":1514870686986,"result":"SUCCESS","children":[{"number":3,"description":"Loadgetrequestdata: https://uat1.merchantportal.firstdata.eu/MerchantApiWeb/authenticateUser","duration":1,"startTime":1514870687047,"result":"SUCCESS"},{"number":4,"description":"Postrequest authenticate user: https://uat1.merchantportal.firstdata.eu/MerchantApiWeb/authenticateUser, TestAutomation22, Password@1, EMS","duration":1150,"startTime":1514870687049,"result":"SUCCESS"},{"number":5,"description":"Loadgetrequestdata authenticated: https://uat1.merchantportal.firstdata.eu/MerchantApiWeb/rest/secure/user/financialData/transaction/getPaymentTypesSummary, 33bbe85a-5e10-430b-b9e7-7a2a74cf5595","duration":1,"startTime":1514870688207,"result":"SUCCESS"}]},{"number":6,"description":"When post get request for getPaymentTypesSummary \"EUR\" and \"VISA\" and \"5\"","duration":1452,"startTime":1514870688239,"result":"SUCCESS","children":[{"number":7,"description":"Post GET request get payment types summary: https://uat1.merchantportal.firstdata.eu/MerchantApiWeb/rest/secure/user/financialData/transaction/getPaymentTypesSummary, EUR, VISA, 5","duration":1397,"startTime":1514870688252,"result":"SUCCESS"}]},{"number":8,"description":"Then verify getPaymentTypesSummary response status \"success\" and \"\" and \"\" and \"\" and \"\" and \"\"","duration":74,"startTime":1514870689691,"result":"SUCCESS","children":[{"number":9,"description":"Verify Response","duration":23,"startTime":1514870689702,"result":"SUCCESS"}]}]}],"userStory":{"id":"merchant-portal-application-api-validation","storyName":"Merchant Portal application API validation","path":"APIupdate.feature","type":"feature"},"featureTag":{"name":"Merchant Portal application API validation","type":"feature"},"title":"Verify the api retrieves the Payment Types Summary","description":"","tags":[{"name":"getPaymentTypesSummary","type":"tag"}],"startTime":1514870686972,"duration":2793,"dataTable":{"headers":["report","logindomain","domainurl","status","Message","ErrorCode","userName","password","allianceCode","AuthErrMessage","Authaccessdenied","AuthErrCause","currency","userType","pageNumber","accountStatus","profile","firstName","lastName","profiles_Accessdata","Dictionary_category","Dictionary_code","Dictionary_languagecode","documentfolder","paymentType1","days","currencyCode"],"rows":[{"values":["TC01","/MerchantApiWeb/authenticateUser","/MerchantApiWeb/rest/secure/user/financialData/transaction/getPaymentTypesSummary","success","","","TestAutomation22","Password@1","EMS","","","","EUR","","","","","","","","","","","EN Marketing Information","VISA","5","EUR"],"result":"SUCCESS"}],"predefinedRows":true,"dataSetDescriptors":[{"startRow":0,"rowCount":0,"name":"","description":""}]},"manual":false,"testSource":"Cucumber","result":"SUCCESS"}