{"name":"Verify the api retrieves the summary of the GSM topup","testSteps":[{"number":1,"description":"[1] {report\u003dTC01, logindomain\u003d/MerchantApiWeb/authenticateUser, domainurl\u003d/MerchantApiWeb/rest/secure/user/financialData/gsm/getGsmTopUpSummary, status\u003dsuccess, Message\u003d, ErrorCode\u003d, userName\u003dTheBatman, password\u003dPass123!, allianceCode\u003dFDP, AuthErrMessage\u003d, Authaccessdenied\u003d, AuthErrCause\u003d, currency\u003dPLN, userType\u003d, pageNumber\u003d, accountStatus\u003d, profile\u003d, firstName\u003d, lastName\u003d, period\u003d, fromDate\u003d2016-11-02, toDate\u003d2017-11-02, invoiceId\u003d4723680, gsmTopUpFromDate\u003d2016-11-02, gsmTopUpToDate\u003d2017-11-02, invoiceLineItemId\u003d35595134}","duration":33095,"startTime":1513690214930,"result":"SUCCESS","children":[{"number":2,"description":"Given load request for getGsmTopUpSummary \"/MerchantApiWeb/authenticateUser\" and \"/MerchantApiWeb/rest/secure/user/financialData/gsm/getGsmTopUpSummary\" and \"TC01\" and \"TheBatman\" and \"Pass123!\" and \"FDP\"","duration":11279,"startTime":1513690215946,"result":"SUCCESS","children":[{"number":3,"description":"Loadgetrequestdata: https://uat1.merchantportal.firstdata.eu/MerchantApiWeb/authenticateUser","duration":22,"startTime":1513690216382,"result":"SUCCESS"},{"number":4,"description":"Postrequest authenticate user: https://uat1.merchantportal.firstdata.eu/MerchantApiWeb/authenticateUser, TheBatman, Pass123!, FDP","duration":10730,"startTime":1513690216409,"result":"SUCCESS"},{"number":5,"description":"Loadgetrequestdata authenticated: https://uat1.merchantportal.firstdata.eu/MerchantApiWeb/rest/secure/user/financialData/gsm/getGsmTopUpSummary, ","duration":3,"startTime":1513690227163,"result":"SUCCESS"}]},{"number":6,"description":"When post get request for getGsmTopUpSummary \"35595134\"","duration":19779,"startTime":1513690227226,"result":"SUCCESS","children":[{"number":7,"description":"Post GET request get gsm top up summary: https://uat1.merchantportal.firstdata.eu/MerchantApiWeb/rest/secure/user/financialData/gsm/getGsmTopUpSummary, 35595134","duration":19682,"startTime":1513690227247,"result":"SUCCESS"}]},{"number":8,"description":"Then verify getGsmTopUpSummary response status \"success\" and \"\" and \"\" and \"\" and \"\" and \"\"","duration":1019,"startTime":1513690247006,"result":"SUCCESS","children":[{"number":9,"description":"Verify Response","duration":944,"startTime":1513690247022,"result":"SUCCESS"}]}]}],"userStory":{"id":"merchant-portal-application-api-validation","storyName":"Merchant Portal application API validation","path":"APIupdate.feature","type":"feature"},"featureTag":{"name":"Merchant Portal application API validation","type":"feature"},"title":"Verify the api retrieves the summary of the GSM topup","description":"","tags":[{"name":"getGsmTopUpSummary","type":"tag"}],"startTime":1513690214630,"duration":33395,"dataTable":{"headers":["report","logindomain","domainurl","status","Message","ErrorCode","userName","password","allianceCode","AuthErrMessage","Authaccessdenied","AuthErrCause","currency","userType","pageNumber","accountStatus","profile","firstName","lastName","period","fromDate","toDate","invoiceId","gsmTopUpFromDate","gsmTopUpToDate","invoiceLineItemId"],"rows":[{"values":["TC01","/MerchantApiWeb/authenticateUser","/MerchantApiWeb/rest/secure/user/financialData/gsm/getGsmTopUpSummary","success","","","TheBatman","Pass123!","FDP","","","","PLN","","","","","","","","2016-11-02","2017-11-02","4723680","2016-11-02","2017-11-02","35595134"],"result":"SUCCESS"}],"predefinedRows":true,"dataSetDescriptors":[{"startRow":0,"rowCount":0,"name":"","description":""}]},"manual":false,"testSource":"Cucumber","result":"SUCCESS"}