{"name":"Verify the api retrieves the Terms and Conditions","testSteps":[{"number":1,"description":"[1] {report\u003dTC01, logindomain\u003d/MerchantApiWeb/authenticateUser, domainurl\u003d/MerchantApiWeb/rest/secure/user/tandc/getTermsAndConditions, status\u003dsuccess, Message\u003d, ErrorCode\u003d, userName\u003dTestAutomation22, password\u003dPassword@1, allianceCode\u003dEMS, AuthErrMessage\u003d, Authaccessdenied\u003d, AuthErrCause\u003d, currency\u003d, userType\u003d, pageNumber\u003d, accountStatus\u003d, profile\u003d, firstName\u003d, lastName\u003d, period\u003d, fromDate\u003d, toDate\u003d, invoiceId\u003d, gsmTopUpFromDate\u003d, gsmTopUpToDate\u003d, termsType\u003dMP, contentType\u003dpdf, languagePreference\u003dEN}","duration":5675,"startTime":1514871852581,"result":"SUCCESS","children":[{"number":2,"description":"Given load request for getTermsAndConditions \"/MerchantApiWeb/authenticateUser\" and \"/MerchantApiWeb/rest/secure/user/tandc/getTermsAndConditions\" and \"TC01\" and \"TestAutomation22\" and \"Password@1\" and \"EMS\"","duration":3118,"startTime":1514871852598,"result":"SUCCESS","children":[{"number":3,"description":"Loadgetrequestdata: https://uat1.merchantportal.firstdata.eu/MerchantApiWeb/authenticateUser","duration":0,"startTime":1514871852709,"result":"SUCCESS"},{"number":4,"description":"Postrequest authenticate user: https://uat1.merchantportal.firstdata.eu/MerchantApiWeb/authenticateUser, TestAutomation22, Password@1, EMS","duration":2972,"startTime":1514871852710,"result":"SUCCESS"},{"number":5,"description":"Loadgetrequestdata export download: https://uat1.merchantportal.firstdata.eu/MerchantApiWeb/rest/secure/user/tandc/getTermsAndConditions","duration":1,"startTime":1514871855691,"result":"SUCCESS"}]},{"number":6,"description":"When post get request for getTermsAndConditions \"EN\" and \"MP\" and \"pdf\"","duration":2332,"startTime":1514871855716,"result":"SUCCESS","children":[{"number":7,"description":"Post GET request get terms and conditions: https://uat1.merchantportal.firstdata.eu/MerchantApiWeb/rest/secure/user/tandc/getTermsAndConditions, EN, MP, pdf","duration":1908,"startTime":1514871855733,"result":"SUCCESS"}]},{"number":8,"description":"Then verify getTermsAndConditions response status \"success\" and \"\" and \"\" and \"\" and \"\" and \"\"","duration":208,"startTime":1514871858048,"result":"SUCCESS","children":[{"number":9,"description":"Verify Download file Response","duration":149,"startTime":1514871858061,"result":"SUCCESS"}]}]},{"number":10,"description":"[1] {report\u003dTC02, logindomain\u003d/MerchantApiWeb/authenticateUser, domainurl\u003d/MerchantApiWeb/rest/secure/user/tandc/getTermsAndConditions, status\u003dsuccess, Message\u003d, ErrorCode\u003d, userName\u003dTestAutomation22, password\u003dPassword@1, allianceCode\u003dEMS, AuthErrMessage\u003d, Authaccessdenied\u003d, AuthErrCause\u003d, currency\u003d, userType\u003d, pageNumber\u003d, accountStatus\u003d, profile\u003d, firstName\u003d, lastName\u003d, period\u003d, fromDate\u003d, toDate\u003d, invoiceId\u003d, gsmTopUpFromDate\u003d, gsmTopUpToDate\u003d, termsType\u003dMP, contentType\u003dhtml, languagePreference\u003dEN}","duration":4758,"startTime":1514871863215,"result":"SUCCESS","children":[{"number":11,"description":"Given load request for getTermsAndConditions \"/MerchantApiWeb/authenticateUser\" and \"/MerchantApiWeb/rest/secure/user/tandc/getTermsAndConditions\" and \"TC02\" and \"TestAutomation22\" and \"Password@1\" and \"EMS\"","duration":3335,"startTime":1514871863359,"result":"SUCCESS","children":[{"number":12,"description":"Loadgetrequestdata: https://uat1.merchantportal.firstdata.eu/MerchantApiWeb/authenticateUser","duration":1,"startTime":1514871863455,"result":"SUCCESS"},{"number":13,"description":"Postrequest authenticate user: https://uat1.merchantportal.firstdata.eu/MerchantApiWeb/authenticateUser, TestAutomation22, Password@1, EMS","duration":3183,"startTime":1514871863456,"result":"SUCCESS"},{"number":14,"description":"Loadgetrequestdata export download: https://uat1.merchantportal.firstdata.eu/MerchantApiWeb/rest/secure/user/tandc/getTermsAndConditions","duration":1,"startTime":1514871866651,"result":"SUCCESS"}]},{"number":15,"description":"When post get request for getTermsAndConditions \"EN\" and \"MP\" and \"html\"","duration":1143,"startTime":1514871866695,"result":"SUCCESS","children":[{"number":16,"description":"Post GET request get terms and conditions: https://uat1.merchantportal.firstdata.eu/MerchantApiWeb/rest/secure/user/tandc/getTermsAndConditions, EN, MP, html","duration":1040,"startTime":1514871866743,"result":"SUCCESS"}]},{"number":17,"description":"Then verify getTermsAndConditions response status \"success\" and \"\" and \"\" and \"\" and \"\" and \"\"","duration":135,"startTime":1514871867838,"result":"SUCCESS","children":[{"number":18,"description":"Verify Download file Response","duration":77,"startTime":1514871867849,"result":"SUCCESS"}]}]},{"number":19,"description":"[1] {report\u003dTC03, logindomain\u003d/MerchantApiWeb/authenticateUser, domainurl\u003d/MerchantApiWeb/rest/secure/user/tandc/getTermsAndConditions, status\u003derror, Message\u003dLanguage Preference cannot be more than 2 characters, ErrorCode\u003dMPVE00021, userName\u003dTestAutomation22, password\u003dPassword@1, allianceCode\u003dEMS, AuthErrMessage\u003d, Authaccessdenied\u003d, AuthErrCause\u003d, currency\u003d, userType\u003d, pageNumber\u003d, accountStatus\u003d, profile\u003d, firstName\u003d, lastName\u003d, period\u003d, fromDate\u003d, toDate\u003d, invoiceId\u003d, gsmTopUpFromDate\u003d, gsmTopUpToDate\u003d, termsType\u003dMP, contentType\u003dhtml, languagePreference\u003dENGL}","duration":2914,"startTime":1514871872817,"result":"SUCCESS","children":[{"number":20,"description":"Given load request for getTermsAndConditions \"/MerchantApiWeb/authenticateUser\" and \"/MerchantApiWeb/rest/secure/user/tandc/getTermsAndConditions\" and \"TC03\" and \"TestAutomation22\" and \"Password@1\" and \"EMS\"","duration":1341,"startTime":1514871872829,"result":"SUCCESS","children":[{"number":21,"description":"Loadgetrequestdata: https://uat1.merchantportal.firstdata.eu/MerchantApiWeb/authenticateUser","duration":1,"startTime":1514871872940,"result":"SUCCESS"},{"number":22,"description":"Postrequest authenticate user: https://uat1.merchantportal.firstdata.eu/MerchantApiWeb/authenticateUser, TestAutomation22, Password@1, EMS","duration":1192,"startTime":1514871872942,"result":"SUCCESS"},{"number":23,"description":"Loadgetrequestdata export download: https://uat1.merchantportal.firstdata.eu/MerchantApiWeb/rest/secure/user/tandc/getTermsAndConditions","duration":1,"startTime":1514871874142,"result":"SUCCESS"}]},{"number":24,"description":"When post get request for getTermsAndConditions \"ENGL\" and \"MP\" and \"html\"","duration":1079,"startTime":1514871874171,"result":"SUCCESS","children":[{"number":25,"description":"Post GET request get terms and conditions: https://uat1.merchantportal.firstdata.eu/MerchantApiWeb/rest/secure/user/tandc/getTermsAndConditions, ENGL, MP, html","duration":996,"startTime":1514871874187,"result":"SUCCESS"}]},{"number":26,"description":"Then verify getTermsAndConditions response status \"error\" and \"MPVE00021\" and \"Language Preference cannot be more than 2 characters\" and \"\" and \"\" and \"\"","duration":480,"startTime":1514871875251,"result":"SUCCESS","children":[{"number":27,"description":"Verify Download file Response","duration":219,"startTime":1514871875263,"result":"SUCCESS"}]}]},{"number":28,"description":"[1] {report\u003dTC04, logindomain\u003d/MerchantApiWeb/authenticateUser, domainurl\u003d/MerchantApiWeb/rest/secure/user/tandc/getTermsAndConditions, status\u003derror, Message\u003dLanguage Preference contain lowercase character , special characters ,empty spaces, ErrorCode\u003dMPVE00022, userName\u003dTestAutomation22, password\u003dPassword@1, allianceCode\u003dEMS, AuthErrMessage\u003d, Authaccessdenied\u003d, AuthErrCause\u003d, currency\u003d, userType\u003d, pageNumber\u003d, accountStatus\u003d, profile\u003d, firstName\u003d, lastName\u003d, period\u003d, fromDate\u003d, toDate\u003d, invoiceId\u003d, gsmTopUpFromDate\u003d, gsmTopUpToDate\u003d, termsType\u003dMP, contentType\u003dhtml, languagePreference\u003den}","duration":2334,"startTime":1514871880112,"result":"SUCCESS","children":[{"number":29,"description":"Given load request for getTermsAndConditions \"/MerchantApiWeb/authenticateUser\" and \"/MerchantApiWeb/rest/secure/user/tandc/getTermsAndConditions\" and \"TC04\" and \"TestAutomation22\" and \"Password@1\" and \"EMS\"","duration":1207,"startTime":1514871880125,"result":"SUCCESS","children":[{"number":30,"description":"Loadgetrequestdata: https://uat1.merchantportal.firstdata.eu/MerchantApiWeb/authenticateUser","duration":1,"startTime":1514871880193,"result":"SUCCESS"},{"number":31,"description":"Postrequest authenticate user: https://uat1.merchantportal.firstdata.eu/MerchantApiWeb/authenticateUser, TestAutomation22, Password@1, EMS","duration":1108,"startTime":1514871880195,"result":"SUCCESS"},{"number":32,"description":"Loadgetrequestdata export download: https://uat1.merchantportal.firstdata.eu/MerchantApiWeb/rest/secure/user/tandc/getTermsAndConditions","duration":0,"startTime":1514871881311,"result":"SUCCESS"}]},{"number":33,"description":"When post get request for getTermsAndConditions \"en\" and \"MP\" and \"html\"","duration":903,"startTime":1514871881333,"result":"SUCCESS","children":[{"number":34,"description":"Post GET request get terms and conditions: https://uat1.merchantportal.firstdata.eu/MerchantApiWeb/rest/secure/user/tandc/getTermsAndConditions, en, MP, html","duration":844,"startTime":1514871881345,"result":"SUCCESS"}]},{"number":35,"description":"Then verify getTermsAndConditions response status \"error\" and \"MPVE00022\" and \"Language Preference contain lowercase character , special characters ,empty spaces\" and \"\" and \"\" and \"\"","duration":209,"startTime":1514871882237,"result":"SUCCESS","children":[{"number":36,"description":"Verify Download file Response","duration":68,"startTime":1514871882247,"result":"SUCCESS"}]}]},{"number":37,"description":"[1] {report\u003dTC05, logindomain\u003d/MerchantApiWeb/authenticateUser, domainurl\u003d/MerchantApiWeb/rest/secure/user/tandc/getTermsAndConditions, status\u003derror, Message\u003dLanguage Preference contain lowercase character , special characters ,empty spaces, ErrorCode\u003dMPVE00022, userName\u003dTestAutomation22, password\u003dPassword@1, allianceCode\u003dEMS, AuthErrMessage\u003d, Authaccessdenied\u003d, AuthErrCause\u003d, currency\u003d, userType\u003d, pageNumber\u003d, accountStatus\u003d, profile\u003d, firstName\u003d, lastName\u003d, period\u003d, fromDate\u003d, toDate\u003d, invoiceId\u003d, gsmTopUpFromDate\u003d, gsmTopUpToDate\u003d, termsType\u003dMP, contentType\u003dhtml, languagePreference\u003dE#}","duration":2386,"startTime":1514871886454,"result":"SUCCESS","children":[{"number":38,"description":"Given load request for getTermsAndConditions \"/MerchantApiWeb/authenticateUser\" and \"/MerchantApiWeb/rest/secure/user/tandc/getTermsAndConditions\" and \"TC05\" and \"TestAutomation22\" and \"Password@1\" and \"EMS\"","duration":1193,"startTime":1514871886473,"result":"SUCCESS","children":[{"number":39,"description":"Loadgetrequestdata: https://uat1.merchantportal.firstdata.eu/MerchantApiWeb/authenticateUser","duration":1,"startTime":1514871886576,"result":"SUCCESS"},{"number":40,"description":"Postrequest authenticate user: https://uat1.merchantportal.firstdata.eu/MerchantApiWeb/authenticateUser, TestAutomation22, Password@1, EMS","duration":1026,"startTime":1514871886578,"result":"SUCCESS"},{"number":41,"description":"Loadgetrequestdata export download: https://uat1.merchantportal.firstdata.eu/MerchantApiWeb/rest/secure/user/tandc/getTermsAndConditions","duration":1,"startTime":1514871887614,"result":"SUCCESS"}]},{"number":42,"description":"When post get request for getTermsAndConditions \"E#\" and \"MP\" and \"html\"","duration":943,"startTime":1514871887667,"result":"SUCCESS","children":[{"number":43,"description":"Post GET request get terms and conditions: https://uat1.merchantportal.firstdata.eu/MerchantApiWeb/rest/secure/user/tandc/getTermsAndConditions, E#, MP, html","duration":834,"startTime":1514871887684,"result":"SUCCESS"}]},{"number":44,"description":"Then verify getTermsAndConditions response status \"error\" and \"MPVE00022\" and \"Language Preference contain lowercase character , special characters ,empty spaces\" and \"\" and \"\" and \"\"","duration":228,"startTime":1514871888611,"result":"SUCCESS","children":[{"number":45,"description":"Verify Download file Response","duration":53,"startTime":1514871888631,"result":"SUCCESS"}]}]},{"number":46,"description":"[1] {report\u003dTC06, logindomain\u003d/MerchantApiWeb/authenticateUser, domainurl\u003d/MerchantApiWeb/rest/secure/user/tandc/getTermsAndConditions, status\u003derror, Message\u003dLanguage Preference cannot be empty, ErrorCode\u003dMPVE00020, userName\u003dTestAutomation22, password\u003dPassword@1, allianceCode\u003dEMS, AuthErrMessage\u003d, Authaccessdenied\u003d, AuthErrCause\u003d, currency\u003d, userType\u003d, pageNumber\u003d, accountStatus\u003d, profile\u003d, firstName\u003d, lastName\u003d, period\u003d, fromDate\u003d, toDate\u003d, invoiceId\u003d, gsmTopUpFromDate\u003d, gsmTopUpToDate\u003d, termsType\u003dMP, contentType\u003dhtml, languagePreference\u003d}","duration":2419,"startTime":1514871893047,"result":"SUCCESS","children":[{"number":47,"description":"Given load request for getTermsAndConditions \"/MerchantApiWeb/authenticateUser\" and \"/MerchantApiWeb/rest/secure/user/tandc/getTermsAndConditions\" and \"TC06\" and \"TestAutomation22\" and \"Password@1\" and \"EMS\"","duration":1199,"startTime":1514871893074,"result":"SUCCESS","children":[{"number":48,"description":"Loadgetrequestdata: https://uat1.merchantportal.firstdata.eu/MerchantApiWeb/authenticateUser","duration":0,"startTime":1514871893158,"result":"SUCCESS"},{"number":49,"description":"Postrequest authenticate user: https://uat1.merchantportal.firstdata.eu/MerchantApiWeb/authenticateUser, TestAutomation22, Password@1, EMS","duration":1070,"startTime":1514871893159,"result":"SUCCESS"},{"number":50,"description":"Loadgetrequestdata export download: https://uat1.merchantportal.firstdata.eu/MerchantApiWeb/rest/secure/user/tandc/getTermsAndConditions","duration":0,"startTime":1514871894239,"result":"SUCCESS"}]},{"number":51,"description":"When post get request for getTermsAndConditions \"\" and \"MP\" and \"html\"","duration":909,"startTime":1514871894274,"result":"SUCCESS","children":[{"number":52,"description":"Post GET request get terms and conditions: https://uat1.merchantportal.firstdata.eu/MerchantApiWeb/rest/secure/user/tandc/getTermsAndConditions, , MP, html","duration":824,"startTime":1514871894288,"result":"SUCCESS"}]},{"number":53,"description":"Then verify getTermsAndConditions response status \"error\" and \"MPVE00020\" and \"Language Preference cannot be empty\" and \"\" and \"\" and \"\"","duration":282,"startTime":1514871895183,"result":"SUCCESS","children":[{"number":54,"description":"Verify Download file Response","duration":70,"startTime":1514871895201,"result":"SUCCESS"}]}]}],"userStory":{"id":"merchant-portal-application-api-validation","storyName":"Merchant Portal application API validation","path":"APIupdate.feature","type":"feature"},"featureTag":{"name":"Merchant Portal application API validation","type":"feature"},"title":"Verify the api retrieves the Terms and Conditions","description":"","tags":[{"name":"getTermsAndConditions","type":"tag"}],"startTime":1514871852579,"duration":42887,"dataTable":{"headers":["report","logindomain","domainurl","status","Message","ErrorCode","userName","password","allianceCode","AuthErrMessage","Authaccessdenied","AuthErrCause","currency","userType","pageNumber","accountStatus","profile","firstName","lastName","period","fromDate","toDate","invoiceId","gsmTopUpFromDate","gsmTopUpToDate","termsType","contentType","languagePreference"],"rows":[{"values":["TC01","/MerchantApiWeb/authenticateUser","/MerchantApiWeb/rest/secure/user/tandc/getTermsAndConditions","success","","","TestAutomation22","Password@1","EMS","","","","","","","","","","","","","","","","","MP","pdf","EN"],"result":"SUCCESS"},{"values":["TC02","/MerchantApiWeb/authenticateUser","/MerchantApiWeb/rest/secure/user/tandc/getTermsAndConditions","success","","","TestAutomation22","Password@1","EMS","","","","","","","","","","","","","","","","","MP","html","EN"],"result":"SUCCESS"},{"values":["TC03","/MerchantApiWeb/authenticateUser","/MerchantApiWeb/rest/secure/user/tandc/getTermsAndConditions","error","Language Preference cannot be more than 2 characters","MPVE00021","TestAutomation22","Password@1","EMS","","","","","","","","","","","","","","","","","MP","html","ENGL"],"result":"SUCCESS"},{"values":["TC04","/MerchantApiWeb/authenticateUser","/MerchantApiWeb/rest/secure/user/tandc/getTermsAndConditions","error","Language Preference contain lowercase character , special characters ,empty spaces","MPVE00022","TestAutomation22","Password@1","EMS","","","","","","","","","","","","","","","","","MP","html","en"],"result":"SUCCESS"},{"values":["TC05","/MerchantApiWeb/authenticateUser","/MerchantApiWeb/rest/secure/user/tandc/getTermsAndConditions","error","Language Preference contain lowercase character , special characters ,empty spaces","MPVE00022","TestAutomation22","Password@1","EMS","","","","","","","","","","","","","","","","","MP","html","E#"],"result":"SUCCESS"},{"values":["TC06","/MerchantApiWeb/authenticateUser","/MerchantApiWeb/rest/secure/user/tandc/getTermsAndConditions","error","Language Preference cannot be empty","MPVE00020","TestAutomation22","Password@1","EMS","","","","","","","","","","","","","","","","","MP","html",""],"result":"SUCCESS"}],"predefinedRows":true,"dataSetDescriptors":[{"startRow":0,"rowCount":0,"name":"","description":""}]},"manual":false,"testSource":"Cucumber","result":"SUCCESS"}