{"name":"Verify the api blocks the user","testSteps":[{"number":1,"description":"[1] {report\u003dTC01, logindomain\u003d/MerchantApiWeb/authenticateUser, domainurl\u003d/MerchantApiWeb/rest/secure/user/blockUser, status\u003dsuccess, Message\u003d, ErrorCode\u003d, userName\u003dTestAutomation11, password\u003dPassword@1, allianceCode\u003dEMS, AuthErrMessage\u003d, Authaccessdenied\u003d, AuthErrCause\u003d, currency\u003d, userType\u003d, pageNumber\u003d, accountStatus\u003d, profile\u003d, firstName\u003d, lastName\u003d, itrcount\u003d, validateuserName\u003d, pseudoUserName\u003d, merchId\u003d, messageId\u003d, terminalBatchNumId\u003d, reasonForBlock\u003d1, blockusername\u003dTestAutomation7}","duration":11636,"startTime":1512029940471,"result":"SUCCESS","children":[{"number":2,"description":"Given load request for blockUser \"/MerchantApiWeb/authenticateUser\" and \"/MerchantApiWeb/rest/secure/user/blockUser\" and \"TC01\" and \"TestAutomation11\" and \"Password@1\" and \"EMS\"","duration":8396,"startTime":1512029941022,"result":"SUCCESS","children":[{"number":3,"description":"Loadgetrequestdata: https://uat1.merchantportal.firstdata.eu/MerchantApiWeb/authenticateUser","duration":11,"startTime":1512029941252,"result":"SUCCESS"},{"number":4,"description":"Postrequest authenticate user: https://uat1.merchantportal.firstdata.eu/MerchantApiWeb/authenticateUser, TestAutomation11, Password@1, EMS","duration":8111,"startTime":1512029941268,"result":"SUCCESS"},{"number":5,"description":"Loadgetrequestdata requestwithbody: https://uat1.merchantportal.firstdata.eu/MerchantApiWeb/rest/secure/user/blockUser","duration":1,"startTime":1512029949394,"result":"SUCCESS"}]},{"number":6,"description":"When post request for blockUser \"TestAutomation7\" and \"1\" and \"EMS\"","duration":1661,"startTime":1512029949419,"result":"SUCCESS","children":[{"number":7,"description":"Postrequest block user: https://uat1.merchantportal.firstdata.eu/MerchantApiWeb/rest/secure/user/blockUser, TestAutomation7, 1","duration":1582,"startTime":1512029949433,"result":"SUCCESS"}]},{"number":8,"description":"Then verify blockUser response status \"success\" and \"\" and \"\" and \"\" and \"\" and \"\"","duration":1027,"startTime":1512029951080,"result":"SUCCESS","children":[{"number":9,"description":"Verify Response","duration":930,"startTime":1512029951119,"result":"SUCCESS"}]}]},{"number":10,"description":"[1] {report\u003dTC02, logindomain\u003d/MerchantApiWeb/authenticateUser, domainurl\u003d/MerchantApiWeb/rest/secure/user/blockUser, status\u003derror, Message\u003dUsername should be greater than 8 and less than 50 characters, ErrorCode\u003dMPVE00002, userName\u003dTestAutomation11, password\u003dPassword@1, allianceCode\u003dEMS, AuthErrMessage\u003d, Authaccessdenied\u003d, AuthErrCause\u003d, currency\u003d, userType\u003d, pageNumber\u003d, accountStatus\u003d, profile\u003d, firstName\u003d, lastName\u003d, itrcount\u003d, validateuserName\u003d, pseudoUserName\u003d, merchId\u003d, messageId\u003d, terminalBatchNumId\u003d, reasonForBlock\u003d1, blockusername\u003dTest}","duration":2360,"startTime":1512029952640,"result":"SUCCESS","children":[{"number":11,"description":"Given load request for blockUser \"/MerchantApiWeb/authenticateUser\" and \"/MerchantApiWeb/rest/secure/user/blockUser\" and \"TC02\" and \"TestAutomation11\" and \"Password@1\" and \"EMS\"","duration":1347,"startTime":1512029952668,"result":"SUCCESS","children":[{"number":12,"description":"Loadgetrequestdata: https://uat1.merchantportal.firstdata.eu/MerchantApiWeb/authenticateUser","duration":1,"startTime":1512029952736,"result":"SUCCESS"},{"number":13,"description":"Postrequest authenticate user: https://uat1.merchantportal.firstdata.eu/MerchantApiWeb/authenticateUser, TestAutomation11, Password@1, EMS","duration":1236,"startTime":1512029952739,"result":"SUCCESS"},{"number":14,"description":"Loadgetrequestdata requestwithbody: https://uat1.merchantportal.firstdata.eu/MerchantApiWeb/rest/secure/user/blockUser","duration":0,"startTime":1512029953991,"result":"SUCCESS"}]},{"number":15,"description":"When post request for blockUser \"Test\" and \"1\" and \"EMS\"","duration":917,"startTime":1512029954016,"result":"SUCCESS","children":[{"number":16,"description":"Postrequest block user: https://uat1.merchantportal.firstdata.eu/MerchantApiWeb/rest/secure/user/blockUser, Test, 1","duration":854,"startTime":1512029954031,"result":"SUCCESS"}]},{"number":17,"description":"Then verify blockUser response status \"error\" and \"MPVE00002\" and \"Username should be greater than 8 and less than 50 characters\" and \"\" and \"\" and \"\"","duration":65,"startTime":1512029954935,"exception":{"errorType":"java.lang.NullPointerException","stackTrace":[{"declaringClass":"api.ValidateRequest","methodName":"verifyresponse","fileName":"ValidateRequest.java","lineNumber":317},{"declaringClass":"stepdefinitions.Apidefinitions","methodName":"verify_blockUser_response_status","fileName":"Apidefinitions.java","lineNumber":5751},{"declaringClass":"✽","methodName":"Then verify blockUser response status \"error\" and \"MPVE00002\" and \"Username should be greater than 8 and less than 50 characters\" and \"\" and \"\" and \"\"","fileName":"Testupdate.feature","lineNumber":122}]},"result":"ERROR","children":[{"number":18,"description":"Verify Response","duration":32,"startTime":1512029954952,"exception":{"errorType":"java.lang.NullPointerException","stackTrace":[{"declaringClass":"api.ValidateRequest","methodName":"verifyresponse","fileName":"ValidateRequest.java","lineNumber":317},{"declaringClass":"stepdefinitions.Apidefinitions","methodName":"verify_blockUser_response_status","fileName":"Apidefinitions.java","lineNumber":5751},{"declaringClass":"org.eclipse.jdt.internal.junit4.runner.JUnit4TestReference","methodName":"run","fileName":"JUnit4TestReference.java","lineNumber":86},{"declaringClass":"org.eclipse.jdt.internal.junit.runner.TestExecution","methodName":"run","fileName":"TestExecution.java","lineNumber":38},{"declaringClass":"org.eclipse.jdt.internal.junit.runner.RemoteTestRunner","methodName":"runTests","fileName":"RemoteTestRunner.java","lineNumber":459},{"declaringClass":"org.eclipse.jdt.internal.junit.runner.RemoteTestRunner","methodName":"runTests","fileName":"RemoteTestRunner.java","lineNumber":675},{"declaringClass":"org.eclipse.jdt.internal.junit.runner.RemoteTestRunner","methodName":"run","fileName":"RemoteTestRunner.java","lineNumber":382},{"declaringClass":"org.eclipse.jdt.internal.junit.runner.RemoteTestRunner","methodName":"main","fileName":"RemoteTestRunner.java","lineNumber":192}]},"result":"ERROR"}]}]},{"number":19,"description":"[1] {report\u003dTC03, logindomain\u003d/MerchantApiWeb/authenticateUser, domainurl\u003d/MerchantApiWeb/rest/secure/user/blockUser, status\u003derror, Message\u003dUsername contain special characters or empty spaces, ErrorCode\u003dMPVE00003, userName\u003dTestAutomation11, password\u003dPassword@1, allianceCode\u003dEMS, AuthErrMessage\u003d, Authaccessdenied\u003d, AuthErrCause\u003d, currency\u003d, userType\u003d, pageNumber\u003d, accountStatus\u003d, profile\u003d, firstName\u003d, lastName\u003d, itrcount\u003d, validateuserName\u003d, pseudoUserName\u003d, merchId\u003d, messageId\u003d, terminalBatchNumId\u003d, reasonForBlock\u003d1, blockusername\u003dTestAuto@#$%^}","duration":2275,"startTime":1512029955392,"result":"SUCCESS","children":[{"number":20,"description":"Given load request for blockUser \"/MerchantApiWeb/authenticateUser\" and \"/MerchantApiWeb/rest/secure/user/blockUser\" and \"TC03\" and \"TestAutomation11\" and \"Password@1\" and \"EMS\"","duration":1315,"startTime":1512029955411,"result":"SUCCESS","children":[{"number":21,"description":"Loadgetrequestdata: https://uat1.merchantportal.firstdata.eu/MerchantApiWeb/authenticateUser","duration":1,"startTime":1512029955501,"result":"SUCCESS"},{"number":22,"description":"Postrequest authenticate user: https://uat1.merchantportal.firstdata.eu/MerchantApiWeb/authenticateUser, TestAutomation11, Password@1, EMS","duration":1172,"startTime":1512029955504,"result":"SUCCESS"},{"number":23,"description":"Loadgetrequestdata requestwithbody: https://uat1.merchantportal.firstdata.eu/MerchantApiWeb/rest/secure/user/blockUser","duration":3,"startTime":1512029956693,"result":"SUCCESS"}]},{"number":24,"description":"When post request for blockUser \"TestAuto@#$%^\" and \"1\" and \"EMS\"","duration":890,"startTime":1512029956727,"result":"SUCCESS","children":[{"number":25,"description":"Postrequest block user: https://uat1.merchantportal.firstdata.eu/MerchantApiWeb/rest/secure/user/blockUser, TestAuto@#$%^, 1","duration":821,"startTime":1512029956740,"result":"SUCCESS"}]},{"number":26,"description":"Then verify blockUser response status \"error\" and \"MPVE00003\" and \"Username contain special characters or empty spaces\" and \"\" and \"\" and \"\"","duration":48,"startTime":1512029957619,"exception":{"errorType":"java.lang.NullPointerException","stackTrace":[{"declaringClass":"api.ValidateRequest","methodName":"verifyresponse","fileName":"ValidateRequest.java","lineNumber":317},{"declaringClass":"stepdefinitions.Apidefinitions","methodName":"verify_blockUser_response_status","fileName":"Apidefinitions.java","lineNumber":5751},{"declaringClass":"✽","methodName":"Then verify blockUser response status \"error\" and \"MPVE00003\" and \"Username contain special characters or empty spaces\" and \"\" and \"\" and \"\"","fileName":"Testupdate.feature","lineNumber":122}]},"result":"ERROR","children":[{"number":27,"description":"Verify Response","duration":29,"startTime":1512029957632,"exception":{"errorType":"java.lang.NullPointerException","stackTrace":[{"declaringClass":"api.ValidateRequest","methodName":"verifyresponse","fileName":"ValidateRequest.java","lineNumber":317},{"declaringClass":"stepdefinitions.Apidefinitions","methodName":"verify_blockUser_response_status","fileName":"Apidefinitions.java","lineNumber":5751},{"declaringClass":"org.eclipse.jdt.internal.junit4.runner.JUnit4TestReference","methodName":"run","fileName":"JUnit4TestReference.java","lineNumber":86},{"declaringClass":"org.eclipse.jdt.internal.junit.runner.TestExecution","methodName":"run","fileName":"TestExecution.java","lineNumber":38},{"declaringClass":"org.eclipse.jdt.internal.junit.runner.RemoteTestRunner","methodName":"runTests","fileName":"RemoteTestRunner.java","lineNumber":459},{"declaringClass":"org.eclipse.jdt.internal.junit.runner.RemoteTestRunner","methodName":"runTests","fileName":"RemoteTestRunner.java","lineNumber":675},{"declaringClass":"org.eclipse.jdt.internal.junit.runner.RemoteTestRunner","methodName":"run","fileName":"RemoteTestRunner.java","lineNumber":382},{"declaringClass":"org.eclipse.jdt.internal.junit.runner.RemoteTestRunner","methodName":"main","fileName":"RemoteTestRunner.java","lineNumber":192}]},"result":"ERROR"}]}]},{"number":28,"description":"[1] {report\u003dTC04, logindomain\u003d/MerchantApiWeb/authenticateUser, domainurl\u003d/MerchantApiWeb/rest/secure/user/blockUser, status\u003derror, Message\u003dUsername contain special characters or empty spaces, ErrorCode\u003dMPVE00003, userName\u003dTestAutomation11, password\u003dPassword@1, allianceCode\u003dEMS, AuthErrMessage\u003d, Authaccessdenied\u003d, AuthErrCause\u003d, currency\u003d, userType\u003d, pageNumber\u003d, accountStatus\u003d, profile\u003d, firstName\u003d, lastName\u003d, itrcount\u003d, validateuserName\u003d, pseudoUserName\u003d, merchId\u003d, messageId\u003d, terminalBatchNumId\u003d, reasonForBlock\u003d1, blockusername\u003dTest Automatio}","duration":2181,"startTime":1512029957921,"result":"SUCCESS","children":[{"number":29,"description":"Given load request for blockUser \"/MerchantApiWeb/authenticateUser\" and \"/MerchantApiWeb/rest/secure/user/blockUser\" and \"TC04\" and \"TestAutomation11\" and \"Password@1\" and \"EMS\"","duration":1245,"startTime":1512029957943,"result":"SUCCESS","children":[{"number":30,"description":"Loadgetrequestdata: https://uat1.merchantportal.firstdata.eu/MerchantApiWeb/authenticateUser","duration":0,"startTime":1512029958011,"result":"SUCCESS"},{"number":31,"description":"Postrequest authenticate user: https://uat1.merchantportal.firstdata.eu/MerchantApiWeb/authenticateUser, TestAutomation11, Password@1, EMS","duration":1134,"startTime":1512029958012,"result":"SUCCESS"},{"number":32,"description":"Loadgetrequestdata requestwithbody: https://uat1.merchantportal.firstdata.eu/MerchantApiWeb/rest/secure/user/blockUser","duration":1,"startTime":1512029959158,"result":"SUCCESS"}]},{"number":33,"description":"When post request for blockUser \"Test Automatio\" and \"1\" and \"EMS\"","duration":876,"startTime":1512029959188,"result":"SUCCESS","children":[{"number":34,"description":"Postrequest block user: https://uat1.merchantportal.firstdata.eu/MerchantApiWeb/rest/secure/user/blockUser, Test Automatio, 1","duration":810,"startTime":1512029959203,"result":"SUCCESS"}]},{"number":35,"description":"Then verify blockUser response status \"error\" and \"MPVE00003\" and \"Username contain special characters or empty spaces\" and \"\" and \"\" and \"\"","duration":37,"startTime":1512029960065,"exception":{"errorType":"java.lang.NullPointerException","stackTrace":[{"declaringClass":"api.ValidateRequest","methodName":"verifyresponse","fileName":"ValidateRequest.java","lineNumber":317},{"declaringClass":"stepdefinitions.Apidefinitions","methodName":"verify_blockUser_response_status","fileName":"Apidefinitions.java","lineNumber":5751},{"declaringClass":"✽","methodName":"Then verify blockUser response status \"error\" and \"MPVE00003\" and \"Username contain special characters or empty spaces\" and \"\" and \"\" and \"\"","fileName":"Testupdate.feature","lineNumber":122}]},"result":"ERROR","children":[{"number":36,"description":"Verify Response","duration":20,"startTime":1512029960076,"exception":{"errorType":"java.lang.NullPointerException","stackTrace":[{"declaringClass":"api.ValidateRequest","methodName":"verifyresponse","fileName":"ValidateRequest.java","lineNumber":317},{"declaringClass":"stepdefinitions.Apidefinitions","methodName":"verify_blockUser_response_status","fileName":"Apidefinitions.java","lineNumber":5751},{"declaringClass":"org.eclipse.jdt.internal.junit4.runner.JUnit4TestReference","methodName":"run","fileName":"JUnit4TestReference.java","lineNumber":86},{"declaringClass":"org.eclipse.jdt.internal.junit.runner.TestExecution","methodName":"run","fileName":"TestExecution.java","lineNumber":38},{"declaringClass":"org.eclipse.jdt.internal.junit.runner.RemoteTestRunner","methodName":"runTests","fileName":"RemoteTestRunner.java","lineNumber":459},{"declaringClass":"org.eclipse.jdt.internal.junit.runner.RemoteTestRunner","methodName":"runTests","fileName":"RemoteTestRunner.java","lineNumber":675},{"declaringClass":"org.eclipse.jdt.internal.junit.runner.RemoteTestRunner","methodName":"run","fileName":"RemoteTestRunner.java","lineNumber":382},{"declaringClass":"org.eclipse.jdt.internal.junit.runner.RemoteTestRunner","methodName":"main","fileName":"RemoteTestRunner.java","lineNumber":192}]},"result":"ERROR"}]}]},{"number":37,"description":"[1] {report\u003dTC05, logindomain\u003d/MerchantApiWeb/authenticateUser, domainurl\u003d/MerchantApiWeb/rest/secure/user/blockUser, status\u003derror, Message\u003dUsername does not exist, ErrorCode\u003dMPBE00004, userName\u003dTestAutomation11, password\u003dPassword@1, allianceCode\u003dEMS, AuthErrMessage\u003d, Authaccessdenied\u003d, AuthErrCause\u003d, currency\u003d, userType\u003d, pageNumber\u003d, accountStatus\u003d, profile\u003d, firstName\u003d, lastName\u003d, itrcount\u003d, validateuserName\u003d, pseudoUserName\u003d, merchId\u003d, messageId\u003d, terminalBatchNumId\u003d, reasonForBlock\u003d1, blockusername\u003dTestaskajsdh}","duration":2279,"startTime":1512029960357,"result":"SUCCESS","children":[{"number":38,"description":"Given load request for blockUser \"/MerchantApiWeb/authenticateUser\" and \"/MerchantApiWeb/rest/secure/user/blockUser\" and \"TC05\" and \"TestAutomation11\" and \"Password@1\" and \"EMS\"","duration":1355,"startTime":1512029960376,"result":"SUCCESS","children":[{"number":39,"description":"Loadgetrequestdata: https://uat1.merchantportal.firstdata.eu/MerchantApiWeb/authenticateUser","duration":0,"startTime":1512029960450,"result":"SUCCESS"},{"number":40,"description":"Postrequest authenticate user: https://uat1.merchantportal.firstdata.eu/MerchantApiWeb/authenticateUser, TestAutomation11, Password@1, EMS","duration":1242,"startTime":1512029960451,"result":"SUCCESS"},{"number":41,"description":"Loadgetrequestdata requestwithbody: https://uat1.merchantportal.firstdata.eu/MerchantApiWeb/rest/secure/user/blockUser","duration":2,"startTime":1512029961704,"result":"SUCCESS"}]},{"number":42,"description":"When post request for blockUser \"Testaskajsdh\" and \"1\" and \"EMS\"","duration":866,"startTime":1512029961731,"result":"SUCCESS","children":[{"number":43,"description":"Postrequest block user: https://uat1.merchantportal.firstdata.eu/MerchantApiWeb/rest/secure/user/blockUser, Testaskajsdh, 1","duration":802,"startTime":1512029961742,"result":"SUCCESS"}]},{"number":44,"description":"Then verify blockUser response status \"error\" and \"MPBE00004\" and \"Username does not exist\" and \"\" and \"\" and \"\"","duration":39,"startTime":1512029962597,"exception":{"errorType":"java.lang.NullPointerException","stackTrace":[{"declaringClass":"api.ValidateRequest","methodName":"verifyresponse","fileName":"ValidateRequest.java","lineNumber":317},{"declaringClass":"stepdefinitions.Apidefinitions","methodName":"verify_blockUser_response_status","fileName":"Apidefinitions.java","lineNumber":5751},{"declaringClass":"✽","methodName":"Then verify blockUser response status \"error\" and \"MPBE00004\" and \"Username does not exist\" and \"\" and \"\" and \"\"","fileName":"Testupdate.feature","lineNumber":122}]},"result":"ERROR","children":[{"number":45,"description":"Verify Response","duration":24,"startTime":1512029962610,"exception":{"errorType":"java.lang.NullPointerException","stackTrace":[{"declaringClass":"api.ValidateRequest","methodName":"verifyresponse","fileName":"ValidateRequest.java","lineNumber":317},{"declaringClass":"stepdefinitions.Apidefinitions","methodName":"verify_blockUser_response_status","fileName":"Apidefinitions.java","lineNumber":5751},{"declaringClass":"org.eclipse.jdt.internal.junit4.runner.JUnit4TestReference","methodName":"run","fileName":"JUnit4TestReference.java","lineNumber":86},{"declaringClass":"org.eclipse.jdt.internal.junit.runner.TestExecution","methodName":"run","fileName":"TestExecution.java","lineNumber":38},{"declaringClass":"org.eclipse.jdt.internal.junit.runner.RemoteTestRunner","methodName":"runTests","fileName":"RemoteTestRunner.java","lineNumber":459},{"declaringClass":"org.eclipse.jdt.internal.junit.runner.RemoteTestRunner","methodName":"runTests","fileName":"RemoteTestRunner.java","lineNumber":675},{"declaringClass":"org.eclipse.jdt.internal.junit.runner.RemoteTestRunner","methodName":"run","fileName":"RemoteTestRunner.java","lineNumber":382},{"declaringClass":"org.eclipse.jdt.internal.junit.runner.RemoteTestRunner","methodName":"main","fileName":"RemoteTestRunner.java","lineNumber":192}]},"result":"ERROR"}]}]},{"number":46,"description":"[1] {report\u003dTC06, logindomain\u003d/MerchantApiWeb/authenticateUser, domainurl\u003d/MerchantApiWeb/rest/secure/user/blockUser, status\u003derror, Message\u003dReason for block is Empty, ErrorCode\u003dMPVE00097, userName\u003dTestAutomation11, password\u003dPassword@1, allianceCode\u003dEMS, AuthErrMessage\u003d, Authaccessdenied\u003d, AuthErrCause\u003d, currency\u003d, userType\u003d, pageNumber\u003d, accountStatus\u003d, profile\u003d, firstName\u003d, lastName\u003d, itrcount\u003d, validateuserName\u003d, pseudoUserName\u003d, merchId\u003d, messageId\u003d, terminalBatchNumId\u003d, reasonForBlock\u003d, blockusername\u003dTestAutomation7}","duration":2298,"startTime":1512029962896,"result":"SUCCESS","children":[{"number":47,"description":"Given load request for blockUser \"/MerchantApiWeb/authenticateUser\" and \"/MerchantApiWeb/rest/secure/user/blockUser\" and \"TC06\" and \"TestAutomation11\" and \"Password@1\" and \"EMS\"","duration":1280,"startTime":1512029962912,"result":"SUCCESS","children":[{"number":48,"description":"Loadgetrequestdata: https://uat1.merchantportal.firstdata.eu/MerchantApiWeb/authenticateUser","duration":1,"startTime":1512029962979,"result":"SUCCESS"},{"number":49,"description":"Postrequest authenticate user: https://uat1.merchantportal.firstdata.eu/MerchantApiWeb/authenticateUser, TestAutomation11, Password@1, EMS","duration":1173,"startTime":1512029962982,"result":"SUCCESS"},{"number":50,"description":"Loadgetrequestdata requestwithbody: https://uat1.merchantportal.firstdata.eu/MerchantApiWeb/rest/secure/user/blockUser","duration":1,"startTime":1512029964164,"result":"SUCCESS"}]},{"number":51,"description":"When post request for blockUser \"TestAutomation7\" and \"\" and \"EMS\"","duration":890,"startTime":1512029964193,"result":"SUCCESS","children":[{"number":52,"description":"Postrequest block user: https://uat1.merchantportal.firstdata.eu/MerchantApiWeb/rest/secure/user/blockUser, TestAutomation7, ","duration":820,"startTime":1512029964205,"result":"SUCCESS"}]},{"number":53,"description":"Then verify blockUser response status \"error\" and \"MPVE00097\" and \"Reason for block is Empty\" and \"\" and \"\" and \"\"","duration":110,"startTime":1512029965084,"exception":{"errorType":"java.lang.NullPointerException","stackTrace":[{"declaringClass":"api.ValidateRequest","methodName":"verifyresponse","fileName":"ValidateRequest.java","lineNumber":317},{"declaringClass":"stepdefinitions.Apidefinitions","methodName":"verify_blockUser_response_status","fileName":"Apidefinitions.java","lineNumber":5751},{"declaringClass":"✽","methodName":"Then verify blockUser response status \"error\" and \"MPVE00097\" and \"Reason for block is Empty\" and \"\" and \"\" and \"\"","fileName":"Testupdate.feature","lineNumber":122}]},"result":"ERROR","children":[{"number":54,"description":"Verify Response","duration":89,"startTime":1512029965099,"exception":{"errorType":"java.lang.NullPointerException","stackTrace":[{"declaringClass":"api.ValidateRequest","methodName":"verifyresponse","fileName":"ValidateRequest.java","lineNumber":317},{"declaringClass":"stepdefinitions.Apidefinitions","methodName":"verify_blockUser_response_status","fileName":"Apidefinitions.java","lineNumber":5751},{"declaringClass":"org.eclipse.jdt.internal.junit4.runner.JUnit4TestReference","methodName":"run","fileName":"JUnit4TestReference.java","lineNumber":86},{"declaringClass":"org.eclipse.jdt.internal.junit.runner.TestExecution","methodName":"run","fileName":"TestExecution.java","lineNumber":38},{"declaringClass":"org.eclipse.jdt.internal.junit.runner.RemoteTestRunner","methodName":"runTests","fileName":"RemoteTestRunner.java","lineNumber":459},{"declaringClass":"org.eclipse.jdt.internal.junit.runner.RemoteTestRunner","methodName":"runTests","fileName":"RemoteTestRunner.java","lineNumber":675},{"declaringClass":"org.eclipse.jdt.internal.junit.runner.RemoteTestRunner","methodName":"run","fileName":"RemoteTestRunner.java","lineNumber":382},{"declaringClass":"org.eclipse.jdt.internal.junit.runner.RemoteTestRunner","methodName":"main","fileName":"RemoteTestRunner.java","lineNumber":192}]},"result":"ERROR"}]}]},{"number":55,"description":"[1] {report\u003dTC07, logindomain\u003d/MerchantApiWeb/authenticateUser, domainurl\u003d/MerchantApiWeb/rest/secure/user/blockUser, status\u003derror, Message\u003dUsername can\u0027t be empty, ErrorCode\u003dMPVE00001, userName\u003dTestAutomation11, password\u003dPassword@1, allianceCode\u003dEMS, AuthErrMessage\u003d, Authaccessdenied\u003d, AuthErrCause\u003d, currency\u003d, userType\u003d, pageNumber\u003d, accountStatus\u003d, profile\u003d, firstName\u003d, lastName\u003d, itrcount\u003d, validateuserName\u003d, pseudoUserName\u003d, merchId\u003d, messageId\u003d, terminalBatchNumId\u003d, reasonForBlock\u003d, blockusername\u003d}","duration":2426,"startTime":1512029965399,"result":"SUCCESS","children":[{"number":56,"description":"Given load request for blockUser \"/MerchantApiWeb/authenticateUser\" and \"/MerchantApiWeb/rest/secure/user/blockUser\" and \"TC07\" and \"TestAutomation11\" and \"Password@1\" and \"EMS\"","duration":1428,"startTime":1512029965439,"result":"SUCCESS","children":[{"number":57,"description":"Loadgetrequestdata: https://uat1.merchantportal.firstdata.eu/MerchantApiWeb/authenticateUser","duration":1,"startTime":1512029965516,"result":"SUCCESS"},{"number":58,"description":"Postrequest authenticate user: https://uat1.merchantportal.firstdata.eu/MerchantApiWeb/authenticateUser, TestAutomation11, Password@1, EMS","duration":1313,"startTime":1512029965518,"result":"SUCCESS"},{"number":59,"description":"Loadgetrequestdata requestwithbody: https://uat1.merchantportal.firstdata.eu/MerchantApiWeb/rest/secure/user/blockUser","duration":0,"startTime":1512029966844,"result":"SUCCESS"}]},{"number":60,"description":"When post request for blockUser \"\" and \"\" and \"EMS\"","duration":882,"startTime":1512029966868,"result":"SUCCESS","children":[{"number":61,"description":"Postrequest block user: https://uat1.merchantportal.firstdata.eu/MerchantApiWeb/rest/secure/user/blockUser, , ","duration":816,"startTime":1512029966879,"result":"SUCCESS"}]},{"number":62,"description":"Then verify blockUser response status \"error\" and \"MPVE00001\" and \"Username can\u0027t be empty\" and \"\" and \"\" and \"\"","duration":74,"startTime":1512029967751,"exception":{"errorType":"java.lang.AssertionError","message":"expected:\u003cMPVE0000[3]\u003e but was:\u003cMPVE0000[1]\u003e","stackTrace":[{"declaringClass":"api.ValidateRequest","methodName":"verifyresponse","fileName":"ValidateRequest.java","lineNumber":314},{"declaringClass":"stepdefinitions.Apidefinitions","methodName":"verify_blockUser_response_status","fileName":"Apidefinitions.java","lineNumber":5751},{"declaringClass":"✽","methodName":"Then verify blockUser response status \"error\" and \"MPVE00001\" and \"Username can\u0027t be empty\" and \"\" and \"\" and \"\"","fileName":"Testupdate.feature","lineNumber":122}]},"result":"FAILURE","children":[{"number":63,"description":"Verify Response","duration":55,"startTime":1512029967764,"exception":{"errorType":"org.junit.ComparisonFailure","message":"expected:\u003cMPVE0000[3]\u003e but was:\u003cMPVE0000[1]\u003e","stackTrace":[{"declaringClass":"api.ValidateRequest","methodName":"verifyresponse","fileName":"ValidateRequest.java","lineNumber":314},{"declaringClass":"stepdefinitions.Apidefinitions","methodName":"verify_blockUser_response_status","fileName":"Apidefinitions.java","lineNumber":5751},{"declaringClass":"org.eclipse.jdt.internal.junit4.runner.JUnit4TestReference","methodName":"run","fileName":"JUnit4TestReference.java","lineNumber":86},{"declaringClass":"org.eclipse.jdt.internal.junit.runner.TestExecution","methodName":"run","fileName":"TestExecution.java","lineNumber":38},{"declaringClass":"org.eclipse.jdt.internal.junit.runner.RemoteTestRunner","methodName":"runTests","fileName":"RemoteTestRunner.java","lineNumber":459},{"declaringClass":"org.eclipse.jdt.internal.junit.runner.RemoteTestRunner","methodName":"runTests","fileName":"RemoteTestRunner.java","lineNumber":675},{"declaringClass":"org.eclipse.jdt.internal.junit.runner.RemoteTestRunner","methodName":"run","fileName":"RemoteTestRunner.java","lineNumber":382},{"declaringClass":"org.eclipse.jdt.internal.junit.runner.RemoteTestRunner","methodName":"main","fileName":"RemoteTestRunner.java","lineNumber":192}]},"result":"FAILURE"}]}]}],"userStory":{"id":"merchant-portal-application-api-validation","storyName":"Merchant Portal application API validation","path":"Testupdate.feature","type":"feature"},"featureTag":{"name":"Merchant Portal application API validation","type":"feature"},"title":"Verify the api blocks the user","description":"","tags":[{"name":"blockUser","type":"tag"}],"startTime":1512029940258,"duration":27567,"testFailureCause":{"errorType":"java.lang.NullPointerException","stackTrace":[{"declaringClass":"api.ValidateRequest","methodName":"verifyresponse","fileName":"ValidateRequest.java","lineNumber":317},{"declaringClass":"stepdefinitions.Apidefinitions","methodName":"verify_blockUser_response_status","fileName":"Apidefinitions.java","lineNumber":5751},{"declaringClass":"org.eclipse.jdt.internal.junit4.runner.JUnit4TestReference","methodName":"run","fileName":"JUnit4TestReference.java","lineNumber":86},{"declaringClass":"org.eclipse.jdt.internal.junit.runner.TestExecution","methodName":"run","fileName":"TestExecution.java","lineNumber":38},{"declaringClass":"org.eclipse.jdt.internal.junit.runner.RemoteTestRunner","methodName":"runTests","fileName":"RemoteTestRunner.java","lineNumber":459},{"declaringClass":"org.eclipse.jdt.internal.junit.runner.RemoteTestRunner","methodName":"runTests","fileName":"RemoteTestRunner.java","lineNumber":675},{"declaringClass":"org.eclipse.jdt.internal.junit.runner.RemoteTestRunner","methodName":"run","fileName":"RemoteTestRunner.java","lineNumber":382},{"declaringClass":"org.eclipse.jdt.internal.junit.runner.RemoteTestRunner","methodName":"main","fileName":"RemoteTestRunner.java","lineNumber":192}]},"testFailureClassname":"java.lang.AssertionError","testFailureMessage":"null\r\nnull\r\nnull\r\nnull\r\nnull\r\nnull\r\nnull\r\nnull\r\nnull\r\nnull\r\nexpected:\u003cMPVE0000[3]\u003e but was:\u003cMPVE0000[1]\u003e\r\nexpected:\u003cMPVE0000[3]\u003e but was:\u003cMPVE0000[1]\u003e","annotatedResult":"FAILURE","dataTable":{"headers":["report","logindomain","domainurl","status","Message","ErrorCode","userName","password","allianceCode","AuthErrMessage","Authaccessdenied","AuthErrCause","currency","userType","pageNumber","accountStatus","profile","firstName","lastName","itrcount","validateuserName","pseudoUserName","merchId","messageId","terminalBatchNumId","reasonForBlock","blockusername"],"rows":[{"values":["TC01","/MerchantApiWeb/authenticateUser","/MerchantApiWeb/rest/secure/user/blockUser","success","","","TestAutomation11","Password@1","EMS","","","","","","","","","","","","","","","","","1","TestAutomation7"],"result":"SUCCESS"},{"values":["TC02","/MerchantApiWeb/authenticateUser","/MerchantApiWeb/rest/secure/user/blockUser","error","Username should be greater than 8 and less than 50 characters","MPVE00002","TestAutomation11","Password@1","EMS","","","","","","","","","","","","","","","","","1","Test"],"result":"ERROR"},{"values":["TC03","/MerchantApiWeb/authenticateUser","/MerchantApiWeb/rest/secure/user/blockUser","error","Username contain special characters or empty spaces","MPVE00003","TestAutomation11","Password@1","EMS","","","","","","","","","","","","","","","","","1","TestAuto@#$%^"],"result":"ERROR"},{"values":["TC04","/MerchantApiWeb/authenticateUser","/MerchantApiWeb/rest/secure/user/blockUser","error","Username contain special characters or empty spaces","MPVE00003","TestAutomation11","Password@1","EMS","","","","","","","","","","","","","","","","","1","Test Automatio"],"result":"ERROR"},{"values":["TC05","/MerchantApiWeb/authenticateUser","/MerchantApiWeb/rest/secure/user/blockUser","error","Username does not exist","MPBE00004","TestAutomation11","Password@1","EMS","","","","","","","","","","","","","","","","","1","Testaskajsdh"],"result":"ERROR"},{"values":["TC06","/MerchantApiWeb/authenticateUser","/MerchantApiWeb/rest/secure/user/blockUser","error","Reason for block is Empty","MPVE00097","TestAutomation11","Password@1","EMS","","","","","","","","","","","","","","","","","","TestAutomation7"],"result":"ERROR"},{"values":["TC07","/MerchantApiWeb/authenticateUser","/MerchantApiWeb/rest/secure/user/blockUser","error","Username can\u0027t be empty","MPVE00001","TestAutomation11","Password@1","EMS","","","","","","","","","","","","","","","","","",""],"result":"FAILURE"}],"predefinedRows":true,"dataSetDescriptors":[{"startRow":0,"rowCount":0,"name":"","description":""}]},"manual":false,"testSource":"Cucumber","result":"FAILURE"}