{"name":"Verify the API retrieves the orders of the impersonated user","testSteps":[{"number":1,"description":"[1] {report\u003dTC01, logindomain\u003d/MerchantApiWeb/authenticateUser, domainurl\u003d/MerchantApiWeb/rest/secure/impersonation/user/order, status\u003dsuccess, Message\u003d, ErrorCode\u003d, userName\u003dTestAutomationBCO1, password\u003dPassword@1, allianceCode\u003dBCN, AuthErrMessage\u003d, Authaccessdenied\u003d, AuthErrCause\u003d, currency\u003dEUR, userType\u003d, pageNumber\u003d, accountStatus\u003d, profile\u003d, firstName\u003d, lastName\u003d, fromDate\u003d2016-11-02, toDate\u003d2017-11-02, pseudoUserName\u003dvarunbo007}","duration":4725,"startTime":1514870210254,"result":"SUCCESS","children":[{"number":2,"description":"Given load request for getorderImpersonation \"/MerchantApiWeb/authenticateUser\" and \"/MerchantApiWeb/rest/secure/impersonation/user/order\" and \"TC01\" and \"TestAutomationBCO1\" and \"Password@1\" and \"BCN\"","duration":2991,"startTime":1514870210271,"result":"SUCCESS","children":[{"number":3,"description":"Loadgetrequestdata: https://uat1.merchantportal.firstdata.eu/MerchantApiWeb/authenticateUser","duration":1,"startTime":1514870210358,"result":"SUCCESS"},{"number":4,"description":"Postrequest authenticate user: https://uat1.merchantportal.firstdata.eu/MerchantApiWeb/authenticateUser, TestAutomationBCO1, Password@1, BCN","duration":2859,"startTime":1514870210361,"result":"SUCCESS"},{"number":5,"description":"Loadgetrequestdata uniqueauthentication: https://uat1.merchantportal.firstdata.eu/MerchantApiWeb/rest/secure/impersonation/user/order","duration":1,"startTime":1514870213228,"result":"SUCCESS"}]},{"number":6,"description":"When post get request for getorderImpersonation \"2016-11-02\" and \"2017-11-02\" and \"varunbo007\"","duration":1511,"startTime":1514870213262,"result":"SUCCESS","children":[{"number":7,"description":"Post GET request getorder impersonation: https://uat1.merchantportal.firstdata.eu/MerchantApiWeb/rest/secure/impersonation/user/order, 2016-11-02, 2017-11-02, varunbo007","duration":1441,"startTime":1514870213278,"result":"SUCCESS"}]},{"number":8,"description":"Then verify getorderImpersonation response status \"success\" and \"\" and \"\" and \"\" and \"\" and \"\"","duration":205,"startTime":1514870214774,"result":"SUCCESS","children":[{"number":9,"description":"Verify Response","duration":118,"startTime":1514870214789,"result":"SUCCESS"}]}]},{"number":10,"description":"[1] {report\u003dTC02, logindomain\u003d/MerchantApiWeb/authenticateUser, domainurl\u003d/MerchantApiWeb/rest/secure/impersonation/user/order, status\u003derror, Message\u003dInvalid Date format, ErrorCode\u003dMPVE00051, userName\u003dTestAutomationBCO1, password\u003dPassword@1, allianceCode\u003dBCN, AuthErrMessage\u003d, Authaccessdenied\u003d, AuthErrCause\u003d, currency\u003d, userType\u003d, pageNumber\u003d, accountStatus\u003d, profile\u003d, firstName\u003d, lastName\u003d, fromDate\u003d201611-02, toDate\u003d2017-11-02, pseudoUserName\u003dvarunbo007}","duration":2604,"startTime":1514870218059,"result":"SUCCESS","children":[{"number":11,"description":"Given load request for getorderImpersonation \"/MerchantApiWeb/authenticateUser\" and \"/MerchantApiWeb/rest/secure/impersonation/user/order\" and \"TC02\" and \"TestAutomationBCO1\" and \"Password@1\" and \"BCN\"","duration":1187,"startTime":1514870218080,"result":"SUCCESS","children":[{"number":12,"description":"Loadgetrequestdata: https://uat1.merchantportal.firstdata.eu/MerchantApiWeb/authenticateUser","duration":1,"startTime":1514870218160,"result":"SUCCESS"},{"number":13,"description":"Postrequest authenticate user: https://uat1.merchantportal.firstdata.eu/MerchantApiWeb/authenticateUser, TestAutomationBCO1, Password@1, BCN","duration":1049,"startTime":1514870218162,"result":"SUCCESS"},{"number":14,"description":"Loadgetrequestdata uniqueauthentication: https://uat1.merchantportal.firstdata.eu/MerchantApiWeb/rest/secure/impersonation/user/order","duration":0,"startTime":1514870219234,"result":"SUCCESS"}]},{"number":15,"description":"When post get request for getorderImpersonation \"201611-02\" and \"2017-11-02\" and \"varunbo007\"","duration":927,"startTime":1514870219267,"result":"SUCCESS","children":[{"number":16,"description":"Post GET request getorder impersonation: https://uat1.merchantportal.firstdata.eu/MerchantApiWeb/rest/secure/impersonation/user/order, 201611-02, 2017-11-02, varunbo007","duration":847,"startTime":1514870219286,"result":"SUCCESS"}]},{"number":17,"description":"Then verify getorderImpersonation response status \"error\" and \"MPVE00051\" and \"Invalid Date format\" and \"\" and \"\" and \"\"","duration":468,"startTime":1514870220195,"result":"SUCCESS","children":[{"number":18,"description":"Verify Response","duration":240,"startTime":1514870220208,"result":"SUCCESS"}]}]},{"number":19,"description":"[1] {report\u003dTC03, logindomain\u003d/MerchantApiWeb/authenticateUser, domainurl\u003d/MerchantApiWeb/rest/secure/impersonation/user/order, status\u003derror, Message\u003dInvalid Date format, ErrorCode\u003dMPVE00051, userName\u003dTestAutomationBCO1, password\u003dPassword@1, allianceCode\u003dBCN, AuthErrMessage\u003d, Authaccessdenied\u003d, AuthErrCause\u003d, currency\u003d, userType\u003d, pageNumber\u003d, accountStatus\u003d, profile\u003d, firstName\u003d, lastName\u003d, fromDate\u003d2016-11-02, toDate\u003d201711-02, pseudoUserName\u003dvarunbo007}","duration":2427,"startTime":1514870224876,"result":"SUCCESS","children":[{"number":20,"description":"Given load request for getorderImpersonation \"/MerchantApiWeb/authenticateUser\" and \"/MerchantApiWeb/rest/secure/impersonation/user/order\" and \"TC03\" and \"TestAutomationBCO1\" and \"Password@1\" and \"BCN\"","duration":1183,"startTime":1514870224891,"result":"SUCCESS","children":[{"number":21,"description":"Loadgetrequestdata: https://uat1.merchantportal.firstdata.eu/MerchantApiWeb/authenticateUser","duration":1,"startTime":1514870224997,"result":"SUCCESS"},{"number":22,"description":"Postrequest authenticate user: https://uat1.merchantportal.firstdata.eu/MerchantApiWeb/authenticateUser, TestAutomationBCO1, Password@1, BCN","duration":1042,"startTime":1514870224999,"result":"SUCCESS"},{"number":23,"description":"Loadgetrequestdata uniqueauthentication: https://uat1.merchantportal.firstdata.eu/MerchantApiWeb/rest/secure/impersonation/user/order","duration":1,"startTime":1514870226052,"result":"SUCCESS"}]},{"number":24,"description":"When post get request for getorderImpersonation \"2016-11-02\" and \"201711-02\" and \"varunbo007\"","duration":967,"startTime":1514870226074,"result":"SUCCESS","children":[{"number":25,"description":"Post GET request getorder impersonation: https://uat1.merchantportal.firstdata.eu/MerchantApiWeb/rest/secure/impersonation/user/order, 2016-11-02, 201711-02, varunbo007","duration":866,"startTime":1514870226092,"result":"SUCCESS"}]},{"number":26,"description":"Then verify getorderImpersonation response status \"error\" and \"MPVE00051\" and \"Invalid Date format\" and \"\" and \"\" and \"\"","duration":262,"startTime":1514870227041,"result":"SUCCESS","children":[{"number":27,"description":"Verify Response","duration":61,"startTime":1514870227056,"result":"SUCCESS"}]}]},{"number":28,"description":"[1] {report\u003dTC04, logindomain\u003d/MerchantApiWeb/authenticateUser, domainurl\u003d/MerchantApiWeb/rest/secure/impersonation/user/order, status\u003derror, Message\u003dtoDate is required, ErrorCode\u003dMPVE00061, userName\u003dTestAutomationBCO1, password\u003dPassword@1, allianceCode\u003dBCN, AuthErrMessage\u003d, Authaccessdenied\u003d, AuthErrCause\u003d, currency\u003d, userType\u003d, pageNumber\u003d, accountStatus\u003d, profile\u003d, firstName\u003d, lastName\u003d, fromDate\u003d2016-11-02, toDate\u003d, pseudoUserName\u003dvarunbo007}","duration":2471,"startTime":1514870231064,"result":"SUCCESS","children":[{"number":29,"description":"Given load request for getorderImpersonation \"/MerchantApiWeb/authenticateUser\" and \"/MerchantApiWeb/rest/secure/impersonation/user/order\" and \"TC04\" and \"TestAutomationBCO1\" and \"Password@1\" and \"BCN\"","duration":1217,"startTime":1514870231083,"result":"SUCCESS","children":[{"number":30,"description":"Loadgetrequestdata: https://uat1.merchantportal.firstdata.eu/MerchantApiWeb/authenticateUser","duration":1,"startTime":1514870231177,"result":"SUCCESS"},{"number":31,"description":"Postrequest authenticate user: https://uat1.merchantportal.firstdata.eu/MerchantApiWeb/authenticateUser, TestAutomationBCO1, Password@1, BCN","duration":1082,"startTime":1514870231179,"result":"SUCCESS"},{"number":32,"description":"Loadgetrequestdata uniqueauthentication: https://uat1.merchantportal.firstdata.eu/MerchantApiWeb/rest/secure/impersonation/user/order","duration":1,"startTime":1514870232272,"result":"SUCCESS"}]},{"number":33,"description":"When post get request for getorderImpersonation \"2016-11-02\" and \"\" and \"varunbo007\"","duration":952,"startTime":1514870232301,"result":"SUCCESS","children":[{"number":34,"description":"Post GET request getorder impersonation: https://uat1.merchantportal.firstdata.eu/MerchantApiWeb/rest/secure/impersonation/user/order, 2016-11-02, , varunbo007","duration":883,"startTime":1514870232317,"result":"SUCCESS"}]},{"number":35,"description":"Then verify getorderImpersonation response status \"error\" and \"MPVE00061\" and \"toDate is required\" and \"\" and \"\" and \"\"","duration":253,"startTime":1514870233282,"result":"SUCCESS","children":[{"number":36,"description":"Verify Response","duration":67,"startTime":1514870233301,"result":"SUCCESS"}]}]},{"number":37,"description":"[1] {report\u003dTC05, logindomain\u003d/MerchantApiWeb/authenticateUser, domainurl\u003d/MerchantApiWeb/rest/secure/impersonation/user/order, status\u003derror, Message\u003dfromDate is required, ErrorCode\u003dMPVE00063, userName\u003dTestAutomationBCO1, password\u003dPassword@1, allianceCode\u003dBCN, AuthErrMessage\u003d, Authaccessdenied\u003d, AuthErrCause\u003d, currency\u003d, userType\u003d, pageNumber\u003d, accountStatus\u003d, profile\u003d, firstName\u003d, lastName\u003d, fromDate\u003d, toDate\u003d2017-11-02, pseudoUserName\u003dvarunbo007}","duration":2447,"startTime":1514870237257,"result":"SUCCESS","children":[{"number":38,"description":"Given load request for getorderImpersonation \"/MerchantApiWeb/authenticateUser\" and \"/MerchantApiWeb/rest/secure/impersonation/user/order\" and \"TC05\" and \"TestAutomationBCO1\" and \"Password@1\" and \"BCN\"","duration":1310,"startTime":1514870237327,"result":"SUCCESS","children":[{"number":39,"description":"Loadgetrequestdata: https://uat1.merchantportal.firstdata.eu/MerchantApiWeb/authenticateUser","duration":1,"startTime":1514870237403,"result":"SUCCESS"},{"number":40,"description":"Postrequest authenticate user: https://uat1.merchantportal.firstdata.eu/MerchantApiWeb/authenticateUser, TestAutomationBCO1, Password@1, BCN","duration":1202,"startTime":1514870237405,"result":"SUCCESS"},{"number":41,"description":"Loadgetrequestdata uniqueauthentication: https://uat1.merchantportal.firstdata.eu/MerchantApiWeb/rest/secure/impersonation/user/order","duration":0,"startTime":1514870238616,"result":"SUCCESS"}]},{"number":42,"description":"When post get request for getorderImpersonation \"\" and \"2017-11-02\" and \"varunbo007\"","duration":875,"startTime":1514870238638,"result":"SUCCESS","children":[{"number":43,"description":"Post GET request getorder impersonation: https://uat1.merchantportal.firstdata.eu/MerchantApiWeb/rest/secure/impersonation/user/order, , 2017-11-02, varunbo007","duration":811,"startTime":1514870238651,"result":"SUCCESS"}]},{"number":44,"description":"Then verify getorderImpersonation response status \"error\" and \"MPVE00063\" and \"fromDate is required\" and \"\" and \"\" and \"\"","duration":191,"startTime":1514870239513,"result":"SUCCESS","children":[{"number":45,"description":"Verify Response","duration":50,"startTime":1514870239527,"result":"SUCCESS"}]}]},{"number":46,"description":"[1] {report\u003dTC06, logindomain\u003d/MerchantApiWeb/authenticateUser, domainurl\u003d/MerchantApiWeb/rest/secure/impersonation/user/order, status\u003derror, Message\u003dfromDate is required, ErrorCode\u003dMPVE00063, userName\u003dTestAutomationBCO1, password\u003dPassword@1, allianceCode\u003dBCN, AuthErrMessage\u003d, Authaccessdenied\u003d, AuthErrCause\u003d, currency\u003d, userType\u003d, pageNumber\u003d, accountStatus\u003d, profile\u003d, firstName\u003d, lastName\u003d, fromDate\u003d, toDate\u003d2017-11-02, pseudoUserName\u003dvarunbo007}","duration":2673,"startTime":1514870243775,"result":"SUCCESS","children":[{"number":47,"description":"Given load request for getorderImpersonation \"/MerchantApiWeb/authenticateUser\" and \"/MerchantApiWeb/rest/secure/impersonation/user/order\" and \"TC06\" and \"TestAutomationBCO1\" and \"Password@1\" and \"BCN\"","duration":1430,"startTime":1514870243795,"result":"SUCCESS","children":[{"number":48,"description":"Loadgetrequestdata: https://uat1.merchantportal.firstdata.eu/MerchantApiWeb/authenticateUser","duration":0,"startTime":1514870243916,"result":"SUCCESS"},{"number":49,"description":"Postrequest authenticate user: https://uat1.merchantportal.firstdata.eu/MerchantApiWeb/authenticateUser, TestAutomationBCO1, Password@1, BCN","duration":1273,"startTime":1514870243917,"result":"SUCCESS"},{"number":50,"description":"Loadgetrequestdata uniqueauthentication: https://uat1.merchantportal.firstdata.eu/MerchantApiWeb/rest/secure/impersonation/user/order","duration":1,"startTime":1514870245199,"result":"SUCCESS"}]},{"number":51,"description":"When post get request for getorderImpersonation \"\" and \"2017-11-02\" and \"varunbo007\"","duration":958,"startTime":1514870245225,"result":"SUCCESS","children":[{"number":52,"description":"Post GET request getorder impersonation: https://uat1.merchantportal.firstdata.eu/MerchantApiWeb/rest/secure/impersonation/user/order, , 2017-11-02, varunbo007","duration":888,"startTime":1514870245239,"result":"SUCCESS"}]},{"number":53,"description":"Then verify getorderImpersonation response status \"error\" and \"MPVE00063\" and \"fromDate is required\" and \"\" and \"\" and \"\"","duration":263,"startTime":1514870246184,"result":"SUCCESS","children":[{"number":54,"description":"Verify Response","duration":67,"startTime":1514870246197,"result":"SUCCESS"}]}]}],"userStory":{"id":"merchant-portal-application-api-validation","storyName":"Merchant Portal application API validation","path":"APIupdate.feature","type":"feature"},"featureTag":{"name":"Merchant Portal application API validation","type":"feature"},"title":"Verify the API retrieves the orders of the impersonated user","description":"","tags":[{"name":"getorderImpersonation","type":"tag"}],"startTime":1514870210254,"duration":36194,"dataTable":{"headers":["report","logindomain","domainurl","status","Message","ErrorCode","userName","password","allianceCode","AuthErrMessage","Authaccessdenied","AuthErrCause","currency","userType","pageNumber","accountStatus","profile","firstName","lastName","fromDate","toDate","pseudoUserName"],"rows":[{"values":["TC01","/MerchantApiWeb/authenticateUser","/MerchantApiWeb/rest/secure/impersonation/user/order","success","","","TestAutomationBCO1","Password@1","BCN","","","","EUR","","","","","","","2016-11-02","2017-11-02","varunbo007"],"result":"SUCCESS"},{"values":["TC02","/MerchantApiWeb/authenticateUser","/MerchantApiWeb/rest/secure/impersonation/user/order","error","Invalid Date format","MPVE00051","TestAutomationBCO1","Password@1","BCN","","","","","","","","","","","201611-02","2017-11-02","varunbo007"],"result":"SUCCESS"},{"values":["TC03","/MerchantApiWeb/authenticateUser","/MerchantApiWeb/rest/secure/impersonation/user/order","error","Invalid Date format","MPVE00051","TestAutomationBCO1","Password@1","BCN","","","","","","","","","","","2016-11-02","201711-02","varunbo007"],"result":"SUCCESS"},{"values":["TC04","/MerchantApiWeb/authenticateUser","/MerchantApiWeb/rest/secure/impersonation/user/order","error","toDate is required","MPVE00061","TestAutomationBCO1","Password@1","BCN","","","","","","","","","","","2016-11-02","","varunbo007"],"result":"SUCCESS"},{"values":["TC05","/MerchantApiWeb/authenticateUser","/MerchantApiWeb/rest/secure/impersonation/user/order","error","fromDate is required","MPVE00063","TestAutomationBCO1","Password@1","BCN","","","","","","","","","","","","2017-11-02","varunbo007"],"result":"SUCCESS"},{"values":["TC06","/MerchantApiWeb/authenticateUser","/MerchantApiWeb/rest/secure/impersonation/user/order","error","fromDate is required","MPVE00063","TestAutomationBCO1","Password@1","BCN","","","","","","","","","","","","2017-11-02","varunbo007"],"result":"SUCCESS"}],"predefinedRows":true,"dataSetDescriptors":[{"startRow":0,"rowCount":0,"name":"","description":""}]},"manual":false,"testSource":"Cucumber","result":"SUCCESS"}