{"name":"Verify the api retrieves the migration questions for the logged in user","testSteps":[{"number":1,"description":"[1] {report\u003dTC01, logindomain\u003d/MerchantApiWeb/authenticateUser, domainurl\u003d/MerchantApiWeb/rest/user/register/question, status\u003dsuccess, Message\u003d, ErrorCode\u003d, userName\u003dTestAutomation22, password\u003dPassword@1, allianceCode\u003dEMS, AuthErrMessage\u003d, Authaccessdenied\u003d, AuthErrCause\u003d, currency\u003d, userType\u003d, pageNumber\u003d, accountStatus\u003d, profile\u003d, firstName\u003d, lastName\u003d, reasonForBlock\u003d, blockusername\u003d, termsId\u003d, messageId\u003d, languageCode\u003dEN, allianceCode_request\u003dEMS}","duration":3125,"startTime":1514870838333,"result":"SUCCESS","children":[{"number":2,"description":"Given load request for getMigrationQuestions \"/MerchantApiWeb/authenticateUser\" and \"/MerchantApiWeb/rest/user/register/question\" and \"TC01\" and \"TestAutomation22\" and \"Password@1\" and \"EMS\"","duration":1649,"startTime":1514870838350,"result":"SUCCESS","children":[{"number":3,"description":"Loadgetrequestdata: https://uat1.merchantportal.firstdata.eu/MerchantApiWeb/authenticateUser","duration":1,"startTime":1514870838791,"result":"SUCCESS"},{"number":4,"description":"Postrequest authenticate user: https://uat1.merchantportal.firstdata.eu/MerchantApiWeb/authenticateUser, TestAutomation22, Password@1, EMS","duration":1160,"startTime":1514870838793,"result":"SUCCESS"},{"number":5,"description":"Loadgetrequestdata requestwithbody: https://uat1.merchantportal.firstdata.eu/MerchantApiWeb/rest/user/register/question","duration":0,"startTime":1514870839961,"result":"SUCCESS"}]},{"number":6,"description":"When post request for getMigrationQuestions \"EMS\" and \"EN\"","duration":1086,"startTime":1514870840000,"result":"SUCCESS","children":[{"number":7,"description":"Postrequest get migration questions: https://uat1.merchantportal.firstdata.eu/MerchantApiWeb/rest/user/register/question, EMS, EN","duration":996,"startTime":1514870840020,"result":"SUCCESS"}]},{"number":8,"description":"Then verify getMigrationQuestions response status \"success\" and \"\" and \"\" and \"\" and \"\" and \"\"","duration":372,"startTime":1514870841086,"result":"SUCCESS","children":[{"number":9,"description":"Verify Response","duration":178,"startTime":1514870841105,"result":"SUCCESS"}]}]}],"userStory":{"id":"merchant-portal-application-api-validation","storyName":"Merchant Portal application API validation","path":"APIupdate.feature","type":"feature"},"featureTag":{"name":"Merchant Portal application API validation","type":"feature"},"title":"Verify the api retrieves the migration questions for the logged in user","description":"","tags":[{"name":"getMigrationQuestions","type":"tag"}],"startTime":1514870838332,"duration":3126,"dataTable":{"headers":["report","logindomain","domainurl","status","Message","ErrorCode","userName","password","allianceCode","AuthErrMessage","Authaccessdenied","AuthErrCause","currency","userType","pageNumber","accountStatus","profile","firstName","lastName","reasonForBlock","blockusername","termsId","messageId","languageCode","allianceCode_request"],"rows":[{"values":["TC01","/MerchantApiWeb/authenticateUser","/MerchantApiWeb/rest/user/register/question","success","","","TestAutomation22","Password@1","EMS","","","","","","","","","","","","","","","EN","EMS"],"result":"SUCCESS"}],"predefinedRows":true,"dataSetDescriptors":[{"startRow":0,"rowCount":0,"name":"","description":""}]},"manual":false,"testSource":"Cucumber","result":"SUCCESS"}