{"name":"Verify the api downloads all the documents for the logged in user","testSteps":[{"number":1,"description":"[1] {report\u003dTC01, logindomain\u003d/MerchantApiWeb/authenticateUser, domainurl\u003d/MerchantApiWeb/rest/secure/user/documents/download/downloadAllDocument, status\u003dsuccess, Message\u003d, ErrorCode\u003d, userName\u003dTestAutomation22, password\u003dPassword@1, allianceCode\u003dEMS, AuthErrMessage\u003d, Authaccessdenied\u003d, AuthErrCause\u003d, currency\u003d, userType\u003d, pageNumber\u003d, accountStatus\u003d, profile\u003d, firstName\u003d, lastName\u003d, period\u003d, fromDate\u003d, toDate\u003d, invoiceId\u003d, gsmTopUpFromDate\u003d, gsmTopUpToDate\u003d, documentIds\u003d1014581, fileType\u003dzip}","duration":4498,"startTime":1514872112560,"result":"SUCCESS","children":[{"number":2,"description":"Given load request for downloadAllDocument \"/MerchantApiWeb/authenticateUser\" and \"/MerchantApiWeb/rest/secure/user/documents/download/downloadAllDocument\" and \"TC01\" and \"TestAutomation22\" and \"Password@1\" and \"EMS\"","duration":1160,"startTime":1514872112575,"result":"SUCCESS","children":[{"number":3,"description":"Loadgetrequestdata: https://uat1.merchantportal.firstdata.eu/MerchantApiWeb/authenticateUser","duration":1,"startTime":1514872112658,"result":"SUCCESS"},{"number":4,"description":"Postrequest authenticate user: https://uat1.merchantportal.firstdata.eu/MerchantApiWeb/authenticateUser, TestAutomation22, Password@1, EMS","duration":1033,"startTime":1514872112659,"result":"SUCCESS"},{"number":5,"description":"Loadgetrequestdata export download: https://uat1.merchantportal.firstdata.eu/MerchantApiWeb/rest/secure/user/documents/download/downloadAllDocument","duration":0,"startTime":1514872113702,"result":"SUCCESS"}]},{"number":6,"description":"When post get request for downloadAllDocument \"1014581\" and \"zip\"","duration":2781,"startTime":1514872113736,"result":"SUCCESS","children":[{"number":7,"description":"Post GET request download all document: https://uat1.merchantportal.firstdata.eu/MerchantApiWeb/rest/secure/user/documents/download/downloadAllDocument, 1014581, zip","duration":2682,"startTime":1514872113751,"result":"SUCCESS"}]},{"number":8,"description":"Then verify downloadAllDocument response status \"success\" and \"\" and \"\" and \"\" and \"\" and \"\"","duration":540,"startTime":1514872116518,"result":"SUCCESS","children":[{"number":9,"description":"Verify Download file Response","duration":414,"startTime":1514872116576,"result":"SUCCESS"}]}]},{"number":10,"description":"[1] {report\u003dTC02, logindomain\u003d/MerchantApiWeb/authenticateUser, domainurl\u003d/MerchantApiWeb/rest/secure/user/documents/download/downloadAllDocument, status\u003derror, Message\u003dDocument id can\u0027t be more than 19 characters, ErrorCode\u003dMPVE00070, userName\u003dTestAutomation22, password\u003dPassword@1, allianceCode\u003dEMS, AuthErrMessage\u003d, Authaccessdenied\u003d, AuthErrCause\u003d, currency\u003d, userType\u003d, pageNumber\u003d, accountStatus\u003d, profile\u003d, firstName\u003d, lastName\u003d, period\u003d, fromDate\u003d, toDate\u003d, invoiceId\u003d, gsmTopUpFromDate\u003d, gsmTopUpToDate\u003d, documentIds\u003d2316548976542132132165465123654, fileType\u003djson}","duration":2417,"startTime":1514872123155,"result":"SUCCESS","children":[{"number":11,"description":"Given load request for downloadAllDocument \"/MerchantApiWeb/authenticateUser\" and \"/MerchantApiWeb/rest/secure/user/documents/download/downloadAllDocument\" and \"TC02\" and \"TestAutomation22\" and \"Password@1\" and \"EMS\"","duration":1193,"startTime":1514872123195,"result":"SUCCESS","children":[{"number":12,"description":"Loadgetrequestdata: https://uat1.merchantportal.firstdata.eu/MerchantApiWeb/authenticateUser","duration":0,"startTime":1514872123292,"result":"SUCCESS"},{"number":13,"description":"Postrequest authenticate user: https://uat1.merchantportal.firstdata.eu/MerchantApiWeb/authenticateUser, TestAutomation22, Password@1, EMS","duration":1064,"startTime":1514872123293,"result":"SUCCESS"},{"number":14,"description":"Loadgetrequestdata export download: https://uat1.merchantportal.firstdata.eu/MerchantApiWeb/rest/secure/user/documents/download/downloadAllDocument","duration":1,"startTime":1514872124365,"result":"SUCCESS"}]},{"number":15,"description":"When post get request for downloadAllDocument \"2316548976542132132165465123654\" and \"json\"","duration":917,"startTime":1514872124388,"result":"SUCCESS","children":[{"number":16,"description":"Post GET request download all document: https://uat1.merchantportal.firstdata.eu/MerchantApiWeb/rest/secure/user/documents/download/downloadAllDocument, 2316548976542132132165465123654, json","duration":843,"startTime":1514872124400,"result":"SUCCESS"}]},{"number":17,"description":"Then verify downloadAllDocument response status \"error\" and \"MPVE00070\" and \"Document id can\u0027t be more than 19 characters\" and \"\" and \"\" and \"\"","duration":267,"startTime":1514872125305,"result":"SUCCESS","children":[{"number":18,"description":"Verify Download file Response","duration":100,"startTime":1514872125320,"result":"SUCCESS"}]}]},{"number":19,"description":"[1] {report\u003dTC03, logindomain\u003d/MerchantApiWeb/authenticateUser, domainurl\u003d/MerchantApiWeb/rest/secure/user/documents/download/downloadAllDocument, status\u003derror, Message\u003dDocument id must only be numeric, ErrorCode\u003dMPVE00071, userName\u003dTestAutomation22, password\u003dPassword@1, allianceCode\u003dEMS, AuthErrMessage\u003d, Authaccessdenied\u003d, AuthErrCause\u003d, currency\u003d, userType\u003d, pageNumber\u003d, accountStatus\u003d, profile\u003d, firstName\u003d, lastName\u003d, period\u003d, fromDate\u003d, toDate\u003d, invoiceId\u003d, gsmTopUpFromDate\u003d, gsmTopUpToDate\u003d, documentIds\u003dadfasaf, fileType\u003djson}","duration":2369,"startTime":1514872129234,"result":"SUCCESS","children":[{"number":20,"description":"Given load request for downloadAllDocument \"/MerchantApiWeb/authenticateUser\" and \"/MerchantApiWeb/rest/secure/user/documents/download/downloadAllDocument\" and \"TC03\" and \"TestAutomation22\" and \"Password@1\" and \"EMS\"","duration":1152,"startTime":1514872129247,"result":"SUCCESS","children":[{"number":21,"description":"Loadgetrequestdata: https://uat1.merchantportal.firstdata.eu/MerchantApiWeb/authenticateUser","duration":0,"startTime":1514872129314,"result":"SUCCESS"},{"number":22,"description":"Postrequest authenticate user: https://uat1.merchantportal.firstdata.eu/MerchantApiWeb/authenticateUser, TestAutomation22, Password@1, EMS","duration":1048,"startTime":1514872129316,"result":"SUCCESS"},{"number":23,"description":"Loadgetrequestdata export download: https://uat1.merchantportal.firstdata.eu/MerchantApiWeb/rest/secure/user/documents/download/downloadAllDocument","duration":0,"startTime":1514872130374,"result":"SUCCESS"}]},{"number":24,"description":"When post get request for downloadAllDocument \"adfasaf\" and \"json\"","duration":963,"startTime":1514872130400,"result":"SUCCESS","children":[{"number":25,"description":"Post GET request download all document: https://uat1.merchantportal.firstdata.eu/MerchantApiWeb/rest/secure/user/documents/download/downloadAllDocument, adfasaf, json","duration":888,"startTime":1514872130411,"result":"SUCCESS"}]},{"number":26,"description":"Then verify downloadAllDocument response status \"error\" and \"MPVE00071\" and \"Document id must only be numeric\" and \"\" and \"\" and \"\"","duration":239,"startTime":1514872131364,"result":"SUCCESS","children":[{"number":27,"description":"Verify Download file Response","duration":47,"startTime":1514872131376,"result":"SUCCESS"}]}]},{"number":28,"description":"[1] {report\u003dTC04, logindomain\u003d/MerchantApiWeb/authenticateUser, domainurl\u003d/MerchantApiWeb/rest/secure/user/documents/download/downloadAllDocument, status\u003derror, Message\u003dDocument id must only be numeric, ErrorCode\u003dMPVE00071, userName\u003dTestAutomation22, password\u003dPassword@1, allianceCode\u003dEMS, AuthErrMessage\u003d, Authaccessdenied\u003d, AuthErrCause\u003d, currency\u003d, userType\u003d, pageNumber\u003d, accountStatus\u003d, profile\u003d, firstName\u003d, lastName\u003d, period\u003d, fromDate\u003d, toDate\u003d, invoiceId\u003d, gsmTopUpFromDate\u003d, gsmTopUpToDate\u003d, documentIds\u003d@#$%%^$#, fileType\u003djson}","duration":2510,"startTime":1514872135101,"result":"SUCCESS","children":[{"number":29,"description":"Given load request for downloadAllDocument \"/MerchantApiWeb/authenticateUser\" and \"/MerchantApiWeb/rest/secure/user/documents/download/downloadAllDocument\" and \"TC04\" and \"TestAutomation22\" and \"Password@1\" and \"EMS\"","duration":1236,"startTime":1514872135158,"result":"SUCCESS","children":[{"number":30,"description":"Loadgetrequestdata: https://uat1.merchantportal.firstdata.eu/MerchantApiWeb/authenticateUser","duration":1,"startTime":1514872135224,"result":"SUCCESS"},{"number":31,"description":"Postrequest authenticate user: https://uat1.merchantportal.firstdata.eu/MerchantApiWeb/authenticateUser, TestAutomation22, Password@1, EMS","duration":1137,"startTime":1514872135225,"result":"SUCCESS"},{"number":32,"description":"Loadgetrequestdata export download: https://uat1.merchantportal.firstdata.eu/MerchantApiWeb/rest/secure/user/documents/download/downloadAllDocument","duration":0,"startTime":1514872136371,"result":"SUCCESS"}]},{"number":33,"description":"When post get request for downloadAllDocument \"@#$%%^$#\" and \"json\"","duration":914,"startTime":1514872136394,"result":"SUCCESS","children":[{"number":34,"description":"Post GET request download all document: https://uat1.merchantportal.firstdata.eu/MerchantApiWeb/rest/secure/user/documents/download/downloadAllDocument, @#$%%^$#, json","duration":849,"startTime":1514872136407,"result":"SUCCESS"}]},{"number":35,"description":"Then verify downloadAllDocument response status \"error\" and \"MPVE00071\" and \"Document id must only be numeric\" and \"\" and \"\" and \"\"","duration":302,"startTime":1514872137309,"result":"SUCCESS","children":[{"number":36,"description":"Verify Download file Response","duration":88,"startTime":1514872137322,"result":"SUCCESS"}]}]},{"number":37,"description":"[1] {report\u003dTC05, logindomain\u003d/MerchantApiWeb/authenticateUser, domainurl\u003d/MerchantApiWeb/rest/secure/user/documents/download/downloadAllDocument, status\u003derror, Message\u003dDocument id can\u0027t be empty, ErrorCode\u003dMPVE00069, userName\u003dTestAutomation22, password\u003dPassword@1, allianceCode\u003dEMS, AuthErrMessage\u003d, Authaccessdenied\u003d, AuthErrCause\u003d, currency\u003d, userType\u003d, pageNumber\u003d, accountStatus\u003d, profile\u003d, firstName\u003d, lastName\u003d, period\u003d, fromDate\u003d, toDate\u003d, invoiceId\u003d, gsmTopUpFromDate\u003d, gsmTopUpToDate\u003d, documentIds\u003d, fileType\u003djson}","duration":2469,"startTime":1514872143004,"result":"SUCCESS","children":[{"number":38,"description":"Given load request for downloadAllDocument \"/MerchantApiWeb/authenticateUser\" and \"/MerchantApiWeb/rest/secure/user/documents/download/downloadAllDocument\" and \"TC05\" and \"TestAutomation22\" and \"Password@1\" and \"EMS\"","duration":1373,"startTime":1514872143042,"result":"SUCCESS","children":[{"number":39,"description":"Loadgetrequestdata: https://uat1.merchantportal.firstdata.eu/MerchantApiWeb/authenticateUser","duration":1,"startTime":1514872143204,"result":"SUCCESS"},{"number":40,"description":"Postrequest authenticate user: https://uat1.merchantportal.firstdata.eu/MerchantApiWeb/authenticateUser, TestAutomation22, Password@1, EMS","duration":1173,"startTime":1514872143206,"result":"SUCCESS"},{"number":41,"description":"Loadgetrequestdata export download: https://uat1.merchantportal.firstdata.eu/MerchantApiWeb/rest/secure/user/documents/download/downloadAllDocument","duration":1,"startTime":1514872144388,"result":"SUCCESS"}]},{"number":42,"description":"When post get request for downloadAllDocument \"\" and \"json\"","duration":864,"startTime":1514872144415,"result":"SUCCESS","children":[{"number":43,"description":"Post GET request download all document: https://uat1.merchantportal.firstdata.eu/MerchantApiWeb/rest/secure/user/documents/download/downloadAllDocument, , json","duration":797,"startTime":1514872144427,"result":"SUCCESS"}]},{"number":44,"description":"Then verify downloadAllDocument response status \"error\" and \"MPVE00069\" and \"Document id can\u0027t be empty\" and \"\" and \"\" and \"\"","duration":194,"startTime":1514872145279,"result":"SUCCESS","children":[{"number":45,"description":"Verify Download file Response","duration":46,"startTime":1514872145292,"result":"SUCCESS"}]}]},{"number":46,"description":"[1] {report\u003dTC06, logindomain\u003d/MerchantApiWeb/authenticateUser, domainurl\u003d/MerchantApiWeb/rest/secure/user/documents/download/downloadAllDocument, status\u003derror, Message\u003dDocument unavailable for User, ErrorCode\u003dMPBE00040, userName\u003dTestAutomation22, password\u003dPassword@1, allianceCode\u003dEMS, AuthErrMessage\u003d, Authaccessdenied\u003d, AuthErrCause\u003d, currency\u003d, userType\u003d, pageNumber\u003d, accountStatus\u003d, profile\u003d, firstName\u003d, lastName\u003d, period\u003d, fromDate\u003d, toDate\u003d, invoiceId\u003d, gsmTopUpFromDate\u003d, gsmTopUpToDate\u003d, documentIds\u003d1014163, fileType\u003djson}","duration":2572,"startTime":1514872149846,"result":"SUCCESS","children":[{"number":47,"description":"Given load request for downloadAllDocument \"/MerchantApiWeb/authenticateUser\" and \"/MerchantApiWeb/rest/secure/user/documents/download/downloadAllDocument\" and \"TC06\" and \"TestAutomation22\" and \"Password@1\" and \"EMS\"","duration":1149,"startTime":1514872149856,"result":"SUCCESS","children":[{"number":48,"description":"Loadgetrequestdata: https://uat1.merchantportal.firstdata.eu/MerchantApiWeb/authenticateUser","duration":0,"startTime":1514872149931,"result":"SUCCESS"},{"number":49,"description":"Postrequest authenticate user: https://uat1.merchantportal.firstdata.eu/MerchantApiWeb/authenticateUser, TestAutomation22, Password@1, EMS","duration":1039,"startTime":1514872149932,"result":"SUCCESS"},{"number":50,"description":"Loadgetrequestdata export download: https://uat1.merchantportal.firstdata.eu/MerchantApiWeb/rest/secure/user/documents/download/downloadAllDocument","duration":0,"startTime":1514872150978,"result":"SUCCESS"}]},{"number":51,"description":"When post get request for downloadAllDocument \"1014163\" and \"json\"","duration":1070,"startTime":1514872151005,"result":"SUCCESS","children":[{"number":52,"description":"Post GET request download all document: https://uat1.merchantportal.firstdata.eu/MerchantApiWeb/rest/secure/user/documents/download/downloadAllDocument, 1014163, json","duration":888,"startTime":1514872151018,"result":"SUCCESS"}]},{"number":53,"description":"Then verify downloadAllDocument response status \"error\" and \"MPBE00040\" and \"Document unavailable for User\" and \"\" and \"\" and \"\"","duration":312,"startTime":1514872152105,"result":"SUCCESS","children":[{"number":54,"description":"Verify Download file Response","duration":71,"startTime":1514872152162,"result":"SUCCESS"}]}]}],"userStory":{"id":"merchant-portal-application-api-validation","storyName":"Merchant Portal application API validation","path":"APIupdate.feature","type":"feature"},"featureTag":{"name":"Merchant Portal application API validation","type":"feature"},"title":"Verify the api downloads all the documents for the logged in user","description":"","tags":[{"name":"downloadAllDocument","type":"tag"}],"startTime":1514872112559,"duration":39859,"dataTable":{"headers":["report","logindomain","domainurl","status","Message","ErrorCode","userName","password","allianceCode","AuthErrMessage","Authaccessdenied","AuthErrCause","currency","userType","pageNumber","accountStatus","profile","firstName","lastName","period","fromDate","toDate","invoiceId","gsmTopUpFromDate","gsmTopUpToDate","documentIds","fileType"],"rows":[{"values":["TC01","/MerchantApiWeb/authenticateUser","/MerchantApiWeb/rest/secure/user/documents/download/downloadAllDocument","success","","","TestAutomation22","Password@1","EMS","","","","","","","","","","","","","","","","","1014581","zip"],"result":"SUCCESS"},{"values":["TC02","/MerchantApiWeb/authenticateUser","/MerchantApiWeb/rest/secure/user/documents/download/downloadAllDocument","error","Document id can\u0027t be more than 19 characters","MPVE00070","TestAutomation22","Password@1","EMS","","","","","","","","","","","","","","","","","2316548976542132132165465123654","json"],"result":"SUCCESS"},{"values":["TC03","/MerchantApiWeb/authenticateUser","/MerchantApiWeb/rest/secure/user/documents/download/downloadAllDocument","error","Document id must only be numeric","MPVE00071","TestAutomation22","Password@1","EMS","","","","","","","","","","","","","","","","","adfasaf","json"],"result":"SUCCESS"},{"values":["TC04","/MerchantApiWeb/authenticateUser","/MerchantApiWeb/rest/secure/user/documents/download/downloadAllDocument","error","Document id must only be numeric","MPVE00071","TestAutomation22","Password@1","EMS","","","","","","","","","","","","","","","","","@#$%%^$#","json"],"result":"SUCCESS"},{"values":["TC05","/MerchantApiWeb/authenticateUser","/MerchantApiWeb/rest/secure/user/documents/download/downloadAllDocument","error","Document id can\u0027t be empty","MPVE00069","TestAutomation22","Password@1","EMS","","","","","","","","","","","","","","","","","","json"],"result":"SUCCESS"},{"values":["TC06","/MerchantApiWeb/authenticateUser","/MerchantApiWeb/rest/secure/user/documents/download/downloadAllDocument","error","Document unavailable for User","MPBE00040","TestAutomation22","Password@1","EMS","","","","","","","","","","","","","","","","","1014163","json"],"result":"SUCCESS"}],"predefinedRows":true,"dataSetDescriptors":[{"startRow":0,"rowCount":0,"name":"","description":""}]},"manual":false,"testSource":"Cucumber","result":"SUCCESS"}