{"name":"Verify the api retrieves the history list of the refunding for the impersonated user","testSteps":[{"number":1,"description":"[1] {report\u003dTC02, logindomain\u003d/MerchantApiWeb/authenticateUser, domainurl\u003d/MerchantApiWeb/rest/secure/impersonation/user/financialData/transaction/refund/refundHistoryList, status\u003derror, Message\u003dAlliance Code can\u0027t be empty, ErrorCode\u003dMPVE00035, userName\u003dTestAutomation18, password\u003dPassword@1, allianceCode\u003dEMS, AuthErrMessage\u003d, Authaccessdenied\u003d, AuthErrCause\u003d, currency\u003dEUR, userType\u003d, pageNumber\u003d1, accountStatus\u003d, profile\u003d, firstName\u003d, lastName\u003d, period\u003d, fromDate\u003d20161102, toDate\u003d2017-11-02, invoiceId\u003d4723680, gsmTopUpFromDate\u003d, gsmTopUpToDate\u003d, invoiceLineItemId\u003d, fundId\u003d5121421, merchId\u003d65902182, fundDate\u003d20171115, clearingId\u003d69436340, refundallianceCode\u003d, pseudoUserName\u003dDemoAccount1}","duration":4414,"startTime":1514871662125,"result":"SUCCESS","children":[{"number":2,"description":"Given load request for refundHistoryListImpersonation \"/MerchantApiWeb/authenticateUser\" and \"/MerchantApiWeb/rest/secure/impersonation/user/financialData/transaction/refund/refundHistoryList\" and \"TC02\" and \"TestAutomation18\" and \"Password@1\" and \"EMS\"","duration":3052,"startTime":1514871662144,"result":"SUCCESS","children":[{"number":3,"description":"Loadgetrequestdata: https://uat1.merchantportal.firstdata.eu/MerchantApiWeb/authenticateUser","duration":0,"startTime":1514871662386,"result":"SUCCESS"},{"number":4,"description":"Postrequest authenticate user: https://uat1.merchantportal.firstdata.eu/MerchantApiWeb/authenticateUser, TestAutomation18, Password@1, EMS","duration":2782,"startTime":1514871662387,"result":"SUCCESS"},{"number":5,"description":"Loadgetrequestdata uniqueauthentication: https://uat1.merchantportal.firstdata.eu/MerchantApiWeb/rest/secure/impersonation/user/financialData/transaction/refund/refundHistoryList","duration":1,"startTime":1514871665176,"result":"SUCCESS"}]},{"number":6,"description":"When post get request for refundHistoryListImpersonation \"69436340\" and \"\" and \"DemoAccount1\"","duration":1024,"startTime":1514871665197,"result":"SUCCESS","children":[{"number":7,"description":"Post GET request refund history list impersonation: https://uat1.merchantportal.firstdata.eu/MerchantApiWeb/rest/secure/impersonation/user/financialData/transaction/refund/refundHistoryList, 69436340, , DemoAccount1","duration":945,"startTime":1514871665211,"result":"SUCCESS"}]},{"number":8,"description":"Then verify refundHistoryListImpersonation response status \"error\" and \"MPVE00035\" and \"Alliance Code can\u0027t be empty\" and \"\" and \"\" and \"\"","duration":317,"startTime":1514871666222,"result":"SUCCESS","children":[{"number":9,"description":"Verify Response","duration":126,"startTime":1514871666249,"result":"SUCCESS"}]}]},{"number":10,"description":"[1] {report\u003dTC03, logindomain\u003d/MerchantApiWeb/authenticateUser, domainurl\u003d/MerchantApiWeb/rest/secure/impersonation/user/financialData/transaction/refund/refundHistoryList, status\u003derror, Message\u003dTransID can\u0027t be Empty/Zero, ErrorCode\u003dMPVE00080, userName\u003dTestAutomation18, password\u003dPassword@1, allianceCode\u003dEMS, AuthErrMessage\u003d, Authaccessdenied\u003d, AuthErrCause\u003d, currency\u003dEUR, userType\u003d, pageNumber\u003d1, accountStatus\u003d, profile\u003d, firstName\u003d, lastName\u003d, period\u003d, fromDate\u003d2016-11-02, toDate\u003d20171102, invoiceId\u003d4723680, gsmTopUpFromDate\u003d, gsmTopUpToDate\u003d, invoiceLineItemId\u003d, fundId\u003d5121421, merchId\u003d65902182, fundDate\u003d, clearingId\u003d, refundallianceCode\u003dEMS, pseudoUserName\u003dDemoAccount1}","duration":2718,"startTime":1514871671210,"result":"SUCCESS","children":[{"number":11,"description":"Given load request for refundHistoryListImpersonation \"/MerchantApiWeb/authenticateUser\" and \"/MerchantApiWeb/rest/secure/impersonation/user/financialData/transaction/refund/refundHistoryList\" and \"TC03\" and \"TestAutomation18\" and \"Password@1\" and \"EMS\"","duration":1272,"startTime":1514871671264,"result":"SUCCESS","children":[{"number":12,"description":"Loadgetrequestdata: https://uat1.merchantportal.firstdata.eu/MerchantApiWeb/authenticateUser","duration":1,"startTime":1514871671433,"result":"SUCCESS"},{"number":13,"description":"Postrequest authenticate user: https://uat1.merchantportal.firstdata.eu/MerchantApiWeb/authenticateUser, TestAutomation18, Password@1, EMS","duration":1065,"startTime":1514871671436,"result":"SUCCESS"},{"number":14,"description":"Loadgetrequestdata uniqueauthentication: https://uat1.merchantportal.firstdata.eu/MerchantApiWeb/rest/secure/impersonation/user/financialData/transaction/refund/refundHistoryList","duration":1,"startTime":1514871672510,"result":"SUCCESS"}]},{"number":15,"description":"When post get request for refundHistoryListImpersonation \"\" and \"EMS\" and \"DemoAccount1\"","duration":1159,"startTime":1514871672536,"result":"SUCCESS","children":[{"number":16,"description":"Post GET request refund history list impersonation: https://uat1.merchantportal.firstdata.eu/MerchantApiWeb/rest/secure/impersonation/user/financialData/transaction/refund/refundHistoryList, , EMS, DemoAccount1","duration":1072,"startTime":1514871672551,"result":"SUCCESS"}]},{"number":17,"description":"Then verify refundHistoryListImpersonation response status \"error\" and \"MPVE00080\" and \"TransID can\u0027t be Empty/Zero\" and \"\" and \"\" and \"\"","duration":231,"startTime":1514871673696,"result":"SUCCESS","children":[{"number":18,"description":"Verify Response","duration":86,"startTime":1514871673708,"result":"SUCCESS"}]}]},{"number":19,"description":"[1] {report\u003dTC04, logindomain\u003d/MerchantApiWeb/authenticateUser, domainurl\u003d/MerchantApiWeb/rest/secure/impersonation/user/financialData/transaction/refund/refundHistoryList, status\u003derror, Message\u003dUsername can\u0027t be empty, ErrorCode\u003dMPVE00001, userName\u003dTestAutomation18, password\u003dPassword@1, allianceCode\u003dEMS, AuthErrMessage\u003d, Authaccessdenied\u003d, AuthErrCause\u003d, currency\u003dEUR, userType\u003d, pageNumber\u003d1, accountStatus\u003d, profile\u003d, firstName\u003d, lastName\u003d, period\u003d, fromDate\u003d2016-11-02, toDate\u003d20171102, invoiceId\u003d4723680, gsmTopUpFromDate\u003d, gsmTopUpToDate\u003d, invoiceLineItemId\u003d, fundId\u003d5121421, merchId\u003d65902182, fundDate\u003d, clearingId\u003d, refundallianceCode\u003dEMS, pseudoUserName\u003d}","duration":2664,"startTime":1514871678520,"result":"SUCCESS","children":[{"number":20,"description":"Given load request for refundHistoryListImpersonation \"/MerchantApiWeb/authenticateUser\" and \"/MerchantApiWeb/rest/secure/impersonation/user/financialData/transaction/refund/refundHistoryList\" and \"TC04\" and \"TestAutomation18\" and \"Password@1\" and \"EMS\"","duration":1356,"startTime":1514871678538,"result":"SUCCESS","children":[{"number":21,"description":"Loadgetrequestdata: https://uat1.merchantportal.firstdata.eu/MerchantApiWeb/authenticateUser","duration":1,"startTime":1514871678782,"result":"SUCCESS"},{"number":22,"description":"Postrequest authenticate user: https://uat1.merchantportal.firstdata.eu/MerchantApiWeb/authenticateUser, TestAutomation18, Password@1, EMS","duration":1047,"startTime":1514871678784,"result":"SUCCESS"},{"number":23,"description":"Loadgetrequestdata uniqueauthentication: https://uat1.merchantportal.firstdata.eu/MerchantApiWeb/rest/secure/impersonation/user/financialData/transaction/refund/refundHistoryList","duration":1,"startTime":1514871679857,"result":"SUCCESS"}]},{"number":24,"description":"When post get request for refundHistoryListImpersonation \"\" and \"EMS\" and \"\"","duration":1065,"startTime":1514871679894,"result":"SUCCESS","children":[{"number":25,"description":"Post GET request refund history list impersonation: https://uat1.merchantportal.firstdata.eu/MerchantApiWeb/rest/secure/impersonation/user/financialData/transaction/refund/refundHistoryList, , EMS, ","duration":874,"startTime":1514871679908,"result":"SUCCESS"}]},{"number":26,"description":"Then verify refundHistoryListImpersonation response status \"error\" and \"MPVE00001\" and \"Username can\u0027t be empty\" and \"\" and \"\" and \"\"","duration":225,"startTime":1514871680959,"result":"SUCCESS","children":[{"number":27,"description":"Verify Response","duration":54,"startTime":1514871681002,"result":"SUCCESS"}]}]},{"number":28,"description":"[1] {report\u003dTC05, logindomain\u003d/MerchantApiWeb/authenticateUser, domainurl\u003d/MerchantApiWeb/rest/secure/impersonation/user/financialData/transaction/refund/refundHistoryList, status\u003derror, Message\u003dUsername should be greater than 8 and less than 50 characters, ErrorCode\u003dMPVE00002, userName\u003dTestAutomation18, password\u003dPassword@1, allianceCode\u003dEMS, AuthErrMessage\u003d, Authaccessdenied\u003d, AuthErrCause\u003d, currency\u003dEUR, userType\u003d, pageNumber\u003d1, accountStatus\u003d, profile\u003d, firstName\u003d, lastName\u003d, period\u003d, fromDate\u003d2016-11-02, toDate\u003d20171102, invoiceId\u003d4723680, gsmTopUpFromDate\u003d, gsmTopUpToDate\u003d, invoiceLineItemId\u003d, fundId\u003d5121421, merchId\u003d65902182, fundDate\u003d, clearingId\u003d, refundallianceCode\u003dEMS, pseudoUserName\u003dTest}","duration":2588,"startTime":1514871684963,"result":"SUCCESS","children":[{"number":29,"description":"Given load request for refundHistoryListImpersonation \"/MerchantApiWeb/authenticateUser\" and \"/MerchantApiWeb/rest/secure/impersonation/user/financialData/transaction/refund/refundHistoryList\" and \"TC05\" and \"TestAutomation18\" and \"Password@1\" and \"EMS\"","duration":1317,"startTime":1514871684978,"result":"SUCCESS","children":[{"number":30,"description":"Loadgetrequestdata: https://uat1.merchantportal.firstdata.eu/MerchantApiWeb/authenticateUser","duration":0,"startTime":1514871685085,"result":"SUCCESS"},{"number":31,"description":"Postrequest authenticate user: https://uat1.merchantportal.firstdata.eu/MerchantApiWeb/authenticateUser, TestAutomation18, Password@1, EMS","duration":1106,"startTime":1514871685086,"result":"SUCCESS"},{"number":32,"description":"Loadgetrequestdata uniqueauthentication: https://uat1.merchantportal.firstdata.eu/MerchantApiWeb/rest/secure/impersonation/user/financialData/transaction/refund/refundHistoryList","duration":0,"startTime":1514871686246,"result":"SUCCESS"}]},{"number":33,"description":"When post get request for refundHistoryListImpersonation \"\" and \"EMS\" and \"Test\"","duration":1022,"startTime":1514871686296,"result":"SUCCESS","children":[{"number":34,"description":"Post GET request refund history list impersonation: https://uat1.merchantportal.firstdata.eu/MerchantApiWeb/rest/secure/impersonation/user/financialData/transaction/refund/refundHistoryList, , EMS, Test","duration":911,"startTime":1514871686357,"result":"SUCCESS"}]},{"number":35,"description":"Then verify refundHistoryListImpersonation response status \"error\" and \"MPVE00002\" and \"Username should be greater than 8 and less than 50 characters\" and \"\" and \"\" and \"\"","duration":232,"startTime":1514871687319,"result":"SUCCESS","children":[{"number":36,"description":"Verify Response","duration":55,"startTime":1514871687349,"result":"SUCCESS"}]}]},{"number":37,"description":"[1] {report\u003dTC06, logindomain\u003d/MerchantApiWeb/authenticateUser, domainurl\u003d/MerchantApiWeb/rest/secure/impersonation/user/financialData/transaction/refund/refundHistoryList, status\u003derror, Message\u003dUsername should be greater than 8 and less than 50 characters, ErrorCode\u003dMPVE00002, userName\u003dTestAutomation18, password\u003dPassword@1, allianceCode\u003dEMS, AuthErrMessage\u003d, Authaccessdenied\u003d, AuthErrCause\u003d, currency\u003dEUR, userType\u003d, pageNumber\u003d1, accountStatus\u003d, profile\u003d, firstName\u003d, lastName\u003d, period\u003d, fromDate\u003d2016-11-02, toDate\u003d20171102, invoiceId\u003d4723680, gsmTopUpFromDate\u003d, gsmTopUpToDate\u003d, invoiceLineItemId\u003d, fundId\u003d5121421, merchId\u003d65902182, fundDate\u003d, clearingId\u003d, refundallianceCode\u003dEMS, pseudoUserName\u003dTest123465789456124564851645124812354124562135412541254125412645}","duration":2337,"startTime":1514871691292,"result":"SUCCESS","children":[{"number":38,"description":"Given load request for refundHistoryListImpersonation \"/MerchantApiWeb/authenticateUser\" and \"/MerchantApiWeb/rest/secure/impersonation/user/financialData/transaction/refund/refundHistoryList\" and \"TC06\" and \"TestAutomation18\" and \"Password@1\" and \"EMS\"","duration":1173,"startTime":1514871691306,"result":"SUCCESS","children":[{"number":39,"description":"Loadgetrequestdata: https://uat1.merchantportal.firstdata.eu/MerchantApiWeb/authenticateUser","duration":1,"startTime":1514871691383,"result":"SUCCESS"},{"number":40,"description":"Postrequest authenticate user: https://uat1.merchantportal.firstdata.eu/MerchantApiWeb/authenticateUser, TestAutomation18, Password@1, EMS","duration":1056,"startTime":1514871691385,"result":"SUCCESS"},{"number":41,"description":"Loadgetrequestdata uniqueauthentication: https://uat1.merchantportal.firstdata.eu/MerchantApiWeb/rest/secure/impersonation/user/financialData/transaction/refund/refundHistoryList","duration":1,"startTime":1514871692450,"result":"SUCCESS"}]},{"number":42,"description":"When post get request for refundHistoryListImpersonation \"\" and \"EMS\" and \"Test123465789456124564851645124812354124562135412541254125412645\"","duration":923,"startTime":1514871692479,"result":"SUCCESS","children":[{"number":43,"description":"Post GET request refund history list impersonation: https://uat1.merchantportal.firstdata.eu/MerchantApiWeb/rest/secure/impersonation/user/financialData/transaction/refund/refundHistoryList, , EMS, Test123465789456124564851645124812354124562135412541254125412645","duration":851,"startTime":1514871692495,"result":"SUCCESS"}]},{"number":44,"description":"Then verify refundHistoryListImpersonation response status \"error\" and \"MPVE00002\" and \"Username should be greater than 8 and less than 50 characters\" and \"\" and \"\" and \"\"","duration":227,"startTime":1514871693402,"result":"SUCCESS","children":[{"number":45,"description":"Verify Response","duration":55,"startTime":1514871693417,"result":"SUCCESS"}]}]},{"number":46,"description":"[1] {report\u003dTC07, logindomain\u003d/MerchantApiWeb/authenticateUser, domainurl\u003d/MerchantApiWeb/rest/secure/impersonation/user/financialData/transaction/refund/refundHistoryList, status\u003derror, Message\u003dUsername contain special characters or empty spaces, ErrorCode\u003dMPVE00003, userName\u003dTestAutomation18, password\u003dPassword@1, allianceCode\u003dEMS, AuthErrMessage\u003d, Authaccessdenied\u003d, AuthErrCause\u003d, currency\u003dEUR, userType\u003d, pageNumber\u003d1, accountStatus\u003d, profile\u003d, firstName\u003d, lastName\u003d, period\u003d, fromDate\u003d2016-11-02, toDate\u003d20171102, invoiceId\u003d4723680, gsmTopUpFromDate\u003d, gsmTopUpToDate\u003d, invoiceLineItemId\u003d, fundId\u003d5121421, merchId\u003d65902182, fundDate\u003d, clearingId\u003d, refundallianceCode\u003dEMS, pseudoUserName\u003dTest Account}","duration":2899,"startTime":1514871697477,"result":"SUCCESS","children":[{"number":47,"description":"Given load request for refundHistoryListImpersonation \"/MerchantApiWeb/authenticateUser\" and \"/MerchantApiWeb/rest/secure/impersonation/user/financialData/transaction/refund/refundHistoryList\" and \"TC07\" and \"TestAutomation18\" and \"Password@1\" and \"EMS\"","duration":1565,"startTime":1514871697514,"result":"SUCCESS","children":[{"number":48,"description":"Loadgetrequestdata: https://uat1.merchantportal.firstdata.eu/MerchantApiWeb/authenticateUser","duration":1,"startTime":1514871697742,"result":"SUCCESS"},{"number":49,"description":"Postrequest authenticate user: https://uat1.merchantportal.firstdata.eu/MerchantApiWeb/authenticateUser, TestAutomation18, Password@1, EMS","duration":1295,"startTime":1514871697744,"result":"SUCCESS"},{"number":50,"description":"Loadgetrequestdata uniqueauthentication: https://uat1.merchantportal.firstdata.eu/MerchantApiWeb/rest/secure/impersonation/user/financialData/transaction/refund/refundHistoryList","duration":0,"startTime":1514871699049,"result":"SUCCESS"}]},{"number":51,"description":"When post get request for refundHistoryListImpersonation \"\" and \"EMS\" and \"Test Account\"","duration":939,"startTime":1514871699079,"result":"SUCCESS","children":[{"number":52,"description":"Post GET request refund history list impersonation: https://uat1.merchantportal.firstdata.eu/MerchantApiWeb/rest/secure/impersonation/user/financialData/transaction/refund/refundHistoryList, , EMS, Test Account","duration":806,"startTime":1514871699093,"result":"SUCCESS"}]},{"number":53,"description":"Then verify refundHistoryListImpersonation response status \"error\" and \"MPVE00003\" and \"Username contain special characters or empty spaces\" and \"\" and \"\" and \"\"","duration":357,"startTime":1514871700019,"result":"SUCCESS","children":[{"number":54,"description":"Verify Response","duration":152,"startTime":1514871700033,"result":"SUCCESS"}]}]},{"number":55,"description":"[1] {report\u003dTC08, logindomain\u003d/MerchantApiWeb/authenticateUser, domainurl\u003d/MerchantApiWeb/rest/secure/impersonation/user/financialData/transaction/refund/refundHistoryList, status\u003derror, Message\u003dUsername contain special characters or empty spaces, ErrorCode\u003dMPVE00003, userName\u003dTestAutomation18, password\u003dPassword@1, allianceCode\u003dEMS, AuthErrMessage\u003d, Authaccessdenied\u003d, AuthErrCause\u003d, currency\u003dEUR, userType\u003d, pageNumber\u003d1, accountStatus\u003d, profile\u003d, firstName\u003d, lastName\u003d, period\u003d, fromDate\u003d2016-11-02, toDate\u003d20171102, invoiceId\u003d4723680, gsmTopUpFromDate\u003d, gsmTopUpToDate\u003d, invoiceLineItemId\u003d, fundId\u003d5121421, merchId\u003d65902182, fundDate\u003d, clearingId\u003d, refundallianceCode\u003dEMS, pseudoUserName\u003dTest@#%#\u0026}","duration":2256,"startTime":1514871705834,"result":"SUCCESS","children":[{"number":56,"description":"Given load request for refundHistoryListImpersonation \"/MerchantApiWeb/authenticateUser\" and \"/MerchantApiWeb/rest/secure/impersonation/user/financialData/transaction/refund/refundHistoryList\" and \"TC08\" and \"TestAutomation18\" and \"Password@1\" and \"EMS\"","duration":1149,"startTime":1514871705902,"result":"SUCCESS","children":[{"number":57,"description":"Loadgetrequestdata: https://uat1.merchantportal.firstdata.eu/MerchantApiWeb/authenticateUser","duration":1,"startTime":1514871705973,"result":"SUCCESS"},{"number":58,"description":"Postrequest authenticate user: https://uat1.merchantportal.firstdata.eu/MerchantApiWeb/authenticateUser, TestAutomation18, Password@1, EMS","duration":1044,"startTime":1514871705975,"result":"SUCCESS"},{"number":59,"description":"Loadgetrequestdata uniqueauthentication: https://uat1.merchantportal.firstdata.eu/MerchantApiWeb/rest/secure/impersonation/user/financialData/transaction/refund/refundHistoryList","duration":0,"startTime":1514871707027,"result":"SUCCESS"}]},{"number":60,"description":"When post get request for refundHistoryListImpersonation \"\" and \"EMS\" and \"Test@#%#\u0026\"","duration":877,"startTime":1514871707052,"result":"SUCCESS","children":[{"number":61,"description":"Post GET request refund history list impersonation: https://uat1.merchantportal.firstdata.eu/MerchantApiWeb/rest/secure/impersonation/user/financialData/transaction/refund/refundHistoryList, , EMS, Test@#%#\u0026","duration":792,"startTime":1514871707065,"result":"SUCCESS"}]},{"number":62,"description":"Then verify refundHistoryListImpersonation response status \"error\" and \"MPVE00003\" and \"Username contain special characters or empty spaces\" and \"\" and \"\" and \"\"","duration":161,"startTime":1514871707929,"result":"SUCCESS","children":[{"number":63,"description":"Verify Response","duration":45,"startTime":1514871707940,"result":"SUCCESS"}]}]}],"userStory":{"id":"merchant-portal-application-api-validation","storyName":"Merchant Portal application API validation","path":"APIupdate.feature","type":"feature"},"featureTag":{"name":"Merchant Portal application API validation","type":"feature"},"title":"Verify the api retrieves the history list of the refunding for the impersonated user","description":"","tags":[{"name":"refundHistoryListImpersonation","type":"tag"}],"startTime":1514871662124,"duration":45966,"dataTable":{"headers":["report","logindomain","domainurl","status","Message","ErrorCode","userName","password","allianceCode","AuthErrMessage","Authaccessdenied","AuthErrCause","currency","userType","pageNumber","accountStatus","profile","firstName","lastName","period","fromDate","toDate","invoiceId","gsmTopUpFromDate","gsmTopUpToDate","invoiceLineItemId","fundId","merchId","fundDate","clearingId","refundallianceCode","pseudoUserName"],"rows":[{"values":["TC02","/MerchantApiWeb/authenticateUser","/MerchantApiWeb/rest/secure/impersonation/user/financialData/transaction/refund/refundHistoryList","error","Alliance Code can\u0027t be empty","MPVE00035","TestAutomation18","Password@1","EMS","","","","EUR","","1","","","","","","20161102","2017-11-02","4723680","","","","5121421","65902182","20171115","69436340","","DemoAccount1"],"result":"SUCCESS"},{"values":["TC03","/MerchantApiWeb/authenticateUser","/MerchantApiWeb/rest/secure/impersonation/user/financialData/transaction/refund/refundHistoryList","error","TransID can\u0027t be Empty/Zero","MPVE00080","TestAutomation18","Password@1","EMS","","","","EUR","","1","","","","","","2016-11-02","20171102","4723680","","","","5121421","65902182","","","EMS","DemoAccount1"],"result":"SUCCESS"},{"values":["TC04","/MerchantApiWeb/authenticateUser","/MerchantApiWeb/rest/secure/impersonation/user/financialData/transaction/refund/refundHistoryList","error","Username can\u0027t be empty","MPVE00001","TestAutomation18","Password@1","EMS","","","","EUR","","1","","","","","","2016-11-02","20171102","4723680","","","","5121421","65902182","","","EMS",""],"result":"SUCCESS"},{"values":["TC05","/MerchantApiWeb/authenticateUser","/MerchantApiWeb/rest/secure/impersonation/user/financialData/transaction/refund/refundHistoryList","error","Username should be greater than 8 and less than 50 characters","MPVE00002","TestAutomation18","Password@1","EMS","","","","EUR","","1","","","","","","2016-11-02","20171102","4723680","","","","5121421","65902182","","","EMS","Test"],"result":"SUCCESS"},{"values":["TC06","/MerchantApiWeb/authenticateUser","/MerchantApiWeb/rest/secure/impersonation/user/financialData/transaction/refund/refundHistoryList","error","Username should be greater than 8 and less than 50 characters","MPVE00002","TestAutomation18","Password@1","EMS","","","","EUR","","1","","","","","","2016-11-02","20171102","4723680","","","","5121421","65902182","","","EMS","Test123465789456124564851645124812354124562135412541254125412645"],"result":"SUCCESS"},{"values":["TC07","/MerchantApiWeb/authenticateUser","/MerchantApiWeb/rest/secure/impersonation/user/financialData/transaction/refund/refundHistoryList","error","Username contain special characters or empty spaces","MPVE00003","TestAutomation18","Password@1","EMS","","","","EUR","","1","","","","","","2016-11-02","20171102","4723680","","","","5121421","65902182","","","EMS","Test Account"],"result":"SUCCESS"},{"values":["TC08","/MerchantApiWeb/authenticateUser","/MerchantApiWeb/rest/secure/impersonation/user/financialData/transaction/refund/refundHistoryList","error","Username contain special characters or empty spaces","MPVE00003","TestAutomation18","Password@1","EMS","","","","EUR","","1","","","","","","2016-11-02","20171102","4723680","","","","5121421","65902182","","","EMS","Test@#%#\u0026"],"result":"SUCCESS"}],"predefinedRows":true,"dataSetDescriptors":[{"startRow":0,"rowCount":0,"name":"","description":""}]},"manual":false,"testSource":"Cucumber","result":"SUCCESS"}