{"name":"Verify the api retrieves the access details of the user for the specified profiles","testSteps":[{"number":1,"description":"[1] {report\u003dTC01, logindomain\u003d/MerchantApiWeb/authenticateUser, domainurl\u003d/MerchantApiWeb/rest/secure/user/getAccessData, status\u003dsuccess, Message\u003d, ErrorCode\u003d, userName\u003dTestAutomation22, password\u003dPassword@1, allianceCode\u003dEMS, AuthErrMessage\u003d, Authaccessdenied\u003d, AuthErrCause\u003d, currency\u003d, userType\u003d, pageNumber\u003d, accountStatus\u003d, profile\u003d, firstName\u003d, lastName\u003d, profiles_Accessdata\u003dAllianzBusinessOwner,AllianzAccountant}","duration":2493,"startTime":1514870513867,"result":"SUCCESS","children":[{"number":2,"description":"Given load request for getAccessData \"/MerchantApiWeb/authenticateUser\" and \"/MerchantApiWeb/rest/secure/user/getAccessData\" and \"TC01\" and \"TestAutomation22\" and \"Password@1\" and \"EMS\"","duration":1254,"startTime":1514870513890,"result":"SUCCESS","children":[{"number":3,"description":"Loadgetrequestdata: https://uat1.merchantportal.firstdata.eu/MerchantApiWeb/authenticateUser","duration":1,"startTime":1514870513977,"result":"SUCCESS"},{"number":4,"description":"Postrequest authenticate user: https://uat1.merchantportal.firstdata.eu/MerchantApiWeb/authenticateUser, TestAutomation22, Password@1, EMS","duration":1124,"startTime":1514870513979,"result":"SUCCESS"},{"number":5,"description":"Loadgetrequestdata authenticated: https://uat1.merchantportal.firstdata.eu/MerchantApiWeb/rest/secure/user/getAccessData, 33bbe85a-5e10-430b-b9e7-7a2a74cf5595","duration":0,"startTime":1514870515116,"result":"SUCCESS"}]},{"number":6,"description":"When post get request for getAccessData \"AllianzBusinessOwner,AllianzAccountant\"","duration":1127,"startTime":1514870515144,"result":"SUCCESS","children":[{"number":7,"description":"Post GET request get access data: https://uat1.merchantportal.firstdata.eu/MerchantApiWeb/rest/secure/user/getAccessData, AllianzBusinessOwner,AllianzAccountant","duration":1063,"startTime":1514870515162,"result":"SUCCESS"}]},{"number":8,"description":"Then verify getAccessData response status \"success\" and \"\" and \"\" and \"\" and \"\" and \"\"","duration":88,"startTime":1514870516272,"result":"SUCCESS","children":[{"number":9,"description":"Verify Response","duration":22,"startTime":1514870516286,"result":"SUCCESS"}]}]}],"userStory":{"id":"merchant-portal-application-api-validation","storyName":"Merchant Portal application API validation","path":"APIupdate.feature","type":"feature"},"featureTag":{"name":"Merchant Portal application API validation","type":"feature"},"title":"Verify the api retrieves the access details of the user for the specified profiles","description":"","tags":[{"name":"getAccessData","type":"tag"}],"startTime":1514870513866,"duration":2494,"dataTable":{"headers":["report","logindomain","domainurl","status","Message","ErrorCode","userName","password","allianceCode","AuthErrMessage","Authaccessdenied","AuthErrCause","currency","userType","pageNumber","accountStatus","profile","firstName","lastName","profiles_Accessdata"],"rows":[{"values":["TC01","/MerchantApiWeb/authenticateUser","/MerchantApiWeb/rest/secure/user/getAccessData","success","","","TestAutomation22","Password@1","EMS","","","","","","","","","","","AllianzBusinessOwner,AllianzAccountant"],"result":"SUCCESS"}],"predefinedRows":true,"dataSetDescriptors":[{"startRow":0,"rowCount":0,"name":"","description":""}]},"manual":false,"testSource":"Cucumber","result":"SUCCESS"}