{"name":"Verify the api retrieves the payment details of the funding for the impersonated user","testSteps":[{"number":1,"description":"[1] {report\u003dTC01, logindomain\u003d/MerchantApiWeb/authenticateUser, domainurl\u003d/MerchantApiWeb/rest/secure/impersonation/user/financialData/funding/getFundingPaymentDetails, status\u003dsuccess, Message\u003d, ErrorCode\u003d, userName\u003dTestAutomation18, password\u003dPassword@1, allianceCode\u003dEMS, AuthErrMessage\u003d, Authaccessdenied\u003d, AuthErrCause\u003d, currency\u003dEUR, userType\u003d, pageNumber\u003d, accountStatus\u003d, profile\u003d, firstName\u003d, lastName\u003d, period\u003d, fromDate\u003d2016-11-02, toDate\u003d2017-11-02, invoiceId\u003d4723680, gsmTopUpFromDate\u003d2016-11-02, gsmTopUpToDate\u003d2017-11-02, invoiceLineItemId\u003d, fundId\u003d5121421, merchId\u003d65902182, pseudoUserName\u003dDemoAccount1}","duration":2362,"startTime":1514871421856,"result":"SUCCESS","children":[{"number":2,"description":"Given load request for getFundingPaymentDetailsImpersonation \"/MerchantApiWeb/authenticateUser\" and \"/MerchantApiWeb/rest/secure/impersonation/user/financialData/funding/getFundingPaymentDetails\" and \"TC01\" and \"TestAutomation18\" and \"Password@1\" and \"EMS\"","duration":1201,"startTime":1514871421877,"result":"SUCCESS","children":[{"number":3,"description":"Loadgetrequestdata: https://uat1.merchantportal.firstdata.eu/MerchantApiWeb/authenticateUser","duration":1,"startTime":1514871421971,"result":"SUCCESS"},{"number":4,"description":"Postrequest authenticate user: https://uat1.merchantportal.firstdata.eu/MerchantApiWeb/authenticateUser, TestAutomation18, Password@1, EMS","duration":1010,"startTime":1514871421973,"result":"SUCCESS"},{"number":5,"description":"Loadgetrequestdata uniqueauthentication: https://uat1.merchantportal.firstdata.eu/MerchantApiWeb/rest/secure/impersonation/user/financialData/funding/getFundingPaymentDetails","duration":1,"startTime":1514871422991,"result":"SUCCESS"}]},{"number":6,"description":"When post get request for getFundingPaymentDetailsImpersonation \"5121421\" and \"EUR\" and \"DemoAccount1\"","duration":991,"startTime":1514871423079,"result":"SUCCESS","children":[{"number":7,"description":"Post GET request get funding payment details impersonation: https://uat1.merchantportal.firstdata.eu/MerchantApiWeb/rest/secure/impersonation/user/financialData/funding/getFundingPaymentDetails, 5121421, EUR, DemoAccount1","duration":897,"startTime":1514871423108,"result":"SUCCESS"}]},{"number":8,"description":"Then verify getFundingPaymentDetailsImpersonation response status \"success\" and \"\" and \"\" and \"\" and \"\" and \"\"","duration":147,"startTime":1514871424071,"result":"SUCCESS","children":[{"number":9,"description":"Verify Response","duration":23,"startTime":1514871424084,"result":"SUCCESS"}]}]},{"number":10,"description":"[1] {report\u003dTC03, logindomain\u003d/MerchantApiWeb/authenticateUser, domainurl\u003d/MerchantApiWeb/rest/secure/impersonation/user/financialData/funding/getFundingPaymentDetails, status\u003derror, Message\u003dCurrency can\u0027t be empty, ErrorCode\u003dMPVE00076, userName\u003dTestAutomation18, password\u003dPassword@1, allianceCode\u003dEMS, AuthErrMessage\u003d, Authaccessdenied\u003d, AuthErrCause\u003d, currency\u003d, userType\u003d, pageNumber\u003d, accountStatus\u003d, profile\u003d, firstName\u003d, lastName\u003d, period\u003d, fromDate\u003d2016-11-02, toDate\u003d2017-11-02, invoiceId\u003d4723680, gsmTopUpFromDate\u003d2016-11-02, gsmTopUpToDate\u003d2017-11-02, invoiceLineItemId\u003d, fundId\u003d5121421, merchId\u003d65902182, pseudoUserName\u003dDemoAccount1}","duration":2391,"startTime":1514871428923,"result":"SUCCESS","children":[{"number":11,"description":"Given load request for getFundingPaymentDetailsImpersonation \"/MerchantApiWeb/authenticateUser\" and \"/MerchantApiWeb/rest/secure/impersonation/user/financialData/funding/getFundingPaymentDetails\" and \"TC03\" and \"TestAutomation18\" and \"Password@1\" and \"EMS\"","duration":1143,"startTime":1514871428937,"result":"SUCCESS","children":[{"number":12,"description":"Loadgetrequestdata: https://uat1.merchantportal.firstdata.eu/MerchantApiWeb/authenticateUser","duration":1,"startTime":1514871429031,"result":"SUCCESS"},{"number":13,"description":"Postrequest authenticate user: https://uat1.merchantportal.firstdata.eu/MerchantApiWeb/authenticateUser, TestAutomation18, Password@1, EMS","duration":1004,"startTime":1514871429033,"result":"SUCCESS"},{"number":14,"description":"Loadgetrequestdata uniqueauthentication: https://uat1.merchantportal.firstdata.eu/MerchantApiWeb/rest/secure/impersonation/user/financialData/funding/getFundingPaymentDetails","duration":1,"startTime":1514871430046,"result":"SUCCESS"}]},{"number":15,"description":"When post get request for getFundingPaymentDetailsImpersonation \"5121421\" and \"\" and \"DemoAccount1\"","duration":933,"startTime":1514871430081,"result":"SUCCESS","children":[{"number":16,"description":"Post GET request get funding payment details impersonation: https://uat1.merchantportal.firstdata.eu/MerchantApiWeb/rest/secure/impersonation/user/financialData/funding/getFundingPaymentDetails, 5121421, , DemoAccount1","duration":830,"startTime":1514871430099,"result":"SUCCESS"}]},{"number":17,"description":"Then verify getFundingPaymentDetailsImpersonation response status \"error\" and \"MPVE00076\" and \"Currency can\u0027t be empty\" and \"\" and \"\" and \"\"","duration":299,"startTime":1514871431015,"result":"SUCCESS","children":[{"number":18,"description":"Verify Response","duration":134,"startTime":1514871431028,"result":"SUCCESS"}]}]}],"userStory":{"id":"merchant-portal-application-api-validation","storyName":"Merchant Portal application API validation","path":"APIupdate.feature","type":"feature"},"featureTag":{"name":"Merchant Portal application API validation","type":"feature"},"title":"Verify the api retrieves the payment details of the funding for the impersonated user","description":"","tags":[{"name":"getFundingPaymentDetailsImpersonation","type":"tag"}],"startTime":1514871421855,"duration":9459,"dataTable":{"headers":["report","logindomain","domainurl","status","Message","ErrorCode","userName","password","allianceCode","AuthErrMessage","Authaccessdenied","AuthErrCause","currency","userType","pageNumber","accountStatus","profile","firstName","lastName","period","fromDate","toDate","invoiceId","gsmTopUpFromDate","gsmTopUpToDate","invoiceLineItemId","fundId","merchId","pseudoUserName"],"rows":[{"values":["TC01","/MerchantApiWeb/authenticateUser","/MerchantApiWeb/rest/secure/impersonation/user/financialData/funding/getFundingPaymentDetails","success","","","TestAutomation18","Password@1","EMS","","","","EUR","","","","","","","","2016-11-02","2017-11-02","4723680","2016-11-02","2017-11-02","","5121421","65902182","DemoAccount1"],"result":"SUCCESS"},{"values":["TC03","/MerchantApiWeb/authenticateUser","/MerchantApiWeb/rest/secure/impersonation/user/financialData/funding/getFundingPaymentDetails","error","Currency can\u0027t be empty","MPVE00076","TestAutomation18","Password@1","EMS","","","","","","","","","","","","2016-11-02","2017-11-02","4723680","2016-11-02","2017-11-02","","5121421","65902182","DemoAccount1"],"result":"SUCCESS"}],"predefinedRows":true,"dataSetDescriptors":[{"startRow":0,"rowCount":0,"name":"","description":""}]},"manual":false,"testSource":"Cucumber","result":"SUCCESS"}