{"name":"Verify the api retrieves the details of the Fee and Vat for the impersonated user","testSteps":[{"number":1,"description":"[1] {report\u003dTC01, logindomain\u003d/MerchantApiWeb/authenticateUser, domainurl\u003d/MerchantApiWeb/rest/secure/impersonation/user/financialData/funding/getFeeAndVatDetails, status\u003dsuccess, Message\u003d, ErrorCode\u003d, userName\u003dTestAutomation18, password\u003dPassword@1, allianceCode\u003dEMS, AuthErrMessage\u003d, Authaccessdenied\u003d, AuthErrCause\u003d, currency\u003dPLN, userType\u003d, pageNumber\u003d, accountStatus\u003d, profile\u003d, firstName\u003d, lastName\u003d, period\u003d, fromDate\u003d2016-11-02, toDate\u003d2017-11-02, invoiceId\u003d4723680, gsmTopUpFromDate\u003d2016-11-02, gsmTopUpToDate\u003d2017-11-02, invoiceLineItemId\u003d, fundId\u003d5121421, merchId\u003d65902182, pseudoUserName\u003dDemoAccount1}","duration":4324,"startTime":1514871317950,"result":"SUCCESS","children":[{"number":2,"description":"Given load request for getFeeAndVatDetailsImpersonation \"/MerchantApiWeb/authenticateUser\" and \"/MerchantApiWeb/rest/secure/impersonation/user/financialData/funding/getFeeAndVatDetails\" and \"TC01\" and \"TestAutomation18\" and \"Password@1\" and \"EMS\"","duration":3289,"startTime":1514871317967,"result":"SUCCESS","children":[{"number":3,"description":"Loadgetrequestdata: https://uat1.merchantportal.firstdata.eu/MerchantApiWeb/authenticateUser","duration":0,"startTime":1514871318151,"result":"SUCCESS"},{"number":4,"description":"Postrequest authenticate user: https://uat1.merchantportal.firstdata.eu/MerchantApiWeb/authenticateUser, TestAutomation18, Password@1, EMS","duration":3072,"startTime":1514871318152,"result":"SUCCESS"},{"number":5,"description":"Loadgetrequestdata uniqueauthentication: https://uat1.merchantportal.firstdata.eu/MerchantApiWeb/rest/secure/impersonation/user/financialData/funding/getFeeAndVatDetails","duration":0,"startTime":1514871321233,"result":"SUCCESS"}]},{"number":6,"description":"When post get request for getFeeAndVatDetailsImpersonation \"5121421\" and \"65902182\" and \"DemoAccount1\"","duration":904,"startTime":1514871321256,"result":"SUCCESS","children":[{"number":7,"description":"Post GET request get fee and vat details impersonation: https://uat1.merchantportal.firstdata.eu/MerchantApiWeb/rest/secure/impersonation/user/financialData/funding/getFeeAndVatDetails, 5121421, 65902182, DemoAccount1","duration":833,"startTime":1514871321267,"result":"SUCCESS"}]},{"number":8,"description":"Then verify getFeeAndVatDetailsImpersonation response status \"success\" and \"\" and \"\" and \"\" and \"\" and \"\"","duration":113,"startTime":1514871322161,"result":"SUCCESS","children":[{"number":9,"description":"Verify Response","duration":22,"startTime":1514871322175,"result":"SUCCESS"}]}]},{"number":10,"description":"[1] {report\u003dTC02, logindomain\u003d/MerchantApiWeb/authenticateUser, domainurl\u003d/MerchantApiWeb/rest/secure/impersonation/user/financialData/funding/getFeeAndVatDetails, status\u003derror, Message\u003dFund Id is required, ErrorCode\u003dMPVE00086, userName\u003dTestAutomation18, password\u003dPassword@1, allianceCode\u003dEMS, AuthErrMessage\u003d, Authaccessdenied\u003d, AuthErrCause\u003d, currency\u003dPLN, userType\u003d, pageNumber\u003d, accountStatus\u003d, profile\u003d, firstName\u003d, lastName\u003d, period\u003d, fromDate\u003d2016-11-02, toDate\u003d2017-11-02, invoiceId\u003d4723680, gsmTopUpFromDate\u003d2016-11-02, gsmTopUpToDate\u003d2017-11-02, invoiceLineItemId\u003d, fundId\u003d, merchId\u003d65902182, pseudoUserName\u003dDemoAccount1}","duration":2651,"startTime":1514871326178,"result":"SUCCESS","children":[{"number":11,"description":"Given load request for getFeeAndVatDetailsImpersonation \"/MerchantApiWeb/authenticateUser\" and \"/MerchantApiWeb/rest/secure/impersonation/user/financialData/funding/getFeeAndVatDetails\" and \"TC02\" and \"TestAutomation18\" and \"Password@1\" and \"EMS\"","duration":1249,"startTime":1514871326192,"result":"SUCCESS","children":[{"number":12,"description":"Loadgetrequestdata: https://uat1.merchantportal.firstdata.eu/MerchantApiWeb/authenticateUser","duration":1,"startTime":1514871326258,"result":"SUCCESS"},{"number":13,"description":"Postrequest authenticate user: https://uat1.merchantportal.firstdata.eu/MerchantApiWeb/authenticateUser, TestAutomation18, Password@1, EMS","duration":1124,"startTime":1514871326260,"result":"SUCCESS"},{"number":14,"description":"Loadgetrequestdata uniqueauthentication: https://uat1.merchantportal.firstdata.eu/MerchantApiWeb/rest/secure/impersonation/user/financialData/funding/getFeeAndVatDetails","duration":1,"startTime":1514871327397,"result":"SUCCESS"}]},{"number":15,"description":"When post get request for getFeeAndVatDetailsImpersonation \"\" and \"65902182\" and \"DemoAccount1\"","duration":990,"startTime":1514871327442,"result":"SUCCESS","children":[{"number":16,"description":"Post GET request get fee and vat details impersonation: https://uat1.merchantportal.firstdata.eu/MerchantApiWeb/rest/secure/impersonation/user/financialData/funding/getFeeAndVatDetails, , 65902182, DemoAccount1","duration":918,"startTime":1514871327457,"result":"SUCCESS"}]},{"number":17,"description":"Then verify getFeeAndVatDetailsImpersonation response status \"error\" and \"MPVE00086\" and \"Fund Id is required\" and \"\" and \"\" and \"\"","duration":396,"startTime":1514871328433,"result":"SUCCESS","children":[{"number":18,"description":"Verify Response","duration":245,"startTime":1514871328452,"result":"SUCCESS"}]}]}],"userStory":{"id":"merchant-portal-application-api-validation","storyName":"Merchant Portal application API validation","path":"APIupdate.feature","type":"feature"},"featureTag":{"name":"Merchant Portal application API validation","type":"feature"},"title":"Verify the api retrieves the details of the Fee and Vat for the impersonated user","description":"","tags":[{"name":"getFeeAndVatDetailsImpersonation","type":"tag"}],"startTime":1514871317949,"duration":10880,"dataTable":{"headers":["report","logindomain","domainurl","status","Message","ErrorCode","userName","password","allianceCode","AuthErrMessage","Authaccessdenied","AuthErrCause","currency","userType","pageNumber","accountStatus","profile","firstName","lastName","period","fromDate","toDate","invoiceId","gsmTopUpFromDate","gsmTopUpToDate","invoiceLineItemId","fundId","merchId","pseudoUserName"],"rows":[{"values":["TC01","/MerchantApiWeb/authenticateUser","/MerchantApiWeb/rest/secure/impersonation/user/financialData/funding/getFeeAndVatDetails","success","","","TestAutomation18","Password@1","EMS","","","","PLN","","","","","","","","2016-11-02","2017-11-02","4723680","2016-11-02","2017-11-02","","5121421","65902182","DemoAccount1"],"result":"SUCCESS"},{"values":["TC02","/MerchantApiWeb/authenticateUser","/MerchantApiWeb/rest/secure/impersonation/user/financialData/funding/getFeeAndVatDetails","error","Fund Id is required","MPVE00086","TestAutomation18","Password@1","EMS","","","","PLN","","","","","","","","2016-11-02","2017-11-02","4723680","2016-11-02","2017-11-02","","","65902182","DemoAccount1"],"result":"SUCCESS"}],"predefinedRows":true,"dataSetDescriptors":[{"startRow":0,"rowCount":0,"name":"","description":""}]},"manual":false,"testSource":"Cucumber","result":"SUCCESS"}