{"name":"Verify the API generates the Pin for the provided user","testSteps":[{"number":1,"description":"[1] {report\u003dTC01, logindomain\u003d/MerchantApiWeb/authenticateUser, domainurl\u003d/MerchantApiWeb/rest/secure/user/pin/reset, status\u003dsuccess, Message\u003d, ErrorCode\u003d, userName\u003dTestAutomationBCO3, password\u003dPassword@1, allianceCode\u003dBCN, AuthErrMessage\u003d, Authaccessdenied\u003d, AuthErrCause\u003d, currency\u003d, userType\u003d, pageNumber\u003d, accountStatus\u003d, profile\u003d, firstName\u003d, lastName\u003d, fromDate\u003d, toDate\u003d, userNameresetPin\u003dTestAutomationBCO4}","duration":5909,"startTime":1514870138676,"result":"SUCCESS","children":[{"number":2,"description":"Given load request for resetPin \"/MerchantApiWeb/authenticateUser\" and \"/MerchantApiWeb/rest/secure/user/pin/reset\" and \"TC01\" and \"TestAutomationBCO3\" and \"Password@1\" and \"BCN\"","duration":4129,"startTime":1514870138689,"result":"SUCCESS","children":[{"number":3,"description":"Loadgetrequestdata: https://uat1.merchantportal.firstdata.eu/MerchantApiWeb/authenticateUser","duration":2,"startTime":1514870138760,"result":"SUCCESS"},{"number":4,"description":"Postrequest authenticate user: https://uat1.merchantportal.firstdata.eu/MerchantApiWeb/authenticateUser, TestAutomationBCO3, Password@1, BCN","duration":3976,"startTime":1514870138763,"result":"SUCCESS"},{"number":5,"description":"Loadgetrequestdata requestwithbody: https://uat1.merchantportal.firstdata.eu/MerchantApiWeb/rest/secure/user/pin/reset","duration":2,"startTime":1514870142749,"result":"SUCCESS"}]},{"number":6,"description":"When post request for resetPin \"TestAutomationBCO4\"","duration":1691,"startTime":1514870142818,"result":"SUCCESS","children":[{"number":7,"description":"Postrequest reset pin: https://uat1.merchantportal.firstdata.eu/MerchantApiWeb/rest/secure/user/pin/reset, TestAutomationBCO4","duration":1621,"startTime":1514870142835,"result":"SUCCESS"}]},{"number":8,"description":"Then verify resetPin response status \"success\" and \"\" and \"\" and \"\" and \"\" and \"\"","duration":75,"startTime":1514870144510,"result":"SUCCESS","children":[{"number":9,"description":"Verify Response","duration":23,"startTime":1514870144521,"result":"SUCCESS"}]}]}],"userStory":{"id":"merchant-portal-application-api-validation","storyName":"Merchant Portal application API validation","path":"APIupdate.feature","type":"feature"},"featureTag":{"name":"Merchant Portal application API validation","type":"feature"},"title":"Verify the API generates the Pin for the provided user","description":"","tags":[{"name":"resetPin","type":"tag"}],"startTime":1514870138675,"duration":5910,"dataTable":{"headers":["report","logindomain","domainurl","status","Message","ErrorCode","userName","password","allianceCode","AuthErrMessage","Authaccessdenied","AuthErrCause","currency","userType","pageNumber","accountStatus","profile","firstName","lastName","fromDate","toDate","userNameresetPin"],"rows":[{"values":["TC01","/MerchantApiWeb/authenticateUser","/MerchantApiWeb/rest/secure/user/pin/reset","success","","","TestAutomationBCO3","Password@1","BCN","","","","","","","","","","","","","TestAutomationBCO4"],"result":"SUCCESS"}],"predefinedRows":true,"dataSetDescriptors":[{"startRow":0,"rowCount":0,"name":"","description":""}]},"manual":false,"testSource":"Cucumber","result":"SUCCESS"}