{"name":"Verify the api retrieves the logistics details","testSteps":[{"number":1,"description":"[1] {report\u003dTC01, logindomain\u003d/MerchantApiWeb/V3/authenticateUser, domainurl\u003d/MerchantApiWeb/V3/rest/secure/user/logistics, status\u003dsuccess, Message\u003d, ErrorCode\u003d, userName\u003dMoumitaSPUser123, password\u003dPassword@1, allianceCode\u003dEMS, AuthErrMessage\u003d, Authaccessdenied\u003d, AuthErrCause\u003d, currency\u003dEUR, userType\u003d, pageNumber\u003d1, accountStatus\u003d, profile\u003d, firstName\u003d, lastName\u003d, period\u003d, fromDate\u003d2016-11-02, toDate\u003d2017-11-02}","duration":2933,"startTime":1514871746820,"result":"SUCCESS","children":[{"number":2,"description":"Given load request for logistics \"/MerchantApiWeb/V3/authenticateUser\" and \"/MerchantApiWeb/V3/rest/secure/user/logistics\" and \"TC01\" and \"MoumitaSPUser123\" and \"Password@1\" and \"EMS\"","duration":1567,"startTime":1514871746834,"result":"SUCCESS","children":[{"number":3,"description":"Loadgetrequestdata: https://uat1.merchantportal.firstdata.eu/MerchantApiWeb/V3/authenticateUser","duration":0,"startTime":1514871746974,"result":"SUCCESS"},{"number":4,"description":"Postrequest authenticate user: https://uat1.merchantportal.firstdata.eu/MerchantApiWeb/V3/authenticateUser, MoumitaSPUser123, Password@1, EMS","duration":1338,"startTime":1514871746975,"result":"SUCCESS"},{"number":5,"description":"Loadgetrequestdata uniqueauthentication: https://uat1.merchantportal.firstdata.eu/MerchantApiWeb/V3/rest/secure/user/logistics","duration":1,"startTime":1514871748331,"result":"SUCCESS"}]},{"number":6,"description":"When post get request for logistics \"2016-11-02\" and \"2017-11-02\"","duration":1243,"startTime":1514871748401,"result":"SUCCESS","children":[{"number":7,"description":"Post GET request logistics: https://uat1.merchantportal.firstdata.eu/MerchantApiWeb/V3/rest/secure/user/logistics, 2016-11-02, 2017-11-02","duration":1139,"startTime":1514871748428,"result":"SUCCESS"}]},{"number":8,"description":"Then verify logistics response status \"success\" and \"\" and \"\" and \"\" and \"\" and \"\"","duration":109,"startTime":1514871749644,"result":"SUCCESS","children":[{"number":9,"description":"Verify Response","duration":34,"startTime":1514871749659,"result":"SUCCESS"}]}]},{"number":10,"description":"[1] {report\u003dTC04, logindomain\u003d/MerchantApiWeb/V3/authenticateUser, domainurl\u003d/MerchantApiWeb/V3/rest/secure/user/logistics, status\u003derror, Message\u003dInvalid Date format, ErrorCode\u003dMPVE00051, userName\u003dMoumitaSPUser123, password\u003dPassword@1, allianceCode\u003dEMS, AuthErrMessage\u003d, Authaccessdenied\u003d, AuthErrCause\u003d, currency\u003dEUR, userType\u003d, pageNumber\u003d1, accountStatus\u003d, profile\u003d, firstName\u003d, lastName\u003d, period\u003d, fromDate\u003d20161102, toDate\u003d2017-11-02}","duration":2510,"startTime":1514871753793,"result":"SUCCESS","children":[{"number":11,"description":"Given load request for logistics \"/MerchantApiWeb/V3/authenticateUser\" and \"/MerchantApiWeb/V3/rest/secure/user/logistics\" and \"TC04\" and \"MoumitaSPUser123\" and \"Password@1\" and \"EMS\"","duration":1220,"startTime":1514871753812,"result":"SUCCESS","children":[{"number":12,"description":"Loadgetrequestdata: https://uat1.merchantportal.firstdata.eu/MerchantApiWeb/V3/authenticateUser","duration":1,"startTime":1514871753894,"result":"SUCCESS"},{"number":13,"description":"Postrequest authenticate user: https://uat1.merchantportal.firstdata.eu/MerchantApiWeb/V3/authenticateUser, MoumitaSPUser123, Password@1, EMS","duration":1064,"startTime":1514871753896,"result":"SUCCESS"},{"number":14,"description":"Loadgetrequestdata uniqueauthentication: https://uat1.merchantportal.firstdata.eu/MerchantApiWeb/V3/rest/secure/user/logistics","duration":1,"startTime":1514871754995,"result":"SUCCESS"}]},{"number":15,"description":"When post get request for logistics \"20161102\" and \"2017-11-02\"","duration":1034,"startTime":1514871755032,"result":"SUCCESS","children":[{"number":16,"description":"Post GET request logistics: https://uat1.merchantportal.firstdata.eu/MerchantApiWeb/V3/rest/secure/user/logistics, 20161102, 2017-11-02","duration":941,"startTime":1514871755051,"result":"SUCCESS"}]},{"number":17,"description":"Then verify logistics response status \"error\" and \"MPVE00051\" and \"Invalid Date format\" and \"\" and \"\" and \"\"","duration":236,"startTime":1514871756067,"result":"SUCCESS","children":[{"number":18,"description":"Verify Response","duration":97,"startTime":1514871756084,"result":"SUCCESS"}]}]},{"number":19,"description":"[1] {report\u003dTC05, logindomain\u003d/MerchantApiWeb/V3/authenticateUser, domainurl\u003d/MerchantApiWeb/V3/rest/secure/user/logistics, status\u003derror, Message\u003dInvalid Date format, ErrorCode\u003dMPVE00051, userName\u003dMoumitaSPUser123, password\u003dPassword@1, allianceCode\u003dEMS, AuthErrMessage\u003d, Authaccessdenied\u003d, AuthErrCause\u003d, currency\u003dEUR, userType\u003d, pageNumber\u003d1, accountStatus\u003d, profile\u003d, firstName\u003d, lastName\u003d, period\u003d, fromDate\u003d2016-11-02, toDate\u003d20171102}","duration":2312,"startTime":1514871762069,"result":"SUCCESS","children":[{"number":20,"description":"Given load request for logistics \"/MerchantApiWeb/V3/authenticateUser\" and \"/MerchantApiWeb/V3/rest/secure/user/logistics\" and \"TC05\" and \"MoumitaSPUser123\" and \"Password@1\" and \"EMS\"","duration":1240,"startTime":1514871762082,"result":"SUCCESS","children":[{"number":21,"description":"Loadgetrequestdata: https://uat1.merchantportal.firstdata.eu/MerchantApiWeb/V3/authenticateUser","duration":1,"startTime":1514871762169,"result":"SUCCESS"},{"number":22,"description":"Postrequest authenticate user: https://uat1.merchantportal.firstdata.eu/MerchantApiWeb/V3/authenticateUser, MoumitaSPUser123, Password@1, EMS","duration":1110,"startTime":1514871762171,"result":"SUCCESS"},{"number":23,"description":"Loadgetrequestdata uniqueauthentication: https://uat1.merchantportal.firstdata.eu/MerchantApiWeb/V3/rest/secure/user/logistics","duration":1,"startTime":1514871763291,"result":"SUCCESS"}]},{"number":24,"description":"When post get request for logistics \"2016-11-02\" and \"20171102\"","duration":884,"startTime":1514871763323,"result":"SUCCESS","children":[{"number":25,"description":"Post GET request logistics: https://uat1.merchantportal.firstdata.eu/MerchantApiWeb/V3/rest/secure/user/logistics, 2016-11-02, 20171102","duration":824,"startTime":1514871763336,"result":"SUCCESS"}]},{"number":26,"description":"Then verify logistics response status \"error\" and \"MPVE00051\" and \"Invalid Date format\" and \"\" and \"\" and \"\"","duration":173,"startTime":1514871764208,"result":"SUCCESS","children":[{"number":27,"description":"Verify Response","duration":50,"startTime":1514871764218,"result":"SUCCESS"}]}]}],"userStory":{"id":"merchant-portal-application-api-validation","storyName":"Merchant Portal application API validation","path":"APIupdate.feature","type":"feature"},"featureTag":{"name":"Merchant Portal application API validation","type":"feature"},"title":"Verify the api retrieves the logistics details","description":"","tags":[{"name":"logistics","type":"tag"}],"startTime":1514871746819,"duration":17562,"dataTable":{"headers":["report","logindomain","domainurl","status","Message","ErrorCode","userName","password","allianceCode","AuthErrMessage","Authaccessdenied","AuthErrCause","currency","userType","pageNumber","accountStatus","profile","firstName","lastName","period","fromDate","toDate"],"rows":[{"values":["TC01","/MerchantApiWeb/V3/authenticateUser","/MerchantApiWeb/V3/rest/secure/user/logistics","success","","","MoumitaSPUser123","Password@1","EMS","","","","EUR","","1","","","","","","2016-11-02","2017-11-02"],"result":"SUCCESS"},{"values":["TC04","/MerchantApiWeb/V3/authenticateUser","/MerchantApiWeb/V3/rest/secure/user/logistics","error","Invalid Date format","MPVE00051","MoumitaSPUser123","Password@1","EMS","","","","EUR","","1","","","","","","20161102","2017-11-02"],"result":"SUCCESS"},{"values":["TC05","/MerchantApiWeb/V3/authenticateUser","/MerchantApiWeb/V3/rest/secure/user/logistics","error","Invalid Date format","MPVE00051","MoumitaSPUser123","Password@1","EMS","","","","EUR","","1","","","","","","2016-11-02","20171102"],"result":"SUCCESS"}],"predefinedRows":true,"dataSetDescriptors":[{"startRow":0,"rowCount":0,"name":"","description":""}]},"manual":false,"testSource":"Cucumber","result":"SUCCESS"}