{"name":"Verify the api retrieves the list of the Authorisations for the impersonated user","testSteps":[{"number":1,"description":"[1] {report\u003dTC01, logindomain\u003d/MerchantApiWeb/authenticateUser, domainurl\u003d/MerchantApiWeb/rest/secure/impersonation/user/financialData/authorisation/getAuthorisationList, status\u003dsuccess, Message\u003d, ErrorCode\u003d, userName\u003dTestAutomation18, password\u003dPassword@1, allianceCode\u003dEMS, AuthErrMessage\u003d, Authaccessdenied\u003d, AuthErrCause\u003d, currency\u003dEUR, userType\u003d, pageNumber\u003d, accountStatus\u003d, profile\u003d, firstName\u003d, lastName\u003d, fromDate\u003d2017-05-02, toDate\u003d2017-11-02, fromAmount\u003d, toAmount\u003d, pseudoUserName\u003dTestAutomation22}","duration":6165,"startTime":1514870303988,"result":"SUCCESS","children":[{"number":2,"description":"Given load request for getAuthorisationListImpersonation \"/MerchantApiWeb/authenticateUser\" and \"/MerchantApiWeb/rest/secure/impersonation/user/financialData/authorisation/getAuthorisationList\" and \"TC01\" and \"TestAutomation18\" and \"Password@1\" and \"EMS\"","duration":3820,"startTime":1514870304002,"result":"SUCCESS","children":[{"number":3,"description":"Loadgetrequestdata: https://uat1.merchantportal.firstdata.eu/MerchantApiWeb/authenticateUser","duration":0,"startTime":1514870304094,"result":"SUCCESS"},{"number":4,"description":"Postrequest authenticate user: https://uat1.merchantportal.firstdata.eu/MerchantApiWeb/authenticateUser, TestAutomation18, Password@1, EMS","duration":3686,"startTime":1514870304096,"result":"SUCCESS"},{"number":5,"description":"Loadgetrequestdata uniqueauthentication: https://uat1.merchantportal.firstdata.eu/MerchantApiWeb/rest/secure/impersonation/user/financialData/authorisation/getAuthorisationList","duration":1,"startTime":1514870307794,"result":"SUCCESS"}]},{"number":6,"description":"When post get request for getAuthorisationListImpersonation \"2017-05-02\" and \"2017-11-02\" and \"\" and \"\" and \"TestAutomation22\"","duration":2172,"startTime":1514870307823,"result":"SUCCESS","children":[{"number":7,"description":"Post GET request get authorisation list impersonation: https://uat1.merchantportal.firstdata.eu/MerchantApiWeb/rest/secure/impersonation/user/financialData/authorisation/getAuthorisationList, 2017-05-02, 2017-11-02, , , TestAutomation22","duration":2108,"startTime":1514870307835,"result":"SUCCESS"}]},{"number":8,"description":"Then verify getAuthorisationListImpersonation response status \"success\" and \"\" and \"\" and \"\" and \"\" and \"\"","duration":158,"startTime":1514870309995,"result":"SUCCESS","children":[{"number":9,"description":"Verify Response","duration":65,"startTime":1514870310007,"result":"SUCCESS"}]}]},{"number":10,"description":"[1] {report\u003dTC02, logindomain\u003d/MerchantApiWeb/authenticateUser, domainurl\u003d/MerchantApiWeb/rest/secure/impersonation/user/financialData/authorisation/getAuthorisationList, status\u003derror, Message\u003dInvalid Date format, ErrorCode\u003dMPVE00051, userName\u003dTestAutomation18, password\u003dPassword@1, allianceCode\u003dEMS, AuthErrMessage\u003d, Authaccessdenied\u003d, AuthErrCause\u003d, currency\u003dEUR, userType\u003d, pageNumber\u003d, accountStatus\u003d, profile\u003d, firstName\u003d, lastName\u003d, fromDate\u003d20161102, toDate\u003d2017-11-02, fromAmount\u003d, toAmount\u003d, pseudoUserName\u003dTestAutomation22}","duration":4431,"startTime":1514870313886,"result":"SUCCESS","children":[{"number":11,"description":"Given load request for getAuthorisationListImpersonation \"/MerchantApiWeb/authenticateUser\" and \"/MerchantApiWeb/rest/secure/impersonation/user/financialData/authorisation/getAuthorisationList\" and \"TC02\" and \"TestAutomation18\" and \"Password@1\" and \"EMS\"","duration":3230,"startTime":1514870313919,"result":"SUCCESS","children":[{"number":12,"description":"Loadgetrequestdata: https://uat1.merchantportal.firstdata.eu/MerchantApiWeb/authenticateUser","duration":1,"startTime":1514870313995,"result":"SUCCESS"},{"number":13,"description":"Postrequest authenticate user: https://uat1.merchantportal.firstdata.eu/MerchantApiWeb/authenticateUser, TestAutomation18, Password@1, EMS","duration":3117,"startTime":1514870313997,"result":"SUCCESS"},{"number":14,"description":"Loadgetrequestdata uniqueauthentication: https://uat1.merchantportal.firstdata.eu/MerchantApiWeb/rest/secure/impersonation/user/financialData/authorisation/getAuthorisationList","duration":1,"startTime":1514870317124,"result":"SUCCESS"}]},{"number":15,"description":"When post get request for getAuthorisationListImpersonation \"20161102\" and \"2017-11-02\" and \"\" and \"\" and \"TestAutomation22\"","duration":917,"startTime":1514870317149,"result":"SUCCESS","children":[{"number":16,"description":"Post GET request get authorisation list impersonation: https://uat1.merchantportal.firstdata.eu/MerchantApiWeb/rest/secure/impersonation/user/financialData/authorisation/getAuthorisationList, 20161102, 2017-11-02, , , TestAutomation22","duration":848,"startTime":1514870317163,"result":"SUCCESS"}]},{"number":17,"description":"Then verify getAuthorisationListImpersonation response status \"error\" and \"MPVE00051\" and \"Invalid Date format\" and \"\" and \"\" and \"\"","duration":250,"startTime":1514870318067,"result":"SUCCESS","children":[{"number":18,"description":"Verify Response","duration":56,"startTime":1514870318080,"result":"SUCCESS"}]}]},{"number":19,"description":"[1] {report\u003dTC03, logindomain\u003d/MerchantApiWeb/authenticateUser, domainurl\u003d/MerchantApiWeb/rest/secure/impersonation/user/financialData/authorisation/getAuthorisationList, status\u003derror, Message\u003dInvalid Date format, ErrorCode\u003dMPVE00051, userName\u003dTestAutomation18, password\u003dPassword@1, allianceCode\u003dEMS, AuthErrMessage\u003d, Authaccessdenied\u003d, AuthErrCause\u003d, currency\u003dEUR, userType\u003d, pageNumber\u003d, accountStatus\u003d, profile\u003d, firstName\u003d, lastName\u003d, fromDate\u003d2016-11-02, toDate\u003d20171102, fromAmount\u003d, toAmount\u003d, pseudoUserName\u003dTestAutomation22}","duration":5015,"startTime":1514870321351,"result":"SUCCESS","children":[{"number":20,"description":"Given load request for getAuthorisationListImpersonation \"/MerchantApiWeb/authenticateUser\" and \"/MerchantApiWeb/rest/secure/impersonation/user/financialData/authorisation/getAuthorisationList\" and \"TC03\" and \"TestAutomation18\" and \"Password@1\" and \"EMS\"","duration":3769,"startTime":1514870321397,"result":"SUCCESS","children":[{"number":21,"description":"Loadgetrequestdata: https://uat1.merchantportal.firstdata.eu/MerchantApiWeb/authenticateUser","duration":1,"startTime":1514870321477,"result":"SUCCESS"},{"number":22,"description":"Postrequest authenticate user: https://uat1.merchantportal.firstdata.eu/MerchantApiWeb/authenticateUser, TestAutomation18, Password@1, EMS","duration":3634,"startTime":1514870321480,"result":"SUCCESS"},{"number":23,"description":"Loadgetrequestdata uniqueauthentication: https://uat1.merchantportal.firstdata.eu/MerchantApiWeb/rest/secure/impersonation/user/financialData/authorisation/getAuthorisationList","duration":1,"startTime":1514870325124,"result":"SUCCESS"}]},{"number":24,"description":"When post get request for getAuthorisationListImpersonation \"2016-11-02\" and \"20171102\" and \"\" and \"\" and \"TestAutomation22\"","duration":916,"startTime":1514870325167,"result":"SUCCESS","children":[{"number":25,"description":"Post GET request get authorisation list impersonation: https://uat1.merchantportal.firstdata.eu/MerchantApiWeb/rest/secure/impersonation/user/financialData/authorisation/getAuthorisationList, 2016-11-02, 20171102, , , TestAutomation22","duration":798,"startTime":1514870325182,"result":"SUCCESS"}]},{"number":26,"description":"Then verify getAuthorisationListImpersonation response status \"error\" and \"MPVE00051\" and \"Invalid Date format\" and \"\" and \"\" and \"\"","duration":282,"startTime":1514870326084,"result":"SUCCESS","children":[{"number":27,"description":"Verify Response","duration":70,"startTime":1514870326155,"result":"SUCCESS"}]}]},{"number":28,"description":"[1] {report\u003dTC05, logindomain\u003d/MerchantApiWeb/authenticateUser, domainurl\u003d/MerchantApiWeb/rest/secure/impersonation/user/financialData/authorisation/getAuthorisationList, status\u003derror, Message\u003dfromDate should be less than toDate, ErrorCode\u003dMPVE00053, userName\u003dTestAutomation18, password\u003dPassword@1, allianceCode\u003dEMS, AuthErrMessage\u003d, Authaccessdenied\u003d, AuthErrCause\u003d, currency\u003dEUR, userType\u003d, pageNumber\u003d, accountStatus\u003d, profile\u003d, firstName\u003d, lastName\u003d, fromDate\u003d2018-11-02, toDate\u003d2017-11-02, fromAmount\u003d, toAmount\u003d, pseudoUserName\u003dTestAutomation22}","duration":2392,"startTime":1514870329754,"result":"SUCCESS","children":[{"number":29,"description":"Given load request for getAuthorisationListImpersonation \"/MerchantApiWeb/authenticateUser\" and \"/MerchantApiWeb/rest/secure/impersonation/user/financialData/authorisation/getAuthorisationList\" and \"TC05\" and \"TestAutomation18\" and \"Password@1\" and \"EMS\"","duration":1158,"startTime":1514870329772,"result":"SUCCESS","children":[{"number":30,"description":"Loadgetrequestdata: https://uat1.merchantportal.firstdata.eu/MerchantApiWeb/authenticateUser","duration":1,"startTime":1514870329855,"result":"SUCCESS"},{"number":31,"description":"Postrequest authenticate user: https://uat1.merchantportal.firstdata.eu/MerchantApiWeb/authenticateUser, TestAutomation18, Password@1, EMS","duration":1039,"startTime":1514870329857,"result":"SUCCESS"},{"number":32,"description":"Loadgetrequestdata uniqueauthentication: https://uat1.merchantportal.firstdata.eu/MerchantApiWeb/rest/secure/impersonation/user/financialData/authorisation/getAuthorisationList","duration":1,"startTime":1514870330906,"result":"SUCCESS"}]},{"number":33,"description":"When post get request for getAuthorisationListImpersonation \"2018-11-02\" and \"2017-11-02\" and \"\" and \"\" and \"TestAutomation22\"","duration":983,"startTime":1514870330930,"result":"SUCCESS","children":[{"number":34,"description":"Post GET request get authorisation list impersonation: https://uat1.merchantportal.firstdata.eu/MerchantApiWeb/rest/secure/impersonation/user/financialData/authorisation/getAuthorisationList, 2018-11-02, 2017-11-02, , , TestAutomation22","duration":906,"startTime":1514870330942,"result":"SUCCESS"}]},{"number":35,"description":"Then verify getAuthorisationListImpersonation response status \"error\" and \"MPVE00053\" and \"fromDate should be less than toDate\" and \"\" and \"\" and \"\"","duration":233,"startTime":1514870331913,"result":"SUCCESS","children":[{"number":36,"description":"Verify Response","duration":73,"startTime":1514870331935,"result":"SUCCESS"}]}]},{"number":37,"description":"[1] {report\u003dTC06, logindomain\u003d/MerchantApiWeb/authenticateUser, domainurl\u003d/MerchantApiWeb/rest/secure/impersonation/user/financialData/authorisation/getAuthorisationList, status\u003derror, Message\u003dfromAmount is greater than toAmount, ErrorCode\u003dMPVE00054, userName\u003dTestAutomation18, password\u003dPassword@1, allianceCode\u003dEMS, AuthErrMessage\u003d, Authaccessdenied\u003d, AuthErrCause\u003d, currency\u003dEUR, userType\u003d, pageNumber\u003d, accountStatus\u003d, profile\u003d, firstName\u003d, lastName\u003d, fromDate\u003d2016-11-02, toDate\u003d2017-11-02, fromAmount\u003d10, toAmount\u003d5, pseudoUserName\u003dTestAutomation22}","duration":2406,"startTime":1514870336064,"result":"SUCCESS","children":[{"number":38,"description":"Given load request for getAuthorisationListImpersonation \"/MerchantApiWeb/authenticateUser\" and \"/MerchantApiWeb/rest/secure/impersonation/user/financialData/authorisation/getAuthorisationList\" and \"TC06\" and \"TestAutomation18\" and \"Password@1\" and \"EMS\"","duration":1291,"startTime":1514870336078,"result":"SUCCESS","children":[{"number":39,"description":"Loadgetrequestdata: https://uat1.merchantportal.firstdata.eu/MerchantApiWeb/authenticateUser","duration":1,"startTime":1514870336150,"result":"SUCCESS"},{"number":40,"description":"Postrequest authenticate user: https://uat1.merchantportal.firstdata.eu/MerchantApiWeb/authenticateUser, TestAutomation18, Password@1, EMS","duration":1184,"startTime":1514870336152,"result":"SUCCESS"},{"number":41,"description":"Loadgetrequestdata uniqueauthentication: https://uat1.merchantportal.firstdata.eu/MerchantApiWeb/rest/secure/impersonation/user/financialData/authorisation/getAuthorisationList","duration":0,"startTime":1514870337345,"result":"SUCCESS"}]},{"number":42,"description":"When post get request for getAuthorisationListImpersonation \"2016-11-02\" and \"2017-11-02\" and \"10\" and \"5\" and \"TestAutomation22\"","duration":908,"startTime":1514870337369,"result":"SUCCESS","children":[{"number":43,"description":"Post GET request get authorisation list impersonation: https://uat1.merchantportal.firstdata.eu/MerchantApiWeb/rest/secure/impersonation/user/financialData/authorisation/getAuthorisationList, 2016-11-02, 2017-11-02, 10, 5, TestAutomation22","duration":846,"startTime":1514870337383,"result":"SUCCESS"}]},{"number":44,"description":"Then verify getAuthorisationListImpersonation response status \"error\" and \"MPVE00054\" and \"fromAmount is greater than toAmount\" and \"\" and \"\" and \"\"","duration":192,"startTime":1514870338278,"result":"SUCCESS","children":[{"number":45,"description":"Verify Response","duration":57,"startTime":1514870338290,"result":"SUCCESS"}]}]},{"number":46,"description":"[1] {report\u003dTC07, logindomain\u003d/MerchantApiWeb/authenticateUser, domainurl\u003d/MerchantApiWeb/rest/secure/impersonation/user/financialData/authorisation/getAuthorisationList, status\u003derror, Message\u003dtoDate is required, ErrorCode\u003dMPVE00061, userName\u003dTestAutomation18, password\u003dPassword@1, allianceCode\u003dEMS, AuthErrMessage\u003d, Authaccessdenied\u003d, AuthErrCause\u003d, currency\u003dEUR, userType\u003d, pageNumber\u003d, accountStatus\u003d, profile\u003d, firstName\u003d, lastName\u003d, fromDate\u003d2016-11-02, toDate\u003d, fromAmount\u003d, toAmount\u003d, pseudoUserName\u003dTestAutomation22}","duration":2552,"startTime":1514870342079,"result":"SUCCESS","children":[{"number":47,"description":"Given load request for getAuthorisationListImpersonation \"/MerchantApiWeb/authenticateUser\" and \"/MerchantApiWeb/rest/secure/impersonation/user/financialData/authorisation/getAuthorisationList\" and \"TC07\" and \"TestAutomation18\" and \"Password@1\" and \"EMS\"","duration":1138,"startTime":1514870342181,"result":"SUCCESS","children":[{"number":48,"description":"Loadgetrequestdata: https://uat1.merchantportal.firstdata.eu/MerchantApiWeb/authenticateUser","duration":0,"startTime":1514870342269,"result":"SUCCESS"},{"number":49,"description":"Postrequest authenticate user: https://uat1.merchantportal.firstdata.eu/MerchantApiWeb/authenticateUser, TestAutomation18, Password@1, EMS","duration":1017,"startTime":1514870342270,"result":"SUCCESS"},{"number":50,"description":"Loadgetrequestdata uniqueauthentication: https://uat1.merchantportal.firstdata.eu/MerchantApiWeb/rest/secure/impersonation/user/financialData/authorisation/getAuthorisationList","duration":0,"startTime":1514870343298,"result":"SUCCESS"}]},{"number":51,"description":"When post get request for getAuthorisationListImpersonation \"2016-11-02\" and \"\" and \"\" and \"\" and \"TestAutomation22\"","duration":945,"startTime":1514870343319,"result":"SUCCESS","children":[{"number":52,"description":"Post GET request get authorisation list impersonation: https://uat1.merchantportal.firstdata.eu/MerchantApiWeb/rest/secure/impersonation/user/financialData/authorisation/getAuthorisationList, 2016-11-02, , , , TestAutomation22","duration":865,"startTime":1514870343335,"result":"SUCCESS"}]},{"number":53,"description":"Then verify getAuthorisationListImpersonation response status \"error\" and \"MPVE00061\" and \"toDate is required\" and \"\" and \"\" and \"\"","duration":366,"startTime":1514870344265,"result":"SUCCESS","children":[{"number":54,"description":"Verify Response","duration":110,"startTime":1514870344279,"result":"SUCCESS"}]}]},{"number":55,"description":"[1] {report\u003dTC09, logindomain\u003d/MerchantApiWeb/authenticateUser, domainurl\u003d/MerchantApiWeb/rest/secure/impersonation/user/financialData/authorisation/getAuthorisationList, status\u003derror, Message\u003dfromDate is required, ErrorCode\u003dMPVE00063, userName\u003dTestAutomation18, password\u003dPassword@1, allianceCode\u003dEMS, AuthErrMessage\u003d, Authaccessdenied\u003d, AuthErrCause\u003d, currency\u003dEUR, userType\u003d, pageNumber\u003d, accountStatus\u003d, profile\u003d, firstName\u003d, lastName\u003d, fromDate\u003d, toDate\u003d2017-11-02, fromAmount\u003d, toAmount\u003d, pseudoUserName\u003dTestAutomation22}","duration":2384,"startTime":1514870348336,"result":"SUCCESS","children":[{"number":56,"description":"Given load request for getAuthorisationListImpersonation \"/MerchantApiWeb/authenticateUser\" and \"/MerchantApiWeb/rest/secure/impersonation/user/financialData/authorisation/getAuthorisationList\" and \"TC09\" and \"TestAutomation18\" and \"Password@1\" and \"EMS\"","duration":1202,"startTime":1514870348357,"result":"SUCCESS","children":[{"number":57,"description":"Loadgetrequestdata: https://uat1.merchantportal.firstdata.eu/MerchantApiWeb/authenticateUser","duration":1,"startTime":1514870348436,"result":"SUCCESS"},{"number":58,"description":"Postrequest authenticate user: https://uat1.merchantportal.firstdata.eu/MerchantApiWeb/authenticateUser, TestAutomation18, Password@1, EMS","duration":1085,"startTime":1514870348438,"result":"SUCCESS"},{"number":59,"description":"Loadgetrequestdata uniqueauthentication: https://uat1.merchantportal.firstdata.eu/MerchantApiWeb/rest/secure/impersonation/user/financialData/authorisation/getAuthorisationList","duration":1,"startTime":1514870349534,"result":"SUCCESS"}]},{"number":60,"description":"When post get request for getAuthorisationListImpersonation \"\" and \"2017-11-02\" and \"\" and \"\" and \"TestAutomation22\"","duration":903,"startTime":1514870349560,"result":"SUCCESS","children":[{"number":61,"description":"Post GET request get authorisation list impersonation: https://uat1.merchantportal.firstdata.eu/MerchantApiWeb/rest/secure/impersonation/user/financialData/authorisation/getAuthorisationList, , 2017-11-02, , , TestAutomation22","duration":829,"startTime":1514870349574,"result":"SUCCESS"}]},{"number":62,"description":"Then verify getAuthorisationListImpersonation response status \"error\" and \"MPVE00063\" and \"fromDate is required\" and \"\" and \"\" and \"\"","duration":257,"startTime":1514870350463,"result":"SUCCESS","children":[{"number":63,"description":"Verify Response","duration":111,"startTime":1514870350478,"result":"SUCCESS"}]}]},{"number":64,"description":"[1] {report\u003dTC11, logindomain\u003d/MerchantApiWeb/authenticateUser, domainurl\u003d/MerchantApiWeb/rest/secure/impersonation/user/financialData/authorisation/getAuthorisationList, status\u003derror, Message\u003dUsername does not exist, ErrorCode\u003dMPBE00004, userName\u003dTestAutomation18, password\u003dPassword@1, allianceCode\u003dEMS, AuthErrMessage\u003d, Authaccessdenied\u003d, AuthErrCause\u003d, currency\u003dEUR, userType\u003d, pageNumber\u003d, accountStatus\u003d, profile\u003d, firstName\u003d, lastName\u003d, fromDate\u003d2016-11-02, toDate\u003d2017-11-02, fromAmount\u003d, toAmount\u003d, pseudoUserName\u003dTest}","duration":2425,"startTime":1514870354087,"result":"SUCCESS","children":[{"number":65,"description":"Given load request for getAuthorisationListImpersonation \"/MerchantApiWeb/authenticateUser\" and \"/MerchantApiWeb/rest/secure/impersonation/user/financialData/authorisation/getAuthorisationList\" and \"TC11\" and \"TestAutomation18\" and \"Password@1\" and \"EMS\"","duration":1156,"startTime":1514870354132,"result":"SUCCESS","children":[{"number":66,"description":"Loadgetrequestdata: https://uat1.merchantportal.firstdata.eu/MerchantApiWeb/authenticateUser","duration":1,"startTime":1514870354208,"result":"SUCCESS"},{"number":67,"description":"Postrequest authenticate user: https://uat1.merchantportal.firstdata.eu/MerchantApiWeb/authenticateUser, TestAutomation18, Password@1, EMS","duration":1044,"startTime":1514870354210,"result":"SUCCESS"},{"number":68,"description":"Loadgetrequestdata uniqueauthentication: https://uat1.merchantportal.firstdata.eu/MerchantApiWeb/rest/secure/impersonation/user/financialData/authorisation/getAuthorisationList","duration":1,"startTime":1514870355264,"result":"SUCCESS"}]},{"number":69,"description":"When post get request for getAuthorisationListImpersonation \"2016-11-02\" and \"2017-11-02\" and \"\" and \"\" and \"Test\"","duration":1034,"startTime":1514870355289,"result":"SUCCESS","children":[{"number":70,"description":"Post GET request get authorisation list impersonation: https://uat1.merchantportal.firstdata.eu/MerchantApiWeb/rest/secure/impersonation/user/financialData/authorisation/getAuthorisationList, 2016-11-02, 2017-11-02, , , Test","duration":960,"startTime":1514870355303,"result":"SUCCESS"}]},{"number":71,"description":"Then verify getAuthorisationListImpersonation response status \"error\" and \"MPBE00004\" and \"Username does not exist\" and \"\" and \"\" and \"\"","duration":188,"startTime":1514870356324,"result":"SUCCESS","children":[{"number":72,"description":"Verify Response","duration":58,"startTime":1514870356335,"result":"SUCCESS"}]}]}],"userStory":{"id":"merchant-portal-application-api-validation","storyName":"Merchant Portal application API validation","path":"APIupdate.feature","type":"feature"},"featureTag":{"name":"Merchant Portal application API validation","type":"feature"},"title":"Verify the api retrieves the list of the Authorisations for the impersonated user","description":"","tags":[{"name":"getAuthorisationListImpersonation","type":"tag"}],"startTime":1514870303988,"duration":52524,"dataTable":{"headers":["report","logindomain","domainurl","status","Message","ErrorCode","userName","password","allianceCode","AuthErrMessage","Authaccessdenied","AuthErrCause","currency","userType","pageNumber","accountStatus","profile","firstName","lastName","fromDate","toDate","fromAmount","toAmount","pseudoUserName"],"rows":[{"values":["TC01","/MerchantApiWeb/authenticateUser","/MerchantApiWeb/rest/secure/impersonation/user/financialData/authorisation/getAuthorisationList","success","","","TestAutomation18","Password@1","EMS","","","","EUR","","","","","","","2017-05-02","2017-11-02","","","TestAutomation22"],"result":"SUCCESS"},{"values":["TC02","/MerchantApiWeb/authenticateUser","/MerchantApiWeb/rest/secure/impersonation/user/financialData/authorisation/getAuthorisationList","error","Invalid Date format","MPVE00051","TestAutomation18","Password@1","EMS","","","","EUR","","","","","","","20161102","2017-11-02","","","TestAutomation22"],"result":"SUCCESS"},{"values":["TC03","/MerchantApiWeb/authenticateUser","/MerchantApiWeb/rest/secure/impersonation/user/financialData/authorisation/getAuthorisationList","error","Invalid Date format","MPVE00051","TestAutomation18","Password@1","EMS","","","","EUR","","","","","","","2016-11-02","20171102","","","TestAutomation22"],"result":"SUCCESS"},{"values":["TC05","/MerchantApiWeb/authenticateUser","/MerchantApiWeb/rest/secure/impersonation/user/financialData/authorisation/getAuthorisationList","error","fromDate should be less than toDate","MPVE00053","TestAutomation18","Password@1","EMS","","","","EUR","","","","","","","2018-11-02","2017-11-02","","","TestAutomation22"],"result":"SUCCESS"},{"values":["TC06","/MerchantApiWeb/authenticateUser","/MerchantApiWeb/rest/secure/impersonation/user/financialData/authorisation/getAuthorisationList","error","fromAmount is greater than toAmount","MPVE00054","TestAutomation18","Password@1","EMS","","","","EUR","","","","","","","2016-11-02","2017-11-02","10","5","TestAutomation22"],"result":"SUCCESS"},{"values":["TC07","/MerchantApiWeb/authenticateUser","/MerchantApiWeb/rest/secure/impersonation/user/financialData/authorisation/getAuthorisationList","error","toDate is required","MPVE00061","TestAutomation18","Password@1","EMS","","","","EUR","","","","","","","2016-11-02","","","","TestAutomation22"],"result":"SUCCESS"},{"values":["TC09","/MerchantApiWeb/authenticateUser","/MerchantApiWeb/rest/secure/impersonation/user/financialData/authorisation/getAuthorisationList","error","fromDate is required","MPVE00063","TestAutomation18","Password@1","EMS","","","","EUR","","","","","","","","2017-11-02","","","TestAutomation22"],"result":"SUCCESS"},{"values":["TC11","/MerchantApiWeb/authenticateUser","/MerchantApiWeb/rest/secure/impersonation/user/financialData/authorisation/getAuthorisationList","error","Username does not exist","MPBE00004","TestAutomation18","Password@1","EMS","","","","EUR","","","","","","","2016-11-02","2017-11-02","","","Test"],"result":"SUCCESS"}],"predefinedRows":true,"dataSetDescriptors":[{"startRow":0,"rowCount":0,"name":"","description":""}]},"manual":false,"testSource":"Cucumber","result":"SUCCESS"}