{"name":"Verify the api retrieves the list of the Authorisations","testSteps":[{"number":1,"description":"[1] {report\u003dTC01, logindomain\u003d/MerchantApiWeb/authenticateUser, domainurl\u003d/MerchantApiWeb/rest/secure/user/financialData/authorisation/getAuthorisationList, status\u003dsuccess, Message\u003d, ErrorCode\u003d, userName\u003dTestAutomation22, password\u003dPassword@1, allianceCode\u003dEMS, AuthErrMessage\u003d, Authaccessdenied\u003d, AuthErrCause\u003d, currency\u003dEUR, userType\u003d, pageNumber\u003d, accountStatus\u003d, profile\u003d, firstName\u003d, lastName\u003d, fromDate\u003d2017-05-02, toDate\u003d2017-11-02, fromAmount\u003d, toAmount\u003d}","duration":3794,"startTime":1514870257085,"result":"SUCCESS","children":[{"number":2,"description":"Given load request for getAuthorisationList \"/MerchantApiWeb/authenticateUser\" and \"/MerchantApiWeb/rest/secure/user/financialData/authorisation/getAuthorisationList\" and \"TC01\" and \"TestAutomation22\" and \"Password@1\" and \"EMS\"","duration":1313,"startTime":1514870257100,"result":"SUCCESS","children":[{"number":3,"description":"Loadgetrequestdata: https://uat1.merchantportal.firstdata.eu/MerchantApiWeb/authenticateUser","duration":1,"startTime":1514870257179,"result":"SUCCESS"},{"number":4,"description":"Postrequest authenticate user: https://uat1.merchantportal.firstdata.eu/MerchantApiWeb/authenticateUser, TestAutomation22, Password@1, EMS","duration":1194,"startTime":1514870257181,"result":"SUCCESS"},{"number":5,"description":"Loadgetrequestdata authenticated: https://uat1.merchantportal.firstdata.eu/MerchantApiWeb/rest/secure/user/financialData/authorisation/getAuthorisationList, 33bbe85a-5e10-430b-b9e7-7a2a74cf5595","duration":1,"startTime":1514870258386,"result":"SUCCESS"}]},{"number":6,"description":"When post get request for getAuthorisationList \"2017-05-02\" and \"2017-11-02\" and \"\" and \"\"","duration":2172,"startTime":1514870258413,"result":"SUCCESS","children":[{"number":7,"description":"Post GET request get authorisation list: https://uat1.merchantportal.firstdata.eu/MerchantApiWeb/rest/secure/user/financialData/authorisation/getAuthorisationList, 2017-05-02, 2017-11-02, , ","duration":2045,"startTime":1514870258490,"result":"SUCCESS"}]},{"number":8,"description":"Then verify getAuthorisationList response status \"success\" and \"\" and \"\" and \"\" and \"\" and \"\"","duration":293,"startTime":1514870260586,"result":"SUCCESS","children":[{"number":9,"description":"Verify Response","duration":145,"startTime":1514870260596,"result":"SUCCESS"}]}]},{"number":10,"description":"[1] {report\u003dTC02, logindomain\u003d/MerchantApiWeb/authenticateUser, domainurl\u003d/MerchantApiWeb/rest/secure/user/financialData/authorisation/getAuthorisationList, status\u003derror, Message\u003dInvalid Date format, ErrorCode\u003dMPVE00051, userName\u003dTestAutomation22, password\u003dPassword@1, allianceCode\u003dEMS, AuthErrMessage\u003d, Authaccessdenied\u003d, AuthErrCause\u003d, currency\u003dEUR, userType\u003d, pageNumber\u003d, accountStatus\u003d, profile\u003d, firstName\u003d, lastName\u003d, fromDate\u003d20161102, toDate\u003d2017-11-02, fromAmount\u003d, toAmount\u003d}","duration":2379,"startTime":1514870265838,"result":"SUCCESS","children":[{"number":11,"description":"Given load request for getAuthorisationList \"/MerchantApiWeb/authenticateUser\" and \"/MerchantApiWeb/rest/secure/user/financialData/authorisation/getAuthorisationList\" and \"TC02\" and \"TestAutomation22\" and \"Password@1\" and \"EMS\"","duration":1212,"startTime":1514870265869,"result":"SUCCESS","children":[{"number":12,"description":"Loadgetrequestdata: https://uat1.merchantportal.firstdata.eu/MerchantApiWeb/authenticateUser","duration":1,"startTime":1514870266046,"result":"SUCCESS"},{"number":13,"description":"Postrequest authenticate user: https://uat1.merchantportal.firstdata.eu/MerchantApiWeb/authenticateUser, TestAutomation22, Password@1, EMS","duration":1001,"startTime":1514870266048,"result":"SUCCESS"},{"number":14,"description":"Loadgetrequestdata authenticated: https://uat1.merchantportal.firstdata.eu/MerchantApiWeb/rest/secure/user/financialData/authorisation/getAuthorisationList, 33bbe85a-5e10-430b-b9e7-7a2a74cf5595","duration":0,"startTime":1514870267058,"result":"SUCCESS"}]},{"number":15,"description":"When post get request for getAuthorisationList \"20161102\" and \"2017-11-02\" and \"\" and \"\"","duration":910,"startTime":1514870267082,"result":"SUCCESS","children":[{"number":16,"description":"Post GET request get authorisation list: https://uat1.merchantportal.firstdata.eu/MerchantApiWeb/rest/secure/user/financialData/authorisation/getAuthorisationList, 20161102, 2017-11-02, , ","duration":836,"startTime":1514870267094,"result":"SUCCESS"}]},{"number":17,"description":"Then verify getAuthorisationList response status \"error\" and \"MPVE00051\" and \"Invalid Date format\" and \"\" and \"\" and \"\"","duration":225,"startTime":1514870267992,"result":"SUCCESS","children":[{"number":18,"description":"Verify Response","duration":51,"startTime":1514870268006,"result":"SUCCESS"}]}]},{"number":19,"description":"[1] {report\u003dTC03, logindomain\u003d/MerchantApiWeb/authenticateUser, domainurl\u003d/MerchantApiWeb/rest/secure/user/financialData/authorisation/getAuthorisationList, status\u003derror, Message\u003dInvalid Date format, ErrorCode\u003dMPVE00051, userName\u003dTestAutomation22, password\u003dPassword@1, allianceCode\u003dEMS, AuthErrMessage\u003d, Authaccessdenied\u003d, AuthErrCause\u003d, currency\u003dEUR, userType\u003d, pageNumber\u003d, accountStatus\u003d, profile\u003d, firstName\u003d, lastName\u003d, fromDate\u003d2016-11-02, toDate\u003d20171102, fromAmount\u003d, toAmount\u003d}","duration":2899,"startTime":1514870272341,"result":"SUCCESS","children":[{"number":20,"description":"Given load request for getAuthorisationList \"/MerchantApiWeb/authenticateUser\" and \"/MerchantApiWeb/rest/secure/user/financialData/authorisation/getAuthorisationList\" and \"TC03\" and \"TestAutomation22\" and \"Password@1\" and \"EMS\"","duration":1736,"startTime":1514870272362,"result":"SUCCESS","children":[{"number":21,"description":"Loadgetrequestdata: https://uat1.merchantportal.firstdata.eu/MerchantApiWeb/authenticateUser","duration":1,"startTime":1514870272625,"result":"SUCCESS"},{"number":22,"description":"Postrequest authenticate user: https://uat1.merchantportal.firstdata.eu/MerchantApiWeb/authenticateUser, TestAutomation22, Password@1, EMS","duration":1419,"startTime":1514870272627,"result":"SUCCESS"},{"number":23,"description":"Loadgetrequestdata authenticated: https://uat1.merchantportal.firstdata.eu/MerchantApiWeb/rest/secure/user/financialData/authorisation/getAuthorisationList, 33bbe85a-5e10-430b-b9e7-7a2a74cf5595","duration":1,"startTime":1514870274067,"result":"SUCCESS"}]},{"number":24,"description":"When post get request for getAuthorisationList \"2016-11-02\" and \"20171102\" and \"\" and \"\"","duration":919,"startTime":1514870274098,"result":"SUCCESS","children":[{"number":25,"description":"Post GET request get authorisation list: https://uat1.merchantportal.firstdata.eu/MerchantApiWeb/rest/secure/user/financialData/authorisation/getAuthorisationList, 2016-11-02, 20171102, , ","duration":856,"startTime":1514870274112,"result":"SUCCESS"}]},{"number":26,"description":"Then verify getAuthorisationList response status \"error\" and \"MPVE00051\" and \"Invalid Date format\" and \"\" and \"\" and \"\"","duration":222,"startTime":1514870275018,"result":"SUCCESS","children":[{"number":27,"description":"Verify Response","duration":90,"startTime":1514870275032,"result":"SUCCESS"}]}]},{"number":28,"description":"[1] {report\u003dTC05, logindomain\u003d/MerchantApiWeb/authenticateUser, domainurl\u003d/MerchantApiWeb/rest/secure/user/financialData/authorisation/getAuthorisationList, status\u003derror, Message\u003dfromDate should be less than toDate, ErrorCode\u003dMPVE00053, userName\u003dTestAutomation22, password\u003dPassword@1, allianceCode\u003dEMS, AuthErrMessage\u003d, Authaccessdenied\u003d, AuthErrCause\u003d, currency\u003dEUR, userType\u003d, pageNumber\u003d, accountStatus\u003d, profile\u003d, firstName\u003d, lastName\u003d, fromDate\u003d2018-11-02, toDate\u003d2017-11-02, fromAmount\u003d, toAmount\u003d}","duration":2720,"startTime":1514870278216,"result":"SUCCESS","children":[{"number":29,"description":"Given load request for getAuthorisationList \"/MerchantApiWeb/authenticateUser\" and \"/MerchantApiWeb/rest/secure/user/financialData/authorisation/getAuthorisationList\" and \"TC05\" and \"TestAutomation22\" and \"Password@1\" and \"EMS\"","duration":1480,"startTime":1514870278233,"result":"SUCCESS","children":[{"number":30,"description":"Loadgetrequestdata: https://uat1.merchantportal.firstdata.eu/MerchantApiWeb/authenticateUser","duration":1,"startTime":1514870278313,"result":"SUCCESS"},{"number":31,"description":"Postrequest authenticate user: https://uat1.merchantportal.firstdata.eu/MerchantApiWeb/authenticateUser, TestAutomation22, Password@1, EMS","duration":1363,"startTime":1514870278315,"result":"SUCCESS"},{"number":32,"description":"Loadgetrequestdata authenticated: https://uat1.merchantportal.firstdata.eu/MerchantApiWeb/rest/secure/user/financialData/authorisation/getAuthorisationList, 33bbe85a-5e10-430b-b9e7-7a2a74cf5595","duration":0,"startTime":1514870279687,"result":"SUCCESS"}]},{"number":33,"description":"When post get request for getAuthorisationList \"2018-11-02\" and \"2017-11-02\" and \"\" and \"\"","duration":988,"startTime":1514870279714,"result":"SUCCESS","children":[{"number":34,"description":"Post GET request get authorisation list: https://uat1.merchantportal.firstdata.eu/MerchantApiWeb/rest/secure/user/financialData/authorisation/getAuthorisationList, 2018-11-02, 2017-11-02, , ","duration":847,"startTime":1514870279740,"result":"SUCCESS"}]},{"number":35,"description":"Then verify getAuthorisationList response status \"error\" and \"MPVE00053\" and \"fromDate should be less than toDate\" and \"\" and \"\" and \"\"","duration":233,"startTime":1514870280703,"result":"SUCCESS","children":[{"number":36,"description":"Verify Response","duration":74,"startTime":1514870280728,"result":"SUCCESS"}]}]},{"number":37,"description":"[1] {report\u003dTC06, logindomain\u003d/MerchantApiWeb/authenticateUser, domainurl\u003d/MerchantApiWeb/rest/secure/user/financialData/authorisation/getAuthorisationList, status\u003derror, Message\u003dfromAmount is greater than toAmount, ErrorCode\u003dMPVE00054, userName\u003dTestAutomation22, password\u003dPassword@1, allianceCode\u003dEMS, AuthErrMessage\u003d, Authaccessdenied\u003d, AuthErrCause\u003d, currency\u003dEUR, userType\u003d, pageNumber\u003d, accountStatus\u003d, profile\u003d, firstName\u003d, lastName\u003d, fromDate\u003d2016-11-02, toDate\u003d2017-11-02, fromAmount\u003d10, toAmount\u003d5}","duration":2621,"startTime":1514870285744,"result":"SUCCESS","children":[{"number":38,"description":"Given load request for getAuthorisationList \"/MerchantApiWeb/authenticateUser\" and \"/MerchantApiWeb/rest/secure/user/financialData/authorisation/getAuthorisationList\" and \"TC06\" and \"TestAutomation22\" and \"Password@1\" and \"EMS\"","duration":1409,"startTime":1514870285761,"result":"SUCCESS","children":[{"number":39,"description":"Loadgetrequestdata: https://uat1.merchantportal.firstdata.eu/MerchantApiWeb/authenticateUser","duration":1,"startTime":1514870285921,"result":"SUCCESS"},{"number":40,"description":"Postrequest authenticate user: https://uat1.merchantportal.firstdata.eu/MerchantApiWeb/authenticateUser, TestAutomation22, Password@1, EMS","duration":1216,"startTime":1514870285923,"result":"SUCCESS"},{"number":41,"description":"Loadgetrequestdata authenticated: https://uat1.merchantportal.firstdata.eu/MerchantApiWeb/rest/secure/user/financialData/authorisation/getAuthorisationList, 33bbe85a-5e10-430b-b9e7-7a2a74cf5595","duration":1,"startTime":1514870287148,"result":"SUCCESS"}]},{"number":42,"description":"When post get request for getAuthorisationList \"2016-11-02\" and \"2017-11-02\" and \"10\" and \"5\"","duration":943,"startTime":1514870287171,"result":"SUCCESS","children":[{"number":43,"description":"Post GET request get authorisation list: https://uat1.merchantportal.firstdata.eu/MerchantApiWeb/rest/secure/user/financialData/authorisation/getAuthorisationList, 2016-11-02, 2017-11-02, 10, 5","duration":868,"startTime":1514870287183,"result":"SUCCESS"}]},{"number":44,"description":"Then verify getAuthorisationList response status \"error\" and \"MPVE00054\" and \"fromAmount is greater than toAmount\" and \"\" and \"\" and \"\"","duration":251,"startTime":1514870288114,"result":"SUCCESS","children":[{"number":45,"description":"Verify Response","duration":114,"startTime":1514870288128,"result":"SUCCESS"}]}]},{"number":46,"description":"[1] {report\u003dTC07, logindomain\u003d/MerchantApiWeb/authenticateUser, domainurl\u003d/MerchantApiWeb/rest/secure/user/financialData/authorisation/getAuthorisationList, status\u003derror, Message\u003dtoDate is required, ErrorCode\u003dMPVE00061, userName\u003dTestAutomation22, password\u003dPassword@1, allianceCode\u003dEMS, AuthErrMessage\u003d, Authaccessdenied\u003d, AuthErrCause\u003d, currency\u003dEUR, userType\u003d, pageNumber\u003d, accountStatus\u003d, profile\u003d, firstName\u003d, lastName\u003d, fromDate\u003d2016-11-02, toDate\u003d, fromAmount\u003d, toAmount\u003d}","duration":2458,"startTime":1514870291292,"result":"SUCCESS","children":[{"number":47,"description":"Given load request for getAuthorisationList \"/MerchantApiWeb/authenticateUser\" and \"/MerchantApiWeb/rest/secure/user/financialData/authorisation/getAuthorisationList\" and \"TC07\" and \"TestAutomation22\" and \"Password@1\" and \"EMS\"","duration":1255,"startTime":1514870291336,"result":"SUCCESS","children":[{"number":48,"description":"Loadgetrequestdata: https://uat1.merchantportal.firstdata.eu/MerchantApiWeb/authenticateUser","duration":1,"startTime":1514870291406,"result":"SUCCESS"},{"number":49,"description":"Postrequest authenticate user: https://uat1.merchantportal.firstdata.eu/MerchantApiWeb/authenticateUser, TestAutomation22, Password@1, EMS","duration":1145,"startTime":1514870291408,"result":"SUCCESS"},{"number":50,"description":"Loadgetrequestdata authenticated: https://uat1.merchantportal.firstdata.eu/MerchantApiWeb/rest/secure/user/financialData/authorisation/getAuthorisationList, 33bbe85a-5e10-430b-b9e7-7a2a74cf5595","duration":0,"startTime":1514870292562,"result":"SUCCESS"}]},{"number":51,"description":"When post get request for getAuthorisationList \"2016-11-02\" and \"\" and \"\" and \"\"","duration":969,"startTime":1514870292591,"result":"SUCCESS","children":[{"number":52,"description":"Post GET request get authorisation list: https://uat1.merchantportal.firstdata.eu/MerchantApiWeb/rest/secure/user/financialData/authorisation/getAuthorisationList, 2016-11-02, , , ","duration":888,"startTime":1514870292605,"result":"SUCCESS"}]},{"number":53,"description":"Then verify getAuthorisationList response status \"error\" and \"MPVE00061\" and \"toDate is required\" and \"\" and \"\" and \"\"","duration":190,"startTime":1514870293560,"result":"SUCCESS","children":[{"number":54,"description":"Verify Response","duration":58,"startTime":1514870293573,"result":"SUCCESS"}]}]},{"number":55,"description":"[1] {report\u003dTC09, logindomain\u003d/MerchantApiWeb/authenticateUser, domainurl\u003d/MerchantApiWeb/rest/secure/user/financialData/authorisation/getAuthorisationList, status\u003derror, Message\u003dfromDate is required, ErrorCode\u003dMPVE00063, userName\u003dTestAutomation22, password\u003dPassword@1, allianceCode\u003dEMS, AuthErrMessage\u003d, Authaccessdenied\u003d, AuthErrCause\u003d, currency\u003dEUR, userType\u003d, pageNumber\u003d, accountStatus\u003d, profile\u003d, firstName\u003d, lastName\u003d, fromDate\u003d, toDate\u003d2017-11-02, fromAmount\u003d, toAmount\u003d}","duration":2322,"startTime":1514870297711,"result":"SUCCESS","children":[{"number":56,"description":"Given load request for getAuthorisationList \"/MerchantApiWeb/authenticateUser\" and \"/MerchantApiWeb/rest/secure/user/financialData/authorisation/getAuthorisationList\" and \"TC09\" and \"TestAutomation22\" and \"Password@1\" and \"EMS\"","duration":1237,"startTime":1514870297746,"result":"SUCCESS","children":[{"number":57,"description":"Loadgetrequestdata: https://uat1.merchantportal.firstdata.eu/MerchantApiWeb/authenticateUser","duration":1,"startTime":1514870297828,"result":"SUCCESS"},{"number":58,"description":"Postrequest authenticate user: https://uat1.merchantportal.firstdata.eu/MerchantApiWeb/authenticateUser, TestAutomation22, Password@1, EMS","duration":1112,"startTime":1514870297830,"result":"SUCCESS"},{"number":59,"description":"Loadgetrequestdata authenticated: https://uat1.merchantportal.firstdata.eu/MerchantApiWeb/rest/secure/user/financialData/authorisation/getAuthorisationList, 33bbe85a-5e10-430b-b9e7-7a2a74cf5595","duration":1,"startTime":1514870298957,"result":"SUCCESS"}]},{"number":60,"description":"When post get request for getAuthorisationList \"\" and \"2017-11-02\" and \"\" and \"\"","duration":865,"startTime":1514870298983,"result":"SUCCESS","children":[{"number":61,"description":"Post GET request get authorisation list: https://uat1.merchantportal.firstdata.eu/MerchantApiWeb/rest/secure/user/financialData/authorisation/getAuthorisationList, , 2017-11-02, , ","duration":806,"startTime":1514870298996,"result":"SUCCESS"}]},{"number":62,"description":"Then verify getAuthorisationList response status \"error\" and \"MPVE00063\" and \"fromDate is required\" and \"\" and \"\" and \"\"","duration":184,"startTime":1514870299848,"result":"SUCCESS","children":[{"number":63,"description":"Verify Response","duration":57,"startTime":1514870299860,"result":"SUCCESS"}]}]}],"userStory":{"id":"merchant-portal-application-api-validation","storyName":"Merchant Portal application API validation","path":"APIupdate.feature","type":"feature"},"featureTag":{"name":"Merchant Portal application API validation","type":"feature"},"title":"Verify the api retrieves the list of the Authorisations","description":"","tags":[{"name":"getAuthorisationList","type":"tag"}],"startTime":1514870257085,"duration":42948,"dataTable":{"headers":["report","logindomain","domainurl","status","Message","ErrorCode","userName","password","allianceCode","AuthErrMessage","Authaccessdenied","AuthErrCause","currency","userType","pageNumber","accountStatus","profile","firstName","lastName","fromDate","toDate","fromAmount","toAmount"],"rows":[{"values":["TC01","/MerchantApiWeb/authenticateUser","/MerchantApiWeb/rest/secure/user/financialData/authorisation/getAuthorisationList","success","","","TestAutomation22","Password@1","EMS","","","","EUR","","","","","","","2017-05-02","2017-11-02","",""],"result":"SUCCESS"},{"values":["TC02","/MerchantApiWeb/authenticateUser","/MerchantApiWeb/rest/secure/user/financialData/authorisation/getAuthorisationList","error","Invalid Date format","MPVE00051","TestAutomation22","Password@1","EMS","","","","EUR","","","","","","","20161102","2017-11-02","",""],"result":"SUCCESS"},{"values":["TC03","/MerchantApiWeb/authenticateUser","/MerchantApiWeb/rest/secure/user/financialData/authorisation/getAuthorisationList","error","Invalid Date format","MPVE00051","TestAutomation22","Password@1","EMS","","","","EUR","","","","","","","2016-11-02","20171102","",""],"result":"SUCCESS"},{"values":["TC05","/MerchantApiWeb/authenticateUser","/MerchantApiWeb/rest/secure/user/financialData/authorisation/getAuthorisationList","error","fromDate should be less than toDate","MPVE00053","TestAutomation22","Password@1","EMS","","","","EUR","","","","","","","2018-11-02","2017-11-02","",""],"result":"SUCCESS"},{"values":["TC06","/MerchantApiWeb/authenticateUser","/MerchantApiWeb/rest/secure/user/financialData/authorisation/getAuthorisationList","error","fromAmount is greater than toAmount","MPVE00054","TestAutomation22","Password@1","EMS","","","","EUR","","","","","","","2016-11-02","2017-11-02","10","5"],"result":"SUCCESS"},{"values":["TC07","/MerchantApiWeb/authenticateUser","/MerchantApiWeb/rest/secure/user/financialData/authorisation/getAuthorisationList","error","toDate is required","MPVE00061","TestAutomation22","Password@1","EMS","","","","EUR","","","","","","","2016-11-02","","",""],"result":"SUCCESS"},{"values":["TC09","/MerchantApiWeb/authenticateUser","/MerchantApiWeb/rest/secure/user/financialData/authorisation/getAuthorisationList","error","fromDate is required","MPVE00063","TestAutomation22","Password@1","EMS","","","","EUR","","","","","","","","2017-11-02","",""],"result":"SUCCESS"}],"predefinedRows":true,"dataSetDescriptors":[{"startRow":0,"rowCount":0,"name":"","description":""}]},"manual":false,"testSource":"Cucumber","result":"SUCCESS"}