{"name":"Verify the API retrieves the authorisation History List","testSteps":[{"number":1,"description":"[1] {report\u003dTC01, logindomain\u003d/MerchantApiWeb/authenticateUser, domainurl\u003d/MerchantApiWeb/rest/secure/user/financialData/authorisation/authorisationhistorylist, status\u003dsuccess, Message\u003d, ErrorCode\u003d, userName\u003dDemoAccount1, password\u003dPassword@1, allianceCode\u003dEMS, AuthErrMessage\u003d, Authaccessdenied\u003d, AuthErrCause\u003d, currency\u003dEUR, userType\u003d, pageNumber\u003d, accountStatus\u003d, profile\u003d, firstName\u003d, lastName\u003d, authId\u003d3498780}","duration":8351,"startTime":1514872153427,"result":"SUCCESS","children":[{"number":2,"description":"Given load request for authorisationHistoryList \"/MerchantApiWeb/authenticateUser\" and \"/MerchantApiWeb/rest/secure/user/financialData/authorisation/authorisationhistorylist\" and \"TC01\" and \"DemoAccount1\" and \"Password@1\" and \"EMS\"","duration":3074,"startTime":1514872153454,"result":"SUCCESS","children":[{"number":3,"description":"Loadgetrequestdata: https://uat1.merchantportal.firstdata.eu/MerchantApiWeb/authenticateUser","duration":1,"startTime":1514872153562,"result":"SUCCESS"},{"number":4,"description":"Postrequest authenticate user: https://uat1.merchantportal.firstdata.eu/MerchantApiWeb/authenticateUser, DemoAccount1, Password@1, EMS","duration":2929,"startTime":1514872153564,"result":"SUCCESS"},{"number":5,"description":"Loadgetrequestdata authenticated: https://uat1.merchantportal.firstdata.eu/MerchantApiWeb/rest/secure/user/financialData/authorisation/authorisationhistorylist, 692fd4f2-e39a-4e25-bba6-a37915b0cedc","duration":0,"startTime":1514872156501,"result":"SUCCESS"}]},{"number":6,"description":"When post get request for authorisationHistoryList \"3498780\"","duration":5149,"startTime":1514872156528,"result":"SUCCESS","children":[{"number":7,"description":"Post GET request authorisation history list: https://uat1.merchantportal.firstdata.eu/MerchantApiWeb/rest/secure/user/financialData/authorisation/authorisationhistorylist, 3498780","duration":5064,"startTime":1514872156541,"result":"SUCCESS"}]},{"number":8,"description":"Then verify authorisationHistoryList response status \"success\" and \"\" and \"\" and \"\" and \"\" and \"\"","duration":100,"startTime":1514872161678,"result":"SUCCESS","children":[{"number":9,"description":"Verify Response","duration":26,"startTime":1514872161693,"result":"SUCCESS"}]}]}],"userStory":{"id":"merchant-portal-application-api-validation","storyName":"Merchant Portal application API validation","path":"APIupdate.feature","type":"feature"},"featureTag":{"name":"Merchant Portal application API validation","type":"feature"},"title":"Verify the API retrieves the authorisation History List","description":"","tags":[{"name":"authorisationHistoryList","type":"tag"}],"startTime":1514872153427,"duration":8351,"dataTable":{"headers":["report","logindomain","domainurl","status","Message","ErrorCode","userName","password","allianceCode","AuthErrMessage","Authaccessdenied","AuthErrCause","currency","userType","pageNumber","accountStatus","profile","firstName","lastName","authId"],"rows":[{"values":["TC01","/MerchantApiWeb/authenticateUser","/MerchantApiWeb/rest/secure/user/financialData/authorisation/authorisationhistorylist","success","","","DemoAccount1","Password@1","EMS","","","","EUR","","","","","","","3498780"],"result":"SUCCESS"}],"predefinedRows":true,"dataSetDescriptors":[{"startRow":0,"rowCount":0,"name":"","description":""}]},"manual":false,"testSource":"Cucumber","result":"SUCCESS"}