{"name":"Verify the api downloads the document","testSteps":[{"number":1,"description":"[1] {report\u003dTC01, logindomain\u003d/MerchantApiWeb/authenticateUser, domainurl\u003d/MerchantApiWeb/rest/secure/user/documents/download/downloadDocument, status\u003dsuccess, Message\u003d, ErrorCode\u003d, userName\u003dTestAutomation22, password\u003dPassword@1, allianceCode\u003dEMS, AuthErrMessage\u003d, Authaccessdenied\u003d, AuthErrCause\u003d, currency\u003d, userType\u003d, pageNumber\u003d, accountStatus\u003d, profile\u003d, firstName\u003d, lastName\u003d, period\u003d, fromDate\u003d, toDate\u003d, invoiceId\u003d, gsmTopUpFromDate\u003d, gsmTopUpToDate\u003d, documentId\u003d1014581, fileType\u003djpg}","duration":3828,"startTime":1514871902822,"result":"SUCCESS","children":[{"number":2,"description":"Given load request for downloadDocument \"/MerchantApiWeb/authenticateUser\" and \"/MerchantApiWeb/rest/secure/user/documents/download/downloadDocument\" and \"TC01\" and \"TestAutomation22\" and \"Password@1\" and \"EMS\"","duration":1254,"startTime":1514871902851,"result":"SUCCESS","children":[{"number":3,"description":"Loadgetrequestdata: https://uat1.merchantportal.firstdata.eu/MerchantApiWeb/authenticateUser","duration":0,"startTime":1514871902989,"result":"SUCCESS"},{"number":4,"description":"Postrequest authenticate user: https://uat1.merchantportal.firstdata.eu/MerchantApiWeb/authenticateUser, TestAutomation22, Password@1, EMS","duration":1077,"startTime":1514871902990,"result":"SUCCESS"},{"number":5,"description":"Loadgetrequestdata export download: https://uat1.merchantportal.firstdata.eu/MerchantApiWeb/rest/secure/user/documents/download/downloadDocument","duration":1,"startTime":1514871904074,"result":"SUCCESS"}]},{"number":6,"description":"When post get request for downloadDocument \"1014581\" and \"jpg\"","duration":2343,"startTime":1514871904105,"result":"SUCCESS","children":[{"number":7,"description":"Post GET request download document: https://uat1.merchantportal.firstdata.eu/MerchantApiWeb/rest/secure/user/documents/download/downloadDocument, 1014581, jpg","duration":2069,"startTime":1514871904118,"result":"SUCCESS"}]},{"number":8,"description":"Then verify downloadDocument response status \"success\" and \"\" and \"\" and \"\" and \"\" and \"\"","duration":201,"startTime":1514871906449,"result":"SUCCESS","children":[{"number":9,"description":"Verify Download file Response","duration":153,"startTime":1514871906459,"result":"SUCCESS"}]}]},{"number":10,"description":"[1] {report\u003dTC02, logindomain\u003d/MerchantApiWeb/authenticateUser, domainurl\u003d/MerchantApiWeb/rest/secure/user/documents/download/downloadDocument, status\u003derror, Message\u003dDocument id can\u0027t be more than 19 characters, ErrorCode\u003dMPVE00070, userName\u003dTestAutomation22, password\u003dPassword@1, allianceCode\u003dEMS, AuthErrMessage\u003d, Authaccessdenied\u003d, AuthErrCause\u003d, currency\u003d, userType\u003d, pageNumber\u003d, accountStatus\u003d, profile\u003d, firstName\u003d, lastName\u003d, period\u003d, fromDate\u003d, toDate\u003d, invoiceId\u003d, gsmTopUpFromDate\u003d, gsmTopUpToDate\u003d, documentId\u003d2316548976542132132165465123654, fileType\u003djpg}","duration":2430,"startTime":1514871911995,"result":"SUCCESS","children":[{"number":11,"description":"Given load request for downloadDocument \"/MerchantApiWeb/authenticateUser\" and \"/MerchantApiWeb/rest/secure/user/documents/download/downloadDocument\" and \"TC02\" and \"TestAutomation22\" and \"Password@1\" and \"EMS\"","duration":1261,"startTime":1514871912007,"result":"SUCCESS","children":[{"number":12,"description":"Loadgetrequestdata: https://uat1.merchantportal.firstdata.eu/MerchantApiWeb/authenticateUser","duration":1,"startTime":1514871912098,"result":"SUCCESS"},{"number":13,"description":"Postrequest authenticate user: https://uat1.merchantportal.firstdata.eu/MerchantApiWeb/authenticateUser, TestAutomation22, Password@1, EMS","duration":1130,"startTime":1514871912100,"result":"SUCCESS"},{"number":14,"description":"Loadgetrequestdata export download: https://uat1.merchantportal.firstdata.eu/MerchantApiWeb/rest/secure/user/documents/download/downloadDocument","duration":0,"startTime":1514871913240,"result":"SUCCESS"}]},{"number":15,"description":"When post get request for downloadDocument \"2316548976542132132165465123654\" and \"jpg\"","duration":856,"startTime":1514871913268,"result":"SUCCESS","children":[{"number":16,"description":"Post GET request download document: https://uat1.merchantportal.firstdata.eu/MerchantApiWeb/rest/secure/user/documents/download/downloadDocument, 2316548976542132132165465123654, jpg","duration":795,"startTime":1514871913281,"result":"SUCCESS"}]},{"number":17,"description":"Then verify downloadDocument response status \"error\" and \"MPVE00070\" and \"Document id can\u0027t be more than 19 characters\" and \"\" and \"\" and \"\"","duration":300,"startTime":1514871914125,"result":"SUCCESS","children":[{"number":18,"description":"Verify Download file Response","duration":105,"startTime":1514871914136,"result":"SUCCESS"}]}]},{"number":19,"description":"[1] {report\u003dTC03, logindomain\u003d/MerchantApiWeb/authenticateUser, domainurl\u003d/MerchantApiWeb/rest/secure/user/documents/download/downloadDocument, status\u003derror, Message\u003dDocument id must only be numeric, ErrorCode\u003dMPVE00071, userName\u003dTestAutomation22, password\u003dPassword@1, allianceCode\u003dEMS, AuthErrMessage\u003d, Authaccessdenied\u003d, AuthErrCause\u003d, currency\u003d, userType\u003d, pageNumber\u003d, accountStatus\u003d, profile\u003d, firstName\u003d, lastName\u003d, period\u003d, fromDate\u003d, toDate\u003d, invoiceId\u003d, gsmTopUpFromDate\u003d, gsmTopUpToDate\u003d, documentId\u003dadfasaf, fileType\u003djpg}","duration":2484,"startTime":1514871919236,"result":"SUCCESS","children":[{"number":20,"description":"Given load request for downloadDocument \"/MerchantApiWeb/authenticateUser\" and \"/MerchantApiWeb/rest/secure/user/documents/download/downloadDocument\" and \"TC03\" and \"TestAutomation22\" and \"Password@1\" and \"EMS\"","duration":1337,"startTime":1514871919250,"result":"SUCCESS","children":[{"number":21,"description":"Loadgetrequestdata: https://uat1.merchantportal.firstdata.eu/MerchantApiWeb/authenticateUser","duration":1,"startTime":1514871919341,"result":"SUCCESS"},{"number":22,"description":"Postrequest authenticate user: https://uat1.merchantportal.firstdata.eu/MerchantApiWeb/authenticateUser, TestAutomation22, Password@1, EMS","duration":1211,"startTime":1514871919343,"result":"SUCCESS"},{"number":23,"description":"Loadgetrequestdata export download: https://uat1.merchantportal.firstdata.eu/MerchantApiWeb/rest/secure/user/documents/download/downloadDocument","duration":1,"startTime":1514871920561,"result":"SUCCESS"}]},{"number":24,"description":"When post get request for downloadDocument \"adfasaf\" and \"jpg\"","duration":928,"startTime":1514871920588,"result":"SUCCESS","children":[{"number":25,"description":"Post GET request download document: https://uat1.merchantportal.firstdata.eu/MerchantApiWeb/rest/secure/user/documents/download/downloadDocument, adfasaf, jpg","duration":850,"startTime":1514871920603,"result":"SUCCESS"}]},{"number":26,"description":"Then verify downloadDocument response status \"error\" and \"MPVE00071\" and \"Document id must only be numeric\" and \"\" and \"\" and \"\"","duration":204,"startTime":1514871921516,"result":"SUCCESS","children":[{"number":27,"description":"Verify Download file Response","duration":49,"startTime":1514871921528,"result":"SUCCESS"}]}]},{"number":28,"description":"[1] {report\u003dTC04, logindomain\u003d/MerchantApiWeb/authenticateUser, domainurl\u003d/MerchantApiWeb/rest/secure/user/documents/download/downloadDocument, status\u003derror, Message\u003dDocument id must only be numeric, ErrorCode\u003dMPVE00071, userName\u003dTestAutomation22, password\u003dPassword@1, allianceCode\u003dEMS, AuthErrMessage\u003d, Authaccessdenied\u003d, AuthErrCause\u003d, currency\u003d, userType\u003d, pageNumber\u003d, accountStatus\u003d, profile\u003d, firstName\u003d, lastName\u003d, period\u003d, fromDate\u003d, toDate\u003d, invoiceId\u003d, gsmTopUpFromDate\u003d, gsmTopUpToDate\u003d, documentId\u003d@#$%%^$#, fileType\u003djpg}","duration":2447,"startTime":1514871926187,"result":"SUCCESS","children":[{"number":29,"description":"Given load request for downloadDocument \"/MerchantApiWeb/authenticateUser\" and \"/MerchantApiWeb/rest/secure/user/documents/download/downloadDocument\" and \"TC04\" and \"TestAutomation22\" and \"Password@1\" and \"EMS\"","duration":1288,"startTime":1514871926201,"result":"SUCCESS","children":[{"number":30,"description":"Loadgetrequestdata: https://uat1.merchantportal.firstdata.eu/MerchantApiWeb/authenticateUser","duration":1,"startTime":1514871926313,"result":"SUCCESS"},{"number":31,"description":"Postrequest authenticate user: https://uat1.merchantportal.firstdata.eu/MerchantApiWeb/authenticateUser, TestAutomation22, Password@1, EMS","duration":1135,"startTime":1514871926315,"result":"SUCCESS"},{"number":32,"description":"Loadgetrequestdata export download: https://uat1.merchantportal.firstdata.eu/MerchantApiWeb/rest/secure/user/documents/download/downloadDocument","duration":1,"startTime":1514871927461,"result":"SUCCESS"}]},{"number":33,"description":"When post get request for downloadDocument \"@#$%%^$#\" and \"jpg\"","duration":922,"startTime":1514871927489,"result":"SUCCESS","children":[{"number":34,"description":"Post GET request download document: https://uat1.merchantportal.firstdata.eu/MerchantApiWeb/rest/secure/user/documents/download/downloadDocument, @#$%%^$#, jpg","duration":862,"startTime":1514871927502,"result":"SUCCESS"}]},{"number":35,"description":"Then verify downloadDocument response status \"error\" and \"MPVE00071\" and \"Document id must only be numeric\" and \"\" and \"\" and \"\"","duration":223,"startTime":1514871928411,"result":"SUCCESS","children":[{"number":36,"description":"Verify Download file Response","duration":49,"startTime":1514871928426,"result":"SUCCESS"}]}]},{"number":37,"description":"[1] {report\u003dTC05, logindomain\u003d/MerchantApiWeb/authenticateUser, domainurl\u003d/MerchantApiWeb/rest/secure/user/documents/download/downloadDocument, status\u003derror, Message\u003dDocument id can\u0027t be empty, ErrorCode\u003dMPVE00069, userName\u003dTestAutomation22, password\u003dPassword@1, allianceCode\u003dEMS, AuthErrMessage\u003d, Authaccessdenied\u003d, AuthErrCause\u003d, currency\u003d, userType\u003d, pageNumber\u003d, accountStatus\u003d, profile\u003d, firstName\u003d, lastName\u003d, period\u003d, fromDate\u003d, toDate\u003d, invoiceId\u003d, gsmTopUpFromDate\u003d, gsmTopUpToDate\u003d, documentId\u003d, fileType\u003djpg}","duration":2461,"startTime":1514871933230,"result":"SUCCESS","children":[{"number":38,"description":"Given load request for downloadDocument \"/MerchantApiWeb/authenticateUser\" and \"/MerchantApiWeb/rest/secure/user/documents/download/downloadDocument\" and \"TC05\" and \"TestAutomation22\" and \"Password@1\" and \"EMS\"","duration":1210,"startTime":1514871933312,"result":"SUCCESS","children":[{"number":39,"description":"Loadgetrequestdata: https://uat1.merchantportal.firstdata.eu/MerchantApiWeb/authenticateUser","duration":1,"startTime":1514871933446,"result":"SUCCESS"},{"number":40,"description":"Postrequest authenticate user: https://uat1.merchantportal.firstdata.eu/MerchantApiWeb/authenticateUser, TestAutomation22, Password@1, EMS","duration":1040,"startTime":1514871933448,"result":"SUCCESS"},{"number":41,"description":"Loadgetrequestdata export download: https://uat1.merchantportal.firstdata.eu/MerchantApiWeb/rest/secure/user/documents/download/downloadDocument","duration":1,"startTime":1514871934496,"result":"SUCCESS"}]},{"number":42,"description":"When post get request for downloadDocument \"\" and \"jpg\"","duration":971,"startTime":1514871934522,"result":"SUCCESS","children":[{"number":43,"description":"Post GET request download document: https://uat1.merchantportal.firstdata.eu/MerchantApiWeb/rest/secure/user/documents/download/downloadDocument, , jpg","duration":903,"startTime":1514871934539,"result":"SUCCESS"}]},{"number":44,"description":"Then verify downloadDocument response status \"error\" and \"MPVE00069\" and \"Document id can\u0027t be empty\" and \"\" and \"\" and \"\"","duration":197,"startTime":1514871935494,"result":"SUCCESS","children":[{"number":45,"description":"Verify Download file Response","duration":46,"startTime":1514871935506,"result":"SUCCESS"}]}]},{"number":46,"description":"[1] {report\u003dTC06, logindomain\u003d/MerchantApiWeb/authenticateUser, domainurl\u003d/MerchantApiWeb/rest/secure/user/documents/download/downloadDocument, status\u003derror, Message\u003dDocument unavailable for User, ErrorCode\u003dMPBE00040, userName\u003dTestAutomation22, password\u003dPassword@1, allianceCode\u003dEMS, AuthErrMessage\u003d, Authaccessdenied\u003d, AuthErrCause\u003d, currency\u003d, userType\u003d, pageNumber\u003d, accountStatus\u003d, profile\u003d, firstName\u003d, lastName\u003d, period\u003d, fromDate\u003d, toDate\u003d, invoiceId\u003d, gsmTopUpFromDate\u003d, gsmTopUpToDate\u003d, documentId\u003d1014163, fileType\u003djpg}","duration":2506,"startTime":1514871940105,"result":"SUCCESS","children":[{"number":47,"description":"Given load request for downloadDocument \"/MerchantApiWeb/authenticateUser\" and \"/MerchantApiWeb/rest/secure/user/documents/download/downloadDocument\" and \"TC06\" and \"TestAutomation22\" and \"Password@1\" and \"EMS\"","duration":1312,"startTime":1514871940120,"result":"SUCCESS","children":[{"number":48,"description":"Loadgetrequestdata: https://uat1.merchantportal.firstdata.eu/MerchantApiWeb/authenticateUser","duration":0,"startTime":1514871940216,"result":"SUCCESS"},{"number":49,"description":"Postrequest authenticate user: https://uat1.merchantportal.firstdata.eu/MerchantApiWeb/authenticateUser, TestAutomation22, Password@1, EMS","duration":1174,"startTime":1514871940217,"result":"SUCCESS"},{"number":50,"description":"Loadgetrequestdata export download: https://uat1.merchantportal.firstdata.eu/MerchantApiWeb/rest/secure/user/documents/download/downloadDocument","duration":1,"startTime":1514871941402,"result":"SUCCESS"}]},{"number":51,"description":"When post get request for downloadDocument \"1014163\" and \"jpg\"","duration":973,"startTime":1514871941433,"result":"SUCCESS","children":[{"number":52,"description":"Post GET request download document: https://uat1.merchantportal.firstdata.eu/MerchantApiWeb/rest/secure/user/documents/download/downloadDocument, 1014163, jpg","duration":904,"startTime":1514871941448,"result":"SUCCESS"}]},{"number":53,"description":"Then verify downloadDocument response status \"error\" and \"MPBE00040\" and \"Document unavailable for User\" and \"\" and \"\" and \"\"","duration":204,"startTime":1514871942407,"result":"SUCCESS","children":[{"number":54,"description":"Verify Download file Response","duration":45,"startTime":1514871942422,"result":"SUCCESS"}]}]}],"userStory":{"id":"merchant-portal-application-api-validation","storyName":"Merchant Portal application API validation","path":"APIupdate.feature","type":"feature"},"featureTag":{"name":"Merchant Portal application API validation","type":"feature"},"title":"Verify the api downloads the document","description":"","tags":[{"name":"downloadDocument","type":"tag"}],"startTime":1514871902820,"duration":39791,"dataTable":{"headers":["report","logindomain","domainurl","status","Message","ErrorCode","userName","password","allianceCode","AuthErrMessage","Authaccessdenied","AuthErrCause","currency","userType","pageNumber","accountStatus","profile","firstName","lastName","period","fromDate","toDate","invoiceId","gsmTopUpFromDate","gsmTopUpToDate","documentId","fileType"],"rows":[{"values":["TC01","/MerchantApiWeb/authenticateUser","/MerchantApiWeb/rest/secure/user/documents/download/downloadDocument","success","","","TestAutomation22","Password@1","EMS","","","","","","","","","","","","","","","","","1014581","jpg"],"result":"SUCCESS"},{"values":["TC02","/MerchantApiWeb/authenticateUser","/MerchantApiWeb/rest/secure/user/documents/download/downloadDocument","error","Document id can\u0027t be more than 19 characters","MPVE00070","TestAutomation22","Password@1","EMS","","","","","","","","","","","","","","","","","2316548976542132132165465123654","jpg"],"result":"SUCCESS"},{"values":["TC03","/MerchantApiWeb/authenticateUser","/MerchantApiWeb/rest/secure/user/documents/download/downloadDocument","error","Document id must only be numeric","MPVE00071","TestAutomation22","Password@1","EMS","","","","","","","","","","","","","","","","","adfasaf","jpg"],"result":"SUCCESS"},{"values":["TC04","/MerchantApiWeb/authenticateUser","/MerchantApiWeb/rest/secure/user/documents/download/downloadDocument","error","Document id must only be numeric","MPVE00071","TestAutomation22","Password@1","EMS","","","","","","","","","","","","","","","","","@#$%%^$#","jpg"],"result":"SUCCESS"},{"values":["TC05","/MerchantApiWeb/authenticateUser","/MerchantApiWeb/rest/secure/user/documents/download/downloadDocument","error","Document id can\u0027t be empty","MPVE00069","TestAutomation22","Password@1","EMS","","","","","","","","","","","","","","","","","","jpg"],"result":"SUCCESS"},{"values":["TC06","/MerchantApiWeb/authenticateUser","/MerchantApiWeb/rest/secure/user/documents/download/downloadDocument","error","Document unavailable for User","MPBE00040","TestAutomation22","Password@1","EMS","","","","","","","","","","","","","","","","","1014163","jpg"],"result":"SUCCESS"}],"predefinedRows":true,"dataSetDescriptors":[{"startRow":0,"rowCount":0,"name":"","description":""}]},"manual":false,"testSource":"Cucumber","result":"SUCCESS"}