{"name":"Verify the details of the Merchant portal application","testSteps":[{"number":1,"description":"[1] {report\u003dTC01, domainurl\u003d/MerchantApiWeb/rest/applicationInfo, status\u003dsuccess, Message\u003d, ErrorCode\u003d, userName\u003d, password\u003d, allianceCode\u003d, AuthErrMessage\u003d, Authaccessdenied\u003d, AuthErrCause\u003d, currency\u003d, userType\u003d, pageNumber\u003d, accountStatus\u003d, profile\u003d, firstName\u003d, lastName\u003d}","duration":11118,"startTime":1514869912064,"result":"SUCCESS","children":[{"number":2,"description":"Given load request for application info \"/MerchantApiWeb/rest/applicationInfo\" and \"TC01\"","duration":706,"startTime":1514869913654,"result":"SUCCESS","children":[{"number":3,"description":"Loadgetrequestdata: https://uat1.merchantportal.firstdata.eu/MerchantApiWeb/rest/applicationInfo","duration":19,"startTime":1514869914297,"result":"SUCCESS"}]},{"number":4,"description":"When post get request for application info","duration":6643,"startTime":1514869914363,"result":"SUCCESS","children":[{"number":5,"description":"Post GET request applicationinfo: https://uat1.merchantportal.firstdata.eu/MerchantApiWeb/rest/applicationInfo","duration":6544,"startTime":1514869914400,"result":"SUCCESS"}]},{"number":6,"description":"Then verify application info response status \"success\" and \"\" and \"\" and \"\" and \"\" and \"\"","duration":2163,"startTime":1514869921019,"result":"SUCCESS","children":[{"number":7,"description":"Verify Response","duration":2069,"startTime":1514869921043,"result":"SUCCESS"}]}]}],"userStory":{"id":"merchant-portal-application-api-validation","storyName":"Merchant Portal application API validation","path":"APIupdate.feature","type":"feature"},"featureTag":{"name":"Merchant Portal application API validation","type":"feature"},"title":"Verify the details of the Merchant portal application","description":"","tags":[{"name":"applicationinfo","type":"tag"}],"startTime":1514869911720,"duration":11462,"dataTable":{"headers":["report","domainurl","status","Message","ErrorCode","userName","password","allianceCode","AuthErrMessage","Authaccessdenied","AuthErrCause","currency","userType","pageNumber","accountStatus","profile","firstName","lastName"],"rows":[{"values":["TC01","/MerchantApiWeb/rest/applicationInfo","success","","","","","","","","","","","","","","",""],"result":"SUCCESS"}],"predefinedRows":true,"dataSetDescriptors":[{"startRow":0,"rowCount":0,"name":"","description":""}]},"manual":false,"testSource":"Cucumber","result":"SUCCESS"}