{"name":"Verify the api retrieves the details of the funding impersonated user","testSteps":[{"number":1,"description":"[1] {report\u003dTC01, logindomain\u003d/MerchantApiWeb/authenticateUser, domainurl\u003d/MerchantApiWeb/rest/secure/impersonation/user/financialData/funding/getFundingDetails, status\u003dsuccess, Message\u003d, ErrorCode\u003d, userName\u003dTestAutomation18, password\u003dPassword@1, allianceCode\u003dEMS, AuthErrMessage\u003d, Authaccessdenied\u003d, AuthErrCause\u003d, currency\u003dEUR, userType\u003d, pageNumber\u003d1, accountStatus\u003d, profile\u003d, firstName\u003d, lastName\u003d, period\u003d, fromDate\u003d2016-11-02, toDate\u003d2017-11-02, invoiceId\u003d4723680, gsmTopUpFromDate\u003d, gsmTopUpToDate\u003d, invoiceLineItemId\u003d, fundId\u003d5121421, merchId\u003d65902182, pseudoUserName\u003dDemoAccount1, fundDate\u003d2017-11-15, cardType\u003dMC}","duration":14964,"startTime":1514871760599,"result":"SUCCESS","children":[{"number":2,"description":"Given load request for getFundingDetailsImpersonation \"/MerchantApiWeb/authenticateUser\" and \"/MerchantApiWeb/rest/secure/impersonation/user/financialData/funding/getFundingDetails\" and \"TC01\" and \"TestAutomation18\" and \"Password@1\" and \"EMS\"","duration":1351,"startTime":1514871760624,"result":"SUCCESS","children":[{"number":3,"description":"Loadgetrequestdata: https://uat1.merchantportal.firstdata.eu/MerchantApiWeb/authenticateUser","duration":0,"startTime":1514871760778,"result":"SUCCESS"},{"number":4,"description":"Postrequest authenticate user: https://uat1.merchantportal.firstdata.eu/MerchantApiWeb/authenticateUser, TestAutomation18, Password@1, EMS","duration":1120,"startTime":1514871760779,"result":"SUCCESS"},{"number":5,"description":"Loadgetrequestdata uniqueauthentication: https://uat1.merchantportal.firstdata.eu/MerchantApiWeb/rest/secure/impersonation/user/financialData/funding/getFundingDetails","duration":0,"startTime":1514871761944,"result":"SUCCESS"}]},{"number":6,"description":"When post get request for getFundingDetailsImpersonation \"2017-11-15\" and \"5121421\" and \"DemoAccount1\" and \"MC\"","duration":13206,"startTime":1514871761976,"result":"SUCCESS","children":[{"number":7,"description":"Post GET request get funding details impersonation: https://uat1.merchantportal.firstdata.eu/MerchantApiWeb/rest/secure/impersonation/user/financialData/funding/getFundingDetails, 2017-11-15, 5121421, DemoAccount1, MC","duration":13046,"startTime":1514871761995,"result":"SUCCESS"}]},{"number":8,"description":"Then verify getFundingDetailsImpersonation response status \"success\" and \"\" and \"\" and \"\" and \"\" and \"\"","duration":381,"startTime":1514871775182,"result":"SUCCESS","children":[{"number":9,"description":"Verify Response","duration":233,"startTime":1514871775196,"result":"SUCCESS"}]}]},{"number":10,"description":"[1] {report\u003dTC02, logindomain\u003d/MerchantApiWeb/authenticateUser, domainurl\u003d/MerchantApiWeb/rest/secure/impersonation/user/financialData/funding/getFundingDetails, status\u003derror, Message\u003dInvalid Date format, ErrorCode\u003dMPVE00051, userName\u003dTestAutomation18, password\u003dPassword@1, allianceCode\u003dEMS, AuthErrMessage\u003d, Authaccessdenied\u003d, AuthErrCause\u003d, currency\u003dEUR, userType\u003d, pageNumber\u003d1, accountStatus\u003d, profile\u003d, firstName\u003d, lastName\u003d, period\u003d, fromDate\u003d20161102, toDate\u003d2017-11-02, invoiceId\u003d4723680, gsmTopUpFromDate\u003d, gsmTopUpToDate\u003d, invoiceLineItemId\u003d, fundId\u003d5121421, merchId\u003d65902182, pseudoUserName\u003dDemoAccount1, fundDate\u003d20171115, cardType\u003dMC}","duration":2696,"startTime":1514871779461,"result":"SUCCESS","children":[{"number":11,"description":"Given load request for getFundingDetailsImpersonation \"/MerchantApiWeb/authenticateUser\" and \"/MerchantApiWeb/rest/secure/impersonation/user/financialData/funding/getFundingDetails\" and \"TC02\" and \"TestAutomation18\" and \"Password@1\" and \"EMS\"","duration":1179,"startTime":1514871779499,"result":"SUCCESS","children":[{"number":12,"description":"Loadgetrequestdata: https://uat1.merchantportal.firstdata.eu/MerchantApiWeb/authenticateUser","duration":1,"startTime":1514871779602,"result":"SUCCESS"},{"number":13,"description":"Postrequest authenticate user: https://uat1.merchantportal.firstdata.eu/MerchantApiWeb/authenticateUser, TestAutomation18, Password@1, EMS","duration":1033,"startTime":1514871779604,"result":"SUCCESS"},{"number":14,"description":"Loadgetrequestdata uniqueauthentication: https://uat1.merchantportal.firstdata.eu/MerchantApiWeb/rest/secure/impersonation/user/financialData/funding/getFundingDetails","duration":1,"startTime":1514871780648,"result":"SUCCESS"}]},{"number":15,"description":"When post get request for getFundingDetailsImpersonation \"20171115\" and \"5121421\" and \"DemoAccount1\" and \"MC\"","duration":1011,"startTime":1514871780679,"result":"SUCCESS","children":[{"number":16,"description":"Post GET request get funding details impersonation: https://uat1.merchantportal.firstdata.eu/MerchantApiWeb/rest/secure/impersonation/user/financialData/funding/getFundingDetails, 20171115, 5121421, DemoAccount1, MC","duration":910,"startTime":1514871780691,"result":"SUCCESS"}]},{"number":17,"description":"Then verify getFundingDetailsImpersonation response status \"error\" and \"MPVE00051\" and \"Invalid Date format\" and \"\" and \"\" and \"\"","duration":467,"startTime":1514871781690,"result":"SUCCESS","children":[{"number":18,"description":"Verify Response","duration":143,"startTime":1514871781751,"result":"SUCCESS"}]}]}],"userStory":{"id":"merchant-portal-application-api-validation","storyName":"Merchant Portal application API validation","path":"APIupdate.feature","type":"feature"},"featureTag":{"name":"Merchant Portal application API validation","type":"feature"},"title":"Verify the api retrieves the details of the funding impersonated user","description":"","tags":[{"name":"getFundingDetailsImpersonation","type":"tag"}],"startTime":1514871760598,"duration":21559,"dataTable":{"headers":["report","logindomain","domainurl","status","Message","ErrorCode","userName","password","allianceCode","AuthErrMessage","Authaccessdenied","AuthErrCause","currency","userType","pageNumber","accountStatus","profile","firstName","lastName","period","fromDate","toDate","invoiceId","gsmTopUpFromDate","gsmTopUpToDate","invoiceLineItemId","fundId","merchId","pseudoUserName","fundDate","cardType"],"rows":[{"values":["TC01","/MerchantApiWeb/authenticateUser","/MerchantApiWeb/rest/secure/impersonation/user/financialData/funding/getFundingDetails","success","","","TestAutomation18","Password@1","EMS","","","","EUR","","1","","","","","","2016-11-02","2017-11-02","4723680","","","","5121421","65902182","DemoAccount1","2017-11-15","MC"],"result":"SUCCESS"},{"values":["TC02","/MerchantApiWeb/authenticateUser","/MerchantApiWeb/rest/secure/impersonation/user/financialData/funding/getFundingDetails","error","Invalid Date format","MPVE00051","TestAutomation18","Password@1","EMS","","","","EUR","","1","","","","","","20161102","2017-11-02","4723680","","","","5121421","65902182","DemoAccount1","20171115","MC"],"result":"SUCCESS"}],"predefinedRows":true,"dataSetDescriptors":[{"startRow":0,"rowCount":0,"name":"","description":""}]},"manual":false,"testSource":"Cucumber","result":"SUCCESS"}