{"name":"Verify the api retrieves the details of the device list in the specified file format for the impersonated user","testSteps":[{"number":1,"description":"[1] {report\u003dTC01, logindomain\u003d/MerchantApiWeb/authenticateUser, domainurl\u003d/MerchantApiWeb/rest/secure/impersonation/user/devices/exportDeviceList, status\u003d200, Message\u003d, ErrorCode\u003d, userName\u003dTestAutomationFDP3, password\u003dPassword@1, allianceCode\u003dFDP, AuthErrMessage\u003d, Authaccessdenied\u003d, AuthErrCause\u003d, currency\u003d, userType\u003d, pageNumber\u003d1, accountStatus\u003d, profile\u003d, firstName\u003d, lastName\u003d, period\u003d, fileType\u003dCSV, delimiter\u003d,, pseudoUserName\u003dTheBatman}","duration":5337,"startTime":1514870569533,"result":"SUCCESS","children":[{"number":2,"description":"Given load request for exportDeviceListImpersonation \"/MerchantApiWeb/authenticateUser\" and \"/MerchantApiWeb/rest/secure/impersonation/user/devices/exportDeviceList\" and \"TC01\" and \"TestAutomationFDP3\" and \"Password@1\" and \"FDP\"","duration":3646,"startTime":1514870569551,"result":"SUCCESS","children":[{"number":3,"description":"Loadgetrequestdata: https://uat1.merchantportal.firstdata.eu/MerchantApiWeb/authenticateUser","duration":1,"startTime":1514870569629,"result":"SUCCESS"},{"number":4,"description":"Postrequest authenticate user: https://uat1.merchantportal.firstdata.eu/MerchantApiWeb/authenticateUser, TestAutomationFDP3, Password@1, FDP","duration":3485,"startTime":1514870569631,"result":"SUCCESS"},{"number":5,"description":"Loadgetrequestdata export download: https://uat1.merchantportal.firstdata.eu/MerchantApiWeb/rest/secure/impersonation/user/devices/exportDeviceList","duration":1,"startTime":1514870573134,"result":"SUCCESS"}]},{"number":6,"description":"When post get request for exportDeviceListImpersonation \"CSV\" and \",\" and \"1\" and \"TheBatman\"","duration":1538,"startTime":1514870573198,"result":"SUCCESS","children":[{"number":7,"description":"Post GET request export device list impersonation: https://uat1.merchantportal.firstdata.eu/MerchantApiWeb/rest/secure/impersonation/user/devices/exportDeviceList, CSV, ,, 1, TheBatman","duration":1461,"startTime":1514870573211,"result":"SUCCESS"}]},{"number":8,"description":"Then verify exportDeviceListImpersonation response status \"200\" and \"\" and \"\" and \"\" and \"\" and \"\"","duration":132,"startTime":1514870574738,"result":"SUCCESS","children":[{"number":9,"description":"Verify Download file Response","duration":86,"startTime":1514870574751,"result":"SUCCESS"}]}]},{"number":10,"description":"[1] {report\u003dTC02, logindomain\u003d/MerchantApiWeb/authenticateUser, domainurl\u003d/MerchantApiWeb/rest/secure/impersonation/user/devices/exportDeviceList, status\u003d200, Message\u003d, ErrorCode\u003d, userName\u003dTestAutomationFDP3, password\u003dPassword@1, allianceCode\u003dFDP, AuthErrMessage\u003d, Authaccessdenied\u003d, AuthErrCause\u003d, currency\u003d, userType\u003d, pageNumber\u003d1, accountStatus\u003d, profile\u003d, firstName\u003d, lastName\u003d, period\u003d, fileType\u003dXML, delimiter\u003d,, pseudoUserName\u003dTheBatman}","duration":3689,"startTime":1514870578018,"result":"SUCCESS","children":[{"number":11,"description":"Given load request for exportDeviceListImpersonation \"/MerchantApiWeb/authenticateUser\" and \"/MerchantApiWeb/rest/secure/impersonation/user/devices/exportDeviceList\" and \"TC02\" and \"TestAutomationFDP3\" and \"Password@1\" and \"FDP\"","duration":1258,"startTime":1514870578032,"result":"SUCCESS","children":[{"number":12,"description":"Loadgetrequestdata: https://uat1.merchantportal.firstdata.eu/MerchantApiWeb/authenticateUser","duration":1,"startTime":1514870578125,"result":"SUCCESS"},{"number":13,"description":"Postrequest authenticate user: https://uat1.merchantportal.firstdata.eu/MerchantApiWeb/authenticateUser, TestAutomationFDP3, Password@1, FDP","duration":1127,"startTime":1514870578128,"result":"SUCCESS"},{"number":14,"description":"Loadgetrequestdata export download: https://uat1.merchantportal.firstdata.eu/MerchantApiWeb/rest/secure/impersonation/user/devices/exportDeviceList","duration":1,"startTime":1514870579265,"result":"SUCCESS"}]},{"number":15,"description":"When post get request for exportDeviceListImpersonation \"XML\" and \",\" and \"1\" and \"TheBatman\"","duration":2194,"startTime":1514870579290,"result":"SUCCESS","children":[{"number":16,"description":"Post GET request export device list impersonation: https://uat1.merchantportal.firstdata.eu/MerchantApiWeb/rest/secure/impersonation/user/devices/exportDeviceList, XML, ,, 1, TheBatman","duration":2056,"startTime":1514870579302,"result":"SUCCESS"}]},{"number":17,"description":"Then verify exportDeviceListImpersonation response status \"200\" and \"\" and \"\" and \"\" and \"\" and \"\"","duration":223,"startTime":1514870581484,"result":"SUCCESS","children":[{"number":18,"description":"Verify Download file Response","duration":173,"startTime":1514870581496,"result":"SUCCESS"}]}]},{"number":19,"description":"[1] {report\u003dTC03, logindomain\u003d/MerchantApiWeb/authenticateUser, domainurl\u003d/MerchantApiWeb/rest/secure/impersonation/user/devices/exportDeviceList, status\u003d200, Message\u003d, ErrorCode\u003d, userName\u003dTestAutomationFDP3, password\u003dPassword@1, allianceCode\u003dFDP, AuthErrMessage\u003d, Authaccessdenied\u003d, AuthErrCause\u003d, currency\u003d, userType\u003d, pageNumber\u003d1, accountStatus\u003d, profile\u003d, firstName\u003d, lastName\u003d, period\u003d, fileType\u003dXLS, delimiter\u003d,, pseudoUserName\u003dTheBatman}","duration":3537,"startTime":1514870585953,"result":"SUCCESS","children":[{"number":20,"description":"Given load request for exportDeviceListImpersonation \"/MerchantApiWeb/authenticateUser\" and \"/MerchantApiWeb/rest/secure/impersonation/user/devices/exportDeviceList\" and \"TC03\" and \"TestAutomationFDP3\" and \"Password@1\" and \"FDP\"","duration":1360,"startTime":1514870585968,"result":"SUCCESS","children":[{"number":21,"description":"Loadgetrequestdata: https://uat1.merchantportal.firstdata.eu/MerchantApiWeb/authenticateUser","duration":0,"startTime":1514870586057,"result":"SUCCESS"},{"number":22,"description":"Postrequest authenticate user: https://uat1.merchantportal.firstdata.eu/MerchantApiWeb/authenticateUser, TestAutomationFDP3, Password@1, FDP","duration":1237,"startTime":1514870586058,"result":"SUCCESS"},{"number":23,"description":"Loadgetrequestdata export download: https://uat1.merchantportal.firstdata.eu/MerchantApiWeb/rest/secure/impersonation/user/devices/exportDeviceList","duration":1,"startTime":1514870587303,"result":"SUCCESS"}]},{"number":24,"description":"When post get request for exportDeviceListImpersonation \"XLS\" and \",\" and \"1\" and \"TheBatman\"","duration":1880,"startTime":1514870587328,"result":"SUCCESS","children":[{"number":25,"description":"Post GET request export device list impersonation: https://uat1.merchantportal.firstdata.eu/MerchantApiWeb/rest/secure/impersonation/user/devices/exportDeviceList, XLS, ,, 1, TheBatman","duration":1728,"startTime":1514870587345,"result":"SUCCESS"}]},{"number":26,"description":"Then verify exportDeviceListImpersonation response status \"200\" and \"\" and \"\" and \"\" and \"\" and \"\"","duration":281,"startTime":1514870589208,"result":"SUCCESS","children":[{"number":27,"description":"Verify Download file Response","duration":104,"startTime":1514870589339,"result":"SUCCESS"}]}]},{"number":28,"description":"[1] {report\u003dTC04, logindomain\u003d/MerchantApiWeb/authenticateUser, domainurl\u003d/MerchantApiWeb/rest/secure/impersonation/user/devices/exportDeviceList, status\u003derror, Message\u003dUsername does not exist, ErrorCode\u003dMPBE00004, userName\u003dTestAutomationFDP3, password\u003dPassword@1, allianceCode\u003dFDP, AuthErrMessage\u003d, Authaccessdenied\u003d, AuthErrCause\u003d, currency\u003d, userType\u003d, pageNumber\u003d1, accountStatus\u003d, profile\u003d, firstName\u003d, lastName\u003d, period\u003d, fileType\u003dtxt, delimiter\u003d,, pseudoUserName\u003dTest}","duration":2507,"startTime":1514870592672,"result":"SUCCESS","children":[{"number":29,"description":"Given load request for exportDeviceListImpersonation \"/MerchantApiWeb/authenticateUser\" and \"/MerchantApiWeb/rest/secure/impersonation/user/devices/exportDeviceList\" and \"TC04\" and \"TestAutomationFDP3\" and \"Password@1\" and \"FDP\"","duration":1243,"startTime":1514870592737,"result":"SUCCESS","children":[{"number":30,"description":"Loadgetrequestdata: https://uat1.merchantportal.firstdata.eu/MerchantApiWeb/authenticateUser","duration":1,"startTime":1514870592807,"result":"SUCCESS"},{"number":31,"description":"Postrequest authenticate user: https://uat1.merchantportal.firstdata.eu/MerchantApiWeb/authenticateUser, TestAutomationFDP3, Password@1, FDP","duration":1136,"startTime":1514870592809,"result":"SUCCESS"},{"number":32,"description":"Loadgetrequestdata export download: https://uat1.merchantportal.firstdata.eu/MerchantApiWeb/rest/secure/impersonation/user/devices/exportDeviceList","duration":0,"startTime":1514870593956,"result":"SUCCESS"}]},{"number":33,"description":"When post get request for exportDeviceListImpersonation \"txt\" and \",\" and \"1\" and \"Test\"","duration":944,"startTime":1514870593980,"result":"SUCCESS","children":[{"number":34,"description":"Post GET request export device list impersonation: https://uat1.merchantportal.firstdata.eu/MerchantApiWeb/rest/secure/impersonation/user/devices/exportDeviceList, txt, ,, 1, Test","duration":878,"startTime":1514870593996,"result":"SUCCESS"}]},{"number":35,"description":"Then verify exportDeviceListImpersonation response status \"error\" and \"MPBE00004\" and \"Username does not exist\" and \"\" and \"\" and \"\"","duration":254,"startTime":1514870594925,"result":"SUCCESS","children":[{"number":36,"description":"Verify Download file Response","duration":96,"startTime":1514870594937,"result":"SUCCESS"}]}]}],"userStory":{"id":"merchant-portal-application-api-validation","storyName":"Merchant Portal application API validation","path":"APIupdate.feature","type":"feature"},"featureTag":{"name":"Merchant Portal application API validation","type":"feature"},"title":"Verify the api retrieves the details of the device list in the specified file format for the impersonated user","description":"","tags":[{"name":"exportDeviceListImpersonation","type":"tag"}],"startTime":1514870569532,"duration":25647,"dataTable":{"headers":["report","logindomain","domainurl","status","Message","ErrorCode","userName","password","allianceCode","AuthErrMessage","Authaccessdenied","AuthErrCause","currency","userType","pageNumber","accountStatus","profile","firstName","lastName","period","fileType","delimiter","pseudoUserName"],"rows":[{"values":["TC01","/MerchantApiWeb/authenticateUser","/MerchantApiWeb/rest/secure/impersonation/user/devices/exportDeviceList","200","","","TestAutomationFDP3","Password@1","FDP","","","","","","1","","","","","","CSV",",","TheBatman"],"result":"SUCCESS"},{"values":["TC02","/MerchantApiWeb/authenticateUser","/MerchantApiWeb/rest/secure/impersonation/user/devices/exportDeviceList","200","","","TestAutomationFDP3","Password@1","FDP","","","","","","1","","","","","","XML",",","TheBatman"],"result":"SUCCESS"},{"values":["TC03","/MerchantApiWeb/authenticateUser","/MerchantApiWeb/rest/secure/impersonation/user/devices/exportDeviceList","200","","","TestAutomationFDP3","Password@1","FDP","","","","","","1","","","","","","XLS",",","TheBatman"],"result":"SUCCESS"},{"values":["TC04","/MerchantApiWeb/authenticateUser","/MerchantApiWeb/rest/secure/impersonation/user/devices/exportDeviceList","error","Username does not exist","MPBE00004","TestAutomationFDP3","Password@1","FDP","","","","","","1","","","","","","txt",",","Test"],"result":"SUCCESS"}],"predefinedRows":true,"dataSetDescriptors":[{"startRow":0,"rowCount":0,"name":"","description":""}]},"manual":false,"testSource":"Cucumber","result":"SUCCESS"}