{"name":"Verify the api retrieves the details of the Fee and Vat","testSteps":[{"number":1,"description":"[1] {report\u003dTC01, logindomain\u003d/MerchantApiWeb/authenticateUser, domainurl\u003d/MerchantApiWeb/rest/secure/user/financialData/funding/getFeeAndVatDetails, status\u003dsuccess, Message\u003d, ErrorCode\u003d, userName\u003dDemoAccount1, password\u003dPassword@1, allianceCode\u003dEMS, AuthErrMessage\u003d, Authaccessdenied\u003d, AuthErrCause\u003d, currency\u003dPLN, userType\u003d, pageNumber\u003d, accountStatus\u003d, profile\u003d, firstName\u003d, lastName\u003d, period\u003d, fromDate\u003d2016-11-02, toDate\u003d2017-11-02, invoiceId\u003d4723680, gsmTopUpFromDate\u003d2016-11-02, gsmTopUpToDate\u003d2017-11-02, invoiceLineItemId\u003d, fundId\u003d5121421, merchId\u003d65902182}","duration":5755,"startTime":1514871300804,"result":"SUCCESS","children":[{"number":2,"description":"Given load request for getFeeAndVatDetails \"/MerchantApiWeb/authenticateUser\" and \"/MerchantApiWeb/rest/secure/user/financialData/funding/getFeeAndVatDetails\" and \"TC01\" and \"DemoAccount1\" and \"Password@1\" and \"EMS\"","duration":3913,"startTime":1514871300839,"result":"SUCCESS","children":[{"number":3,"description":"Loadgetrequestdata: https://uat1.merchantportal.firstdata.eu/MerchantApiWeb/authenticateUser","duration":1,"startTime":1514871300983,"result":"SUCCESS"},{"number":4,"description":"Postrequest authenticate user: https://uat1.merchantportal.firstdata.eu/MerchantApiWeb/authenticateUser, DemoAccount1, Password@1, EMS","duration":3733,"startTime":1514871300987,"result":"SUCCESS"},{"number":5,"description":"Loadgetrequestdata uniqueauthentication: https://uat1.merchantportal.firstdata.eu/MerchantApiWeb/rest/secure/user/financialData/funding/getFeeAndVatDetails","duration":0,"startTime":1514871304729,"result":"SUCCESS"}]},{"number":6,"description":"When post get request for getFeeAndVatDetails \"5121421\" and \"65902182\"","duration":1681,"startTime":1514871304753,"result":"SUCCESS","children":[{"number":7,"description":"Post GET request get fee and vat details: https://uat1.merchantportal.firstdata.eu/MerchantApiWeb/rest/secure/user/financialData/funding/getFeeAndVatDetails, 5121421, 65902182","duration":1625,"startTime":1514871304763,"result":"SUCCESS"}]},{"number":8,"description":"Then verify getFeeAndVatDetails response status \"success\" and \"\" and \"\" and \"\" and \"\" and \"\"","duration":125,"startTime":1514871306434,"result":"SUCCESS","children":[{"number":9,"description":"Verify Response","duration":57,"startTime":1514871306446,"result":"SUCCESS"}]}]},{"number":10,"description":"[1] {report\u003dTC02, logindomain\u003d/MerchantApiWeb/authenticateUser, domainurl\u003d/MerchantApiWeb/rest/secure/user/financialData/funding/getFeeAndVatDetails, status\u003derror, Message\u003dFund Id is required, ErrorCode\u003dMPVE00086, userName\u003dDemoAccount1, password\u003dPassword@1, allianceCode\u003dEMS, AuthErrMessage\u003d, Authaccessdenied\u003d, AuthErrCause\u003d, currency\u003dPLN, userType\u003d, pageNumber\u003d, accountStatus\u003d, profile\u003d, firstName\u003d, lastName\u003d, period\u003d, fromDate\u003d2016-11-02, toDate\u003d2017-11-02, invoiceId\u003d4723680, gsmTopUpFromDate\u003d2016-11-02, gsmTopUpToDate\u003d2017-11-02, invoiceLineItemId\u003d, fundId\u003d, merchId\u003d65902182}","duration":2465,"startTime":1514871310114,"result":"SUCCESS","children":[{"number":11,"description":"Given load request for getFeeAndVatDetails \"/MerchantApiWeb/authenticateUser\" and \"/MerchantApiWeb/rest/secure/user/financialData/funding/getFeeAndVatDetails\" and \"TC02\" and \"DemoAccount1\" and \"Password@1\" and \"EMS\"","duration":1245,"startTime":1514871310127,"result":"SUCCESS","children":[{"number":12,"description":"Loadgetrequestdata: https://uat1.merchantportal.firstdata.eu/MerchantApiWeb/authenticateUser","duration":0,"startTime":1514871310192,"result":"SUCCESS"},{"number":13,"description":"Postrequest authenticate user: https://uat1.merchantportal.firstdata.eu/MerchantApiWeb/authenticateUser, DemoAccount1, Password@1, EMS","duration":1153,"startTime":1514871310193,"result":"SUCCESS"},{"number":14,"description":"Loadgetrequestdata uniqueauthentication: https://uat1.merchantportal.firstdata.eu/MerchantApiWeb/rest/secure/user/financialData/funding/getFeeAndVatDetails","duration":0,"startTime":1514871311353,"result":"SUCCESS"}]},{"number":15,"description":"When post get request for getFeeAndVatDetails \"\" and \"65902182\"","duration":1028,"startTime":1514871311373,"result":"SUCCESS","children":[{"number":16,"description":"Post GET request get fee and vat details: https://uat1.merchantportal.firstdata.eu/MerchantApiWeb/rest/secure/user/financialData/funding/getFeeAndVatDetails, , 65902182","duration":972,"startTime":1514871311384,"result":"SUCCESS"}]},{"number":17,"description":"Then verify getFeeAndVatDetails response status \"error\" and \"MPVE00086\" and \"Fund Id is required\" and \"\" and \"\" and \"\"","duration":177,"startTime":1514871312402,"result":"SUCCESS","children":[{"number":18,"description":"Verify Response","duration":49,"startTime":1514871312413,"result":"SUCCESS"}]}]}],"userStory":{"id":"merchant-portal-application-api-validation","storyName":"Merchant Portal application API validation","path":"APIupdate.feature","type":"feature"},"featureTag":{"name":"Merchant Portal application API validation","type":"feature"},"title":"Verify the api retrieves the details of the Fee and Vat","description":"","tags":[{"name":"getFeeAndVatDetails","type":"tag"}],"startTime":1514871300804,"duration":11775,"dataTable":{"headers":["report","logindomain","domainurl","status","Message","ErrorCode","userName","password","allianceCode","AuthErrMessage","Authaccessdenied","AuthErrCause","currency","userType","pageNumber","accountStatus","profile","firstName","lastName","period","fromDate","toDate","invoiceId","gsmTopUpFromDate","gsmTopUpToDate","invoiceLineItemId","fundId","merchId"],"rows":[{"values":["TC01","/MerchantApiWeb/authenticateUser","/MerchantApiWeb/rest/secure/user/financialData/funding/getFeeAndVatDetails","success","","","DemoAccount1","Password@1","EMS","","","","PLN","","","","","","","","2016-11-02","2017-11-02","4723680","2016-11-02","2017-11-02","","5121421","65902182"],"result":"SUCCESS"},{"values":["TC02","/MerchantApiWeb/authenticateUser","/MerchantApiWeb/rest/secure/user/financialData/funding/getFeeAndVatDetails","error","Fund Id is required","MPVE00086","DemoAccount1","Password@1","EMS","","","","PLN","","","","","","","","2016-11-02","2017-11-02","4723680","2016-11-02","2017-11-02","","","65902182"],"result":"SUCCESS"}],"predefinedRows":true,"dataSetDescriptors":[{"startRow":0,"rowCount":0,"name":"","description":""}]},"manual":false,"testSource":"Cucumber","result":"SUCCESS"}