{"name":"Verify the api retrieves the details of the device list","testSteps":[{"number":1,"description":"[1] {report\u003dTC01, logindomain\u003d/MerchantApiWeb/authenticateUser, domainurl\u003d/MerchantApiWeb/rest/secure/user/devices/getDeviceList, status\u003dsuccess, Message\u003d, ErrorCode\u003d, userName\u003dTheBatman, password\u003dPass123!, allianceCode\u003dFDP, AuthErrMessage\u003d, Authaccessdenied\u003d, AuthErrCause\u003d, currency\u003d, userType\u003d, pageNumber\u003d, accountStatus\u003d, profile\u003d, firstName\u003d, lastName\u003d, itrcount\u003d, validateuserName\u003d, pseudoUserName\u003d, merchId\u003d, messageId\u003d, terminalBatchNumId\u003d, reasonForBlock\u003d, blockusername\u003d, fromDate\u003d, toDate\u003d}","duration":24632,"startTime":1512037333288,"result":"SUCCESS","children":[{"number":2,"description":"Given load request for getDeviceList \"/MerchantApiWeb/authenticateUser\" and \"/MerchantApiWeb/rest/secure/user/devices/getDeviceList\" and \"TC01\" and \"TheBatman\" and \"Pass123!\" and \"FDP\"","duration":13114,"startTime":1512037333299,"result":"SUCCESS","children":[{"number":3,"description":"Loadgetrequestdata: https://uat1.merchantportal.firstdata.eu/MerchantApiWeb/authenticateUser","duration":0,"startTime":1512037333380,"result":"SUCCESS"},{"number":4,"description":"Postrequest authenticate user: https://uat1.merchantportal.firstdata.eu/MerchantApiWeb/authenticateUser, TheBatman, Pass123!, FDP","duration":13001,"startTime":1512037333381,"result":"SUCCESS"},{"number":5,"description":"Loadgetrequestdata uniqueauthentication: https://uat1.merchantportal.firstdata.eu/MerchantApiWeb/rest/secure/user/devices/getDeviceList","duration":0,"startTime":1512037346391,"result":"SUCCESS"}]},{"number":6,"description":"When post get request for getDeviceList","duration":11334,"startTime":1512037346413,"result":"SUCCESS","children":[{"number":7,"description":"Post GET request get device list: https://uat1.merchantportal.firstdata.eu/MerchantApiWeb/rest/secure/user/devices/getDeviceList","duration":11253,"startTime":1512037346425,"result":"SUCCESS"}]},{"number":8,"description":"Then verify getDeviceList response status \"success\" and \"\" and \"\" and \"\" and \"\" and \"\"","duration":173,"startTime":1512037357747,"result":"SUCCESS","children":[{"number":9,"description":"Verify Response","duration":105,"startTime":1512037357760,"result":"SUCCESS"}]}]}],"userStory":{"id":"merchant-portal-application-api-validation","storyName":"Merchant Portal application API validation","path":"Testupdate.feature","type":"feature"},"featureTag":{"name":"Merchant Portal application API validation","type":"feature"},"title":"Verify the api retrieves the details of the device list","description":"","tags":[{"name":"getDeviceList","type":"tag"}],"startTime":1512037333288,"duration":24632,"dataTable":{"headers":["report","logindomain","domainurl","status","Message","ErrorCode","userName","password","allianceCode","AuthErrMessage","Authaccessdenied","AuthErrCause","currency","userType","pageNumber","accountStatus","profile","firstName","lastName","itrcount","validateuserName","pseudoUserName","merchId","messageId","terminalBatchNumId","reasonForBlock","blockusername","fromDate","toDate"],"rows":[{"values":["TC01","/MerchantApiWeb/authenticateUser","/MerchantApiWeb/rest/secure/user/devices/getDeviceList","success","","","TheBatman","Pass123!","FDP","","","","","","","","","","","","","","","","","","","",""],"result":"SUCCESS"}],"predefinedRows":true,"dataSetDescriptors":[{"startRow":0,"rowCount":0,"name":"","description":""}]},"manual":false,"testSource":"Cucumber","result":"SUCCESS"}