{"name":"Verify the api downloads all the attachments of a message","testSteps":[{"number":1,"description":"[1] {report\u003dTC01, logindomain\u003d/MerchantApiWeb/authenticateUser, domainurl\u003d/MerchantApiWeb/rest/secure/user/message/download/downloadAllMessageAttachments, status\u003dsuccess, Message\u003d, ErrorCode\u003d, userName\u003dTestAutomation22, password\u003dPassword@1, allianceCode\u003dEMS, AuthErrMessage\u003d, Authaccessdenied\u003d, AuthErrCause\u003d, currency\u003d, userType\u003d, pageNumber\u003d, accountStatus\u003d, profile\u003d, firstName\u003d, lastName\u003d, period\u003d, fromDate\u003d, toDate\u003d, invoiceId\u003d, gsmTopUpFromDate\u003d, gsmTopUpToDate\u003d, messageId\u003d1023862, attachmentId\u003d, fileType\u003dzip}","duration":4214,"startTime":1514872068994,"result":"SUCCESS","children":[{"number":2,"description":"Given load request for downloadAllMessageAttachments \"/MerchantApiWeb/authenticateUser\" and \"/MerchantApiWeb/rest/secure/user/message/download/downloadAllMessageAttachments\" and \"TC01\" and \"TestAutomation22\" and \"Password@1\" and \"EMS\"","duration":1311,"startTime":1514872069006,"result":"SUCCESS","children":[{"number":3,"description":"Loadgetrequestdata: https://uat1.merchantportal.firstdata.eu/MerchantApiWeb/authenticateUser","duration":0,"startTime":1514872069101,"result":"SUCCESS"},{"number":4,"description":"Postrequest authenticate user: https://uat1.merchantportal.firstdata.eu/MerchantApiWeb/authenticateUser, TestAutomation22, Password@1, EMS","duration":1183,"startTime":1514872069102,"result":"SUCCESS"},{"number":5,"description":"Loadgetrequestdata export download: https://uat1.merchantportal.firstdata.eu/MerchantApiWeb/rest/secure/user/message/download/downloadAllMessageAttachments","duration":1,"startTime":1514872070293,"result":"SUCCESS"}]},{"number":6,"description":"When post get request for downloadAllMessageAttachments \"1023862\" and \"zip\"","duration":2679,"startTime":1514872070318,"result":"SUCCESS","children":[{"number":7,"description":"Post GET request download all message attachments: https://uat1.merchantportal.firstdata.eu/MerchantApiWeb/rest/secure/user/message/download/downloadAllMessageAttachments, 1023862, zip","duration":2595,"startTime":1514872070331,"result":"SUCCESS"}]},{"number":8,"description":"Then verify downloadAllMessageAttachments response status \"success\" and \"\" and \"\" and \"\" and \"\" and \"\"","duration":210,"startTime":1514872072998,"result":"SUCCESS","children":[{"number":9,"description":"Verify Download file Response","duration":134,"startTime":1514872073012,"result":"SUCCESS"}]}]},{"number":10,"description":"[1] {report\u003dTC02, logindomain\u003d/MerchantApiWeb/authenticateUser, domainurl\u003d/MerchantApiWeb/rest/secure/user/message/download/downloadAllMessageAttachments, status\u003derror, Message\u003dMessage Id can\u0027t be empty, ErrorCode\u003dMPVE00026, userName\u003dTestAutomation22, password\u003dPassword@1, allianceCode\u003dEMS, AuthErrMessage\u003d, Authaccessdenied\u003d, AuthErrCause\u003d, currency\u003d, userType\u003d, pageNumber\u003d, accountStatus\u003d, profile\u003d, firstName\u003d, lastName\u003d, period\u003d, fromDate\u003d, toDate\u003d, invoiceId\u003d, gsmTopUpFromDate\u003d, gsmTopUpToDate\u003d, messageId\u003d, attachmentId\u003d, fileType\u003dzip}","duration":2424,"startTime":1514872078272,"result":"SUCCESS","children":[{"number":11,"description":"Given load request for downloadAllMessageAttachments \"/MerchantApiWeb/authenticateUser\" and \"/MerchantApiWeb/rest/secure/user/message/download/downloadAllMessageAttachments\" and \"TC02\" and \"TestAutomation22\" and \"Password@1\" and \"EMS\"","duration":1225,"startTime":1514872078286,"result":"SUCCESS","children":[{"number":12,"description":"Loadgetrequestdata: https://uat1.merchantportal.firstdata.eu/MerchantApiWeb/authenticateUser","duration":0,"startTime":1514872078362,"result":"SUCCESS"},{"number":13,"description":"Postrequest authenticate user: https://uat1.merchantportal.firstdata.eu/MerchantApiWeb/authenticateUser, TestAutomation22, Password@1, EMS","duration":1101,"startTime":1514872078363,"result":"SUCCESS"},{"number":14,"description":"Loadgetrequestdata export download: https://uat1.merchantportal.firstdata.eu/MerchantApiWeb/rest/secure/user/message/download/downloadAllMessageAttachments","duration":0,"startTime":1514872079478,"result":"SUCCESS"}]},{"number":15,"description":"When post get request for downloadAllMessageAttachments \"\" and \"zip\"","duration":905,"startTime":1514872079511,"result":"SUCCESS","children":[{"number":16,"description":"Post GET request download all message attachments: https://uat1.merchantportal.firstdata.eu/MerchantApiWeb/rest/secure/user/message/download/downloadAllMessageAttachments, , zip","duration":832,"startTime":1514872079528,"result":"SUCCESS"}]},{"number":17,"description":"Then verify downloadAllMessageAttachments response status \"error\" and \"MPVE00026\" and \"Message Id can\u0027t be empty\" and \"\" and \"\" and \"\"","duration":279,"startTime":1514872080417,"result":"SUCCESS","children":[{"number":18,"description":"Verify Download file Response","duration":111,"startTime":1514872080430,"result":"SUCCESS"}]}]},{"number":19,"description":"[1] {report\u003dTC03, logindomain\u003d/MerchantApiWeb/authenticateUser, domainurl\u003d/MerchantApiWeb/rest/secure/user/message/download/downloadAllMessageAttachments, status\u003derror, Message\u003dMessage id should be Integer, ErrorCode\u003dMPVE00033, userName\u003dTestAutomation22, password\u003dPassword@1, allianceCode\u003dEMS, AuthErrMessage\u003d, Authaccessdenied\u003d, AuthErrCause\u003d, currency\u003d, userType\u003d, pageNumber\u003d, accountStatus\u003d, profile\u003d, firstName\u003d, lastName\u003d, period\u003d, fromDate\u003d, toDate\u003d, invoiceId\u003d, gsmTopUpFromDate\u003d, gsmTopUpToDate\u003d, messageId\u003dasdasdasd, attachmentId\u003d, fileType\u003dzip}","duration":2576,"startTime":1514872086614,"result":"SUCCESS","children":[{"number":20,"description":"Given load request for downloadAllMessageAttachments \"/MerchantApiWeb/authenticateUser\" and \"/MerchantApiWeb/rest/secure/user/message/download/downloadAllMessageAttachments\" and \"TC03\" and \"TestAutomation22\" and \"Password@1\" and \"EMS\"","duration":1224,"startTime":1514872086633,"result":"SUCCESS","children":[{"number":21,"description":"Loadgetrequestdata: https://uat1.merchantportal.firstdata.eu/MerchantApiWeb/authenticateUser","duration":1,"startTime":1514872086747,"result":"SUCCESS"},{"number":22,"description":"Postrequest authenticate user: https://uat1.merchantportal.firstdata.eu/MerchantApiWeb/authenticateUser, TestAutomation22, Password@1, EMS","duration":1067,"startTime":1514872086748,"result":"SUCCESS"},{"number":23,"description":"Loadgetrequestdata export download: https://uat1.merchantportal.firstdata.eu/MerchantApiWeb/rest/secure/user/message/download/downloadAllMessageAttachments","duration":0,"startTime":1514872087824,"result":"SUCCESS"}]},{"number":24,"description":"When post get request for downloadAllMessageAttachments \"asdasdasd\" and \"zip\"","duration":949,"startTime":1514872087857,"result":"SUCCESS","children":[{"number":25,"description":"Post GET request download all message attachments: https://uat1.merchantportal.firstdata.eu/MerchantApiWeb/rest/secure/user/message/download/downloadAllMessageAttachments, asdasdasd, zip","duration":829,"startTime":1514872087884,"result":"SUCCESS"}]},{"number":26,"description":"Then verify downloadAllMessageAttachments response status \"error\" and \"MPVE00033\" and \"Message id should be Integer\" and \"\" and \"\" and \"\"","duration":383,"startTime":1514872088807,"result":"SUCCESS","children":[{"number":27,"description":"Verify Download file Response","duration":84,"startTime":1514872088845,"result":"SUCCESS"}]}]},{"number":28,"description":"[1] {report\u003dTC04, logindomain\u003d/MerchantApiWeb/authenticateUser, domainurl\u003d/MerchantApiWeb/rest/secure/user/message/download/downloadAllMessageAttachments, status\u003derror, Message\u003dMessage id should be Integer, ErrorCode\u003dMPVE00033, userName\u003dTestAutomation22, password\u003dPassword@1, allianceCode\u003dEMS, AuthErrMessage\u003d, Authaccessdenied\u003d, AuthErrCause\u003d, currency\u003d, userType\u003d, pageNumber\u003d, accountStatus\u003d, profile\u003d, firstName\u003d, lastName\u003d, period\u003d, fromDate\u003d, toDate\u003d, invoiceId\u003d, gsmTopUpFromDate\u003d, gsmTopUpToDate\u003d, messageId\u003d@#$%^##, attachmentId\u003d, fileType\u003dzip}","duration":2463,"startTime":1514872094522,"result":"SUCCESS","children":[{"number":29,"description":"Given load request for downloadAllMessageAttachments \"/MerchantApiWeb/authenticateUser\" and \"/MerchantApiWeb/rest/secure/user/message/download/downloadAllMessageAttachments\" and \"TC04\" and \"TestAutomation22\" and \"Password@1\" and \"EMS\"","duration":1123,"startTime":1514872094536,"result":"SUCCESS","children":[{"number":30,"description":"Loadgetrequestdata: https://uat1.merchantportal.firstdata.eu/MerchantApiWeb/authenticateUser","duration":1,"startTime":1514872094616,"result":"SUCCESS"},{"number":31,"description":"Postrequest authenticate user: https://uat1.merchantportal.firstdata.eu/MerchantApiWeb/authenticateUser, TestAutomation22, Password@1, EMS","duration":1008,"startTime":1514872094618,"result":"SUCCESS"},{"number":32,"description":"Loadgetrequestdata export download: https://uat1.merchantportal.firstdata.eu/MerchantApiWeb/rest/secure/user/message/download/downloadAllMessageAttachments","duration":0,"startTime":1514872095635,"result":"SUCCESS"}]},{"number":33,"description":"When post get request for downloadAllMessageAttachments \"@#$%^##\" and \"zip\"","duration":999,"startTime":1514872095659,"result":"SUCCESS","children":[{"number":34,"description":"Post GET request download all message attachments: https://uat1.merchantportal.firstdata.eu/MerchantApiWeb/rest/secure/user/message/download/downloadAllMessageAttachments, @#$%^##, zip","duration":802,"startTime":1514872095673,"result":"SUCCESS"}]},{"number":35,"description":"Then verify downloadAllMessageAttachments response status \"error\" and \"MPVE00033\" and \"Message id should be Integer\" and \"\" and \"\" and \"\"","duration":326,"startTime":1514872096659,"result":"SUCCESS","children":[{"number":36,"description":"Verify Download file Response","duration":83,"startTime":1514872096677,"result":"SUCCESS"}]}]},{"number":37,"description":"[1] {report\u003dTC05, logindomain\u003d/MerchantApiWeb/authenticateUser, domainurl\u003d/MerchantApiWeb/rest/secure/user/message/download/downloadAllMessageAttachments, status\u003derror, Message\u003dMessage id cant be more than 19 characters, ErrorCode\u003dMPVE00047, userName\u003dTestAutomation22, password\u003dPassword@1, allianceCode\u003dEMS, AuthErrMessage\u003d, Authaccessdenied\u003d, AuthErrCause\u003d, currency\u003d, userType\u003d, pageNumber\u003d, accountStatus\u003d, profile\u003d, firstName\u003d, lastName\u003d, period\u003d, fromDate\u003d, toDate\u003d, invoiceId\u003d, gsmTopUpFromDate\u003d, gsmTopUpToDate\u003d, messageId\u003d321654984561616213216516516551, attachmentId\u003d, fileType\u003dzip}","duration":2670,"startTime":1514872101899,"result":"SUCCESS","children":[{"number":38,"description":"Given load request for downloadAllMessageAttachments \"/MerchantApiWeb/authenticateUser\" and \"/MerchantApiWeb/rest/secure/user/message/download/downloadAllMessageAttachments\" and \"TC05\" and \"TestAutomation22\" and \"Password@1\" and \"EMS\"","duration":1357,"startTime":1514872101973,"result":"SUCCESS","children":[{"number":39,"description":"Loadgetrequestdata: https://uat1.merchantportal.firstdata.eu/MerchantApiWeb/authenticateUser","duration":0,"startTime":1514872102058,"result":"SUCCESS"},{"number":40,"description":"Postrequest authenticate user: https://uat1.merchantportal.firstdata.eu/MerchantApiWeb/authenticateUser, TestAutomation22, Password@1, EMS","duration":1225,"startTime":1514872102059,"result":"SUCCESS"},{"number":41,"description":"Loadgetrequestdata export download: https://uat1.merchantportal.firstdata.eu/MerchantApiWeb/rest/secure/user/message/download/downloadAllMessageAttachments","duration":1,"startTime":1514872103297,"result":"SUCCESS"}]},{"number":42,"description":"When post get request for downloadAllMessageAttachments \"321654984561616213216516516551\" and \"zip\"","duration":952,"startTime":1514872103330,"result":"SUCCESS","children":[{"number":43,"description":"Post GET request download all message attachments: https://uat1.merchantportal.firstdata.eu/MerchantApiWeb/rest/secure/user/message/download/downloadAllMessageAttachments, 321654984561616213216516516551, zip","duration":851,"startTime":1514872103349,"result":"SUCCESS"}]},{"number":44,"description":"Then verify downloadAllMessageAttachments response status \"error\" and \"MPVE00047\" and \"Message id cant be more than 19 characters\" and \"\" and \"\" and \"\"","duration":286,"startTime":1514872104283,"result":"SUCCESS","children":[{"number":45,"description":"Verify Download file Response","duration":65,"startTime":1514872104303,"result":"SUCCESS"}]}]}],"userStory":{"id":"merchant-portal-application-api-validation","storyName":"Merchant Portal application API validation","path":"APIupdate.feature","type":"feature"},"featureTag":{"name":"Merchant Portal application API validation","type":"feature"},"title":"Verify the api downloads all the attachments of a message","description":"","tags":[{"name":"downloadAllMessageAttachments","type":"tag"}],"startTime":1514872068994,"duration":35575,"dataTable":{"headers":["report","logindomain","domainurl","status","Message","ErrorCode","userName","password","allianceCode","AuthErrMessage","Authaccessdenied","AuthErrCause","currency","userType","pageNumber","accountStatus","profile","firstName","lastName","period","fromDate","toDate","invoiceId","gsmTopUpFromDate","gsmTopUpToDate","messageId","attachmentId","fileType"],"rows":[{"values":["TC01","/MerchantApiWeb/authenticateUser","/MerchantApiWeb/rest/secure/user/message/download/downloadAllMessageAttachments","success","","","TestAutomation22","Password@1","EMS","","","","","","","","","","","","","","","","","1023862","","zip"],"result":"SUCCESS"},{"values":["TC02","/MerchantApiWeb/authenticateUser","/MerchantApiWeb/rest/secure/user/message/download/downloadAllMessageAttachments","error","Message Id can\u0027t be empty","MPVE00026","TestAutomation22","Password@1","EMS","","","","","","","","","","","","","","","","","","","zip"],"result":"SUCCESS"},{"values":["TC03","/MerchantApiWeb/authenticateUser","/MerchantApiWeb/rest/secure/user/message/download/downloadAllMessageAttachments","error","Message id should be Integer","MPVE00033","TestAutomation22","Password@1","EMS","","","","","","","","","","","","","","","","","asdasdasd","","zip"],"result":"SUCCESS"},{"values":["TC04","/MerchantApiWeb/authenticateUser","/MerchantApiWeb/rest/secure/user/message/download/downloadAllMessageAttachments","error","Message id should be Integer","MPVE00033","TestAutomation22","Password@1","EMS","","","","","","","","","","","","","","","","","@#$%^##","","zip"],"result":"SUCCESS"},{"values":["TC05","/MerchantApiWeb/authenticateUser","/MerchantApiWeb/rest/secure/user/message/download/downloadAllMessageAttachments","error","Message id cant be more than 19 characters","MPVE00047","TestAutomation22","Password@1","EMS","","","","","","","","","","","","","","","","","321654984561616213216516516551","","zip"],"result":"SUCCESS"}],"predefinedRows":true,"dataSetDescriptors":[{"startRow":0,"rowCount":0,"name":"","description":""}]},"manual":false,"testSource":"Cucumber","result":"SUCCESS"}