{"name":"Verify the api updates the mobile number of the merchant","testSteps":[{"number":1,"description":"[1] {report\u003dTC01, logindomain\u003d/MerchantApiWeb/authenticateUser, domainurl\u003d/MerchantApiWeb/rest/registration/user/{encUserId}, Migrationanswersdomain\u003d/MerchantApiWeb/rest/user/register/answer, status\u003dsuccess, Message\u003d, ErrorCode\u003d, userName\u003dTestAutomation11, password\u003dPassword@1, allianceCode\u003dEMS, AuthErrMessage\u003d, Authaccessdenied\u003d, AuthErrCause\u003d, currency\u003dEUR, userType\u003d, pageNumber\u003d1, accountStatus\u003d, profile\u003d, firstName\u003d, lastName\u003d, period\u003d, fromDate\u003d2016-11-02, toDate\u003d2017-11-02, invoiceId\u003d4723680, gsmTopUpFromDate\u003d, gsmTopUpToDate\u003d, invoiceLineItemId\u003d, fundId\u003d5121421, merchId\u003d65902182, fundDate\u003d2017-11-15, clearingId\u003d69436340, refundallianceCode\u003d, encUserId\u003d65716e4442784b6841377052485878346142345843673d3d, mobileNumber\u003d919487078275, answer1\u003d1234, answer2\u003d12ab, answer3\u003d1234}","duration":5772,"startTime":1514871572284,"result":"SUCCESS","children":[{"number":2,"description":"Given load request for UpdateMobileNumber \"/MerchantApiWeb/authenticateUser\" and \"/MerchantApiWeb/rest/registration/user/{encUserId}\" and \"TC01\" and \"TestAutomation11\" and \"Password@1\" and \"EMS\" and \"/MerchantApiWeb/rest/user/register/answer\" and \"65716e4442784b6841377052485878346142345843673d3d\" and \"1234\" and \"12ab\" and \"1234\"","duration":4479,"startTime":1514871572320,"result":"SUCCESS","children":[{"number":3,"description":"Loadgetrequestdata: https://uat1.merchantportal.firstdata.eu/MerchantApiWeb/authenticateUser","duration":1,"startTime":1514871572485,"result":"SUCCESS"},{"number":4,"description":"Postrequest authenticate user: https://uat1.merchantportal.firstdata.eu/MerchantApiWeb/authenticateUser, TestAutomation11, Password@1, EMS","duration":3152,"startTime":1514871572488,"result":"SUCCESS"},{"number":5,"description":"Loadgetrequestdata requestwithbody: https://uat1.merchantportal.firstdata.eu/MerchantApiWeb/rest/user/register/answer","duration":0,"startTime":1514871575649,"result":"SUCCESS"},{"number":6,"description":"Postrequest  validate migration answers: https://uat1.merchantportal.firstdata.eu/MerchantApiWeb/rest/user/register/answer, 65716e4442784b6841377052485878346142345843673d3d, 1234, 12ab, 1234","duration":1097,"startTime":1514871575650,"result":"SUCCESS"},{"number":7,"description":"Loadgetrequestdata requestwithbody: https://uat1.merchantportal.firstdata.eu/MerchantApiWeb/rest/registration/user/{encUserId}","duration":1,"startTime":1514871576760,"result":"SUCCESS"}]},{"number":8,"description":"When post put request for UpdateMobileNumber \"65716e4442784b6841377052485878346142345843673d3d\" and \"919487078275\"","duration":1024,"startTime":1514871576799,"result":"SUCCESS","children":[{"number":9,"description":"Postrequest  update mobile number: https://uat1.merchantportal.firstdata.eu/MerchantApiWeb/rest/registration/user/{encUserId}, 65716e4442784b6841377052485878346142345843673d3d, 919487078275","duration":853,"startTime":1514871576827,"result":"SUCCESS"}]},{"number":10,"description":"Then verify UpdateMobileNumber response status \"success\" and \"\" and \"\" and \"\" and \"\" and \"\"","duration":233,"startTime":1514871577823,"result":"SUCCESS","children":[{"number":11,"description":"Verify Response","duration":113,"startTime":1514871577889,"result":"SUCCESS"}]}]},{"number":12,"description":"[1] {report\u003dTC02, logindomain\u003d/MerchantApiWeb/authenticateUser, domainurl\u003d/MerchantApiWeb/rest/registration/user/{encUserId}, Migrationanswersdomain\u003d/MerchantApiWeb/rest/user/register/answer, status\u003derror, Message\u003dMobile number can\u0027t be empty, ErrorCode\u003dMPVE00017, userName\u003dTestAutomation11, password\u003dPassword@1, allianceCode\u003dEMS, AuthErrMessage\u003d, Authaccessdenied\u003d, AuthErrCause\u003d, currency\u003dEUR, userType\u003d, pageNumber\u003d1, accountStatus\u003d, profile\u003d, firstName\u003d, lastName\u003d, period\u003d, fromDate\u003d20161102, toDate\u003d2017-11-02, invoiceId\u003d4723680, gsmTopUpFromDate\u003d, gsmTopUpToDate\u003d, invoiceLineItemId\u003d, fundId\u003d5121421, merchId\u003d65902182, fundDate\u003d20171115, clearingId\u003d69436340, refundallianceCode\u003d, encUserId\u003d65716e4442784b6841377052485878346142345843673d3d, mobileNumber\u003d, answer1\u003d1234, answer2\u003d12ab, answer3\u003d1234}","duration":3553,"startTime":1514871581799,"result":"SUCCESS","children":[{"number":13,"description":"Given load request for UpdateMobileNumber \"/MerchantApiWeb/authenticateUser\" and \"/MerchantApiWeb/rest/registration/user/{encUserId}\" and \"TC02\" and \"TestAutomation11\" and \"Password@1\" and \"EMS\" and \"/MerchantApiWeb/rest/user/register/answer\" and \"65716e4442784b6841377052485878346142345843673d3d\" and \"1234\" and \"12ab\" and \"1234\"","duration":2091,"startTime":1514871581817,"result":"SUCCESS","children":[{"number":14,"description":"Loadgetrequestdata: https://uat1.merchantportal.firstdata.eu/MerchantApiWeb/authenticateUser","duration":1,"startTime":1514871581884,"result":"SUCCESS"},{"number":15,"description":"Postrequest authenticate user: https://uat1.merchantportal.firstdata.eu/MerchantApiWeb/authenticateUser, TestAutomation11, Password@1, EMS","duration":1088,"startTime":1514871581886,"result":"SUCCESS"},{"number":16,"description":"Loadgetrequestdata requestwithbody: https://uat1.merchantportal.firstdata.eu/MerchantApiWeb/rest/user/register/answer","duration":1,"startTime":1514871582983,"result":"SUCCESS"},{"number":17,"description":"Postrequest  validate migration answers: https://uat1.merchantportal.firstdata.eu/MerchantApiWeb/rest/user/register/answer, 65716e4442784b6841377052485878346142345843673d3d, 1234, 12ab, 1234","duration":874,"startTime":1514871582985,"result":"SUCCESS"},{"number":18,"description":"Loadgetrequestdata requestwithbody: https://uat1.merchantportal.firstdata.eu/MerchantApiWeb/rest/registration/user/{encUserId}","duration":0,"startTime":1514871583888,"result":"SUCCESS"}]},{"number":19,"description":"When post put request for UpdateMobileNumber \"65716e4442784b6841377052485878346142345843673d3d\" and \"\"","duration":1123,"startTime":1514871583909,"result":"SUCCESS","children":[{"number":20,"description":"Postrequest  update mobile number: https://uat1.merchantportal.firstdata.eu/MerchantApiWeb/rest/registration/user/{encUserId}, 65716e4442784b6841377052485878346142345843673d3d, ","duration":972,"startTime":1514871583978,"result":"SUCCESS"}]},{"number":21,"description":"Then verify UpdateMobileNumber response status \"error\" and \"MPVE00017\" and \"Mobile number can\u0027t be empty\" and \"\" and \"\" and \"\"","duration":319,"startTime":1514871585032,"result":"SUCCESS","children":[{"number":22,"description":"Verify Response","duration":57,"startTime":1514871585049,"result":"SUCCESS"}]}]}],"userStory":{"id":"merchant-portal-application-api-validation","storyName":"Merchant Portal application API validation","path":"APIupdate.feature","type":"feature"},"featureTag":{"name":"Merchant Portal application API validation","type":"feature"},"title":"Verify the api updates the mobile number of the merchant","description":"","tags":[{"name":"UpdateMobileNumber","type":"tag"}],"startTime":1514871572283,"duration":13069,"dataTable":{"headers":["report","logindomain","domainurl","Migrationanswersdomain","status","Message","ErrorCode","userName","password","allianceCode","AuthErrMessage","Authaccessdenied","AuthErrCause","currency","userType","pageNumber","accountStatus","profile","firstName","lastName","period","fromDate","toDate","invoiceId","gsmTopUpFromDate","gsmTopUpToDate","invoiceLineItemId","fundId","merchId","fundDate","clearingId","refundallianceCode","encUserId","mobileNumber","answer1","answer2","answer3"],"rows":[{"values":["TC01","/MerchantApiWeb/authenticateUser","/MerchantApiWeb/rest/registration/user/{encUserId}","/MerchantApiWeb/rest/user/register/answer","success","","","TestAutomation11","Password@1","EMS","","","","EUR","","1","","","","","","2016-11-02","2017-11-02","4723680","","","","5121421","65902182","2017-11-15","69436340","","65716e4442784b6841377052485878346142345843673d3d","919487078275","1234","12ab","1234"],"result":"SUCCESS"},{"values":["TC02","/MerchantApiWeb/authenticateUser","/MerchantApiWeb/rest/registration/user/{encUserId}","/MerchantApiWeb/rest/user/register/answer","error","Mobile number can\u0027t be empty","MPVE00017","TestAutomation11","Password@1","EMS","","","","EUR","","1","","","","","","20161102","2017-11-02","4723680","","","","5121421","65902182","20171115","69436340","","65716e4442784b6841377052485878346142345843673d3d","","1234","12ab","1234"],"result":"SUCCESS"}],"predefinedRows":true,"dataSetDescriptors":[{"startRow":0,"rowCount":0,"name":"","description":""}]},"manual":false,"testSource":"Cucumber","result":"SUCCESS"}