{"name":"Verify the api invalidate the current session","testSteps":[{"number":1,"description":"[1] {report\u003dTC01, logindomain\u003d/MerchantApiWeb/authenticateUser, domainurl\u003d/MerchantApiWeb/rest/invalidateSession, status\u003dsuccess, Message\u003d, ErrorCode\u003d, userName\u003dTestAutomation22, password\u003dPassword@1, allianceCode\u003dEMS, AuthErrMessage\u003d, Authaccessdenied\u003d, AuthErrCause\u003d, currency\u003d, userType\u003d, pageNumber\u003d, accountStatus\u003d, profile\u003d, firstName\u003d, lastName\u003d}","duration":2326,"startTime":1514871172351,"result":"SUCCESS","children":[{"number":2,"description":"Given load request for invalidateSession \"/MerchantApiWeb/authenticateUser\" and \"TestAutomation22\" and \"Password@1\" and \"EMS\" and \"/MerchantApiWeb/rest/invalidateSession\" and \"TC01\"","duration":1360,"startTime":1514871172396,"result":"SUCCESS","children":[{"number":3,"description":"Loadgetrequestdata: https://uat1.merchantportal.firstdata.eu/MerchantApiWeb/authenticateUser","duration":1,"startTime":1514871172608,"result":"SUCCESS"},{"number":4,"description":"Postrequest authenticate user: https://uat1.merchantportal.firstdata.eu/MerchantApiWeb/authenticateUser, TestAutomation22, Password@1, EMS","duration":1109,"startTime":1514871172610,"result":"SUCCESS"},{"number":5,"description":"Loadgetrequestdata uniqueauthentication: https://uat1.merchantportal.firstdata.eu/MerchantApiWeb/rest/invalidateSession","duration":0,"startTime":1514871173727,"result":"SUCCESS"}]},{"number":6,"description":"When post request for invalidateSession \"EMS\"","duration":889,"startTime":1514871173756,"result":"SUCCESS","children":[{"number":7,"description":"Postrequest invalidate session: https://uat1.merchantportal.firstdata.eu/MerchantApiWeb/rest/invalidateSession, EMS","duration":824,"startTime":1514871173773,"result":"SUCCESS"}]},{"number":8,"description":"Then verify invalidateSession response status \"success\" and \"\" and \"\" and \"\" and \"\" and \"\"","duration":31,"startTime":1514871174646,"exception":{"errorType":"java.lang.AssertionError","message":"expected:\u003c[error]\u003e but was:\u003c[success]\u003e","stackTrace":[{"declaringClass":"api.ValidateRequest","methodName":"verifyresponse","fileName":"ValidateRequest.java","lineNumber":312},{"declaringClass":"stepdefinitions.Apidefinitions","methodName":"verify_invalidateSession_response","fileName":"Apidefinitions.java","lineNumber":8238},{"declaringClass":"✽","methodName":"Then verify invalidateSession response status \"success\" and \"\" and \"\" and \"\" and \"\" and \"\"","fileName":"APIupdate.feature","lineNumber":1488}]},"result":"FAILURE","children":[{"number":9,"description":"Verify Response","duration":20,"startTime":1514871174656,"exception":{"errorType":"org.junit.ComparisonFailure","message":"expected:\u003c[error]\u003e but was:\u003c[success]\u003e","stackTrace":[{"declaringClass":"api.ValidateRequest","methodName":"verifyresponse","fileName":"ValidateRequest.java","lineNumber":312},{"declaringClass":"stepdefinitions.Apidefinitions","methodName":"verify_invalidateSession_response","fileName":"Apidefinitions.java","lineNumber":8238}]},"result":"FAILURE"}]}]}],"userStory":{"id":"merchant-portal-application-api-validation","storyName":"Merchant Portal application API validation","path":"APIupdate.feature","type":"feature"},"featureTag":{"name":"Merchant Portal application API validation","type":"feature"},"title":"Verify the api invalidate the current session","description":"","tags":[{"name":"invalidateSession","type":"tag"}],"startTime":1514871172351,"duration":2326,"testFailureCause":{"errorType":"org.junit.ComparisonFailure","message":"expected:\u003c[error]\u003e but was:\u003c[success]\u003e","stackTrace":[{"declaringClass":"api.ValidateRequest","methodName":"verifyresponse","fileName":"ValidateRequest.java","lineNumber":312},{"declaringClass":"stepdefinitions.Apidefinitions","methodName":"verify_invalidateSession_response","fileName":"Apidefinitions.java","lineNumber":8238}]},"testFailureClassname":"java.lang.AssertionError","testFailureMessage":"expected:\u003c[error]\u003e but was:\u003c[success]\u003e\r\nexpected:\u003c[error]\u003e but was:\u003c[success]\u003e","annotatedResult":"FAILURE","dataTable":{"headers":["report","logindomain","domainurl","status","Message","ErrorCode","userName","password","allianceCode","AuthErrMessage","Authaccessdenied","AuthErrCause","currency","userType","pageNumber","accountStatus","profile","firstName","lastName"],"rows":[{"values":["TC01","/MerchantApiWeb/authenticateUser","/MerchantApiWeb/rest/invalidateSession","success","","","TestAutomation22","Password@1","EMS","","","","","","","","","",""],"result":"FAILURE"}],"predefinedRows":true,"dataSetDescriptors":[{"startRow":0,"rowCount":0,"name":"","description":""}]},"manual":false,"testSource":"Cucumber","result":"FAILURE"}