{"name":"Verify the api retrieves the list of the GSM topup","testSteps":[{"number":1,"description":"[1] {report\u003dTC01, logindomain\u003d/MerchantApiWeb/authenticateUser, domainurl\u003d/MerchantApiWeb/rest/secure/user/financialData/gsm/getGsmTopUpList, status\u003dsuccess, Message\u003d, ErrorCode\u003d, userName\u003dTheBatman, password\u003dPass123!, allianceCode\u003dFDP, AuthErrMessage\u003d, Authaccessdenied\u003d, AuthErrCause\u003d, currency\u003dPLN, userType\u003d, pageNumber\u003d, accountStatus\u003d, profile\u003d, firstName\u003d, lastName\u003d, period\u003d, fromDate\u003d2016-11-02, toDate\u003d2017-11-02, invoiceId\u003d4723680, gsmTopUpFromDate\u003d2016-11-02, gsmTopUpToDate\u003d2017-11-02}","duration":24807,"startTime":1514871269960,"result":"SUCCESS","children":[{"number":2,"description":"Given load request for getGsmTopUpList \"/MerchantApiWeb/authenticateUser\" and \"/MerchantApiWeb/rest/secure/user/financialData/gsm/getGsmTopUpList\" and \"TC01\" and \"TheBatman\" and \"Pass123!\" and \"FDP\"","duration":1687,"startTime":1514871269973,"result":"SUCCESS","children":[{"number":3,"description":"Loadgetrequestdata: https://uat1.merchantportal.firstdata.eu/MerchantApiWeb/authenticateUser","duration":1,"startTime":1514871270093,"result":"SUCCESS"},{"number":4,"description":"Postrequest authenticate user: https://uat1.merchantportal.firstdata.eu/MerchantApiWeb/authenticateUser, TheBatman, Pass123!, FDP","duration":1535,"startTime":1514871270095,"result":"SUCCESS"},{"number":5,"description":"Loadgetrequestdata uniqueauthentication: https://uat1.merchantportal.firstdata.eu/MerchantApiWeb/rest/secure/user/financialData/gsm/getGsmTopUpList","duration":1,"startTime":1514871271638,"result":"SUCCESS"}]},{"number":6,"description":"When post get request for getGsmTopUpList \"2016-11-02\" and \"2017-11-02\"","duration":22838,"startTime":1514871271661,"result":"SUCCESS","children":[{"number":7,"description":"Post GET request get gsm top up list: https://uat1.merchantportal.firstdata.eu/MerchantApiWeb/rest/secure/user/financialData/gsm/getGsmTopUpList, 2016-11-02, 2017-11-02","duration":22749,"startTime":1514871271672,"result":"SUCCESS"}]},{"number":8,"description":"Then verify getGsmTopUpList response status \"success\" and \"\" and \"\" and \"\" and \"\" and \"\"","duration":268,"startTime":1514871294499,"result":"SUCCESS","children":[{"number":9,"description":"Verify Response","duration":189,"startTime":1514871294512,"result":"SUCCESS"}]}]}],"userStory":{"id":"merchant-portal-application-api-validation","storyName":"Merchant Portal application API validation","path":"APIupdate.feature","type":"feature"},"featureTag":{"name":"Merchant Portal application API validation","type":"feature"},"title":"Verify the api retrieves the list of the GSM topup","description":"","tags":[{"name":"getGsmTopUpList","type":"tag"}],"startTime":1514871269960,"duration":24807,"dataTable":{"headers":["report","logindomain","domainurl","status","Message","ErrorCode","userName","password","allianceCode","AuthErrMessage","Authaccessdenied","AuthErrCause","currency","userType","pageNumber","accountStatus","profile","firstName","lastName","period","fromDate","toDate","invoiceId","gsmTopUpFromDate","gsmTopUpToDate"],"rows":[{"values":["TC01","/MerchantApiWeb/authenticateUser","/MerchantApiWeb/rest/secure/user/financialData/gsm/getGsmTopUpList","success","","","TheBatman","Pass123!","FDP","","","","PLN","","","","","","","","2016-11-02","2017-11-02","4723680","2016-11-02","2017-11-02"],"result":"SUCCESS"}],"predefinedRows":true,"dataSetDescriptors":[{"startRow":0,"rowCount":0,"name":"","description":""}]},"manual":false,"testSource":"Cucumber","result":"SUCCESS"}