{"name":"Verify the api retrieves the details of the device list for the impersonated user","testSteps":[{"number":1,"description":"[1] {report\u003dTC01, logindomain\u003d/MerchantApiWeb/authenticateUser, domainurl\u003d/MerchantApiWeb/rest/secure/impersonation/user/devices/getDeviceList, status\u003dsuccess, Message\u003d, ErrorCode\u003d, userName\u003dBetterCallFDP, password\u003dPassword@3, allianceCode\u003dFDP, AuthErrMessage\u003d, Authaccessdenied\u003d, AuthErrCause\u003d, currency\u003d, userType\u003d, pageNumber\u003d, accountStatus\u003d, profile\u003d, firstName\u003d, lastName\u003d, itrcount\u003d, validateuserName\u003d, pseudoUserName\u003dTheBatman, merchId\u003d, messageId\u003d, terminalBatchNumId\u003d, reasonForBlock\u003d, blockusername\u003d, fromDate\u003d, toDate\u003d}","duration":8056,"startTime":1512037358477,"result":"SUCCESS","children":[{"number":2,"description":"Given load request for getDeviceList_Impersonation \"/MerchantApiWeb/authenticateUser\" and \"/MerchantApiWeb/rest/secure/impersonation/user/devices/getDeviceList\" and \"TC01\" and \"BetterCallFDP\" and \"Password@3\" and \"FDP\"","duration":5963,"startTime":1512037358488,"result":"SUCCESS","children":[{"number":3,"description":"Loadgetrequestdata: https://uat1.merchantportal.firstdata.eu/MerchantApiWeb/authenticateUser","duration":0,"startTime":1512037358576,"result":"SUCCESS"},{"number":4,"description":"Postrequest authenticate user: https://uat1.merchantportal.firstdata.eu/MerchantApiWeb/authenticateUser, BetterCallFDP, Password@3, FDP","duration":5832,"startTime":1512037358577,"result":"SUCCESS"},{"number":5,"description":"Loadgetrequestdata uniqueauthentication: https://uat1.merchantportal.firstdata.eu/MerchantApiWeb/rest/secure/impersonation/user/devices/getDeviceList","duration":2,"startTime":1512037364419,"result":"SUCCESS"}]},{"number":6,"description":"When post get request for getDeviceList_Impersonation \"TheBatman\"","duration":1884,"startTime":1512037364451,"result":"SUCCESS","children":[{"number":7,"description":"Post GET request get device list  impersonation: https://uat1.merchantportal.firstdata.eu/MerchantApiWeb/rest/secure/impersonation/user/devices/getDeviceList, TheBatman","duration":1808,"startTime":1512037364464,"result":"SUCCESS"}]},{"number":8,"description":"Then verify getDeviceList_Impersonation response status \"success\" and \"\" and \"\" and \"\" and \"\" and \"\"","duration":197,"startTime":1512037366336,"result":"SUCCESS","children":[{"number":9,"description":"Verify Response","duration":94,"startTime":1512037366351,"result":"SUCCESS"}]}]},{"number":10,"description":"[1] {report\u003dTC02, logindomain\u003d/MerchantApiWeb/authenticateUser, domainurl\u003d/MerchantApiWeb/rest/secure/impersonation/user/devices/getDeviceList, status\u003derror, Message\u003dUsername does not exist, ErrorCode\u003dMPBE00004, userName\u003dBetterCallFDP, password\u003dPassword@3, allianceCode\u003dFDP, AuthErrMessage\u003d, Authaccessdenied\u003d, AuthErrCause\u003d, currency\u003d, userType\u003d, pageNumber\u003d, accountStatus\u003d, profile\u003d, firstName\u003d, lastName\u003d, itrcount\u003d, validateuserName\u003d, pseudoUserName\u003dTest2137612581, merchId\u003d, messageId\u003d, terminalBatchNumId\u003d, reasonForBlock\u003d, blockusername\u003d, fromDate\u003d, toDate\u003d}","duration":2486,"startTime":1512037366726,"result":"SUCCESS","children":[{"number":11,"description":"Given load request for getDeviceList_Impersonation \"/MerchantApiWeb/authenticateUser\" and \"/MerchantApiWeb/rest/secure/impersonation/user/devices/getDeviceList\" and \"TC02\" and \"BetterCallFDP\" and \"Password@3\" and \"FDP\"","duration":1316,"startTime":1512037366760,"result":"SUCCESS","children":[{"number":12,"description":"Loadgetrequestdata: https://uat1.merchantportal.firstdata.eu/MerchantApiWeb/authenticateUser","duration":1,"startTime":1512037366824,"result":"SUCCESS"},{"number":13,"description":"Postrequest authenticate user: https://uat1.merchantportal.firstdata.eu/MerchantApiWeb/authenticateUser, BetterCallFDP, Password@3, FDP","duration":1208,"startTime":1512037366825,"result":"SUCCESS"},{"number":14,"description":"Loadgetrequestdata uniqueauthentication: https://uat1.merchantportal.firstdata.eu/MerchantApiWeb/rest/secure/impersonation/user/devices/getDeviceList","duration":0,"startTime":1512037368047,"result":"SUCCESS"}]},{"number":15,"description":"When post get request for getDeviceList_Impersonation \"Test2137612581\"","duration":954,"startTime":1512037368076,"result":"SUCCESS","children":[{"number":16,"description":"Post GET request get device list  impersonation: https://uat1.merchantportal.firstdata.eu/MerchantApiWeb/rest/secure/impersonation/user/devices/getDeviceList, Test2137612581","duration":887,"startTime":1512037368093,"result":"SUCCESS"}]},{"number":17,"description":"Then verify getDeviceList_Impersonation response status \"error\" and \"MPBE00004\" and \"Username does not exist\" and \"\" and \"\" and \"\"","duration":182,"startTime":1512037369030,"result":"SUCCESS","children":[{"number":18,"description":"Verify Response","duration":31,"startTime":1512037369043,"result":"SUCCESS"}]}]}],"userStory":{"id":"merchant-portal-application-api-validation","storyName":"Merchant Portal application API validation","path":"Testupdate.feature","type":"feature"},"featureTag":{"name":"Merchant Portal application API validation","type":"feature"},"title":"Verify the api retrieves the details of the device list for the impersonated user","description":"","tags":[{"name":"getDeviceListImpersonation","type":"tag"}],"startTime":1512037358477,"duration":10735,"dataTable":{"headers":["report","logindomain","domainurl","status","Message","ErrorCode","userName","password","allianceCode","AuthErrMessage","Authaccessdenied","AuthErrCause","currency","userType","pageNumber","accountStatus","profile","firstName","lastName","itrcount","validateuserName","pseudoUserName","merchId","messageId","terminalBatchNumId","reasonForBlock","blockusername","fromDate","toDate"],"rows":[{"values":["TC01","/MerchantApiWeb/authenticateUser","/MerchantApiWeb/rest/secure/impersonation/user/devices/getDeviceList","success","","","BetterCallFDP","Password@3","FDP","","","","","","","","","","","","","TheBatman","","","","","","",""],"result":"SUCCESS"},{"values":["TC02","/MerchantApiWeb/authenticateUser","/MerchantApiWeb/rest/secure/impersonation/user/devices/getDeviceList","error","Username does not exist","MPBE00004","BetterCallFDP","Password@3","FDP","","","","","","","","","","","","","Test2137612581","","","","","","",""],"result":"SUCCESS"}],"predefinedRows":true,"dataSetDescriptors":[{"startRow":0,"rowCount":0,"name":"","description":""}]},"manual":false,"testSource":"Cucumber","result":"SUCCESS"}