{"name":"Verify the api retrieves the Merchant Hierarchy List as per merchant input for the current logged in user","testSteps":[{"number":1,"description":"[1] {report\u003dTC01, logindomain\u003d/MerchantApiWeb/authenticateUser, domainurl\u003d/MerchantApiWeb/rest/secure/merchant/hierarchy, status\u003dsuccess, Message\u003d, ErrorCode\u003d, userName\u003dTestAutomation22, password\u003dPassword@1, allianceCode\u003dEMS, AuthErrMessage\u003d, Authaccessdenied\u003d, AuthErrCause\u003d, currency\u003d, userType\u003d, pageNumber\u003d, accountStatus\u003d, profile\u003d, firstName\u003d, lastName\u003d, profiles_Accessdata\u003d, Dictionary_category\u003d, Dictionary_code\u003d, Dictionary_languagecode\u003d, documentfolder\u003d, documentId\u003d, merchId\u003d1217015}","duration":3739,"startTime":1514870752337,"result":"SUCCESS","children":[{"number":2,"description":"Given load request for getMerchantHierarchyList \"/MerchantApiWeb/authenticateUser\" and \"/MerchantApiWeb/rest/secure/merchant/hierarchy\" and \"TC01\" and \"TestAutomation22\" and \"Password@1\" and \"EMS\"","duration":1433,"startTime":1514870752381,"result":"SUCCESS","children":[{"number":3,"description":"Loadgetrequestdata: https://uat1.merchantportal.firstdata.eu/MerchantApiWeb/authenticateUser","duration":0,"startTime":1514870752653,"result":"SUCCESS"},{"number":4,"description":"Postrequest authenticate user: https://uat1.merchantportal.firstdata.eu/MerchantApiWeb/authenticateUser, TestAutomation22, Password@1, EMS","duration":1072,"startTime":1514870752655,"result":"SUCCESS"},{"number":5,"description":"Loadgetrequestdata authenticated: https://uat1.merchantportal.firstdata.eu/MerchantApiWeb/rest/secure/merchant/hierarchy, 33bbe85a-5e10-430b-b9e7-7a2a74cf5595","duration":1,"startTime":1514870753758,"result":"SUCCESS"}]},{"number":6,"description":"When post get request for getMerchantHierarchyList","duration":2179,"startTime":1514870753814,"result":"SUCCESS","children":[{"number":7,"description":"Post GET request get merchant hierarchy list: https://uat1.merchantportal.firstdata.eu/MerchantApiWeb/rest/secure/merchant/hierarchy","duration":2109,"startTime":1514870753837,"result":"SUCCESS"}]},{"number":8,"description":"Then verify getMerchantHierarchyList response status \"success\" and \"\" and \"\" and \"\" and \"\" and \"\"","duration":82,"startTime":1514870755994,"result":"SUCCESS","children":[{"number":9,"description":"Verify Response","duration":19,"startTime":1514870756006,"result":"SUCCESS"}]}]}],"userStory":{"id":"merchant-portal-application-api-validation","storyName":"Merchant Portal application API validation","path":"APIupdate.feature","type":"feature"},"featureTag":{"name":"Merchant Portal application API validation","type":"feature"},"title":"Verify the api retrieves the Merchant Hierarchy List as per merchant input for the current logged in user","description":"","tags":[{"name":"getMerchantHierarchyList","type":"tag"}],"startTime":1514870752336,"duration":3740,"dataTable":{"headers":["report","logindomain","domainurl","status","Message","ErrorCode","userName","password","allianceCode","AuthErrMessage","Authaccessdenied","AuthErrCause","currency","userType","pageNumber","accountStatus","profile","firstName","lastName","profiles_Accessdata","Dictionary_category","Dictionary_code","Dictionary_languagecode","documentfolder","documentId","merchId"],"rows":[{"values":["TC01","/MerchantApiWeb/authenticateUser","/MerchantApiWeb/rest/secure/merchant/hierarchy","success","","","TestAutomation22","Password@1","EMS","","","","","","","","","","","","","","","","","1217015"],"result":"SUCCESS"}],"predefinedRows":true,"dataSetDescriptors":[{"startRow":0,"rowCount":0,"name":"","description":""}]},"manual":false,"testSource":"Cucumber","result":"SUCCESS"}