{"name":"Verify the api verifies the passcode sent to the customer","testSteps":[{"number":1,"description":"[1] {report\u003dTC02, logindomain\u003d/MerchantApiWeb/authenticateUser, domainurl\u003d/MerchantApiWeb/rest/verifyPasscode, sendpasscodedomain\u003d/MerchantApiWeb/rest/sendPasscode, status\u003derror, Message\u003dPasscode must be of 6 digit, ErrorCode\u003dMPVE00025, userName\u003dTestAutomation22, password\u003dPassword@1, allianceCode\u003dEMS, AuthErrMessage\u003d, Authaccessdenied\u003d, AuthErrCause\u003d, currency\u003d, userType\u003d, pageNumber\u003d, accountStatus\u003d, profile\u003d, firstName\u003d, lastName\u003d, sendPasscodeencUserId\u003d6a387872426c5a647a662f77756a705932674b335a773d3d, passcode\u003d1234, smsType\u003dRESET PASSWORD, verifypasscodeencUserId\u003d6a387872426c5a647a662f77756a705932674b335a773d3d}","duration":3082,"startTime":1514870904705,"result":"SUCCESS","children":[{"number":2,"description":"Given load request for verifyPasscode \"/MerchantApiWeb/authenticateUser\" and \"/MerchantApiWeb/rest/verifyPasscode\" and \"TC02\" and \"TestAutomation22\" and \"Password@1\" and \"EMS\" and \"6a387872426c5a647a662f77756a705932674b335a773d3d\" and \"RESET PASSWORD\" and \"/MerchantApiWeb/rest/sendPasscode\"","duration":1447,"startTime":1514870904720,"result":"SUCCESS","children":[{"number":3,"description":"Loadgetrequestdata: https://uat1.merchantportal.firstdata.eu/MerchantApiWeb/authenticateUser","duration":1,"startTime":1514870904875,"result":"SUCCESS"},{"number":4,"description":"Postrequest authenticate user: https://uat1.merchantportal.firstdata.eu/MerchantApiWeb/authenticateUser, TestAutomation22, Password@1, EMS","duration":1258,"startTime":1514870904878,"result":"SUCCESS"},{"number":5,"description":"Loadgetrequestdata requestwithbody: https://uat1.merchantportal.firstdata.eu/MerchantApiWeb/rest/verifyPasscode","duration":1,"startTime":1514870906144,"result":"SUCCESS"}]},{"number":6,"description":"When post request for verifyPasscode \"1234\" and \"6a387872426c5a647a662f77756a705932674b335a773d3d\"","duration":1378,"startTime":1514870906167,"result":"SUCCESS","children":[{"number":7,"description":"Postrequest verify passcode: https://uat1.merchantportal.firstdata.eu/MerchantApiWeb/rest/verifyPasscode, 1234, 6a387872426c5a647a662f77756a705932674b335a773d3d","duration":1314,"startTime":1514870906180,"result":"SUCCESS"}]},{"number":8,"description":"Then verify verifyPasscode response status \"error\" and \"MPVE00025\" and \"Passcode must be of 6 digit\" and \"\" and \"\" and \"\"","duration":241,"startTime":1514870907546,"result":"SUCCESS","children":[{"number":9,"description":"Verify Response","duration":102,"startTime":1514870907558,"result":"SUCCESS"}]}]},{"number":10,"description":"[1] {report\u003dTC04, logindomain\u003d/MerchantApiWeb/authenticateUser, domainurl\u003d/MerchantApiWeb/rest/verifyPasscode, sendpasscodedomain\u003d/MerchantApiWeb/rest/sendPasscode, status\u003derror, Message\u003dPlease enter a valid passcode, ErrorCode\u003dMPVE00024, userName\u003dTestAutomation22, password\u003dPassword@1, allianceCode\u003dEMS, AuthErrMessage\u003d, Authaccessdenied\u003d, AuthErrCause\u003d, currency\u003d, userType\u003d, pageNumber\u003d, accountStatus\u003d, profile\u003d, firstName\u003d, lastName\u003d, sendPasscodeencUserId\u003d6a387872426c5a647a662f77756a705932674b335a773d3d, passcode\u003dasdfgh, smsType\u003dRESET PASSWORD, verifypasscodeencUserId\u003d6a387872426c5a647a662f77756a705932674b335a773d3d}","duration":2301,"startTime":1514870910930,"result":"SUCCESS","children":[{"number":11,"description":"Given load request for verifyPasscode \"/MerchantApiWeb/authenticateUser\" and \"/MerchantApiWeb/rest/verifyPasscode\" and \"TC04\" and \"TestAutomation22\" and \"Password@1\" and \"EMS\" and \"6a387872426c5a647a662f77756a705932674b335a773d3d\" and \"RESET PASSWORD\" and \"/MerchantApiWeb/rest/sendPasscode\"","duration":1171,"startTime":1514870910944,"result":"SUCCESS","children":[{"number":12,"description":"Loadgetrequestdata: https://uat1.merchantportal.firstdata.eu/MerchantApiWeb/authenticateUser","duration":1,"startTime":1514870911014,"result":"SUCCESS"},{"number":13,"description":"Postrequest authenticate user: https://uat1.merchantportal.firstdata.eu/MerchantApiWeb/authenticateUser, TestAutomation22, Password@1, EMS","duration":1068,"startTime":1514870911017,"result":"SUCCESS"},{"number":14,"description":"Loadgetrequestdata requestwithbody: https://uat1.merchantportal.firstdata.eu/MerchantApiWeb/rest/verifyPasscode","duration":1,"startTime":1514870912092,"result":"SUCCESS"}]},{"number":15,"description":"When post request for verifyPasscode \"asdfgh\" and \"6a387872426c5a647a662f77756a705932674b335a773d3d\"","duration":941,"startTime":1514870912115,"result":"SUCCESS","children":[{"number":16,"description":"Postrequest verify passcode: https://uat1.merchantportal.firstdata.eu/MerchantApiWeb/rest/verifyPasscode, asdfgh, 6a387872426c5a647a662f77756a705932674b335a773d3d","duration":884,"startTime":1514870912127,"result":"SUCCESS"}]},{"number":17,"description":"Then verify verifyPasscode response status \"error\" and \"MPVE00024\" and \"Please enter a valid passcode\" and \"\" and \"\" and \"\"","duration":174,"startTime":1514870913057,"result":"SUCCESS","children":[{"number":18,"description":"Verify Response","duration":58,"startTime":1514870913069,"result":"SUCCESS"}]}]}],"userStory":{"id":"merchant-portal-application-api-validation","storyName":"Merchant Portal application API validation","path":"APIupdate.feature","type":"feature"},"featureTag":{"name":"Merchant Portal application API validation","type":"feature"},"title":"Verify the api verifies the passcode sent to the customer","description":"","tags":[{"name":"verifyPasscode","type":"tag"}],"startTime":1514870904702,"duration":8529,"dataTable":{"headers":["report","logindomain","domainurl","sendpasscodedomain","status","Message","ErrorCode","userName","password","allianceCode","AuthErrMessage","Authaccessdenied","AuthErrCause","currency","userType","pageNumber","accountStatus","profile","firstName","lastName","sendPasscodeencUserId","passcode","smsType","verifypasscodeencUserId"],"rows":[{"values":["TC02","/MerchantApiWeb/authenticateUser","/MerchantApiWeb/rest/verifyPasscode","/MerchantApiWeb/rest/sendPasscode","error","Passcode must be of 6 digit","MPVE00025","TestAutomation22","Password@1","EMS","","","","","","","","","","","6a387872426c5a647a662f77756a705932674b335a773d3d","1234","RESET PASSWORD","6a387872426c5a647a662f77756a705932674b335a773d3d"],"result":"SUCCESS"},{"values":["TC04","/MerchantApiWeb/authenticateUser","/MerchantApiWeb/rest/verifyPasscode","/MerchantApiWeb/rest/sendPasscode","error","Please enter a valid passcode","MPVE00024","TestAutomation22","Password@1","EMS","","","","","","","","","","","6a387872426c5a647a662f77756a705932674b335a773d3d","asdfgh","RESET PASSWORD","6a387872426c5a647a662f77756a705932674b335a773d3d"],"result":"SUCCESS"}],"predefinedRows":true,"dataSetDescriptors":[{"startRow":0,"rowCount":0,"name":"","description":""}]},"manual":false,"testSource":"Cucumber","result":"SUCCESS"}