{"name":"Verify the api exports the details of the Fee and Vat","testSteps":[{"number":1,"description":"[1] {report\u003dTC01, logindomain\u003d/MerchantApiWeb/authenticateUser, domainurl\u003d/MerchantApiWeb/rest/secure/user/financialData/export/exportFeeAndVatDetails, status\u003dsuccess, Message\u003d, ErrorCode\u003d, userName\u003dDemoAccount1, password\u003dPassword@1, allianceCode\u003dEMS, AuthErrMessage\u003d, Authaccessdenied\u003d, AuthErrCause\u003d, currency\u003dPLN, userType\u003d, pageNumber\u003d, accountStatus\u003d, profile\u003d, firstName\u003d, lastName\u003d, period\u003d, fromDate\u003d2016-11-02, toDate\u003d2017-11-02, invoiceId\u003d4723680, gsmTopUpFromDate\u003d2016-11-02, gsmTopUpToDate\u003d2017-11-02, invoiceLineItemId\u003d, fundId\u003d5121421, merchId\u003d65902182, fileType\u003dCSV, delimiter\u003d,}","duration":7752,"startTime":1514870379801,"result":"SUCCESS","children":[{"number":2,"description":"Given load request for exportFeeAndVatDetails \"/MerchantApiWeb/authenticateUser\" and \"/MerchantApiWeb/rest/secure/user/financialData/export/exportFeeAndVatDetails\" and \"TC01\" and \"DemoAccount1\" and \"Password@1\" and \"EMS\"","duration":3269,"startTime":1514870379825,"result":"SUCCESS","children":[{"number":3,"description":"Loadgetrequestdata: https://uat1.merchantportal.firstdata.eu/MerchantApiWeb/authenticateUser","duration":1,"startTime":1514870379904,"result":"SUCCESS"},{"number":4,"description":"Postrequest authenticate user: https://uat1.merchantportal.firstdata.eu/MerchantApiWeb/authenticateUser, DemoAccount1, Password@1, EMS","duration":3149,"startTime":1514870379907,"result":"SUCCESS"},{"number":5,"description":"Loadgetrequestdata export download: https://uat1.merchantportal.firstdata.eu/MerchantApiWeb/rest/secure/user/financialData/export/exportFeeAndVatDetails","duration":1,"startTime":1514870383071,"result":"SUCCESS"}]},{"number":6,"description":"When post get request for exportFeeAndVatDetails \"5121421\" and \"65902182\" and \"CSV\" and \",\"","duration":4288,"startTime":1514870383094,"result":"SUCCESS","children":[{"number":7,"description":"Post GET request export fee and vat details: https://uat1.merchantportal.firstdata.eu/MerchantApiWeb/rest/secure/user/financialData/export/exportFeeAndVatDetails, 5121421, 65902182, CSV, ,","duration":4226,"startTime":1514870383109,"result":"SUCCESS"}]},{"number":8,"description":"Then verify exportFeeAndVatDetails response status \"success\" and \"\" and \"\" and \"\" and \"\" and \"\"","duration":171,"startTime":1514870387382,"result":"SUCCESS","children":[{"number":9,"description":"Verify Download file Response","duration":122,"startTime":1514870387394,"result":"SUCCESS"}]}]},{"number":10,"description":"[1] {report\u003dTC02, logindomain\u003d/MerchantApiWeb/authenticateUser, domainurl\u003d/MerchantApiWeb/rest/secure/user/financialData/export/exportFeeAndVatDetails, status\u003dsuccess, Message\u003d, ErrorCode\u003d, userName\u003dDemoAccount1, password\u003dPassword@1, allianceCode\u003dEMS, AuthErrMessage\u003d, Authaccessdenied\u003d, AuthErrCause\u003d, currency\u003dPLN, userType\u003d, pageNumber\u003d, accountStatus\u003d, profile\u003d, firstName\u003d, lastName\u003d, period\u003d, fromDate\u003d2016-11-02, toDate\u003d2017-11-02, invoiceId\u003d4723680, gsmTopUpFromDate\u003d2016-11-02, gsmTopUpToDate\u003d2017-11-02, invoiceLineItemId\u003d, fundId\u003d5121421, merchId\u003d65902182, fileType\u003dXLS, delimiter\u003d,}","duration":4780,"startTime":1514870391782,"result":"SUCCESS","children":[{"number":11,"description":"Given load request for exportFeeAndVatDetails \"/MerchantApiWeb/authenticateUser\" and \"/MerchantApiWeb/rest/secure/user/financialData/export/exportFeeAndVatDetails\" and \"TC02\" and \"DemoAccount1\" and \"Password@1\" and \"EMS\"","duration":3129,"startTime":1514870391858,"result":"SUCCESS","children":[{"number":12,"description":"Loadgetrequestdata: https://uat1.merchantportal.firstdata.eu/MerchantApiWeb/authenticateUser","duration":0,"startTime":1514870391972,"result":"SUCCESS"},{"number":13,"description":"Postrequest authenticate user: https://uat1.merchantportal.firstdata.eu/MerchantApiWeb/authenticateUser, DemoAccount1, Password@1, EMS","duration":2981,"startTime":1514870391975,"result":"SUCCESS"},{"number":14,"description":"Loadgetrequestdata export download: https://uat1.merchantportal.firstdata.eu/MerchantApiWeb/rest/secure/user/financialData/export/exportFeeAndVatDetails","duration":0,"startTime":1514870394965,"result":"SUCCESS"}]},{"number":15,"description":"When post get request for exportFeeAndVatDetails \"5121421\" and \"65902182\" and \"XLS\" and \",\"","duration":1366,"startTime":1514870394988,"result":"SUCCESS","children":[{"number":16,"description":"Post GET request export fee and vat details: https://uat1.merchantportal.firstdata.eu/MerchantApiWeb/rest/secure/user/financialData/export/exportFeeAndVatDetails, 5121421, 65902182, XLS, ,","duration":1296,"startTime":1514870395001,"result":"SUCCESS"}]},{"number":17,"description":"Then verify exportFeeAndVatDetails response status \"success\" and \"\" and \"\" and \"\" and \"\" and \"\"","duration":208,"startTime":1514870396354,"result":"SUCCESS","children":[{"number":18,"description":"Verify Download file Response","duration":156,"startTime":1514870396366,"result":"SUCCESS"}]}]},{"number":19,"description":"[1] {report\u003dTC03, logindomain\u003d/MerchantApiWeb/authenticateUser, domainurl\u003d/MerchantApiWeb/rest/secure/user/financialData/export/exportFeeAndVatDetails, status\u003derror, Message\u003dFund Id is required, ErrorCode\u003dMPVE00086, userName\u003dDemoAccount1, password\u003dPassword@1, allianceCode\u003dEMS, AuthErrMessage\u003d, Authaccessdenied\u003d, AuthErrCause\u003d, currency\u003dPLN, userType\u003d, pageNumber\u003d, accountStatus\u003d, profile\u003d, firstName\u003d, lastName\u003d, period\u003d, fromDate\u003d2016-11-02, toDate\u003d2017-11-02, invoiceId\u003d4723680, gsmTopUpFromDate\u003d2016-11-02, gsmTopUpToDate\u003d2017-11-02, invoiceLineItemId\u003d, fundId\u003d, merchId\u003d65902182, fileType\u003dCSV, delimiter\u003d,}","duration":2576,"startTime":1514870400346,"result":"SUCCESS","children":[{"number":20,"description":"Given load request for exportFeeAndVatDetails \"/MerchantApiWeb/authenticateUser\" and \"/MerchantApiWeb/rest/secure/user/financialData/export/exportFeeAndVatDetails\" and \"TC03\" and \"DemoAccount1\" and \"Password@1\" and \"EMS\"","duration":1219,"startTime":1514870400364,"result":"SUCCESS","children":[{"number":21,"description":"Loadgetrequestdata: https://uat1.merchantportal.firstdata.eu/MerchantApiWeb/authenticateUser","duration":1,"startTime":1514870400439,"result":"SUCCESS"},{"number":22,"description":"Postrequest authenticate user: https://uat1.merchantportal.firstdata.eu/MerchantApiWeb/authenticateUser, DemoAccount1, Password@1, EMS","duration":1100,"startTime":1514870400441,"result":"SUCCESS"},{"number":23,"description":"Loadgetrequestdata export download: https://uat1.merchantportal.firstdata.eu/MerchantApiWeb/rest/secure/user/financialData/export/exportFeeAndVatDetails","duration":1,"startTime":1514870401551,"result":"SUCCESS"}]},{"number":24,"description":"When post get request for exportFeeAndVatDetails \"\" and \"65902182\" and \"CSV\" and \",\"","duration":1025,"startTime":1514870401584,"result":"SUCCESS","children":[{"number":25,"description":"Post GET request export fee and vat details: https://uat1.merchantportal.firstdata.eu/MerchantApiWeb/rest/secure/user/financialData/export/exportFeeAndVatDetails, , 65902182, CSV, ,","duration":931,"startTime":1514870401601,"result":"SUCCESS"}]},{"number":26,"description":"Then verify exportFeeAndVatDetails response status \"error\" and \"MPVE00086\" and \"Fund Id is required\" and \"\" and \"\" and \"\"","duration":311,"startTime":1514870402610,"result":"SUCCESS","children":[{"number":27,"description":"Verify Download file Response","duration":140,"startTime":1514870402623,"result":"SUCCESS"}]}]}],"userStory":{"id":"merchant-portal-application-api-validation","storyName":"Merchant Portal application API validation","path":"APIupdate.feature","type":"feature"},"featureTag":{"name":"Merchant Portal application API validation","type":"feature"},"title":"Verify the api exports the details of the Fee and Vat","description":"","tags":[{"name":"exportFeeAndVatDetails","type":"tag"}],"startTime":1514870379800,"duration":23122,"dataTable":{"headers":["report","logindomain","domainurl","status","Message","ErrorCode","userName","password","allianceCode","AuthErrMessage","Authaccessdenied","AuthErrCause","currency","userType","pageNumber","accountStatus","profile","firstName","lastName","period","fromDate","toDate","invoiceId","gsmTopUpFromDate","gsmTopUpToDate","invoiceLineItemId","fundId","merchId","fileType","delimiter"],"rows":[{"values":["TC01","/MerchantApiWeb/authenticateUser","/MerchantApiWeb/rest/secure/user/financialData/export/exportFeeAndVatDetails","success","","","DemoAccount1","Password@1","EMS","","","","PLN","","","","","","","","2016-11-02","2017-11-02","4723680","2016-11-02","2017-11-02","","5121421","65902182","CSV",","],"result":"SUCCESS"},{"values":["TC02","/MerchantApiWeb/authenticateUser","/MerchantApiWeb/rest/secure/user/financialData/export/exportFeeAndVatDetails","success","","","DemoAccount1","Password@1","EMS","","","","PLN","","","","","","","","2016-11-02","2017-11-02","4723680","2016-11-02","2017-11-02","","5121421","65902182","XLS",","],"result":"SUCCESS"},{"values":["TC03","/MerchantApiWeb/authenticateUser","/MerchantApiWeb/rest/secure/user/financialData/export/exportFeeAndVatDetails","error","Fund Id is required","MPVE00086","DemoAccount1","Password@1","EMS","","","","PLN","","","","","","","","2016-11-02","2017-11-02","4723680","2016-11-02","2017-11-02","","","65902182","CSV",","],"result":"SUCCESS"}],"predefinedRows":true,"dataSetDescriptors":[{"startRow":0,"rowCount":0,"name":"","description":""}]},"manual":false,"testSource":"Cucumber","result":"SUCCESS"}