{"name":"Verify the api deletes the user","testSteps":[{"number":1,"description":"[1] {report\u003dTC01, logindomain\u003d/MerchantApiWeb/authenticateUser, domainurl\u003d/MerchantApiWeb/rest/secure/user/deleteUser, status\u003dsuccess, Message\u003d, ErrorCode\u003d, userName\u003dTestAutomation22, password\u003dPassword@1, allianceCode\u003dEMS, AuthErrMessage\u003d, Authaccessdenied\u003d, AuthErrCause\u003d, currency\u003d, userType\u003d, pageNumber\u003d, accountStatus\u003d, profile\u003d, firstName\u003d, lastName\u003d, reasonForBlock\u003d, deleteusername\u003dTestAutomation8}","duration":2511,"startTime":1514870929580,"result":"SUCCESS","children":[{"number":2,"description":"Given load request for deleteUser \"/MerchantApiWeb/authenticateUser\" and \"/MerchantApiWeb/rest/secure/user/deleteUser\" and \"TC01\" and \"TestAutomation22\" and \"Password@1\" and \"EMS\"","duration":1433,"startTime":1514870929623,"result":"SUCCESS","children":[{"number":3,"description":"Loadgetrequestdata: https://uat1.merchantportal.firstdata.eu/MerchantApiWeb/authenticateUser","duration":1,"startTime":1514870929812,"result":"SUCCESS"},{"number":4,"description":"Postrequest authenticate user: https://uat1.merchantportal.firstdata.eu/MerchantApiWeb/authenticateUser, TestAutomation22, Password@1, EMS","duration":1207,"startTime":1514870929814,"result":"SUCCESS"},{"number":5,"description":"Loadgetrequestdata requestwithbody: https://uat1.merchantportal.firstdata.eu/MerchantApiWeb/rest/secure/user/deleteUser","duration":1,"startTime":1514870931030,"result":"SUCCESS"}]},{"number":6,"description":"When post request for deleteUser \"TestAutomation8\"","duration":959,"startTime":1514870931057,"result":"SUCCESS","children":[{"number":7,"description":"Postrequest delete user: https://uat1.merchantportal.firstdata.eu/MerchantApiWeb/rest/secure/user/deleteUser, TestAutomation8","duration":889,"startTime":1514870931069,"result":"SUCCESS"}]},{"number":8,"description":"Then verify deleteUser response status \"success\" and \"\" and \"\" and \"\" and \"\" and \"\"","duration":74,"startTime":1514870932017,"result":"SUCCESS","children":[{"number":9,"description":"Verify Response","duration":20,"startTime":1514870932027,"result":"SUCCESS"}]}]},{"number":10,"description":"[1] {report\u003dTC02, logindomain\u003d/MerchantApiWeb/authenticateUser, domainurl\u003d/MerchantApiWeb/rest/secure/user/deleteUser, status\u003derror, Message\u003dUsername should be greater than 8 and less than 50 characters, ErrorCode\u003dMPVE00002, userName\u003dTestAutomation22, password\u003dPassword@1, allianceCode\u003dEMS, AuthErrMessage\u003d, Authaccessdenied\u003d, AuthErrCause\u003d, currency\u003d, userType\u003d, pageNumber\u003d, accountStatus\u003d, profile\u003d, firstName\u003d, lastName\u003d, reasonForBlock\u003d, deleteusername\u003dTest}","duration":2234,"startTime":1514870935055,"result":"SUCCESS","children":[{"number":11,"description":"Given load request for deleteUser \"/MerchantApiWeb/authenticateUser\" and \"/MerchantApiWeb/rest/secure/user/deleteUser\" and \"TC02\" and \"TestAutomation22\" and \"Password@1\" and \"EMS\"","duration":1126,"startTime":1514870935069,"result":"SUCCESS","children":[{"number":12,"description":"Loadgetrequestdata: https://uat1.merchantportal.firstdata.eu/MerchantApiWeb/authenticateUser","duration":1,"startTime":1514870935139,"result":"SUCCESS"},{"number":13,"description":"Postrequest authenticate user: https://uat1.merchantportal.firstdata.eu/MerchantApiWeb/authenticateUser, TestAutomation22, Password@1, EMS","duration":1024,"startTime":1514870935141,"result":"SUCCESS"},{"number":14,"description":"Loadgetrequestdata requestwithbody: https://uat1.merchantportal.firstdata.eu/MerchantApiWeb/rest/secure/user/deleteUser","duration":0,"startTime":1514870936174,"result":"SUCCESS"}]},{"number":15,"description":"When post request for deleteUser \"Test\"","duration":897,"startTime":1514870936196,"result":"SUCCESS","children":[{"number":16,"description":"Postrequest delete user: https://uat1.merchantportal.firstdata.eu/MerchantApiWeb/rest/secure/user/deleteUser, Test","duration":839,"startTime":1514870936206,"result":"SUCCESS"}]},{"number":17,"description":"Then verify deleteUser response status \"error\" and \"MPVE00002\" and \"Username should be greater than 8 and less than 50 characters\" and \"\" and \"\" and \"\"","duration":195,"startTime":1514870937094,"result":"SUCCESS","children":[{"number":18,"description":"Verify Response","duration":58,"startTime":1514870937106,"result":"SUCCESS"}]}]},{"number":19,"description":"[1] {report\u003dTC03, logindomain\u003d/MerchantApiWeb/authenticateUser, domainurl\u003d/MerchantApiWeb/rest/secure/user/deleteUser, status\u003derror, Message\u003dUsername should be greater than 8 and less than 50 characters, ErrorCode\u003dMPVE00002, userName\u003dTestAutomation22, password\u003dPassword@1, allianceCode\u003dEMS, AuthErrMessage\u003d, Authaccessdenied\u003d, AuthErrCause\u003d, currency\u003d, userType\u003d, pageNumber\u003d, accountStatus\u003d, profile\u003d, firstName\u003d, lastName\u003d, reasonForBlock\u003d, deleteusername\u003dTest12345678912456779812345648789123456789123456879456}","duration":2357,"startTime":1514870940358,"result":"SUCCESS","children":[{"number":20,"description":"Given load request for deleteUser \"/MerchantApiWeb/authenticateUser\" and \"/MerchantApiWeb/rest/secure/user/deleteUser\" and \"TC03\" and \"TestAutomation22\" and \"Password@1\" and \"EMS\"","duration":1196,"startTime":1514870940370,"result":"SUCCESS","children":[{"number":21,"description":"Loadgetrequestdata: https://uat1.merchantportal.firstdata.eu/MerchantApiWeb/authenticateUser","duration":1,"startTime":1514870940437,"result":"SUCCESS"},{"number":22,"description":"Postrequest authenticate user: https://uat1.merchantportal.firstdata.eu/MerchantApiWeb/authenticateUser, TestAutomation22, Password@1, EMS","duration":1099,"startTime":1514870940438,"result":"SUCCESS"},{"number":23,"description":"Loadgetrequestdata requestwithbody: https://uat1.merchantportal.firstdata.eu/MerchantApiWeb/rest/secure/user/deleteUser","duration":0,"startTime":1514870941544,"result":"SUCCESS"}]},{"number":24,"description":"When post request for deleteUser \"Test12345678912456779812345648789123456789123456879456\"","duration":899,"startTime":1514870941566,"result":"SUCCESS","children":[{"number":25,"description":"Postrequest delete user: https://uat1.merchantportal.firstdata.eu/MerchantApiWeb/rest/secure/user/deleteUser, Test12345678912456779812345648789123456789123456879456","duration":831,"startTime":1514870941577,"result":"SUCCESS"}]},{"number":26,"description":"Then verify deleteUser response status \"error\" and \"MPVE00002\" and \"Username should be greater than 8 and less than 50 characters\" and \"\" and \"\" and \"\"","duration":250,"startTime":1514870942465,"result":"SUCCESS","children":[{"number":27,"description":"Verify Response","duration":120,"startTime":1514870942478,"result":"SUCCESS"}]}]},{"number":28,"description":"[1] {report\u003dTC04, logindomain\u003d/MerchantApiWeb/authenticateUser, domainurl\u003d/MerchantApiWeb/rest/secure/user/deleteUser, status\u003derror, Message\u003dUsername contain special characters or empty spaces, ErrorCode\u003dMPVE00003, userName\u003dTestAutomation22, password\u003dPassword@1, allianceCode\u003dEMS, AuthErrMessage\u003d, Authaccessdenied\u003d, AuthErrCause\u003d, currency\u003d, userType\u003d, pageNumber\u003d, accountStatus\u003d, profile\u003d, firstName\u003d, lastName\u003d, reasonForBlock\u003d, deleteusername\u003dTestAuto@#$%^}","duration":2285,"startTime":1514870945933,"result":"SUCCESS","children":[{"number":29,"description":"Given load request for deleteUser \"/MerchantApiWeb/authenticateUser\" and \"/MerchantApiWeb/rest/secure/user/deleteUser\" and \"TC04\" and \"TestAutomation22\" and \"Password@1\" and \"EMS\"","duration":1209,"startTime":1514870945949,"result":"SUCCESS","children":[{"number":30,"description":"Loadgetrequestdata: https://uat1.merchantportal.firstdata.eu/MerchantApiWeb/authenticateUser","duration":0,"startTime":1514870946027,"result":"SUCCESS"},{"number":31,"description":"Postrequest authenticate user: https://uat1.merchantportal.firstdata.eu/MerchantApiWeb/authenticateUser, TestAutomation22, Password@1, EMS","duration":1099,"startTime":1514870946029,"result":"SUCCESS"},{"number":32,"description":"Loadgetrequestdata requestwithbody: https://uat1.merchantportal.firstdata.eu/MerchantApiWeb/rest/secure/user/deleteUser","duration":1,"startTime":1514870947135,"result":"SUCCESS"}]},{"number":33,"description":"When post request for deleteUser \"TestAuto@#$%^\"","duration":876,"startTime":1514870947159,"result":"SUCCESS","children":[{"number":34,"description":"Postrequest delete user: https://uat1.merchantportal.firstdata.eu/MerchantApiWeb/rest/secure/user/deleteUser, TestAuto@#$%^","duration":813,"startTime":1514870947172,"result":"SUCCESS"}]},{"number":35,"description":"Then verify deleteUser response status \"error\" and \"MPVE00003\" and \"Username contain special characters or empty spaces\" and \"\" and \"\" and \"\"","duration":182,"startTime":1514870948036,"result":"SUCCESS","children":[{"number":36,"description":"Verify Response","duration":50,"startTime":1514870948049,"result":"SUCCESS"}]}]},{"number":37,"description":"[1] {report\u003dTC05, logindomain\u003d/MerchantApiWeb/authenticateUser, domainurl\u003d/MerchantApiWeb/rest/secure/user/deleteUser, status\u003derror, Message\u003dUsername contain special characters or empty spaces, ErrorCode\u003dMPVE00003, userName\u003dTestAutomation22, password\u003dPassword@1, allianceCode\u003dEMS, AuthErrMessage\u003d, Authaccessdenied\u003d, AuthErrCause\u003d, currency\u003d, userType\u003d, pageNumber\u003d, accountStatus\u003d, profile\u003d, firstName\u003d, lastName\u003d, reasonForBlock\u003d, deleteusername\u003dTest Automatio}","duration":2690,"startTime":1514870951432,"result":"SUCCESS","children":[{"number":38,"description":"Given load request for deleteUser \"/MerchantApiWeb/authenticateUser\" and \"/MerchantApiWeb/rest/secure/user/deleteUser\" and \"TC05\" and \"TestAutomation22\" and \"Password@1\" and \"EMS\"","duration":1495,"startTime":1514870951526,"result":"SUCCESS","children":[{"number":39,"description":"Loadgetrequestdata: https://uat1.merchantportal.firstdata.eu/MerchantApiWeb/authenticateUser","duration":1,"startTime":1514870951641,"result":"SUCCESS"},{"number":40,"description":"Postrequest authenticate user: https://uat1.merchantportal.firstdata.eu/MerchantApiWeb/authenticateUser, TestAutomation22, Password@1, EMS","duration":1341,"startTime":1514870951643,"result":"SUCCESS"},{"number":41,"description":"Loadgetrequestdata requestwithbody: https://uat1.merchantportal.firstdata.eu/MerchantApiWeb/rest/secure/user/deleteUser","duration":1,"startTime":1514870952994,"result":"SUCCESS"}]},{"number":42,"description":"When post request for deleteUser \"Test Automatio\"","duration":921,"startTime":1514870953042,"result":"SUCCESS","children":[{"number":43,"description":"Postrequest delete user: https://uat1.merchantportal.firstdata.eu/MerchantApiWeb/rest/secure/user/deleteUser, Test Automatio","duration":865,"startTime":1514870953055,"result":"SUCCESS"}]},{"number":44,"description":"Then verify deleteUser response status \"error\" and \"MPVE00003\" and \"Username contain special characters or empty spaces\" and \"\" and \"\" and \"\"","duration":159,"startTime":1514870953963,"result":"SUCCESS","children":[{"number":45,"description":"Verify Response","duration":55,"startTime":1514870953972,"result":"SUCCESS"}]}]},{"number":46,"description":"[1] {report\u003dTC06, logindomain\u003d/MerchantApiWeb/authenticateUser, domainurl\u003d/MerchantApiWeb/rest/secure/user/deleteUser, status\u003derror, Message\u003dUsername does not exist, ErrorCode\u003dMPBE00004, userName\u003dTestAutomation22, password\u003dPassword@1, allianceCode\u003dEMS, AuthErrMessage\u003d, Authaccessdenied\u003d, AuthErrCause\u003d, currency\u003d, userType\u003d, pageNumber\u003d, accountStatus\u003d, profile\u003d, firstName\u003d, lastName\u003d, reasonForBlock\u003d, deleteusername\u003dTestaskajsdh}","duration":2309,"startTime":1514870957224,"result":"SUCCESS","children":[{"number":47,"description":"Given load request for deleteUser \"/MerchantApiWeb/authenticateUser\" and \"/MerchantApiWeb/rest/secure/user/deleteUser\" and \"TC06\" and \"TestAutomation22\" and \"Password@1\" and \"EMS\"","duration":1162,"startTime":1514870957238,"result":"SUCCESS","children":[{"number":48,"description":"Loadgetrequestdata: https://uat1.merchantportal.firstdata.eu/MerchantApiWeb/authenticateUser","duration":1,"startTime":1514870957310,"result":"SUCCESS"},{"number":49,"description":"Postrequest authenticate user: https://uat1.merchantportal.firstdata.eu/MerchantApiWeb/authenticateUser, TestAutomation22, Password@1, EMS","duration":1050,"startTime":1514870957312,"result":"SUCCESS"},{"number":50,"description":"Loadgetrequestdata requestwithbody: https://uat1.merchantportal.firstdata.eu/MerchantApiWeb/rest/secure/user/deleteUser","duration":0,"startTime":1514870958373,"result":"SUCCESS"}]},{"number":51,"description":"When post request for deleteUser \"Testaskajsdh\"","duration":935,"startTime":1514870958401,"result":"SUCCESS","children":[{"number":52,"description":"Postrequest delete user: https://uat1.merchantportal.firstdata.eu/MerchantApiWeb/rest/secure/user/deleteUser, Testaskajsdh","duration":873,"startTime":1514870958414,"result":"SUCCESS"}]},{"number":53,"description":"Then verify deleteUser response status \"error\" and \"MPBE00004\" and \"Username does not exist\" and \"\" and \"\" and \"\"","duration":196,"startTime":1514870959337,"result":"SUCCESS","children":[{"number":54,"description":"Verify Response","duration":68,"startTime":1514870959349,"result":"SUCCESS"}]}]},{"number":55,"description":"[1] {report\u003dTC08, logindomain\u003d/MerchantApiWeb/authenticateUser, domainurl\u003d/MerchantApiWeb/rest/secure/user/deleteUser, status\u003derror, Message\u003dUser does not have priviledge to any Merchants data, ErrorCode\u003dMPBE00034, userName\u003dTestAutomationEMS7, password\u003dPassword@1, allianceCode\u003dEMS, AuthErrMessage\u003d, Authaccessdenied\u003d, AuthErrCause\u003d, currency\u003d, userType\u003d, pageNumber\u003d, accountStatus\u003d, profile\u003d, firstName\u003d, lastName\u003d, reasonForBlock\u003d, deleteusername\u003dTestAutomationEMS7}","duration":4717,"startTime":1514870962631,"result":"SUCCESS","children":[{"number":56,"description":"Given load request for deleteUser \"/MerchantApiWeb/authenticateUser\" and \"/MerchantApiWeb/rest/secure/user/deleteUser\" and \"TC08\" and \"TestAutomationEMS7\" and \"Password@1\" and \"EMS\"","duration":3538,"startTime":1514870962644,"result":"SUCCESS","children":[{"number":57,"description":"Loadgetrequestdata: https://uat1.merchantportal.firstdata.eu/MerchantApiWeb/authenticateUser","duration":0,"startTime":1514870962707,"result":"SUCCESS"},{"number":58,"description":"Postrequest authenticate user: https://uat1.merchantportal.firstdata.eu/MerchantApiWeb/authenticateUser, TestAutomationEMS7, Password@1, EMS","duration":3432,"startTime":1514870962709,"result":"SUCCESS"},{"number":59,"description":"Loadgetrequestdata requestwithbody: https://uat1.merchantportal.firstdata.eu/MerchantApiWeb/rest/secure/user/deleteUser","duration":0,"startTime":1514870966149,"result":"SUCCESS"}]},{"number":60,"description":"When post request for deleteUser \"TestAutomationEMS7\"","duration":995,"startTime":1514870966182,"result":"SUCCESS","children":[{"number":61,"description":"Postrequest delete user: https://uat1.merchantportal.firstdata.eu/MerchantApiWeb/rest/secure/user/deleteUser, TestAutomationEMS7","duration":917,"startTime":1514870966197,"result":"SUCCESS"}]},{"number":62,"description":"Then verify deleteUser response status \"error\" and \"MPBE00034\" and \"User does not have priviledge to any Merchants data\" and \"\" and \"\" and \"\"","duration":170,"startTime":1514870967178,"result":"SUCCESS","children":[{"number":63,"description":"Verify Response","duration":54,"startTime":1514870967188,"result":"SUCCESS"}]}]}],"userStory":{"id":"merchant-portal-application-api-validation","storyName":"Merchant Portal application API validation","path":"APIupdate.feature","type":"feature"},"featureTag":{"name":"Merchant Portal application API validation","type":"feature"},"title":"Verify the api deletes the user","description":"","tags":[{"name":"deleteUser","type":"tag"}],"startTime":1514870929577,"duration":37771,"dataTable":{"headers":["report","logindomain","domainurl","status","Message","ErrorCode","userName","password","allianceCode","AuthErrMessage","Authaccessdenied","AuthErrCause","currency","userType","pageNumber","accountStatus","profile","firstName","lastName","reasonForBlock","deleteusername"],"rows":[{"values":["TC01","/MerchantApiWeb/authenticateUser","/MerchantApiWeb/rest/secure/user/deleteUser","success","","","TestAutomation22","Password@1","EMS","","","","","","","","","","","","TestAutomation8"],"result":"SUCCESS"},{"values":["TC02","/MerchantApiWeb/authenticateUser","/MerchantApiWeb/rest/secure/user/deleteUser","error","Username should be greater than 8 and less than 50 characters","MPVE00002","TestAutomation22","Password@1","EMS","","","","","","","","","","","","Test"],"result":"SUCCESS"},{"values":["TC03","/MerchantApiWeb/authenticateUser","/MerchantApiWeb/rest/secure/user/deleteUser","error","Username should be greater than 8 and less than 50 characters","MPVE00002","TestAutomation22","Password@1","EMS","","","","","","","","","","","","Test12345678912456779812345648789123456789123456879456"],"result":"SUCCESS"},{"values":["TC04","/MerchantApiWeb/authenticateUser","/MerchantApiWeb/rest/secure/user/deleteUser","error","Username contain special characters or empty spaces","MPVE00003","TestAutomation22","Password@1","EMS","","","","","","","","","","","","TestAuto@#$%^"],"result":"SUCCESS"},{"values":["TC05","/MerchantApiWeb/authenticateUser","/MerchantApiWeb/rest/secure/user/deleteUser","error","Username contain special characters or empty spaces","MPVE00003","TestAutomation22","Password@1","EMS","","","","","","","","","","","","Test Automatio"],"result":"SUCCESS"},{"values":["TC06","/MerchantApiWeb/authenticateUser","/MerchantApiWeb/rest/secure/user/deleteUser","error","Username does not exist","MPBE00004","TestAutomation22","Password@1","EMS","","","","","","","","","","","","Testaskajsdh"],"result":"SUCCESS"},{"values":["TC08","/MerchantApiWeb/authenticateUser","/MerchantApiWeb/rest/secure/user/deleteUser","error","User does not have priviledge to any Merchants data","MPBE00034","TestAutomationEMS7","Password@1","EMS","","","","","","","","","","","","TestAutomationEMS7"],"result":"SUCCESS"}],"predefinedRows":true,"dataSetDescriptors":[{"startRow":0,"rowCount":0,"name":"","description":""}]},"manual":false,"testSource":"Cucumber","result":"SUCCESS"}