{"name":"Verify the api retrieves the history list of the refunding","testSteps":[{"number":1,"description":"[1] {report\u003dTC01, logindomain\u003d/MerchantApiWeb/authenticateUser, domainurl\u003d/MerchantApiWeb/rest/secure/user/financialData/transaction/refund/refundHistoryList, status\u003dsuccess, Message\u003d, ErrorCode\u003d, userName\u003dTestAutomationEMS12, password\u003dPassword@1, allianceCode\u003dEMS, AuthErrMessage\u003d, Authaccessdenied\u003d, AuthErrCause\u003d, currency\u003dEUR, userType\u003d, pageNumber\u003d1, accountStatus\u003d, profile\u003d, firstName\u003d, lastName\u003d, period\u003d, fromDate\u003d2016-11-02, toDate\u003d2017-11-02, invoiceId\u003d4723680, gsmTopUpFromDate\u003d, gsmTopUpToDate\u003d, invoiceLineItemId\u003d, fundId\u003d5121421, merchId\u003d65902182, fundDate\u003d2017-11-15, clearingId\u003d1042724, refundallianceCode\u003dEMS}","duration":4733,"startTime":1514871634472,"result":"SUCCESS","children":[{"number":2,"description":"Given load request for refundHistoryList \"/MerchantApiWeb/authenticateUser\" and \"/MerchantApiWeb/rest/secure/user/financialData/transaction/refund/refundHistoryList\" and \"TC01\" and \"TestAutomationEMS12\" and \"Password@1\" and \"EMS\"","duration":3323,"startTime":1514871634486,"result":"SUCCESS","children":[{"number":3,"description":"Loadgetrequestdata: https://uat1.merchantportal.firstdata.eu/MerchantApiWeb/authenticateUser","duration":1,"startTime":1514871634666,"result":"SUCCESS"},{"number":4,"description":"Postrequest authenticate user: https://uat1.merchantportal.firstdata.eu/MerchantApiWeb/authenticateUser, TestAutomationEMS12, Password@1, EMS","duration":3108,"startTime":1514871634668,"result":"SUCCESS"},{"number":5,"description":"Loadgetrequestdata uniqueauthentication: https://uat1.merchantportal.firstdata.eu/MerchantApiWeb/rest/secure/user/financialData/transaction/refund/refundHistoryList","duration":1,"startTime":1514871637786,"result":"SUCCESS"}]},{"number":6,"description":"When post get request for refundHistoryList \"1042724\" and \"EMS\"","duration":1145,"startTime":1514871637810,"result":"SUCCESS","children":[{"number":7,"description":"Post GET request refund history list: https://uat1.merchantportal.firstdata.eu/MerchantApiWeb/rest/secure/user/financialData/transaction/refund/refundHistoryList, 1042724, EMS","duration":1022,"startTime":1514871637822,"result":"SUCCESS"}]},{"number":8,"description":"Then verify refundHistoryList response status \"success\" and \"\" and \"\" and \"\" and \"\" and \"\"","duration":249,"startTime":1514871638956,"result":"SUCCESS","children":[{"number":9,"description":"Verify Response","duration":173,"startTime":1514871638968,"result":"SUCCESS"}]}]},{"number":10,"description":"[1] {report\u003dTC02, logindomain\u003d/MerchantApiWeb/authenticateUser, domainurl\u003d/MerchantApiWeb/rest/secure/user/financialData/transaction/refund/refundHistoryList, status\u003derror, Message\u003dAlliance Code can\u0027t be empty, ErrorCode\u003dMPVE00035, userName\u003dTestAutomationEMS12, password\u003dPassword@1, allianceCode\u003dEMS, AuthErrMessage\u003d, Authaccessdenied\u003d, AuthErrCause\u003d, currency\u003dEUR, userType\u003d, pageNumber\u003d1, accountStatus\u003d, profile\u003d, firstName\u003d, lastName\u003d, period\u003d, fromDate\u003d20161102, toDate\u003d2017-11-02, invoiceId\u003d4723680, gsmTopUpFromDate\u003d, gsmTopUpToDate\u003d, invoiceLineItemId\u003d, fundId\u003d5121421, merchId\u003d65902182, fundDate\u003d20171115, clearingId\u003d69436340, refundallianceCode\u003d}","duration":2401,"startTime":1514871644067,"result":"SUCCESS","children":[{"number":11,"description":"Given load request for refundHistoryList \"/MerchantApiWeb/authenticateUser\" and \"/MerchantApiWeb/rest/secure/user/financialData/transaction/refund/refundHistoryList\" and \"TC02\" and \"TestAutomationEMS12\" and \"Password@1\" and \"EMS\"","duration":1288,"startTime":1514871644083,"result":"SUCCESS","children":[{"number":12,"description":"Loadgetrequestdata: https://uat1.merchantportal.firstdata.eu/MerchantApiWeb/authenticateUser","duration":1,"startTime":1514871644185,"result":"SUCCESS"},{"number":13,"description":"Postrequest authenticate user: https://uat1.merchantportal.firstdata.eu/MerchantApiWeb/authenticateUser, TestAutomationEMS12, Password@1, EMS","duration":1148,"startTime":1514871644187,"result":"SUCCESS"},{"number":14,"description":"Loadgetrequestdata uniqueauthentication: https://uat1.merchantportal.firstdata.eu/MerchantApiWeb/rest/secure/user/financialData/transaction/refund/refundHistoryList","duration":1,"startTime":1514871645344,"result":"SUCCESS"}]},{"number":15,"description":"When post get request for refundHistoryList \"69436340\" and \"\"","duration":876,"startTime":1514871645372,"result":"SUCCESS","children":[{"number":16,"description":"Post GET request refund history list: https://uat1.merchantportal.firstdata.eu/MerchantApiWeb/rest/secure/user/financialData/transaction/refund/refundHistoryList, 69436340, ","duration":803,"startTime":1514871645390,"result":"SUCCESS"}]},{"number":17,"description":"Then verify refundHistoryList response status \"error\" and \"MPVE00035\" and \"Alliance Code can\u0027t be empty\" and \"\" and \"\" and \"\"","duration":219,"startTime":1514871646249,"result":"SUCCESS","children":[{"number":18,"description":"Verify Response","duration":57,"startTime":1514871646263,"result":"SUCCESS"}]}]},{"number":19,"description":"[1] {report\u003dTC03, logindomain\u003d/MerchantApiWeb/authenticateUser, domainurl\u003d/MerchantApiWeb/rest/secure/user/financialData/transaction/refund/refundHistoryList, status\u003derror, Message\u003dTransID can\u0027t be Empty/Zero, ErrorCode\u003dMPVE00080, userName\u003dTestAutomationEMS12, password\u003dPassword@1, allianceCode\u003dEMS, AuthErrMessage\u003d, Authaccessdenied\u003d, AuthErrCause\u003d, currency\u003dEUR, userType\u003d, pageNumber\u003d1, accountStatus\u003d, profile\u003d, firstName\u003d, lastName\u003d, period\u003d, fromDate\u003d2016-11-02, toDate\u003d20171102, invoiceId\u003d4723680, gsmTopUpFromDate\u003d, gsmTopUpToDate\u003d, invoiceLineItemId\u003d, fundId\u003d5121421, merchId\u003d65902182, fundDate\u003d, clearingId\u003d, refundallianceCode\u003dEMS}","duration":3122,"startTime":1514871651075,"result":"SUCCESS","children":[{"number":20,"description":"Given load request for refundHistoryList \"/MerchantApiWeb/authenticateUser\" and \"/MerchantApiWeb/rest/secure/user/financialData/transaction/refund/refundHistoryList\" and \"TC03\" and \"TestAutomationEMS12\" and \"Password@1\" and \"EMS\"","duration":1596,"startTime":1514871651103,"result":"SUCCESS","children":[{"number":21,"description":"Loadgetrequestdata: https://uat1.merchantportal.firstdata.eu/MerchantApiWeb/authenticateUser","duration":1,"startTime":1514871651319,"result":"SUCCESS"},{"number":22,"description":"Postrequest authenticate user: https://uat1.merchantportal.firstdata.eu/MerchantApiWeb/authenticateUser, TestAutomationEMS12, Password@1, EMS","duration":1288,"startTime":1514871651321,"result":"SUCCESS"},{"number":23,"description":"Loadgetrequestdata uniqueauthentication: https://uat1.merchantportal.firstdata.eu/MerchantApiWeb/rest/secure/user/financialData/transaction/refund/refundHistoryList","duration":1,"startTime":1514871652628,"result":"SUCCESS"}]},{"number":24,"description":"When post get request for refundHistoryList \"\" and \"EMS\"","duration":1155,"startTime":1514871652699,"result":"SUCCESS","children":[{"number":25,"description":"Post GET request refund history list: https://uat1.merchantportal.firstdata.eu/MerchantApiWeb/rest/secure/user/financialData/transaction/refund/refundHistoryList, , EMS","duration":871,"startTime":1514871652714,"result":"SUCCESS"}]},{"number":26,"description":"Then verify refundHistoryList response status \"error\" and \"MPVE00080\" and \"TransID can\u0027t be Empty/Zero\" and \"\" and \"\" and \"\"","duration":341,"startTime":1514871653855,"result":"SUCCESS","children":[{"number":27,"description":"Verify Response","duration":79,"startTime":1514871653869,"result":"SUCCESS"}]}]}],"userStory":{"id":"merchant-portal-application-api-validation","storyName":"Merchant Portal application API validation","path":"APIupdate.feature","type":"feature"},"featureTag":{"name":"Merchant Portal application API validation","type":"feature"},"title":"Verify the api retrieves the history list of the refunding","description":"","tags":[{"name":"refundHistoryList","type":"tag"}],"startTime":1514871634471,"duration":19726,"dataTable":{"headers":["report","logindomain","domainurl","status","Message","ErrorCode","userName","password","allianceCode","AuthErrMessage","Authaccessdenied","AuthErrCause","currency","userType","pageNumber","accountStatus","profile","firstName","lastName","period","fromDate","toDate","invoiceId","gsmTopUpFromDate","gsmTopUpToDate","invoiceLineItemId","fundId","merchId","fundDate","clearingId","refundallianceCode"],"rows":[{"values":["TC01","/MerchantApiWeb/authenticateUser","/MerchantApiWeb/rest/secure/user/financialData/transaction/refund/refundHistoryList","success","","","TestAutomationEMS12","Password@1","EMS","","","","EUR","","1","","","","","","2016-11-02","2017-11-02","4723680","","","","5121421","65902182","2017-11-15","1042724","EMS"],"result":"SUCCESS"},{"values":["TC02","/MerchantApiWeb/authenticateUser","/MerchantApiWeb/rest/secure/user/financialData/transaction/refund/refundHistoryList","error","Alliance Code can\u0027t be empty","MPVE00035","TestAutomationEMS12","Password@1","EMS","","","","EUR","","1","","","","","","20161102","2017-11-02","4723680","","","","5121421","65902182","20171115","69436340",""],"result":"SUCCESS"},{"values":["TC03","/MerchantApiWeb/authenticateUser","/MerchantApiWeb/rest/secure/user/financialData/transaction/refund/refundHistoryList","error","TransID can\u0027t be Empty/Zero","MPVE00080","TestAutomationEMS12","Password@1","EMS","","","","EUR","","1","","","","","","2016-11-02","20171102","4723680","","","","5121421","65902182","","","EMS"],"result":"SUCCESS"}],"predefinedRows":true,"dataSetDescriptors":[{"startRow":0,"rowCount":0,"name":"","description":""}]},"manual":false,"testSource":"Cucumber","result":"SUCCESS"}