{"name":"Verify the api downloads the Offline report","testSteps":[{"number":1,"description":"[1] {report\u003dTC01, logindomain\u003d/MerchantApiWeb/authenticateUser, domainurl\u003d/MerchantApiWeb/rest/secure/user/report/download/downloadOfflineReport, status\u003dsuccess, Message\u003d, ErrorCode\u003d, userName\u003dTheBatman, password\u003dPass123!, allianceCode\u003dFDP, AuthErrMessage\u003d, Authaccessdenied\u003d, AuthErrCause\u003d, currency\u003dPLN, userType\u003d, pageNumber\u003d, accountStatus\u003d, profile\u003d, firstName\u003d, lastName\u003d, period\u003d, fromDate\u003d2016-11-02, toDate\u003d2017-11-02, invoiceId\u003d4723680, gsmTopUpFromDate\u003d2016-11-02, gsmTopUpToDate\u003d2017-11-02, reportId\u003d1524117, fileType\u003dpdf}","duration":6491,"startTime":1514871831900,"result":"SUCCESS","children":[{"number":2,"description":"Given load request for downloadOfflineReport \"/MerchantApiWeb/authenticateUser\" and \"/MerchantApiWeb/rest/secure/user/report/download/downloadOfflineReport\" and \"TC01\" and \"TheBatman\" and \"Pass123!\" and \"FDP\"","duration":3924,"startTime":1514871831913,"result":"SUCCESS","children":[{"number":3,"description":"Loadgetrequestdata: https://uat1.merchantportal.firstdata.eu/MerchantApiWeb/authenticateUser","duration":0,"startTime":1514871831989,"result":"SUCCESS"},{"number":4,"description":"Postrequest authenticate user: https://uat1.merchantportal.firstdata.eu/MerchantApiWeb/authenticateUser, TheBatman, Pass123!, FDP","duration":3811,"startTime":1514871831990,"result":"SUCCESS"},{"number":5,"description":"Loadgetrequestdata export download: https://uat1.merchantportal.firstdata.eu/MerchantApiWeb/rest/secure/user/report/download/downloadOfflineReport","duration":1,"startTime":1514871835814,"result":"SUCCESS"}]},{"number":6,"description":"When post get request for downloadOfflineReport \"1524117\" and \"pdf\"","duration":2368,"startTime":1514871835838,"result":"SUCCESS","children":[{"number":7,"description":"Post GET request download offline report: https://uat1.merchantportal.firstdata.eu/MerchantApiWeb/rest/secure/user/report/download/downloadOfflineReport, 1524117, pdf","duration":2120,"startTime":1514871835851,"result":"SUCCESS"}]},{"number":8,"description":"Then verify downloadOfflineReport response status \"success\" and \"\" and \"\" and \"\" and \"\" and \"\"","duration":185,"startTime":1514871838206,"result":"SUCCESS","children":[{"number":9,"description":"Verify Download file Response","duration":116,"startTime":1514871838229,"result":"SUCCESS"}]}]},{"number":10,"description":"[1] {report\u003dTC03, logindomain\u003d/MerchantApiWeb/authenticateUser, domainurl\u003d/MerchantApiWeb/rest/secure/user/report/download/downloadOfflineReport, status\u003derror, Message\u003dNo records found, ErrorCode\u003dMPBE00036, userName\u003dTheBatman, password\u003dPass123!, allianceCode\u003dFDP, AuthErrMessage\u003d, Authaccessdenied\u003d, AuthErrCause\u003d, currency\u003dPLN, userType\u003d, pageNumber\u003d, accountStatus\u003d, profile\u003d, firstName\u003d, lastName\u003d, period\u003d, fromDate\u003d2016-11-02, toDate\u003d2017-11-02, invoiceId\u003d4723680, gsmTopUpFromDate\u003d2016-11-02, gsmTopUpToDate\u003d2017-11-02, reportId\u003d1234567, fileType\u003dpdf}","duration":3117,"startTime":1514871842354,"result":"SUCCESS","children":[{"number":11,"description":"Given load request for downloadOfflineReport \"/MerchantApiWeb/authenticateUser\" and \"/MerchantApiWeb/rest/secure/user/report/download/downloadOfflineReport\" and \"TC03\" and \"TheBatman\" and \"Pass123!\" and \"FDP\"","duration":1700,"startTime":1514871842367,"result":"SUCCESS","children":[{"number":12,"description":"Loadgetrequestdata: https://uat1.merchantportal.firstdata.eu/MerchantApiWeb/authenticateUser","duration":0,"startTime":1514871842456,"result":"SUCCESS"},{"number":13,"description":"Postrequest authenticate user: https://uat1.merchantportal.firstdata.eu/MerchantApiWeb/authenticateUser, TheBatman, Pass123!, FDP","duration":1575,"startTime":1514871842457,"result":"SUCCESS"},{"number":14,"description":"Loadgetrequestdata export download: https://uat1.merchantportal.firstdata.eu/MerchantApiWeb/rest/secure/user/report/download/downloadOfflineReport","duration":1,"startTime":1514871844039,"result":"SUCCESS"}]},{"number":15,"description":"When post get request for downloadOfflineReport \"1234567\" and \"pdf\"","duration":1120,"startTime":1514871844067,"result":"SUCCESS","children":[{"number":16,"description":"Post GET request download offline report: https://uat1.merchantportal.firstdata.eu/MerchantApiWeb/rest/secure/user/report/download/downloadOfflineReport, 1234567, pdf","duration":916,"startTime":1514871844080,"result":"SUCCESS"}]},{"number":17,"description":"Then verify downloadOfflineReport response status \"error\" and \"MPBE00036\" and \"No records found\" and \"\" and \"\" and \"\"","duration":284,"startTime":1514871845187,"result":"SUCCESS","children":[{"number":18,"description":"Verify Download file Response","duration":131,"startTime":1514871845202,"result":"SUCCESS"}]}]}],"userStory":{"id":"merchant-portal-application-api-validation","storyName":"Merchant Portal application API validation","path":"APIupdate.feature","type":"feature"},"featureTag":{"name":"Merchant Portal application API validation","type":"feature"},"title":"Verify the api downloads the Offline report","description":"","tags":[{"name":"downloadOfflineReport","type":"tag"}],"startTime":1514871831900,"duration":13571,"dataTable":{"headers":["report","logindomain","domainurl","status","Message","ErrorCode","userName","password","allianceCode","AuthErrMessage","Authaccessdenied","AuthErrCause","currency","userType","pageNumber","accountStatus","profile","firstName","lastName","period","fromDate","toDate","invoiceId","gsmTopUpFromDate","gsmTopUpToDate","reportId","fileType"],"rows":[{"values":["TC01","/MerchantApiWeb/authenticateUser","/MerchantApiWeb/rest/secure/user/report/download/downloadOfflineReport","success","","","TheBatman","Pass123!","FDP","","","","PLN","","","","","","","","2016-11-02","2017-11-02","4723680","2016-11-02","2017-11-02","1524117","pdf"],"result":"SUCCESS"},{"values":["TC03","/MerchantApiWeb/authenticateUser","/MerchantApiWeb/rest/secure/user/report/download/downloadOfflineReport","error","No records found","MPBE00036","TheBatman","Pass123!","FDP","","","","PLN","","","","","","","","2016-11-02","2017-11-02","4723680","2016-11-02","2017-11-02","1234567","pdf"],"result":"SUCCESS"}],"predefinedRows":true,"dataSetDescriptors":[{"startRow":0,"rowCount":0,"name":"","description":""}]},"manual":false,"testSource":"Cucumber","result":"SUCCESS"}