{"name":"Verify the api trigger the Reset password","testSteps":[{"number":1,"description":"[1] {report\u003dTC01, logindomain\u003d/MerchantApiWeb/authenticateUser, domainurl\u003d/MerchantApiWeb/rest/triggerResetPassword, status\u003dsuccess, Message\u003d, ErrorCode\u003d, userName\u003dDemoAccount1, password\u003dPassword@1, allianceCode\u003dEMS, AuthErrMessage\u003d, Authaccessdenied\u003d, AuthErrCause\u003d, ResetpassworduserName\u003dTestAutomation1, ResettriggerallianceCode\u003dEMS}","duration":8040,"startTime":1514870973049,"result":"SUCCESS","children":[{"number":2,"description":"Given load request for triggerResetPassword \"/MerchantApiWeb/authenticateUser\" and \"/MerchantApiWeb/rest/triggerResetPassword\" and \"TC01\" and \"DemoAccount1\" and \"Password@1\" and \"EMS\"","duration":3717,"startTime":1514870973075,"result":"SUCCESS","children":[{"number":3,"description":"Loadgetrequestdata: https://uat1.merchantportal.firstdata.eu/MerchantApiWeb/authenticateUser","duration":0,"startTime":1514870973286,"result":"SUCCESS"},{"number":4,"description":"Postrequest authenticate user: https://uat1.merchantportal.firstdata.eu/MerchantApiWeb/authenticateUser, DemoAccount1, Password@1, EMS","duration":3470,"startTime":1514870973287,"result":"SUCCESS"},{"number":5,"description":"Loadgetrequestdata requestwithbody: https://uat1.merchantportal.firstdata.eu/MerchantApiWeb/rest/triggerResetPassword","duration":1,"startTime":1514870976765,"result":"SUCCESS"}]},{"number":6,"description":"When post request for triggerResetPassword \"TestAutomation1\" and \"EMS\" and \"\"","duration":4153,"startTime":1514870976793,"result":"SUCCESS","children":[{"number":7,"description":"Postrequest trigger reset password: https://uat1.merchantportal.firstdata.eu/MerchantApiWeb/rest/triggerResetPassword, TestAutomation1, EMS","duration":4091,"startTime":1514870976806,"result":"SUCCESS"}]},{"number":8,"description":"Then verify triggerResetPassword response status \"success\" and \"\" and \"\" and \"\" and \"\" and \"\"","duration":142,"startTime":1514870980947,"result":"SUCCESS","children":[{"number":9,"description":"Verify Response","duration":85,"startTime":1514870980958,"result":"SUCCESS"}]}]},{"number":10,"description":"[1] {report\u003dTC02, logindomain\u003d/MerchantApiWeb/authenticateUser, domainurl\u003d/MerchantApiWeb/rest/triggerResetPassword, status\u003derror, Message\u003dUsername should be greater than 8 and less than 50 characters, ErrorCode\u003dMPVE00002, userName\u003dDemoAccount1, password\u003dPassword@1, allianceCode\u003dEMS, AuthErrMessage\u003d, Authaccessdenied\u003d, AuthErrCause\u003d, ResetpassworduserName\u003dTest, ResettriggerallianceCode\u003dEMS}","duration":2514,"startTime":1514870984475,"result":"SUCCESS","children":[{"number":11,"description":"Given load request for triggerResetPassword \"/MerchantApiWeb/authenticateUser\" and \"/MerchantApiWeb/rest/triggerResetPassword\" and \"TC02\" and \"DemoAccount1\" and \"Password@1\" and \"EMS\"","duration":1325,"startTime":1514870984556,"result":"SUCCESS","children":[{"number":12,"description":"Loadgetrequestdata: https://uat1.merchantportal.firstdata.eu/MerchantApiWeb/authenticateUser","duration":1,"startTime":1514870984645,"result":"SUCCESS"},{"number":13,"description":"Postrequest authenticate user: https://uat1.merchantportal.firstdata.eu/MerchantApiWeb/authenticateUser, DemoAccount1, Password@1, EMS","duration":1201,"startTime":1514870984647,"result":"SUCCESS"},{"number":14,"description":"Loadgetrequestdata requestwithbody: https://uat1.merchantportal.firstdata.eu/MerchantApiWeb/rest/triggerResetPassword","duration":0,"startTime":1514870985858,"result":"SUCCESS"}]},{"number":15,"description":"When post request for triggerResetPassword \"Test\" and \"EMS\" and \"MPVE00002\"","duration":940,"startTime":1514870985882,"result":"SUCCESS","children":[{"number":16,"description":"Postrequest trigger reset password: https://uat1.merchantportal.firstdata.eu/MerchantApiWeb/rest/triggerResetPassword, Test, EMS","duration":880,"startTime":1514870985894,"result":"SUCCESS"}]},{"number":17,"description":"Then verify triggerResetPassword response status \"error\" and \"MPVE00002\" and \"Username should be greater than 8 and less than 50 characters\" and \"\" and \"\" and \"\"","duration":167,"startTime":1514870986822,"result":"SUCCESS","children":[{"number":18,"description":"Verify Response","duration":49,"startTime":1514870986835,"result":"SUCCESS"}]}]},{"number":19,"description":"[1] {report\u003dTC03, logindomain\u003d/MerchantApiWeb/authenticateUser, domainurl\u003d/MerchantApiWeb/rest/triggerResetPassword, status\u003derror, Message\u003dUsername should be greater than 8 and less than 50 characters, ErrorCode\u003dMPVE00002, userName\u003dDemoAccount1, password\u003dPassword@1, allianceCode\u003dEMS, AuthErrMessage\u003d, Authaccessdenied\u003d, AuthErrCause\u003d, ResetpassworduserName\u003dTest13254687945687946589156841284892315648987956213213, ResettriggerallianceCode\u003dEMS}","duration":2227,"startTime":1514870990141,"result":"SUCCESS","children":[{"number":20,"description":"Given load request for triggerResetPassword \"/MerchantApiWeb/authenticateUser\" and \"/MerchantApiWeb/rest/triggerResetPassword\" and \"TC03\" and \"DemoAccount1\" and \"Password@1\" and \"EMS\"","duration":1141,"startTime":1514870990167,"result":"SUCCESS","children":[{"number":21,"description":"Loadgetrequestdata: https://uat1.merchantportal.firstdata.eu/MerchantApiWeb/authenticateUser","duration":0,"startTime":1514870990240,"result":"SUCCESS"},{"number":22,"description":"Postrequest authenticate user: https://uat1.merchantportal.firstdata.eu/MerchantApiWeb/authenticateUser, DemoAccount1, Password@1, EMS","duration":1034,"startTime":1514870990241,"result":"SUCCESS"},{"number":23,"description":"Loadgetrequestdata requestwithbody: https://uat1.merchantportal.firstdata.eu/MerchantApiWeb/rest/triggerResetPassword","duration":0,"startTime":1514870991284,"result":"SUCCESS"}]},{"number":24,"description":"When post request for triggerResetPassword \"Test13254687945687946589156841284892315648987956213213\" and \"EMS\" and \"MPVE00002\"","duration":887,"startTime":1514870991308,"result":"SUCCESS","children":[{"number":25,"description":"Postrequest trigger reset password: https://uat1.merchantportal.firstdata.eu/MerchantApiWeb/rest/triggerResetPassword, Test13254687945687946589156841284892315648987956213213, EMS","duration":827,"startTime":1514870991320,"result":"SUCCESS"}]},{"number":26,"description":"Then verify triggerResetPassword response status \"error\" and \"MPVE00002\" and \"Username should be greater than 8 and less than 50 characters\" and \"\" and \"\" and \"\"","duration":173,"startTime":1514870992195,"result":"SUCCESS","children":[{"number":27,"description":"Verify Response","duration":50,"startTime":1514870992208,"result":"SUCCESS"}]}]},{"number":28,"description":"[1] {report\u003dTC04, logindomain\u003d/MerchantApiWeb/authenticateUser, domainurl\u003d/MerchantApiWeb/rest/triggerResetPassword, status\u003derror, Message\u003dUsername contain special characters or empty spaces, ErrorCode\u003dMPVE00003, userName\u003dDemoAccount1, password\u003dPassword@1, allianceCode\u003dEMS, AuthErrMessage\u003d, Authaccessdenied\u003d, AuthErrCause\u003d, ResetpassworduserName\u003dTest@$#%, ResettriggerallianceCode\u003dEMS}","duration":2506,"startTime":1514870995482,"result":"SUCCESS","children":[{"number":29,"description":"Given load request for triggerResetPassword \"/MerchantApiWeb/authenticateUser\" and \"/MerchantApiWeb/rest/triggerResetPassword\" and \"TC04\" and \"DemoAccount1\" and \"Password@1\" and \"EMS\"","duration":1398,"startTime":1514870995496,"result":"SUCCESS","children":[{"number":30,"description":"Loadgetrequestdata: https://uat1.merchantportal.firstdata.eu/MerchantApiWeb/authenticateUser","duration":1,"startTime":1514870995600,"result":"SUCCESS"},{"number":31,"description":"Postrequest authenticate user: https://uat1.merchantportal.firstdata.eu/MerchantApiWeb/authenticateUser, DemoAccount1, Password@1, EMS","duration":1234,"startTime":1514870995602,"result":"SUCCESS"},{"number":32,"description":"Loadgetrequestdata requestwithbody: https://uat1.merchantportal.firstdata.eu/MerchantApiWeb/rest/triggerResetPassword","duration":1,"startTime":1514870996845,"result":"SUCCESS"}]},{"number":33,"description":"When post request for triggerResetPassword \"Test@$#%\" and \"EMS\" and \"MPVE00003\"","duration":902,"startTime":1514870996895,"result":"SUCCESS","children":[{"number":34,"description":"Postrequest trigger reset password: https://uat1.merchantportal.firstdata.eu/MerchantApiWeb/rest/triggerResetPassword, Test@$#%, EMS","duration":826,"startTime":1514870996909,"result":"SUCCESS"}]},{"number":35,"description":"Then verify triggerResetPassword response status \"error\" and \"MPVE00003\" and \"Username contain special characters or empty spaces\" and \"\" and \"\" and \"\"","duration":191,"startTime":1514870997797,"result":"SUCCESS","children":[{"number":36,"description":"Verify Response","duration":59,"startTime":1514870997811,"result":"SUCCESS"}]}]},{"number":37,"description":"[1] {report\u003dTC05, logindomain\u003d/MerchantApiWeb/authenticateUser, domainurl\u003d/MerchantApiWeb/rest/triggerResetPassword, status\u003derror, Message\u003dUsername contain special characters or empty spaces, ErrorCode\u003dMPVE00003, userName\u003dDemoAccount1, password\u003dPassword@1, allianceCode\u003dEMS, AuthErrMessage\u003d, Authaccessdenied\u003d, AuthErrCause\u003d, ResetpassworduserName\u003dTest Automation, ResettriggerallianceCode\u003dEMS}","duration":2364,"startTime":1514871001318,"result":"SUCCESS","children":[{"number":38,"description":"Given load request for triggerResetPassword \"/MerchantApiWeb/authenticateUser\" and \"/MerchantApiWeb/rest/triggerResetPassword\" and \"TC05\" and \"DemoAccount1\" and \"Password@1\" and \"EMS\"","duration":1218,"startTime":1514871001333,"result":"SUCCESS","children":[{"number":39,"description":"Loadgetrequestdata: https://uat1.merchantportal.firstdata.eu/MerchantApiWeb/authenticateUser","duration":1,"startTime":1514871001411,"result":"SUCCESS"},{"number":40,"description":"Postrequest authenticate user: https://uat1.merchantportal.firstdata.eu/MerchantApiWeb/authenticateUser, DemoAccount1, Password@1, EMS","duration":1098,"startTime":1514871001413,"result":"SUCCESS"},{"number":41,"description":"Loadgetrequestdata requestwithbody: https://uat1.merchantportal.firstdata.eu/MerchantApiWeb/rest/triggerResetPassword","duration":1,"startTime":1514871002520,"result":"SUCCESS"}]},{"number":42,"description":"When post request for triggerResetPassword \"Test Automation\" and \"EMS\" and \"MPVE00003\"","duration":909,"startTime":1514871002552,"result":"SUCCESS","children":[{"number":43,"description":"Postrequest trigger reset password: https://uat1.merchantportal.firstdata.eu/MerchantApiWeb/rest/triggerResetPassword, Test Automation, EMS","duration":839,"startTime":1514871002568,"result":"SUCCESS"}]},{"number":44,"description":"Then verify triggerResetPassword response status \"error\" and \"MPVE00003\" and \"Username contain special characters or empty spaces\" and \"\" and \"\" and \"\"","duration":219,"startTime":1514871003462,"result":"SUCCESS","children":[{"number":45,"description":"Verify Response","duration":69,"startTime":1514871003481,"result":"SUCCESS"}]}]},{"number":46,"description":"[1] {report\u003dTC06, logindomain\u003d/MerchantApiWeb/authenticateUser, domainurl\u003d/MerchantApiWeb/rest/triggerResetPassword, status\u003derror, Message\u003dAlliance Code contain special characters or empty spaces, ErrorCode\u003dMPVE00037, userName\u003dDemoAccount1, password\u003dPassword@1, allianceCode\u003dEMS, AuthErrMessage\u003d, Authaccessdenied\u003d, AuthErrCause\u003d, ResetpassworduserName\u003dTestAutomation1, ResettriggerallianceCode\u003dEM S}","duration":2382,"startTime":1514871006929,"result":"SUCCESS","children":[{"number":47,"description":"Given load request for triggerResetPassword \"/MerchantApiWeb/authenticateUser\" and \"/MerchantApiWeb/rest/triggerResetPassword\" and \"TC06\" and \"DemoAccount1\" and \"Password@1\" and \"EMS\"","duration":1193,"startTime":1514871006943,"result":"SUCCESS","children":[{"number":48,"description":"Loadgetrequestdata: https://uat1.merchantportal.firstdata.eu/MerchantApiWeb/authenticateUser","duration":0,"startTime":1514871007013,"result":"SUCCESS"},{"number":49,"description":"Postrequest authenticate user: https://uat1.merchantportal.firstdata.eu/MerchantApiWeb/authenticateUser, DemoAccount1, Password@1, EMS","duration":1085,"startTime":1514871007015,"result":"SUCCESS"},{"number":50,"description":"Loadgetrequestdata requestwithbody: https://uat1.merchantportal.firstdata.eu/MerchantApiWeb/rest/triggerResetPassword","duration":1,"startTime":1514871008107,"result":"SUCCESS"}]},{"number":51,"description":"When post request for triggerResetPassword \"TestAutomation1\" and \"EM S\" and \"MPVE00037\"","duration":984,"startTime":1514871008137,"result":"SUCCESS","children":[{"number":52,"description":"Postrequest trigger reset password: https://uat1.merchantportal.firstdata.eu/MerchantApiWeb/rest/triggerResetPassword, TestAutomation1, EM S","duration":917,"startTime":1514871008150,"result":"SUCCESS"}]},{"number":53,"description":"Then verify triggerResetPassword response status \"error\" and \"MPVE00037\" and \"Alliance Code contain special characters or empty spaces\" and \"\" and \"\" and \"\"","duration":190,"startTime":1514871009121,"result":"SUCCESS","children":[{"number":54,"description":"Verify Response","duration":53,"startTime":1514871009133,"result":"SUCCESS"}]}]},{"number":55,"description":"[1] {report\u003dTC07, logindomain\u003d/MerchantApiWeb/authenticateUser, domainurl\u003d/MerchantApiWeb/rest/triggerResetPassword, status\u003derror, Message\u003dAlliance Code contain special characters or empty spaces, ErrorCode\u003dMPVE00037, userName\u003dDemoAccount1, password\u003dPassword@1, allianceCode\u003dEMS, AuthErrMessage\u003d, Authaccessdenied\u003d, AuthErrCause\u003d, ResetpassworduserName\u003dTestAutomation1, ResettriggerallianceCode\u003dEM$}","duration":2481,"startTime":1514871013991,"result":"SUCCESS","children":[{"number":56,"description":"Given load request for triggerResetPassword \"/MerchantApiWeb/authenticateUser\" and \"/MerchantApiWeb/rest/triggerResetPassword\" and \"TC07\" and \"DemoAccount1\" and \"Password@1\" and \"EMS\"","duration":1280,"startTime":1514871014005,"result":"SUCCESS","children":[{"number":57,"description":"Loadgetrequestdata: https://uat1.merchantportal.firstdata.eu/MerchantApiWeb/authenticateUser","duration":1,"startTime":1514871014075,"result":"SUCCESS"},{"number":58,"description":"Postrequest authenticate user: https://uat1.merchantportal.firstdata.eu/MerchantApiWeb/authenticateUser, DemoAccount1, Password@1, EMS","duration":1166,"startTime":1514871014077,"result":"SUCCESS"},{"number":59,"description":"Loadgetrequestdata requestwithbody: https://uat1.merchantportal.firstdata.eu/MerchantApiWeb/rest/triggerResetPassword","duration":1,"startTime":1514871015260,"result":"SUCCESS"}]},{"number":60,"description":"When post request for triggerResetPassword \"TestAutomation1\" and \"EM$\" and \"MPVE00037\"","duration":970,"startTime":1514871015285,"result":"SUCCESS","children":[{"number":61,"description":"Postrequest trigger reset password: https://uat1.merchantportal.firstdata.eu/MerchantApiWeb/rest/triggerResetPassword, TestAutomation1, EM$","duration":909,"startTime":1514871015300,"result":"SUCCESS"}]},{"number":62,"description":"Then verify triggerResetPassword response status \"error\" and \"MPVE00037\" and \"Alliance Code contain special characters or empty spaces\" and \"\" and \"\" and \"\"","duration":216,"startTime":1514871016256,"result":"SUCCESS","children":[{"number":63,"description":"Verify Response","duration":93,"startTime":1514871016266,"result":"SUCCESS"}]}]},{"number":64,"description":"[1] {report\u003dTC08, logindomain\u003d/MerchantApiWeb/authenticateUser, domainurl\u003d/MerchantApiWeb/rest/triggerResetPassword, status\u003derror, Message\u003dUsername does not exist, ErrorCode\u003dMPBE00004, userName\u003dDemoAccount1, password\u003dPassword@1, allianceCode\u003dEMS, AuthErrMessage\u003d, Authaccessdenied\u003d, AuthErrCause\u003d, ResetpassworduserName\u003dTestasfjkh, ResettriggerallianceCode\u003dEMS}","duration":2497,"startTime":1514871020033,"result":"SUCCESS","children":[{"number":65,"description":"Given load request for triggerResetPassword \"/MerchantApiWeb/authenticateUser\" and \"/MerchantApiWeb/rest/triggerResetPassword\" and \"TC08\" and \"DemoAccount1\" and \"Password@1\" and \"EMS\"","duration":1323,"startTime":1514871020071,"result":"SUCCESS","children":[{"number":66,"description":"Loadgetrequestdata: https://uat1.merchantportal.firstdata.eu/MerchantApiWeb/authenticateUser","duration":1,"startTime":1514871020151,"result":"SUCCESS"},{"number":67,"description":"Postrequest authenticate user: https://uat1.merchantportal.firstdata.eu/MerchantApiWeb/authenticateUser, DemoAccount1, Password@1, EMS","duration":1206,"startTime":1514871020153,"result":"SUCCESS"},{"number":68,"description":"Loadgetrequestdata requestwithbody: https://uat1.merchantportal.firstdata.eu/MerchantApiWeb/rest/triggerResetPassword","duration":1,"startTime":1514871021369,"result":"SUCCESS"}]},{"number":69,"description":"When post request for triggerResetPassword \"Testasfjkh\" and \"EMS\" and \"MPBE00004\"","duration":950,"startTime":1514871021394,"result":"SUCCESS","children":[{"number":70,"description":"Postrequest trigger reset password: https://uat1.merchantportal.firstdata.eu/MerchantApiWeb/rest/triggerResetPassword, Testasfjkh, EMS","duration":887,"startTime":1514871021407,"result":"SUCCESS"}]},{"number":71,"description":"Then verify triggerResetPassword response status \"error\" and \"MPBE00004\" and \"Username does not exist\" and \"\" and \"\" and \"\"","duration":186,"startTime":1514871022344,"result":"SUCCESS","children":[{"number":72,"description":"Verify Response","duration":54,"startTime":1514871022356,"result":"SUCCESS"}]}]}],"userStory":{"id":"merchant-portal-application-api-validation","storyName":"Merchant Portal application API validation","path":"APIupdate.feature","type":"feature"},"featureTag":{"name":"Merchant Portal application API validation","type":"feature"},"title":"Verify the api trigger the Reset password","description":"","tags":[{"name":"triggerResetPassword","type":"tag"}],"startTime":1514870973049,"duration":49482,"dataTable":{"headers":["report","logindomain","domainurl","status","Message","ErrorCode","userName","password","allianceCode","AuthErrMessage","Authaccessdenied","AuthErrCause","ResetpassworduserName","ResettriggerallianceCode"],"rows":[{"values":["TC01","/MerchantApiWeb/authenticateUser","/MerchantApiWeb/rest/triggerResetPassword","success","","","DemoAccount1","Password@1","EMS","","","","TestAutomation1","EMS"],"result":"SUCCESS"},{"values":["TC02","/MerchantApiWeb/authenticateUser","/MerchantApiWeb/rest/triggerResetPassword","error","Username should be greater than 8 and less than 50 characters","MPVE00002","DemoAccount1","Password@1","EMS","","","","Test","EMS"],"result":"SUCCESS"},{"values":["TC03","/MerchantApiWeb/authenticateUser","/MerchantApiWeb/rest/triggerResetPassword","error","Username should be greater than 8 and less than 50 characters","MPVE00002","DemoAccount1","Password@1","EMS","","","","Test13254687945687946589156841284892315648987956213213","EMS"],"result":"SUCCESS"},{"values":["TC04","/MerchantApiWeb/authenticateUser","/MerchantApiWeb/rest/triggerResetPassword","error","Username contain special characters or empty spaces","MPVE00003","DemoAccount1","Password@1","EMS","","","","Test@$#%","EMS"],"result":"SUCCESS"},{"values":["TC05","/MerchantApiWeb/authenticateUser","/MerchantApiWeb/rest/triggerResetPassword","error","Username contain special characters or empty spaces","MPVE00003","DemoAccount1","Password@1","EMS","","","","Test Automation","EMS"],"result":"SUCCESS"},{"values":["TC06","/MerchantApiWeb/authenticateUser","/MerchantApiWeb/rest/triggerResetPassword","error","Alliance Code contain special characters or empty spaces","MPVE00037","DemoAccount1","Password@1","EMS","","","","TestAutomation1","EM S"],"result":"SUCCESS"},{"values":["TC07","/MerchantApiWeb/authenticateUser","/MerchantApiWeb/rest/triggerResetPassword","error","Alliance Code contain special characters or empty spaces","MPVE00037","DemoAccount1","Password@1","EMS","","","","TestAutomation1","EM$"],"result":"SUCCESS"},{"values":["TC08","/MerchantApiWeb/authenticateUser","/MerchantApiWeb/rest/triggerResetPassword","error","Username does not exist","MPBE00004","DemoAccount1","Password@1","EMS","","","","Testasfjkh","EMS"],"result":"SUCCESS"}],"predefinedRows":true,"dataSetDescriptors":[{"startRow":0,"rowCount":0,"name":"","description":""}]},"manual":false,"testSource":"Cucumber","result":"SUCCESS"}