{"name":"Verify the api retrieves the details of the funding","testSteps":[{"number":1,"description":"[1] {report\u003dTC01, logindomain\u003d/MerchantApiWeb/authenticateUser, domainurl\u003d/MerchantApiWeb/rest/secure/user/financialData/funding/getFundingDetails, status\u003dsuccess, Message\u003d, ErrorCode\u003d, userName\u003dDemoAccount1, password\u003dPassword@1, allianceCode\u003dEMS, AuthErrMessage\u003d, Authaccessdenied\u003d, AuthErrCause\u003d, currency\u003dEUR, userType\u003d, pageNumber\u003d1, accountStatus\u003d, profile\u003d, firstName\u003d, lastName\u003d, period\u003d, fromDate\u003d2016-11-02, toDate\u003d2017-11-02, invoiceId\u003d4723680, gsmTopUpFromDate\u003d, gsmTopUpToDate\u003d, invoiceLineItemId\u003d, fundId\u003d5121421, merchId\u003d65902182, fundDate\u003d2017-11-15}","duration":27620,"startTime":1514871714274,"result":"SUCCESS","children":[{"number":2,"description":"Given load request for getFundingDetails \"/MerchantApiWeb/authenticateUser\" and \"/MerchantApiWeb/rest/secure/user/financialData/funding/getFundingDetails\" and \"TC01\" and \"DemoAccount1\" and \"Password@1\" and \"EMS\"","duration":3453,"startTime":1514871714288,"result":"SUCCESS","children":[{"number":3,"description":"Loadgetrequestdata: https://uat1.merchantportal.firstdata.eu/MerchantApiWeb/authenticateUser","duration":0,"startTime":1514871714371,"result":"SUCCESS"},{"number":4,"description":"Postrequest authenticate user: https://uat1.merchantportal.firstdata.eu/MerchantApiWeb/authenticateUser, DemoAccount1, Password@1, EMS","duration":3280,"startTime":1514871714373,"result":"SUCCESS"},{"number":5,"description":"Loadgetrequestdata uniqueauthentication: https://uat1.merchantportal.firstdata.eu/MerchantApiWeb/rest/secure/user/financialData/funding/getFundingDetails","duration":1,"startTime":1514871717696,"result":"SUCCESS"}]},{"number":6,"description":"When post get request for getFundingDetails \"2017-11-15\" and \"5121421\"","duration":23772,"startTime":1514871717742,"result":"SUCCESS","children":[{"number":7,"description":"Post GET request get funding details: https://uat1.merchantportal.firstdata.eu/MerchantApiWeb/rest/secure/user/financialData/funding/getFundingDetails, 2017-11-15, 5121421","duration":23585,"startTime":1514871717759,"result":"SUCCESS"}]},{"number":8,"description":"Then verify getFundingDetails response status \"success\" and \"\" and \"\" and \"\" and \"\" and \"\"","duration":379,"startTime":1514871741515,"result":"SUCCESS","children":[{"number":9,"description":"Verify Response","duration":251,"startTime":1514871741527,"result":"SUCCESS"}]}]},{"number":10,"description":"[1] {report\u003dTC02, logindomain\u003d/MerchantApiWeb/authenticateUser, domainurl\u003d/MerchantApiWeb/rest/secure/user/financialData/funding/getFundingDetails, status\u003derror, Message\u003dInvalid Date format, ErrorCode\u003dMPVE00051, userName\u003dDemoAccount1, password\u003dPassword@1, allianceCode\u003dEMS, AuthErrMessage\u003d, Authaccessdenied\u003d, AuthErrCause\u003d, currency\u003dEUR, userType\u003d, pageNumber\u003d1, accountStatus\u003d, profile\u003d, firstName\u003d, lastName\u003d, period\u003d, fromDate\u003d20161102, toDate\u003d2017-11-02, invoiceId\u003d4723680, gsmTopUpFromDate\u003d, gsmTopUpToDate\u003d, invoiceLineItemId\u003d, fundId\u003d5121421, merchId\u003d65902182, fundDate\u003d20171115}","duration":5210,"startTime":1514871748441,"result":"SUCCESS","children":[{"number":11,"description":"Given load request for getFundingDetails \"/MerchantApiWeb/authenticateUser\" and \"/MerchantApiWeb/rest/secure/user/financialData/funding/getFundingDetails\" and \"TC02\" and \"DemoAccount1\" and \"Password@1\" and \"EMS\"","duration":3941,"startTime":1514871748482,"result":"SUCCESS","children":[{"number":12,"description":"Loadgetrequestdata: https://uat1.merchantportal.firstdata.eu/MerchantApiWeb/authenticateUser","duration":0,"startTime":1514871748606,"result":"SUCCESS"},{"number":13,"description":"Postrequest authenticate user: https://uat1.merchantportal.firstdata.eu/MerchantApiWeb/authenticateUser, DemoAccount1, Password@1, EMS","duration":3772,"startTime":1514871748607,"result":"SUCCESS"},{"number":14,"description":"Loadgetrequestdata uniqueauthentication: https://uat1.merchantportal.firstdata.eu/MerchantApiWeb/rest/secure/user/financialData/funding/getFundingDetails","duration":1,"startTime":1514871752392,"result":"SUCCESS"}]},{"number":15,"description":"When post get request for getFundingDetails \"20171115\" and \"5121421\"","duration":905,"startTime":1514871752424,"result":"SUCCESS","children":[{"number":16,"description":"Post GET request get funding details: https://uat1.merchantportal.firstdata.eu/MerchantApiWeb/rest/secure/user/financialData/funding/getFundingDetails, 20171115, 5121421","duration":836,"startTime":1514871752441,"result":"SUCCESS"}]},{"number":17,"description":"Then verify getFundingDetails response status \"error\" and \"MPVE00051\" and \"Invalid Date format\" and \"\" and \"\" and \"\"","duration":321,"startTime":1514871753330,"result":"SUCCESS","children":[{"number":18,"description":"Verify Response","duration":55,"startTime":1514871753345,"result":"SUCCESS"}]}]}],"userStory":{"id":"merchant-portal-application-api-validation","storyName":"Merchant Portal application API validation","path":"APIupdate.feature","type":"feature"},"featureTag":{"name":"Merchant Portal application API validation","type":"feature"},"title":"Verify the api retrieves the details of the funding","description":"","tags":[{"name":"getFundingDetails","type":"tag"}],"startTime":1514871714274,"duration":39377,"dataTable":{"headers":["report","logindomain","domainurl","status","Message","ErrorCode","userName","password","allianceCode","AuthErrMessage","Authaccessdenied","AuthErrCause","currency","userType","pageNumber","accountStatus","profile","firstName","lastName","period","fromDate","toDate","invoiceId","gsmTopUpFromDate","gsmTopUpToDate","invoiceLineItemId","fundId","merchId","fundDate"],"rows":[{"values":["TC01","/MerchantApiWeb/authenticateUser","/MerchantApiWeb/rest/secure/user/financialData/funding/getFundingDetails","success","","","DemoAccount1","Password@1","EMS","","","","EUR","","1","","","","","","2016-11-02","2017-11-02","4723680","","","","5121421","65902182","2017-11-15"],"result":"SUCCESS"},{"values":["TC02","/MerchantApiWeb/authenticateUser","/MerchantApiWeb/rest/secure/user/financialData/funding/getFundingDetails","error","Invalid Date format","MPVE00051","DemoAccount1","Password@1","EMS","","","","EUR","","1","","","","","","20161102","2017-11-02","4723680","","","","5121421","65902182","20171115"],"result":"SUCCESS"}],"predefinedRows":true,"dataSetDescriptors":[{"startRow":0,"rowCount":0,"name":"","description":""}]},"manual":false,"testSource":"Cucumber","result":"SUCCESS"}