{"name":"Verify the api retrieves the list of the transaction for the logged in user","testSteps":[{"number":1,"description":"[1] {report\u003dTC01, logindomain\u003d/MerchantApiWeb/authenticateUser, domainurl\u003d/MerchantApiWeb/rest/secure/user/financialData/transaction/getTransactionList, status\u003dsuccess, Message\u003d, ErrorCode\u003d, userName\u003dDemoAccount1, password\u003dPassword@1, allianceCode\u003dEMS, AuthErrMessage\u003d, Authaccessdenied\u003d, AuthErrCause\u003d, currency\u003d, userType\u003d, pageNumber\u003d1, accountStatus\u003d, profile\u003d, firstName\u003d, lastName\u003d, period\u003d, fromDate\u003d2016-11-02, toDate\u003d2017-11-02, invoiceId\u003d, gsmTopUpFromDate\u003d, gsmTopUpToDate\u003d, invoiceLineItemId\u003d, fundId\u003d, merchId\u003d, fromAmount\u003d, toAmount\u003d, source\u003d}","duration":9656,"startTime":1514871802491,"result":"SUCCESS","children":[{"number":2,"description":"Given load request for getTransactionList \"/MerchantApiWeb/authenticateUser\" and \"/MerchantApiWeb/rest/secure/user/financialData/transaction/getTransactionList\" and \"TC01\" and \"DemoAccount1\" and \"Password@1\" and \"EMS\"","duration":4101,"startTime":1514871802511,"result":"SUCCESS","children":[{"number":3,"description":"Loadgetrequestdata: https://uat1.merchantportal.firstdata.eu/MerchantApiWeb/authenticateUser","duration":1,"startTime":1514871802669,"result":"SUCCESS"},{"number":4,"description":"Postrequest authenticate user: https://uat1.merchantportal.firstdata.eu/MerchantApiWeb/authenticateUser, DemoAccount1, Password@1, EMS","duration":3910,"startTime":1514871802671,"result":"SUCCESS"},{"number":5,"description":"Loadgetrequestdata uniqueauthentication: https://uat1.merchantportal.firstdata.eu/MerchantApiWeb/rest/secure/user/financialData/transaction/getTransactionList","duration":0,"startTime":1514871806589,"result":"SUCCESS"}]},{"number":6,"description":"When post get request for getTransactionList \"1\" and \"2016-11-02\" and \"2017-11-02\" and \"\" and \"\" and \"\" and \"\"","duration":5261,"startTime":1514871806613,"result":"SUCCESS","children":[{"number":7,"description":"Post GET request get transaction list: https://uat1.merchantportal.firstdata.eu/MerchantApiWeb/rest/secure/user/financialData/transaction/getTransactionList, 1, 2016-11-02, 2017-11-02, , , , ","duration":5182,"startTime":1514871806627,"result":"SUCCESS"}]},{"number":8,"description":"Then verify getTransactionList response status \"success\" and \"\" and \"\" and \"\" and \"\" and \"\"","duration":273,"startTime":1514871811874,"result":"SUCCESS","children":[{"number":9,"description":"Verify Response","duration":205,"startTime":1514871811885,"result":"SUCCESS"}]}]},{"number":10,"description":"[1] {report\u003dTC02, logindomain\u003d/MerchantApiWeb/authenticateUser, domainurl\u003d/MerchantApiWeb/rest/secure/user/financialData/transaction/getTransactionList, status\u003derror, Message\u003dInvalid Date format, ErrorCode\u003dMPVE00051, userName\u003dDemoAccount1, password\u003dPassword@1, allianceCode\u003dEMS, AuthErrMessage\u003d, Authaccessdenied\u003d, AuthErrCause\u003d, currency\u003dEUR, userType\u003d, pageNumber\u003d1, accountStatus\u003d, profile\u003d, firstName\u003d, lastName\u003d, period\u003d, fromDate\u003d20161102, toDate\u003d2017-11-02, invoiceId\u003d, gsmTopUpFromDate\u003d, gsmTopUpToDate\u003d, invoiceLineItemId\u003d, fundId\u003d, merchId\u003d65902182, fromAmount\u003d, toAmount\u003d, source\u003d}","duration":2832,"startTime":1514871817455,"result":"SUCCESS","children":[{"number":11,"description":"Given load request for getTransactionList \"/MerchantApiWeb/authenticateUser\" and \"/MerchantApiWeb/rest/secure/user/financialData/transaction/getTransactionList\" and \"TC02\" and \"DemoAccount1\" and \"Password@1\" and \"EMS\"","duration":1685,"startTime":1514871817512,"result":"SUCCESS","children":[{"number":12,"description":"Loadgetrequestdata: https://uat1.merchantportal.firstdata.eu/MerchantApiWeb/authenticateUser","duration":1,"startTime":1514871817660,"result":"SUCCESS"},{"number":13,"description":"Postrequest authenticate user: https://uat1.merchantportal.firstdata.eu/MerchantApiWeb/authenticateUser, DemoAccount1, Password@1, EMS","duration":1505,"startTime":1514871817662,"result":"SUCCESS"},{"number":14,"description":"Loadgetrequestdata uniqueauthentication: https://uat1.merchantportal.firstdata.eu/MerchantApiWeb/rest/secure/user/financialData/transaction/getTransactionList","duration":1,"startTime":1514871819175,"result":"SUCCESS"}]},{"number":15,"description":"When post get request for getTransactionList \"1\" and \"20161102\" and \"2017-11-02\" and \"\" and \"\" and \"\" and \"\"","duration":924,"startTime":1514871819198,"result":"SUCCESS","children":[{"number":16,"description":"Post GET request get transaction list: https://uat1.merchantportal.firstdata.eu/MerchantApiWeb/rest/secure/user/financialData/transaction/getTransactionList, 1, 20161102, 2017-11-02, , , , ","duration":865,"startTime":1514871819211,"result":"SUCCESS"}]},{"number":17,"description":"Then verify getTransactionList response status \"error\" and \"MPVE00051\" and \"Invalid Date format\" and \"\" and \"\" and \"\"","duration":162,"startTime":1514871820124,"result":"SUCCESS","children":[{"number":18,"description":"Verify Response","duration":45,"startTime":1514871820136,"result":"SUCCESS"}]}]},{"number":19,"description":"[1] {report\u003dTC03, logindomain\u003d/MerchantApiWeb/authenticateUser, domainurl\u003d/MerchantApiWeb/rest/secure/user/financialData/transaction/getTransactionList, status\u003derror, Message\u003dInvalid Date format, ErrorCode\u003dMPVE00051, userName\u003dDemoAccount1, password\u003dPassword@1, allianceCode\u003dEMS, AuthErrMessage\u003d, Authaccessdenied\u003d, AuthErrCause\u003d, currency\u003dEUR, userType\u003d, pageNumber\u003d1, accountStatus\u003d, profile\u003d, firstName\u003d, lastName\u003d, period\u003d, fromDate\u003d2016-11-02, toDate\u003d20171102, invoiceId\u003d, gsmTopUpFromDate\u003d, gsmTopUpToDate\u003d, invoiceLineItemId\u003d, fundId\u003d, merchId\u003d65902182, fromAmount\u003d, toAmount\u003d, source\u003d}","duration":2483,"startTime":1514871824356,"result":"SUCCESS","children":[{"number":20,"description":"Given load request for getTransactionList \"/MerchantApiWeb/authenticateUser\" and \"/MerchantApiWeb/rest/secure/user/financialData/transaction/getTransactionList\" and \"TC03\" and \"DemoAccount1\" and \"Password@1\" and \"EMS\"","duration":1332,"startTime":1514871824409,"result":"SUCCESS","children":[{"number":21,"description":"Loadgetrequestdata: https://uat1.merchantportal.firstdata.eu/MerchantApiWeb/authenticateUser","duration":1,"startTime":1514871824574,"result":"SUCCESS"},{"number":22,"description":"Postrequest authenticate user: https://uat1.merchantportal.firstdata.eu/MerchantApiWeb/authenticateUser, DemoAccount1, Password@1, EMS","duration":1132,"startTime":1514871824576,"result":"SUCCESS"},{"number":23,"description":"Loadgetrequestdata uniqueauthentication: https://uat1.merchantportal.firstdata.eu/MerchantApiWeb/rest/secure/user/financialData/transaction/getTransactionList","duration":1,"startTime":1514871825715,"result":"SUCCESS"}]},{"number":24,"description":"When post get request for getTransactionList \"1\" and \"2016-11-02\" and \"20171102\" and \"\" and \"\" and \"\" and \"\"","duration":910,"startTime":1514871825741,"result":"SUCCESS","children":[{"number":25,"description":"Post GET request get transaction list: https://uat1.merchantportal.firstdata.eu/MerchantApiWeb/rest/secure/user/financialData/transaction/getTransactionList, 1, 2016-11-02, 20171102, , , , ","duration":842,"startTime":1514871825754,"result":"SUCCESS"}]},{"number":26,"description":"Then verify getTransactionList response status \"error\" and \"MPVE00051\" and \"Invalid Date format\" and \"\" and \"\" and \"\"","duration":187,"startTime":1514871826652,"result":"SUCCESS","children":[{"number":27,"description":"Verify Response","duration":47,"startTime":1514871826664,"result":"SUCCESS"}]}]},{"number":28,"description":"[1] {report\u003dTC05, logindomain\u003d/MerchantApiWeb/authenticateUser, domainurl\u003d/MerchantApiWeb/rest/secure/user/financialData/transaction/getTransactionList, status\u003derror, Message\u003dfromDate should be less than toDate, ErrorCode\u003dMPVE00053, userName\u003dDemoAccount1, password\u003dPassword@1, allianceCode\u003dEMS, AuthErrMessage\u003d, Authaccessdenied\u003d, AuthErrCause\u003d, currency\u003dEUR, userType\u003d, pageNumber\u003d1, accountStatus\u003d, profile\u003d, firstName\u003d, lastName\u003d, period\u003d, fromDate\u003d2018-11-02, toDate\u003d2017-11-02, invoiceId\u003d, gsmTopUpFromDate\u003d, gsmTopUpToDate\u003d, invoiceLineItemId\u003d, fundId\u003d, merchId\u003d, fromAmount\u003d, toAmount\u003d, source\u003d}","duration":2405,"startTime":1514871832667,"result":"SUCCESS","children":[{"number":29,"description":"Given load request for getTransactionList \"/MerchantApiWeb/authenticateUser\" and \"/MerchantApiWeb/rest/secure/user/financialData/transaction/getTransactionList\" and \"TC05\" and \"DemoAccount1\" and \"Password@1\" and \"EMS\"","duration":1279,"startTime":1514871832680,"result":"SUCCESS","children":[{"number":30,"description":"Loadgetrequestdata: https://uat1.merchantportal.firstdata.eu/MerchantApiWeb/authenticateUser","duration":0,"startTime":1514871832749,"result":"SUCCESS"},{"number":31,"description":"Postrequest authenticate user: https://uat1.merchantportal.firstdata.eu/MerchantApiWeb/authenticateUser, DemoAccount1, Password@1, EMS","duration":1172,"startTime":1514871832751,"result":"SUCCESS"},{"number":32,"description":"Loadgetrequestdata uniqueauthentication: https://uat1.merchantportal.firstdata.eu/MerchantApiWeb/rest/secure/user/financialData/transaction/getTransactionList","duration":0,"startTime":1514871833934,"result":"SUCCESS"}]},{"number":33,"description":"When post get request for getTransactionList \"1\" and \"2018-11-02\" and \"2017-11-02\" and \"\" and \"\" and \"\" and \"\"","duration":926,"startTime":1514871833959,"result":"SUCCESS","children":[{"number":34,"description":"Post GET request get transaction list: https://uat1.merchantportal.firstdata.eu/MerchantApiWeb/rest/secure/user/financialData/transaction/getTransactionList, 1, 2018-11-02, 2017-11-02, , , , ","duration":866,"startTime":1514871833971,"result":"SUCCESS"}]},{"number":35,"description":"Then verify getTransactionList response status \"error\" and \"MPVE00053\" and \"fromDate should be less than toDate\" and \"\" and \"\" and \"\"","duration":187,"startTime":1514871834885,"result":"SUCCESS","children":[{"number":36,"description":"Verify Response","duration":57,"startTime":1514871834898,"result":"SUCCESS"}]}]},{"number":37,"description":"[1] {report\u003dTC06, logindomain\u003d/MerchantApiWeb/authenticateUser, domainurl\u003d/MerchantApiWeb/rest/secure/user/financialData/transaction/getTransactionList, status\u003derror, Message\u003dfromAmount is greater than toAmount, ErrorCode\u003dMPVE00054, userName\u003dDemoAccount1, password\u003dPassword@1, allianceCode\u003dEMS, AuthErrMessage\u003d, Authaccessdenied\u003d, AuthErrCause\u003d, currency\u003dEUR, userType\u003d, pageNumber\u003d1, accountStatus\u003d, profile\u003d, firstName\u003d, lastName\u003d, period\u003d, fromDate\u003d2016-11-02, toDate\u003d2017-11-02, invoiceId\u003d, gsmTopUpFromDate\u003d, gsmTopUpToDate\u003d, invoiceLineItemId\u003d, fundId\u003d, merchId\u003d, fromAmount\u003d200, toAmount\u003d5, source\u003d}","duration":2426,"startTime":1514871838993,"result":"SUCCESS","children":[{"number":38,"description":"Given load request for getTransactionList \"/MerchantApiWeb/authenticateUser\" and \"/MerchantApiWeb/rest/secure/user/financialData/transaction/getTransactionList\" and \"TC06\" and \"DemoAccount1\" and \"Password@1\" and \"EMS\"","duration":1260,"startTime":1514871839008,"result":"SUCCESS","children":[{"number":39,"description":"Loadgetrequestdata: https://uat1.merchantportal.firstdata.eu/MerchantApiWeb/authenticateUser","duration":0,"startTime":1514871839109,"result":"SUCCESS"},{"number":40,"description":"Postrequest authenticate user: https://uat1.merchantportal.firstdata.eu/MerchantApiWeb/authenticateUser, DemoAccount1, Password@1, EMS","duration":1093,"startTime":1514871839110,"result":"SUCCESS"},{"number":41,"description":"Loadgetrequestdata uniqueauthentication: https://uat1.merchantportal.firstdata.eu/MerchantApiWeb/rest/secure/user/financialData/transaction/getTransactionList","duration":1,"startTime":1514871840240,"result":"SUCCESS"}]},{"number":42,"description":"When post get request for getTransactionList \"1\" and \"2016-11-02\" and \"2017-11-02\" and \"200\" and \"5\" and \"\" and \"\"","duration":954,"startTime":1514871840269,"result":"SUCCESS","children":[{"number":43,"description":"Post GET request get transaction list: https://uat1.merchantportal.firstdata.eu/MerchantApiWeb/rest/secure/user/financialData/transaction/getTransactionList, 1, 2016-11-02, 2017-11-02, 200, 5, , ","duration":884,"startTime":1514871840290,"result":"SUCCESS"}]},{"number":44,"description":"Then verify getTransactionList response status \"error\" and \"MPVE00054\" and \"fromAmount is greater than toAmount\" and \"\" and \"\" and \"\"","duration":196,"startTime":1514871841223,"result":"SUCCESS","children":[{"number":45,"description":"Verify Response","duration":45,"startTime":1514871841236,"result":"SUCCESS"}]}]},{"number":46,"description":"[1] {report\u003dTC07, logindomain\u003d/MerchantApiWeb/authenticateUser, domainurl\u003d/MerchantApiWeb/rest/secure/user/financialData/transaction/getTransactionList, status\u003derror, Message\u003dtoDate is required, ErrorCode\u003dMPVE00061, userName\u003dDemoAccount1, password\u003dPassword@1, allianceCode\u003dEMS, AuthErrMessage\u003d, Authaccessdenied\u003d, AuthErrCause\u003d, currency\u003dEUR, userType\u003d, pageNumber\u003d1, accountStatus\u003d, profile\u003d, firstName\u003d, lastName\u003d, period\u003d, fromDate\u003d2016-11-02, toDate\u003d, invoiceId\u003d, gsmTopUpFromDate\u003d, gsmTopUpToDate\u003d, invoiceLineItemId\u003d, fundId\u003d, merchId\u003d65902182, fromAmount\u003d, toAmount\u003d, source\u003d}","duration":2470,"startTime":1514871845273,"result":"SUCCESS","children":[{"number":47,"description":"Given load request for getTransactionList \"/MerchantApiWeb/authenticateUser\" and \"/MerchantApiWeb/rest/secure/user/financialData/transaction/getTransactionList\" and \"TC07\" and \"DemoAccount1\" and \"Password@1\" and \"EMS\"","duration":1171,"startTime":1514871845287,"result":"SUCCESS","children":[{"number":48,"description":"Loadgetrequestdata: https://uat1.merchantportal.firstdata.eu/MerchantApiWeb/authenticateUser","duration":1,"startTime":1514871845370,"result":"SUCCESS"},{"number":49,"description":"Postrequest authenticate user: https://uat1.merchantportal.firstdata.eu/MerchantApiWeb/authenticateUser, DemoAccount1, Password@1, EMS","duration":1019,"startTime":1514871845372,"result":"SUCCESS"},{"number":50,"description":"Loadgetrequestdata uniqueauthentication: https://uat1.merchantportal.firstdata.eu/MerchantApiWeb/rest/secure/user/financialData/transaction/getTransactionList","duration":1,"startTime":1514871846397,"result":"SUCCESS"}]},{"number":51,"description":"When post get request for getTransactionList \"1\" and \"2016-11-02\" and \"\" and \"\" and \"\" and \"\" and \"\"","duration":983,"startTime":1514871846459,"result":"SUCCESS","children":[{"number":52,"description":"Post GET request get transaction list: https://uat1.merchantportal.firstdata.eu/MerchantApiWeb/rest/secure/user/financialData/transaction/getTransactionList, 1, 2016-11-02, , , , , ","duration":846,"startTime":1514871846473,"result":"SUCCESS"}]},{"number":53,"description":"Then verify getTransactionList response status \"error\" and \"MPVE00061\" and \"toDate is required\" and \"\" and \"\" and \"\"","duration":300,"startTime":1514871847443,"result":"SUCCESS","children":[{"number":54,"description":"Verify Response","duration":177,"startTime":1514871847459,"result":"SUCCESS"}]}]},{"number":55,"description":"[1] {report\u003dTC09, logindomain\u003d/MerchantApiWeb/authenticateUser, domainurl\u003d/MerchantApiWeb/rest/secure/user/financialData/transaction/getTransactionList, status\u003derror, Message\u003dfromDate is required, ErrorCode\u003dMPVE00063, userName\u003dDemoAccount1, password\u003dPassword@1, allianceCode\u003dEMS, AuthErrMessage\u003d, Authaccessdenied\u003d, AuthErrCause\u003d, currency\u003dEUR, userType\u003d, pageNumber\u003d1, accountStatus\u003d, profile\u003d, firstName\u003d, lastName\u003d, period\u003d, fromDate\u003d, toDate\u003d2017-11-02, invoiceId\u003d, gsmTopUpFromDate\u003d, gsmTopUpToDate\u003d, invoiceLineItemId\u003d, fundId\u003d, merchId\u003d, fromAmount\u003d, toAmount\u003d, source\u003d}","duration":2393,"startTime":1514871853792,"result":"SUCCESS","children":[{"number":56,"description":"Given load request for getTransactionList \"/MerchantApiWeb/authenticateUser\" and \"/MerchantApiWeb/rest/secure/user/financialData/transaction/getTransactionList\" and \"TC09\" and \"DemoAccount1\" and \"Password@1\" and \"EMS\"","duration":1224,"startTime":1514871853830,"result":"SUCCESS","children":[{"number":57,"description":"Loadgetrequestdata: https://uat1.merchantportal.firstdata.eu/MerchantApiWeb/authenticateUser","duration":1,"startTime":1514871853894,"result":"SUCCESS"},{"number":58,"description":"Postrequest authenticate user: https://uat1.merchantportal.firstdata.eu/MerchantApiWeb/authenticateUser, DemoAccount1, Password@1, EMS","duration":1124,"startTime":1514871853897,"result":"SUCCESS"},{"number":59,"description":"Loadgetrequestdata uniqueauthentication: https://uat1.merchantportal.firstdata.eu/MerchantApiWeb/rest/secure/user/financialData/transaction/getTransactionList","duration":0,"startTime":1514871855030,"result":"SUCCESS"}]},{"number":60,"description":"When post get request for getTransactionList \"1\" and \"\" and \"2017-11-02\" and \"\" and \"\" and \"\" and \"\"","duration":956,"startTime":1514871855054,"result":"SUCCESS","children":[{"number":61,"description":"Post GET request get transaction list: https://uat1.merchantportal.firstdata.eu/MerchantApiWeb/rest/secure/user/financialData/transaction/getTransactionList, 1, , 2017-11-02, , , , ","duration":885,"startTime":1514871855068,"result":"SUCCESS"}]},{"number":62,"description":"Then verify getTransactionList response status \"error\" and \"MPVE00063\" and \"fromDate is required\" and \"\" and \"\" and \"\"","duration":174,"startTime":1514871856011,"result":"SUCCESS","children":[{"number":63,"description":"Verify Response","duration":48,"startTime":1514871856023,"result":"SUCCESS"}]}]},{"number":64,"description":"[1] {report\u003dTC11, logindomain\u003d/MerchantApiWeb/authenticateUser, domainurl\u003d/MerchantApiWeb/rest/secure/user/financialData/transaction/getTransactionList, status\u003derror, Message\u003dPage no should be numeric, ErrorCode\u003dMPVE00032, userName\u003dDemoAccount1, password\u003dPassword@1, allianceCode\u003dEMS, AuthErrMessage\u003d, Authaccessdenied\u003d, AuthErrCause\u003d, currency\u003dEUR, userType\u003d, pageNumber\u003dA, accountStatus\u003d, profile\u003d, firstName\u003d, lastName\u003d, period\u003d, fromDate\u003d2016-11-02, toDate\u003d2017-11-02, invoiceId\u003d, gsmTopUpFromDate\u003d, gsmTopUpToDate\u003d, invoiceLineItemId\u003d, fundId\u003d, merchId\u003d, fromAmount\u003d, toAmount\u003d, source\u003d}","duration":2349,"startTime":1514871861158,"result":"SUCCESS","children":[{"number":65,"description":"Given load request for getTransactionList \"/MerchantApiWeb/authenticateUser\" and \"/MerchantApiWeb/rest/secure/user/financialData/transaction/getTransactionList\" and \"TC11\" and \"DemoAccount1\" and \"Password@1\" and \"EMS\"","duration":1187,"startTime":1514871861173,"result":"SUCCESS","children":[{"number":66,"description":"Loadgetrequestdata: https://uat1.merchantportal.firstdata.eu/MerchantApiWeb/authenticateUser","duration":1,"startTime":1514871861283,"result":"SUCCESS"},{"number":67,"description":"Postrequest authenticate user: https://uat1.merchantportal.firstdata.eu/MerchantApiWeb/authenticateUser, DemoAccount1, Password@1, EMS","duration":1034,"startTime":1514871861285,"result":"SUCCESS"},{"number":68,"description":"Loadgetrequestdata uniqueauthentication: https://uat1.merchantportal.firstdata.eu/MerchantApiWeb/rest/secure/user/financialData/transaction/getTransactionList","duration":0,"startTime":1514871862328,"result":"SUCCESS"}]},{"number":69,"description":"When post get request for getTransactionList \"A\" and \"2016-11-02\" and \"2017-11-02\" and \"\" and \"\" and \"\" and \"\"","duration":882,"startTime":1514871862361,"result":"SUCCESS","children":[{"number":70,"description":"Post GET request get transaction list: https://uat1.merchantportal.firstdata.eu/MerchantApiWeb/rest/secure/user/financialData/transaction/getTransactionList, A, 2016-11-02, 2017-11-02, , , , ","duration":814,"startTime":1514871862377,"result":"SUCCESS"}]},{"number":71,"description":"Then verify getTransactionList response status \"error\" and \"MPVE00032\" and \"Page no should be numeric\" and \"\" and \"\" and \"\"","duration":264,"startTime":1514871863243,"result":"SUCCESS","children":[{"number":72,"description":"Verify Response","duration":60,"startTime":1514871863257,"result":"SUCCESS"}]}]},{"number":73,"description":"[1] {report\u003dTC12, logindomain\u003d/MerchantApiWeb/authenticateUser, domainurl\u003d/MerchantApiWeb/rest/secure/user/financialData/transaction/getTransactionList, status\u003derror, Message\u003dInvalid Source, ErrorCode\u003dMPVE00090, userName\u003dDemoAccount1, password\u003dPassword@1, allianceCode\u003dEMS, AuthErrMessage\u003d, Authaccessdenied\u003d, AuthErrCause\u003d, currency\u003d, userType\u003d, pageNumber\u003d1, accountStatus\u003d, profile\u003d, firstName\u003d, lastName\u003d, period\u003d, fromDate\u003d2016-11-02, toDate\u003d2017-11-02, invoiceId\u003d, gsmTopUpFromDate\u003d, gsmTopUpToDate\u003d, invoiceLineItemId\u003d, fundId\u003d5121421, merchId\u003d, fromAmount\u003d, toAmount\u003d, source\u003d}","duration":2556,"startTime":1514871867604,"result":"SUCCESS","children":[{"number":74,"description":"Given load request for getTransactionList \"/MerchantApiWeb/authenticateUser\" and \"/MerchantApiWeb/rest/secure/user/financialData/transaction/getTransactionList\" and \"TC12\" and \"DemoAccount1\" and \"Password@1\" and \"EMS\"","duration":1313,"startTime":1514871867619,"result":"SUCCESS","children":[{"number":75,"description":"Loadgetrequestdata: https://uat1.merchantportal.firstdata.eu/MerchantApiWeb/authenticateUser","duration":1,"startTime":1514871867695,"result":"SUCCESS"},{"number":76,"description":"Postrequest authenticate user: https://uat1.merchantportal.firstdata.eu/MerchantApiWeb/authenticateUser, DemoAccount1, Password@1, EMS","duration":1145,"startTime":1514871867697,"result":"SUCCESS"},{"number":77,"description":"Loadgetrequestdata uniqueauthentication: https://uat1.merchantportal.firstdata.eu/MerchantApiWeb/rest/secure/user/financialData/transaction/getTransactionList","duration":1,"startTime":1514871868851,"result":"SUCCESS"}]},{"number":78,"description":"When post get request for getTransactionList \"1\" and \"2016-11-02\" and \"2017-11-02\" and \"\" and \"\" and \"5121421\" and \"\"","duration":989,"startTime":1514871868932,"result":"SUCCESS","children":[{"number":79,"description":"Post GET request get transaction list: https://uat1.merchantportal.firstdata.eu/MerchantApiWeb/rest/secure/user/financialData/transaction/getTransactionList, 1, 2016-11-02, 2017-11-02, , , 5121421, ","duration":916,"startTime":1514871868948,"result":"SUCCESS"}]},{"number":80,"description":"Then verify getTransactionList response status \"error\" and \"MPVE00090\" and \"Invalid Source\" and \"\" and \"\" and \"\"","duration":239,"startTime":1514871869921,"result":"SUCCESS","children":[{"number":81,"description":"Verify Response","duration":53,"startTime":1514871869935,"result":"SUCCESS"}]}]}],"userStory":{"id":"merchant-portal-application-api-validation","storyName":"Merchant Portal application API validation","path":"APIupdate.feature","type":"feature"},"featureTag":{"name":"Merchant Portal application API validation","type":"feature"},"title":"Verify the api retrieves the list of the transaction for the logged in user","description":"","tags":[{"name":"getTransactionList","type":"tag"}],"startTime":1514871802491,"duration":67669,"dataTable":{"headers":["report","logindomain","domainurl","status","Message","ErrorCode","userName","password","allianceCode","AuthErrMessage","Authaccessdenied","AuthErrCause","currency","userType","pageNumber","accountStatus","profile","firstName","lastName","period","fromDate","toDate","invoiceId","gsmTopUpFromDate","gsmTopUpToDate","invoiceLineItemId","fundId","merchId","fromAmount","toAmount","source"],"rows":[{"values":["TC01","/MerchantApiWeb/authenticateUser","/MerchantApiWeb/rest/secure/user/financialData/transaction/getTransactionList","success","","","DemoAccount1","Password@1","EMS","","","","","","1","","","","","","2016-11-02","2017-11-02","","","","","","","","",""],"result":"SUCCESS"},{"values":["TC02","/MerchantApiWeb/authenticateUser","/MerchantApiWeb/rest/secure/user/financialData/transaction/getTransactionList","error","Invalid Date format","MPVE00051","DemoAccount1","Password@1","EMS","","","","EUR","","1","","","","","","20161102","2017-11-02","","","","","","65902182","","",""],"result":"SUCCESS"},{"values":["TC03","/MerchantApiWeb/authenticateUser","/MerchantApiWeb/rest/secure/user/financialData/transaction/getTransactionList","error","Invalid Date format","MPVE00051","DemoAccount1","Password@1","EMS","","","","EUR","","1","","","","","","2016-11-02","20171102","","","","","","65902182","","",""],"result":"SUCCESS"},{"values":["TC05","/MerchantApiWeb/authenticateUser","/MerchantApiWeb/rest/secure/user/financialData/transaction/getTransactionList","error","fromDate should be less than toDate","MPVE00053","DemoAccount1","Password@1","EMS","","","","EUR","","1","","","","","","2018-11-02","2017-11-02","","","","","","","","",""],"result":"SUCCESS"},{"values":["TC06","/MerchantApiWeb/authenticateUser","/MerchantApiWeb/rest/secure/user/financialData/transaction/getTransactionList","error","fromAmount is greater than toAmount","MPVE00054","DemoAccount1","Password@1","EMS","","","","EUR","","1","","","","","","2016-11-02","2017-11-02","","","","","","","200","5",""],"result":"SUCCESS"},{"values":["TC07","/MerchantApiWeb/authenticateUser","/MerchantApiWeb/rest/secure/user/financialData/transaction/getTransactionList","error","toDate is required","MPVE00061","DemoAccount1","Password@1","EMS","","","","EUR","","1","","","","","","2016-11-02","","","","","","","65902182","","",""],"result":"SUCCESS"},{"values":["TC09","/MerchantApiWeb/authenticateUser","/MerchantApiWeb/rest/secure/user/financialData/transaction/getTransactionList","error","fromDate is required","MPVE00063","DemoAccount1","Password@1","EMS","","","","EUR","","1","","","","","","","2017-11-02","","","","","","","","",""],"result":"SUCCESS"},{"values":["TC11","/MerchantApiWeb/authenticateUser","/MerchantApiWeb/rest/secure/user/financialData/transaction/getTransactionList","error","Page no should be numeric","MPVE00032","DemoAccount1","Password@1","EMS","","","","EUR","","A","","","","","","2016-11-02","2017-11-02","","","","","","","","",""],"result":"SUCCESS"},{"values":["TC12","/MerchantApiWeb/authenticateUser","/MerchantApiWeb/rest/secure/user/financialData/transaction/getTransactionList","error","Invalid Source","MPVE00090","DemoAccount1","Password@1","EMS","","","","","","1","","","","","","2016-11-02","2017-11-02","","","","","5121421","","","",""],"result":"SUCCESS"}],"predefinedRows":true,"dataSetDescriptors":[{"startRow":0,"rowCount":0,"name":"","description":""}]},"manual":false,"testSource":"Cucumber","result":"SUCCESS"}