{"name":"Verify the api exports the logistics list","testSteps":[{"number":1,"description":"[1] {report\u003dTC01, logindomain\u003d/MerchantApiWeb/V3/authenticateUser, domainurl\u003d/MerchantApiWeb/V3/rest/secure/user/logistics/export, status\u003dsuccess, Message\u003d, ErrorCode\u003d, userName\u003dMoumitaSPUser123, password\u003dPassword@1, allianceCode\u003dEMS, AuthErrMessage\u003d, Authaccessdenied\u003d, AuthErrCause\u003d, currency\u003dEUR, userType\u003d, pageNumber\u003d1, accountStatus\u003d, profile\u003d, firstName\u003d, lastName\u003d, period\u003d, fromDate\u003d2016-11-02, toDate\u003d2017-11-02, fileType\u003dCSV, delimiter\u003d,}","duration":2810,"startTime":1514871703026,"result":"SUCCESS","children":[{"number":2,"description":"Given load request for exportlogistics \"/MerchantApiWeb/V3/authenticateUser\" and \"/MerchantApiWeb/V3/rest/secure/user/logistics/export\" and \"TC01\" and \"MoumitaSPUser123\" and \"Password@1\" and \"EMS\"","duration":1234,"startTime":1514871703037,"result":"SUCCESS","children":[{"number":3,"description":"Loadgetrequestdata: https://uat1.merchantportal.firstdata.eu/MerchantApiWeb/V3/authenticateUser","duration":0,"startTime":1514871703156,"result":"SUCCESS"},{"number":4,"description":"Postrequest authenticate user: https://uat1.merchantportal.firstdata.eu/MerchantApiWeb/V3/authenticateUser, MoumitaSPUser123, Password@1, EMS","duration":1082,"startTime":1514871703157,"result":"SUCCESS"},{"number":5,"description":"Loadgetrequestdata export download: https://uat1.merchantportal.firstdata.eu/MerchantApiWeb/V3/rest/secure/user/logistics/export","duration":0,"startTime":1514871704249,"result":"SUCCESS"}]},{"number":6,"description":"When post get request for exportlogistics \"2016-11-02\" and \"2017-11-02\" and \"CSV\" and \",\"","duration":1352,"startTime":1514871704271,"result":"SUCCESS","children":[{"number":7,"description":"Post GET request exportlogistics: https://uat1.merchantportal.firstdata.eu/MerchantApiWeb/V3/rest/secure/user/logistics/export, 2016-11-02, 2017-11-02, CSV, ,","duration":1237,"startTime":1514871704285,"result":"SUCCESS"}]},{"number":8,"description":"Then verify exportlogistics response status \"success\" and \"\" and \"\" and \"\" and \"\" and \"\"","duration":213,"startTime":1514871705623,"result":"SUCCESS","children":[{"number":9,"description":"Verify Download file Response","duration":158,"startTime":1514871705634,"result":"SUCCESS"}]}]},{"number":10,"description":"[1] {report\u003dTC02, logindomain\u003d/MerchantApiWeb/V3/authenticateUser, domainurl\u003d/MerchantApiWeb/V3/rest/secure/user/logistics/export, status\u003dsuccess, Message\u003d, ErrorCode\u003d, userName\u003dMoumitaSPUser123, password\u003dPassword@1, allianceCode\u003dEMS, AuthErrMessage\u003d, Authaccessdenied\u003d, AuthErrCause\u003d, currency\u003dEUR, userType\u003d, pageNumber\u003d1, accountStatus\u003d, profile\u003d, firstName\u003d, lastName\u003d, period\u003d, fromDate\u003d2016-11-02, toDate\u003d2017-11-02, fileType\u003dXML, delimiter\u003d,}","duration":3075,"startTime":1514871709332,"result":"SUCCESS","children":[{"number":11,"description":"Given load request for exportlogistics \"/MerchantApiWeb/V3/authenticateUser\" and \"/MerchantApiWeb/V3/rest/secure/user/logistics/export\" and \"TC02\" and \"MoumitaSPUser123\" and \"Password@1\" and \"EMS\"","duration":1193,"startTime":1514871709344,"result":"SUCCESS","children":[{"number":12,"description":"Loadgetrequestdata: https://uat1.merchantportal.firstdata.eu/MerchantApiWeb/V3/authenticateUser","duration":0,"startTime":1514871709440,"result":"SUCCESS"},{"number":13,"description":"Postrequest authenticate user: https://uat1.merchantportal.firstdata.eu/MerchantApiWeb/V3/authenticateUser, MoumitaSPUser123, Password@1, EMS","duration":1064,"startTime":1514871709441,"result":"SUCCESS"},{"number":14,"description":"Loadgetrequestdata export download: https://uat1.merchantportal.firstdata.eu/MerchantApiWeb/V3/rest/secure/user/logistics/export","duration":0,"startTime":1514871710512,"result":"SUCCESS"}]},{"number":15,"description":"When post get request for exportlogistics \"2016-11-02\" and \"2017-11-02\" and \"XML\" and \",\"","duration":1564,"startTime":1514871710538,"result":"SUCCESS","children":[{"number":16,"description":"Post GET request exportlogistics: https://uat1.merchantportal.firstdata.eu/MerchantApiWeb/V3/rest/secure/user/logistics/export, 2016-11-02, 2017-11-02, XML, ,","duration":1419,"startTime":1514871710551,"result":"SUCCESS"}]},{"number":17,"description":"Then verify exportlogistics response status \"success\" and \"\" and \"\" and \"\" and \"\" and \"\"","duration":304,"startTime":1514871712102,"result":"SUCCESS","children":[{"number":18,"description":"Verify Download file Response","duration":240,"startTime":1514871712115,"result":"SUCCESS"}]}]},{"number":19,"description":"[1] {report\u003dTC03, logindomain\u003d/MerchantApiWeb/V3/authenticateUser, domainurl\u003d/MerchantApiWeb/V3/rest/secure/user/logistics/export, status\u003dsuccess, Message\u003d, ErrorCode\u003d, userName\u003dMoumitaSPUser123, password\u003dPassword@1, allianceCode\u003dEMS, AuthErrMessage\u003d, Authaccessdenied\u003d, AuthErrCause\u003d, currency\u003dEUR, userType\u003d, pageNumber\u003d1, accountStatus\u003d, profile\u003d, firstName\u003d, lastName\u003d, period\u003d, fromDate\u003d2016-11-02, toDate\u003d2017-11-02, fileType\u003dXLS, delimiter\u003d,}","duration":2970,"startTime":1514871717487,"result":"SUCCESS","children":[{"number":20,"description":"Given load request for exportlogistics \"/MerchantApiWeb/V3/authenticateUser\" and \"/MerchantApiWeb/V3/rest/secure/user/logistics/export\" and \"TC03\" and \"MoumitaSPUser123\" and \"Password@1\" and \"EMS\"","duration":1544,"startTime":1514871717515,"result":"SUCCESS","children":[{"number":21,"description":"Loadgetrequestdata: https://uat1.merchantportal.firstdata.eu/MerchantApiWeb/V3/authenticateUser","duration":1,"startTime":1514871717786,"result":"SUCCESS"},{"number":22,"description":"Postrequest authenticate user: https://uat1.merchantportal.firstdata.eu/MerchantApiWeb/V3/authenticateUser, MoumitaSPUser123, Password@1, EMS","duration":1228,"startTime":1514871717788,"result":"SUCCESS"},{"number":23,"description":"Loadgetrequestdata export download: https://uat1.merchantportal.firstdata.eu/MerchantApiWeb/V3/rest/secure/user/logistics/export","duration":0,"startTime":1514871719023,"result":"SUCCESS"}]},{"number":24,"description":"When post get request for exportlogistics \"2016-11-02\" and \"2017-11-02\" and \"XLS\" and \",\"","duration":1247,"startTime":1514871719059,"result":"SUCCESS","children":[{"number":25,"description":"Post GET request exportlogistics: https://uat1.merchantportal.firstdata.eu/MerchantApiWeb/V3/rest/secure/user/logistics/export, 2016-11-02, 2017-11-02, XLS, ,","duration":1180,"startTime":1514871719070,"result":"SUCCESS"}]},{"number":26,"description":"Then verify exportlogistics response status \"success\" and \"\" and \"\" and \"\" and \"\" and \"\"","duration":150,"startTime":1514871720307,"result":"SUCCESS","children":[{"number":27,"description":"Verify Download file Response","duration":94,"startTime":1514871720327,"result":"SUCCESS"}]}]},{"number":28,"description":"[1] {report\u003dTC06, logindomain\u003d/MerchantApiWeb/V3/authenticateUser, domainurl\u003d/MerchantApiWeb/V3/rest/secure/user/logistics/export, status\u003derror, Message\u003dInvalid Date format, ErrorCode\u003dMPVE00051, userName\u003dMoumitaSPUser123, password\u003dPassword@1, allianceCode\u003dEMS, AuthErrMessage\u003d, Authaccessdenied\u003d, AuthErrCause\u003d, currency\u003dEUR, userType\u003d, pageNumber\u003d1, accountStatus\u003d, profile\u003d, firstName\u003d, lastName\u003d, period\u003d, fromDate\u003d20161102, toDate\u003d2017-11-02, fileType\u003dCSV, delimiter\u003d,}","duration":2363,"startTime":1514871723866,"result":"SUCCESS","children":[{"number":29,"description":"Given load request for exportlogistics \"/MerchantApiWeb/V3/authenticateUser\" and \"/MerchantApiWeb/V3/rest/secure/user/logistics/export\" and \"TC06\" and \"MoumitaSPUser123\" and \"Password@1\" and \"EMS\"","duration":1178,"startTime":1514871723881,"result":"SUCCESS","children":[{"number":30,"description":"Loadgetrequestdata: https://uat1.merchantportal.firstdata.eu/MerchantApiWeb/V3/authenticateUser","duration":1,"startTime":1514871723949,"result":"SUCCESS"},{"number":31,"description":"Postrequest authenticate user: https://uat1.merchantportal.firstdata.eu/MerchantApiWeb/V3/authenticateUser, MoumitaSPUser123, Password@1, EMS","duration":1070,"startTime":1514871723952,"result":"SUCCESS"},{"number":32,"description":"Loadgetrequestdata export download: https://uat1.merchantportal.firstdata.eu/MerchantApiWeb/V3/rest/secure/user/logistics/export","duration":1,"startTime":1514871725029,"result":"SUCCESS"}]},{"number":33,"description":"When post get request for exportlogistics \"20161102\" and \"2017-11-02\" and \"CSV\" and \",\"","duration":903,"startTime":1514871725059,"result":"SUCCESS","children":[{"number":34,"description":"Post GET request exportlogistics: https://uat1.merchantportal.firstdata.eu/MerchantApiWeb/V3/rest/secure/user/logistics/export, 20161102, 2017-11-02, CSV, ,","duration":839,"startTime":1514871725072,"result":"SUCCESS"}]},{"number":35,"description":"Then verify exportlogistics response status \"error\" and \"MPVE00051\" and \"Invalid Date format\" and \"\" and \"\" and \"\"","duration":266,"startTime":1514871725962,"result":"SUCCESS","children":[{"number":36,"description":"Verify Download file Response","duration":108,"startTime":1514871725978,"result":"SUCCESS"}]}]},{"number":37,"description":"[1] {report\u003dTC07, logindomain\u003d/MerchantApiWeb/V3/authenticateUser, domainurl\u003d/MerchantApiWeb/V3/rest/secure/user/logistics/export, status\u003derror, Message\u003dInvalid Date format, ErrorCode\u003dMPVE00051, userName\u003dMoumitaSPUser123, password\u003dPassword@1, allianceCode\u003dEMS, AuthErrMessage\u003d, Authaccessdenied\u003d, AuthErrCause\u003d, currency\u003dEUR, userType\u003d, pageNumber\u003d1, accountStatus\u003d, profile\u003d, firstName\u003d, lastName\u003d, period\u003d, fromDate\u003d2016-11-02, toDate\u003d20171102, fileType\u003dXML, delimiter\u003d,}","duration":2309,"startTime":1514871729720,"result":"SUCCESS","children":[{"number":38,"description":"Given load request for exportlogistics \"/MerchantApiWeb/V3/authenticateUser\" and \"/MerchantApiWeb/V3/rest/secure/user/logistics/export\" and \"TC07\" and \"MoumitaSPUser123\" and \"Password@1\" and \"EMS\"","duration":1169,"startTime":1514871729734,"result":"SUCCESS","children":[{"number":39,"description":"Loadgetrequestdata: https://uat1.merchantportal.firstdata.eu/MerchantApiWeb/V3/authenticateUser","duration":0,"startTime":1514871729804,"result":"SUCCESS"},{"number":40,"description":"Postrequest authenticate user: https://uat1.merchantportal.firstdata.eu/MerchantApiWeb/V3/authenticateUser, MoumitaSPUser123, Password@1, EMS","duration":1065,"startTime":1514871729805,"result":"SUCCESS"},{"number":41,"description":"Loadgetrequestdata export download: https://uat1.merchantportal.firstdata.eu/MerchantApiWeb/V3/rest/secure/user/logistics/export","duration":1,"startTime":1514871730880,"result":"SUCCESS"}]},{"number":42,"description":"When post get request for exportlogistics \"2016-11-02\" and \"20171102\" and \"XML\" and \",\"","duration":913,"startTime":1514871730904,"result":"SUCCESS","children":[{"number":43,"description":"Post GET request exportlogistics: https://uat1.merchantportal.firstdata.eu/MerchantApiWeb/V3/rest/secure/user/logistics/export, 2016-11-02, 20171102, XML, ,","duration":847,"startTime":1514871730915,"result":"SUCCESS"}]},{"number":44,"description":"Then verify exportlogistics response status \"error\" and \"MPVE00051\" and \"Invalid Date format\" and \"\" and \"\" and \"\"","duration":212,"startTime":1514871731817,"result":"SUCCESS","children":[{"number":45,"description":"Verify Download file Response","duration":56,"startTime":1514871731830,"result":"SUCCESS"}]}]}],"userStory":{"id":"merchant-portal-application-api-validation","storyName":"Merchant Portal application API validation","path":"APIupdate.feature","type":"feature"},"featureTag":{"name":"Merchant Portal application API validation","type":"feature"},"title":"Verify the api exports the logistics list","description":"","tags":[{"name":"exportlogistics","type":"tag"}],"startTime":1514871703026,"duration":29003,"dataTable":{"headers":["report","logindomain","domainurl","status","Message","ErrorCode","userName","password","allianceCode","AuthErrMessage","Authaccessdenied","AuthErrCause","currency","userType","pageNumber","accountStatus","profile","firstName","lastName","period","fromDate","toDate","fileType","delimiter"],"rows":[{"values":["TC01","/MerchantApiWeb/V3/authenticateUser","/MerchantApiWeb/V3/rest/secure/user/logistics/export","success","","","MoumitaSPUser123","Password@1","EMS","","","","EUR","","1","","","","","","2016-11-02","2017-11-02","CSV",","],"result":"SUCCESS"},{"values":["TC02","/MerchantApiWeb/V3/authenticateUser","/MerchantApiWeb/V3/rest/secure/user/logistics/export","success","","","MoumitaSPUser123","Password@1","EMS","","","","EUR","","1","","","","","","2016-11-02","2017-11-02","XML",","],"result":"SUCCESS"},{"values":["TC03","/MerchantApiWeb/V3/authenticateUser","/MerchantApiWeb/V3/rest/secure/user/logistics/export","success","","","MoumitaSPUser123","Password@1","EMS","","","","EUR","","1","","","","","","2016-11-02","2017-11-02","XLS",","],"result":"SUCCESS"},{"values":["TC06","/MerchantApiWeb/V3/authenticateUser","/MerchantApiWeb/V3/rest/secure/user/logistics/export","error","Invalid Date format","MPVE00051","MoumitaSPUser123","Password@1","EMS","","","","EUR","","1","","","","","","20161102","2017-11-02","CSV",","],"result":"SUCCESS"},{"values":["TC07","/MerchantApiWeb/V3/authenticateUser","/MerchantApiWeb/V3/rest/secure/user/logistics/export","error","Invalid Date format","MPVE00051","MoumitaSPUser123","Password@1","EMS","","","","EUR","","1","","","","","","2016-11-02","20171102","XML",","],"result":"SUCCESS"}],"predefinedRows":true,"dataSetDescriptors":[{"startRow":0,"rowCount":0,"name":"","description":""}]},"manual":false,"testSource":"Cucumber","result":"SUCCESS"}