{"name":"Verify the api logout the user","testSteps":[{"number":1,"description":"[1] {report\u003dTC01, logindomain\u003d/MerchantApiWeb/authenticateUser, domainurl\u003d/MerchantApiWeb/logout, status\u003derror, Message\u003dNo valid login to logout, ErrorCode\u003dMPERRLOGOUT1, userName\u003dTestAutomation22, password\u003dPassword, allianceCode\u003dEMS, AuthErrMessage\u003d, Authaccessdenied\u003d, AuthErrCause\u003d, currency\u003d, userType\u003d, pageNumber\u003d, accountStatus\u003d, profile\u003d, firstName\u003d, lastName\u003d}","duration":2807,"startTime":1514871180049,"result":"SUCCESS","children":[{"number":2,"description":"Given load request for logout \"/MerchantApiWeb/authenticateUser\" and \"/MerchantApiWeb/logout\" and \"TC01\" and \"TestAutomation22\" and \"Password\" and \"EMS\"","duration":1633,"startTime":1514871180061,"result":"SUCCESS","children":[{"number":3,"description":"Loadgetrequestdata: https://uat1.merchantportal.firstdata.eu/MerchantApiWeb/authenticateUser","duration":0,"startTime":1514871180135,"result":"SUCCESS"},{"number":4,"description":"Postrequest authenticate user: https://uat1.merchantportal.firstdata.eu/MerchantApiWeb/authenticateUser, TestAutomation22, Password, EMS","duration":1504,"startTime":1514871180136,"result":"SUCCESS"},{"number":5,"description":"Loadgetrequestdata authenticated: https://uat1.merchantportal.firstdata.eu/MerchantApiWeb/logout, a6be38e0-761a-4dab-a7d2-fac6ec9de65a","duration":1,"startTime":1514871181650,"result":"SUCCESS"}]},{"number":6,"description":"When post request for logout","duration":912,"startTime":1514871181694,"result":"SUCCESS","children":[{"number":7,"description":"Postrequest logout: https://uat1.merchantportal.firstdata.eu/MerchantApiWeb/logout","duration":808,"startTime":1514871181720,"result":"SUCCESS"}]},{"number":8,"description":"Then verify logout response status \"error\" and \"MPERRLOGOUT1\" and \"No valid login to logout\" and \"\" and \"\" and \"\"","duration":250,"startTime":1514871182606,"result":"SUCCESS","children":[{"number":9,"description":"Verify Response","duration":54,"startTime":1514871182679,"result":"SUCCESS"}]}]},{"number":10,"description":"[1] {report\u003dTC02, logindomain\u003d/MerchantApiWeb/authenticateUser, domainurl\u003d/MerchantApiWeb/logout, status\u003dsuccess, Message\u003d, ErrorCode\u003d, userName\u003dTestAutomation22, password\u003dPassword@1, allianceCode\u003dEMS, AuthErrMessage\u003d, Authaccessdenied\u003d, AuthErrCause\u003d, currency\u003d, userType\u003d, pageNumber\u003d, accountStatus\u003d, profile\u003d, firstName\u003d, lastName\u003d}","duration":2164,"startTime":1514871186588,"result":"SUCCESS","children":[{"number":11,"description":"Given load request for logout \"/MerchantApiWeb/authenticateUser\" and \"/MerchantApiWeb/logout\" and \"TC02\" and \"TestAutomation22\" and \"Password@1\" and \"EMS\"","duration":1142,"startTime":1514871186634,"result":"SUCCESS","children":[{"number":12,"description":"Loadgetrequestdata: https://uat1.merchantportal.firstdata.eu/MerchantApiWeb/authenticateUser","duration":1,"startTime":1514871186705,"result":"SUCCESS"},{"number":13,"description":"Postrequest authenticate user: https://uat1.merchantportal.firstdata.eu/MerchantApiWeb/authenticateUser, TestAutomation22, Password@1, EMS","duration":1034,"startTime":1514871186707,"result":"SUCCESS"},{"number":14,"description":"Loadgetrequestdata authenticated: https://uat1.merchantportal.firstdata.eu/MerchantApiWeb/logout, a6be38e0-761a-4dab-a7d2-fac6ec9de65a","duration":0,"startTime":1514871187751,"result":"SUCCESS"}]},{"number":15,"description":"When post request for logout","duration":895,"startTime":1514871187776,"result":"SUCCESS","children":[{"number":16,"description":"Postrequest logout: https://uat1.merchantportal.firstdata.eu/MerchantApiWeb/logout","duration":823,"startTime":1514871187792,"result":"SUCCESS"}]},{"number":17,"description":"Then verify logout response status \"success\" and \"\" and \"\" and \"\" and \"\" and \"\"","duration":81,"startTime":1514871188671,"result":"SUCCESS","children":[{"number":18,"description":"Verify Response","duration":19,"startTime":1514871188683,"result":"SUCCESS"}]}]}],"userStory":{"id":"merchant-portal-application-api-validation","storyName":"Merchant Portal application API validation","path":"APIupdate.feature","type":"feature"},"featureTag":{"name":"Merchant Portal application API validation","type":"feature"},"title":"Verify the api logout the user","description":"","tags":[{"name":"logout","type":"tag"}],"startTime":1514871180049,"duration":8703,"dataTable":{"headers":["report","logindomain","domainurl","status","Message","ErrorCode","userName","password","allianceCode","AuthErrMessage","Authaccessdenied","AuthErrCause","currency","userType","pageNumber","accountStatus","profile","firstName","lastName"],"rows":[{"values":["TC01","/MerchantApiWeb/authenticateUser","/MerchantApiWeb/logout","error","No valid login to logout","MPERRLOGOUT1","TestAutomation22","Password","EMS","","","","","","","","","",""],"result":"SUCCESS"},{"values":["TC02","/MerchantApiWeb/authenticateUser","/MerchantApiWeb/logout","success","","","TestAutomation22","Password@1","EMS","","","","","","","","","",""],"result":"SUCCESS"}],"predefinedRows":true,"dataSetDescriptors":[{"startRow":0,"rowCount":0,"name":"","description":""}]},"manual":false,"testSource":"Cucumber","result":"SUCCESS"}