{"name":"Verify the details of the Sales summary of the impersonated user","testSteps":[{"number":1,"description":"[1] {report\u003dTC01, logindomain\u003d/MerchantApiWeb/authenticateUser, domainurl\u003d/MerchantApiWeb/rest/secure/impersonation/user/financialData/sales/getSalesSummary, status\u003dsuccess, Message\u003d, ErrorCode\u003d, userName\u003dTestAutomation18, password\u003dPassword@1, allianceCode\u003dEMS, AuthErrMessage\u003d, Authaccessdenied\u003d, AuthErrCause\u003d, currency\u003dEUR, userType\u003d, pageNumber\u003d, accountStatus\u003d, profile\u003d, firstName\u003d, lastName\u003d, pseudoUserName\u003dTestAutomation22}","duration":5391,"startTime":1514870041812,"result":"SUCCESS","children":[{"number":2,"description":"Given load request for getSalesSummary_Impersonation \"/MerchantApiWeb/authenticateUser\" and \"/MerchantApiWeb/rest/secure/impersonation/user/financialData/sales/getSalesSummary\" and \"TC01\" and \"TestAutomation18\" and \"Password@1\" and \"EMS\"","duration":3726,"startTime":1514870041831,"result":"SUCCESS","children":[{"number":3,"description":"Loadgetrequestdata: https://uat1.merchantportal.firstdata.eu/MerchantApiWeb/authenticateUser","duration":1,"startTime":1514870042092,"result":"SUCCESS"},{"number":4,"description":"Postrequest authenticate user: https://uat1.merchantportal.firstdata.eu/MerchantApiWeb/authenticateUser, TestAutomation18, Password@1, EMS","duration":3375,"startTime":1514870042094,"result":"SUCCESS"},{"number":5,"description":"Loadgetrequestdata uniqueauthentication: https://uat1.merchantportal.firstdata.eu/MerchantApiWeb/rest/secure/impersonation/user/financialData/sales/getSalesSummary","duration":1,"startTime":1514870045486,"result":"SUCCESS"}]},{"number":6,"description":"When post get request for getSalesSummary_Impersonation \"EUR\" and \"TestAutomation22\"","duration":1415,"startTime":1514870045557,"result":"SUCCESS","children":[{"number":7,"description":"Post GET request get sales summary  impersonation: https://uat1.merchantportal.firstdata.eu/MerchantApiWeb/rest/secure/impersonation/user/financialData/sales/getSalesSummary, EUR, TestAutomation22","duration":1355,"startTime":1514870045574,"result":"SUCCESS"}]},{"number":8,"description":"Then verify getSalesSummary_Impersonation response status \"success\" and \"\" and \"\" and \"\" and \"\" and \"\"","duration":230,"startTime":1514870046973,"result":"SUCCESS","children":[{"number":9,"description":"Verify Response","duration":65,"startTime":1514870046999,"result":"SUCCESS"}]}]},{"number":10,"description":"[1] {report\u003dTC03, logindomain\u003d/MerchantApiWeb/authenticateUser, domainurl\u003d/MerchantApiWeb/rest/secure/impersonation/user/financialData/sales/getSalesSummary, status\u003derror, Message\u003dUsername can\u0027t be empty, ErrorCode\u003dMPVE00001, userName\u003dTestAutomation18, password\u003dPassword@1, allianceCode\u003dEMS, AuthErrMessage\u003d, Authaccessdenied\u003d, AuthErrCause\u003d, currency\u003dEUR, userType\u003d, pageNumber\u003d, accountStatus\u003d, profile\u003d, firstName\u003d, lastName\u003d, pseudoUserName\u003d}","duration":2627,"startTime":1514870050629,"result":"SUCCESS","children":[{"number":11,"description":"Given load request for getSalesSummary_Impersonation \"/MerchantApiWeb/authenticateUser\" and \"/MerchantApiWeb/rest/secure/impersonation/user/financialData/sales/getSalesSummary\" and \"TC03\" and \"TestAutomation18\" and \"Password@1\" and \"EMS\"","duration":1293,"startTime":1514870050662,"result":"SUCCESS","children":[{"number":12,"description":"Loadgetrequestdata: https://uat1.merchantportal.firstdata.eu/MerchantApiWeb/authenticateUser","duration":1,"startTime":1514870050743,"result":"SUCCESS"},{"number":13,"description":"Postrequest authenticate user: https://uat1.merchantportal.firstdata.eu/MerchantApiWeb/authenticateUser, TestAutomation18, Password@1, EMS","duration":1150,"startTime":1514870050745,"result":"SUCCESS"},{"number":14,"description":"Loadgetrequestdata uniqueauthentication: https://uat1.merchantportal.firstdata.eu/MerchantApiWeb/rest/secure/impersonation/user/financialData/sales/getSalesSummary","duration":0,"startTime":1514870051904,"result":"SUCCESS"}]},{"number":15,"description":"When post get request for getSalesSummary_Impersonation \"EUR\" and \"\"","duration":1112,"startTime":1514870051956,"result":"SUCCESS","children":[{"number":16,"description":"Post GET request get sales summary  impersonation: https://uat1.merchantportal.firstdata.eu/MerchantApiWeb/rest/secure/impersonation/user/financialData/sales/getSalesSummary, EUR, ","duration":1032,"startTime":1514870051969,"result":"SUCCESS"}]},{"number":17,"description":"Then verify getSalesSummary_Impersonation response status \"error\" and \"MPVE00001\" and \"Username can\u0027t be empty\" and \"\" and \"\" and \"\"","duration":187,"startTime":1514870053069,"result":"SUCCESS","children":[{"number":18,"description":"Verify Response","duration":64,"startTime":1514870053080,"result":"SUCCESS"}]}]},{"number":19,"description":"[1] {report\u003dTC04, logindomain\u003d/MerchantApiWeb/authenticateUser, domainurl\u003d/MerchantApiWeb/rest/secure/impersonation/user/financialData/sales/getSalesSummary, status\u003derror, Message\u003dUsername should be greater than 8 and less than 50 characters, ErrorCode\u003dMPVE00002, userName\u003dTestAutomation18, password\u003dPassword@1, allianceCode\u003dEMS, AuthErrMessage\u003d, Authaccessdenied\u003d, AuthErrCause\u003d, currency\u003dabc, userType\u003d, pageNumber\u003d, accountStatus\u003d, profile\u003d, firstName\u003d, lastName\u003d, pseudoUserName\u003dTest}","duration":2349,"startTime":1514870055805,"result":"SUCCESS","children":[{"number":20,"description":"Given load request for getSalesSummary_Impersonation \"/MerchantApiWeb/authenticateUser\" and \"/MerchantApiWeb/rest/secure/impersonation/user/financialData/sales/getSalesSummary\" and \"TC04\" and \"TestAutomation18\" and \"Password@1\" and \"EMS\"","duration":1150,"startTime":1514870055824,"result":"SUCCESS","children":[{"number":21,"description":"Loadgetrequestdata: https://uat1.merchantportal.firstdata.eu/MerchantApiWeb/authenticateUser","duration":0,"startTime":1514870055892,"result":"SUCCESS"},{"number":22,"description":"Postrequest authenticate user: https://uat1.merchantportal.firstdata.eu/MerchantApiWeb/authenticateUser, TestAutomation18, Password@1, EMS","duration":1050,"startTime":1514870055894,"result":"SUCCESS"},{"number":23,"description":"Loadgetrequestdata uniqueauthentication: https://uat1.merchantportal.firstdata.eu/MerchantApiWeb/rest/secure/impersonation/user/financialData/sales/getSalesSummary","duration":1,"startTime":1514870056951,"result":"SUCCESS"}]},{"number":24,"description":"When post get request for getSalesSummary_Impersonation \"abc\" and \"Test\"","duration":949,"startTime":1514870056976,"result":"SUCCESS","children":[{"number":25,"description":"Post GET request get sales summary  impersonation: https://uat1.merchantportal.firstdata.eu/MerchantApiWeb/rest/secure/impersonation/user/financialData/sales/getSalesSummary, abc, Test","duration":880,"startTime":1514870056988,"result":"SUCCESS"}]},{"number":26,"description":"Then verify getSalesSummary_Impersonation response status \"error\" and \"MPVE00002\" and \"Username should be greater than 8 and less than 50 characters\" and \"\" and \"\" and \"\"","duration":229,"startTime":1514870057925,"result":"SUCCESS","children":[{"number":27,"description":"Verify Response","duration":104,"startTime":1514870057936,"result":"SUCCESS"}]}]},{"number":28,"description":"[1] {report\u003dTC05, logindomain\u003d/MerchantApiWeb/authenticateUser, domainurl\u003d/MerchantApiWeb/rest/secure/impersonation/user/financialData/sales/getSalesSummary, status\u003derror, Message\u003dUsername should be greater than 8 and less than 50 characters, ErrorCode\u003dMPVE00002, userName\u003dTestAutomation18, password\u003dPassword@1, allianceCode\u003dEMS, AuthErrMessage\u003d, Authaccessdenied\u003d, AuthErrCause\u003d, currency\u003dabc, userType\u003d, pageNumber\u003d, accountStatus\u003d, profile\u003d, firstName\u003d, lastName\u003d, pseudoUserName\u003dTestAutomation123456798123465798132465798657654987132}","duration":2239,"startTime":1514870060807,"result":"SUCCESS","children":[{"number":29,"description":"Given load request for getSalesSummary_Impersonation \"/MerchantApiWeb/authenticateUser\" and \"/MerchantApiWeb/rest/secure/impersonation/user/financialData/sales/getSalesSummary\" and \"TC05\" and \"TestAutomation18\" and \"Password@1\" and \"EMS\"","duration":1146,"startTime":1514870060832,"result":"SUCCESS","children":[{"number":30,"description":"Loadgetrequestdata: https://uat1.merchantportal.firstdata.eu/MerchantApiWeb/authenticateUser","duration":1,"startTime":1514870060901,"result":"SUCCESS"},{"number":31,"description":"Postrequest authenticate user: https://uat1.merchantportal.firstdata.eu/MerchantApiWeb/authenticateUser, TestAutomation18, Password@1, EMS","duration":1040,"startTime":1514870060904,"result":"SUCCESS"},{"number":32,"description":"Loadgetrequestdata uniqueauthentication: https://uat1.merchantportal.firstdata.eu/MerchantApiWeb/rest/secure/impersonation/user/financialData/sales/getSalesSummary","duration":1,"startTime":1514870061953,"result":"SUCCESS"}]},{"number":33,"description":"When post get request for getSalesSummary_Impersonation \"abc\" and \"TestAutomation123456798123465798132465798657654987132\"","duration":874,"startTime":1514870061979,"result":"SUCCESS","children":[{"number":34,"description":"Post GET request get sales summary  impersonation: https://uat1.merchantportal.firstdata.eu/MerchantApiWeb/rest/secure/impersonation/user/financialData/sales/getSalesSummary, abc, TestAutomation123456798123465798132465798657654987132","duration":805,"startTime":1514870061994,"result":"SUCCESS"}]},{"number":35,"description":"Then verify getSalesSummary_Impersonation response status \"error\" and \"MPVE00002\" and \"Username should be greater than 8 and less than 50 characters\" and \"\" and \"\" and \"\"","duration":193,"startTime":1514870062853,"result":"SUCCESS","children":[{"number":36,"description":"Verify Response","duration":55,"startTime":1514870062866,"result":"SUCCESS"}]}]},{"number":37,"description":"[1] {report\u003dTC06, logindomain\u003d/MerchantApiWeb/authenticateUser, domainurl\u003d/MerchantApiWeb/rest/secure/impersonation/user/financialData/sales/getSalesSummary, status\u003derror, Message\u003dUsername contain special characters or empty spaces, ErrorCode\u003dMPVE00003, userName\u003dTestAutomation18, password\u003dPassword@1, allianceCode\u003dEMS, AuthErrMessage\u003d, Authaccessdenied\u003d, AuthErrCause\u003d, currency\u003dabc, userType\u003d, pageNumber\u003d, accountStatus\u003d, profile\u003d, firstName\u003d, lastName\u003d, pseudoUserName\u003dTestAutoma@$#^\u0026}","duration":2762,"startTime":1514870065956,"result":"SUCCESS","children":[{"number":38,"description":"Given load request for getSalesSummary_Impersonation \"/MerchantApiWeb/authenticateUser\" and \"/MerchantApiWeb/rest/secure/impersonation/user/financialData/sales/getSalesSummary\" and \"TC06\" and \"TestAutomation18\" and \"Password@1\" and \"EMS\"","duration":1639,"startTime":1514870065972,"result":"SUCCESS","children":[{"number":39,"description":"Loadgetrequestdata: https://uat1.merchantportal.firstdata.eu/MerchantApiWeb/authenticateUser","duration":1,"startTime":1514870066057,"result":"SUCCESS"},{"number":40,"description":"Postrequest authenticate user: https://uat1.merchantportal.firstdata.eu/MerchantApiWeb/authenticateUser, TestAutomation18, Password@1, EMS","duration":1498,"startTime":1514870066073,"result":"SUCCESS"},{"number":41,"description":"Loadgetrequestdata uniqueauthentication: https://uat1.merchantportal.firstdata.eu/MerchantApiWeb/rest/secure/impersonation/user/financialData/sales/getSalesSummary","duration":1,"startTime":1514870067586,"result":"SUCCESS"}]},{"number":42,"description":"When post get request for getSalesSummary_Impersonation \"abc\" and \"TestAutoma@$#^\u0026\"","duration":910,"startTime":1514870067612,"result":"SUCCESS","children":[{"number":43,"description":"Post GET request get sales summary  impersonation: https://uat1.merchantportal.firstdata.eu/MerchantApiWeb/rest/secure/impersonation/user/financialData/sales/getSalesSummary, abc, TestAutoma@$#^\u0026","duration":841,"startTime":1514870067625,"result":"SUCCESS"}]},{"number":44,"description":"Then verify getSalesSummary_Impersonation response status \"error\" and \"MPVE00003\" and \"Username contain special characters or empty spaces\" and \"\" and \"\" and \"\"","duration":194,"startTime":1514870068523,"result":"SUCCESS","children":[{"number":45,"description":"Verify Response","duration":58,"startTime":1514870068538,"result":"SUCCESS"}]}]},{"number":46,"description":"[1] {report\u003dTC07, logindomain\u003d/MerchantApiWeb/authenticateUser, domainurl\u003d/MerchantApiWeb/rest/secure/impersonation/user/financialData/sales/getSalesSummary, status\u003derror, Message\u003dUsername contain special characters or empty spaces, ErrorCode\u003dMPVE00003, userName\u003dTestAutomation18, password\u003dPassword@1, allianceCode\u003dEMS, AuthErrMessage\u003d, Authaccessdenied\u003d, AuthErrCause\u003d, currency\u003dabc, userType\u003d, pageNumber\u003d, accountStatus\u003d, profile\u003d, firstName\u003d, lastName\u003d, pseudoUserName\u003dTestAutomation Auto}","duration":2395,"startTime":1514870071398,"result":"SUCCESS","children":[{"number":47,"description":"Given load request for getSalesSummary_Impersonation \"/MerchantApiWeb/authenticateUser\" and \"/MerchantApiWeb/rest/secure/impersonation/user/financialData/sales/getSalesSummary\" and \"TC07\" and \"TestAutomation18\" and \"Password@1\" and \"EMS\"","duration":1206,"startTime":1514870071464,"result":"SUCCESS","children":[{"number":48,"description":"Loadgetrequestdata: https://uat1.merchantportal.firstdata.eu/MerchantApiWeb/authenticateUser","duration":1,"startTime":1514870071536,"result":"SUCCESS"},{"number":49,"description":"Postrequest authenticate user: https://uat1.merchantportal.firstdata.eu/MerchantApiWeb/authenticateUser, TestAutomation18, Password@1, EMS","duration":1094,"startTime":1514870071538,"result":"SUCCESS"},{"number":50,"description":"Loadgetrequestdata uniqueauthentication: https://uat1.merchantportal.firstdata.eu/MerchantApiWeb/rest/secure/impersonation/user/financialData/sales/getSalesSummary","duration":1,"startTime":1514870072649,"result":"SUCCESS"}]},{"number":51,"description":"When post get request for getSalesSummary_Impersonation \"abc\" and \"TestAutomation Auto\"","duration":935,"startTime":1514870072670,"result":"SUCCESS","children":[{"number":52,"description":"Post GET request get sales summary  impersonation: https://uat1.merchantportal.firstdata.eu/MerchantApiWeb/rest/secure/impersonation/user/financialData/sales/getSalesSummary, abc, TestAutomation Auto","duration":872,"startTime":1514870072685,"result":"SUCCESS"}]},{"number":53,"description":"Then verify getSalesSummary_Impersonation response status \"error\" and \"MPVE00003\" and \"Username contain special characters or empty spaces\" and \"\" and \"\" and \"\"","duration":188,"startTime":1514870073605,"result":"SUCCESS","children":[{"number":54,"description":"Verify Response","duration":55,"startTime":1514870073616,"result":"SUCCESS"}]}]}],"userStory":{"id":"merchant-portal-application-api-validation","storyName":"Merchant Portal application API validation","path":"APIupdate.feature","type":"feature"},"featureTag":{"name":"Merchant Portal application API validation","type":"feature"},"title":"Verify the details of the Sales summary of the impersonated user","description":"","tags":[{"name":"getSalesSummaryImpersonation","type":"tag"}],"startTime":1514870041811,"duration":31982,"dataTable":{"headers":["report","logindomain","domainurl","status","Message","ErrorCode","userName","password","allianceCode","AuthErrMessage","Authaccessdenied","AuthErrCause","currency","userType","pageNumber","accountStatus","profile","firstName","lastName","pseudoUserName"],"rows":[{"values":["TC01","/MerchantApiWeb/authenticateUser","/MerchantApiWeb/rest/secure/impersonation/user/financialData/sales/getSalesSummary","success","","","TestAutomation18","Password@1","EMS","","","","EUR","","","","","","","TestAutomation22"],"result":"SUCCESS"},{"values":["TC03","/MerchantApiWeb/authenticateUser","/MerchantApiWeb/rest/secure/impersonation/user/financialData/sales/getSalesSummary","error","Username can\u0027t be empty","MPVE00001","TestAutomation18","Password@1","EMS","","","","EUR","","","","","","",""],"result":"SUCCESS"},{"values":["TC04","/MerchantApiWeb/authenticateUser","/MerchantApiWeb/rest/secure/impersonation/user/financialData/sales/getSalesSummary","error","Username should be greater than 8 and less than 50 characters","MPVE00002","TestAutomation18","Password@1","EMS","","","","abc","","","","","","","Test"],"result":"SUCCESS"},{"values":["TC05","/MerchantApiWeb/authenticateUser","/MerchantApiWeb/rest/secure/impersonation/user/financialData/sales/getSalesSummary","error","Username should be greater than 8 and less than 50 characters","MPVE00002","TestAutomation18","Password@1","EMS","","","","abc","","","","","","","TestAutomation123456798123465798132465798657654987132"],"result":"SUCCESS"},{"values":["TC06","/MerchantApiWeb/authenticateUser","/MerchantApiWeb/rest/secure/impersonation/user/financialData/sales/getSalesSummary","error","Username contain special characters or empty spaces","MPVE00003","TestAutomation18","Password@1","EMS","","","","abc","","","","","","","TestAutoma@$#^\u0026"],"result":"SUCCESS"},{"values":["TC07","/MerchantApiWeb/authenticateUser","/MerchantApiWeb/rest/secure/impersonation/user/financialData/sales/getSalesSummary","error","Username contain special characters or empty spaces","MPVE00003","TestAutomation18","Password@1","EMS","","","","abc","","","","","","","TestAutomation Auto"],"result":"SUCCESS"}],"predefinedRows":true,"dataSetDescriptors":[{"startRow":0,"rowCount":0,"name":"","description":""}]},"manual":false,"testSource":"Cucumber","result":"SUCCESS"}