{"name":"Verify the api changes the user\u0027s pin","testSteps":[{"number":1,"description":"[1] {report\u003dTC03, logindomain\u003d/MerchantApiWeb/authenticateUser, domainurl\u003d/MerchantApiWeb/rest/secure/user/changepin, status\u003derror, Message\u003dPin must be of 4 digits, ErrorCode\u003dMPVE00155, userName\u003dTestAutomationBCO4, password\u003dPassword@1, allianceCode\u003dBCN, AuthErrMessage\u003d, Authaccessdenied\u003d, AuthErrCause\u003d, currency\u003d, userType\u003d, pageNumber\u003d, accountStatus\u003d, profile\u003d, firstName\u003d, lastName\u003d, reasonForBlock\u003d, blockusername\u003d, oldPin\u003d123, newPin\u003d1234}","duration":8365,"startTime":1514458711109,"result":"SUCCESS","children":[{"number":2,"description":"Given load request for changepin \"/MerchantApiWeb/authenticateUser\" and \"/MerchantApiWeb/rest/secure/user/changepin\" and \"TC03\" and \"TestAutomationBCO4\" and \"Password@1\" and \"BCN\"","duration":5257,"startTime":1514458711728,"result":"SUCCESS","children":[{"number":3,"description":"Loadgetrequestdata: https://uat1.merchantportal.firstdata.eu/MerchantApiWeb/authenticateUser","duration":12,"startTime":1514458712108,"result":"SUCCESS"},{"number":4,"description":"Postrequest authenticate user: https://uat1.merchantportal.firstdata.eu/MerchantApiWeb/authenticateUser, TestAutomationBCO4, Password@1, BCN","duration":4790,"startTime":1514458712131,"result":"SUCCESS"},{"number":5,"description":"Loadgetrequestdata requestwithbody: https://uat1.merchantportal.firstdata.eu/MerchantApiWeb/rest/secure/user/changepin","duration":4,"startTime":1514458716944,"result":"SUCCESS"}]},{"number":6,"description":"When post request for changepin \"123\" and \"1234\"","duration":1383,"startTime":1514458716986,"result":"SUCCESS","children":[{"number":7,"description":"Postrequest changepin: https://uat1.merchantportal.firstdata.eu/MerchantApiWeb/rest/secure/user/changepin, 123, 1234","duration":1300,"startTime":1514458717000,"result":"SUCCESS"}]},{"number":8,"description":"Then verify changepin response status \"error\" and \"MPVE00155\" and \"Pin must be of 4 digits\" and \"\" and \"\" and \"\"","duration":1103,"startTime":1514458718371,"result":"SUCCESS","children":[{"number":9,"description":"Verify Response","duration":924,"startTime":1514458718390,"result":"SUCCESS"}]}]},{"number":10,"description":"[1] {report\u003dTC04, logindomain\u003d/MerchantApiWeb/authenticateUser, domainurl\u003d/MerchantApiWeb/rest/secure/user/changepin, status\u003derror, Message\u003dPin must be of 4 digits, ErrorCode\u003dMPVE00155, userName\u003dTestAutomationBCO4, password\u003dPassword@1, allianceCode\u003dBCN, AuthErrMessage\u003d, Authaccessdenied\u003d, AuthErrCause\u003d, currency\u003d, userType\u003d, pageNumber\u003d, accountStatus\u003d, profile\u003d, firstName\u003d, lastName\u003d, reasonForBlock\u003d, blockusername\u003d, oldPin\u003d4594, newPin\u003d123}","duration":2518,"startTime":1514458721880,"result":"SUCCESS","children":[{"number":11,"description":"Given load request for changepin \"/MerchantApiWeb/authenticateUser\" and \"/MerchantApiWeb/rest/secure/user/changepin\" and \"TC04\" and \"TestAutomationBCO4\" and \"Password@1\" and \"BCN\"","duration":1275,"startTime":1514458721982,"result":"SUCCESS","children":[{"number":12,"description":"Loadgetrequestdata: https://uat1.merchantportal.firstdata.eu/MerchantApiWeb/authenticateUser","duration":1,"startTime":1514458722050,"result":"SUCCESS"},{"number":13,"description":"Postrequest authenticate user: https://uat1.merchantportal.firstdata.eu/MerchantApiWeb/authenticateUser, TestAutomationBCO4, Password@1, BCN","duration":1164,"startTime":1514458722052,"result":"SUCCESS"},{"number":14,"description":"Loadgetrequestdata requestwithbody: https://uat1.merchantportal.firstdata.eu/MerchantApiWeb/rest/secure/user/changepin","duration":2,"startTime":1514458723234,"result":"SUCCESS"}]},{"number":15,"description":"When post request for changepin \"4594\" and \"123\"","duration":943,"startTime":1514458723257,"result":"SUCCESS","children":[{"number":16,"description":"Postrequest changepin: https://uat1.merchantportal.firstdata.eu/MerchantApiWeb/rest/secure/user/changepin, 4594, 123","duration":878,"startTime":1514458723275,"result":"SUCCESS"}]},{"number":17,"description":"Then verify changepin response status \"error\" and \"MPVE00155\" and \"Pin must be of 4 digits\" and \"\" and \"\" and \"\"","duration":198,"startTime":1514458724200,"result":"SUCCESS","children":[{"number":18,"description":"Verify Response","duration":61,"startTime":1514458724210,"result":"SUCCESS"}]}]},{"number":19,"description":"[1] {report\u003dTC05, logindomain\u003d/MerchantApiWeb/authenticateUser, domainurl\u003d/MerchantApiWeb/rest/secure/user/changepin, status\u003derror, Message\u003dPlease enter valid Pin, ErrorCode\u003dMPVE00173, userName\u003dTestAutomationBCO4, password\u003dPassword@1, allianceCode\u003dBCN, AuthErrMessage\u003d, Authaccessdenied\u003d, AuthErrCause\u003d, currency\u003d, userType\u003d, pageNumber\u003d, accountStatus\u003d, profile\u003d, firstName\u003d, lastName\u003d, reasonForBlock\u003d, blockusername\u003d, oldPin\u003d4594, newPin\u003dabcd}","duration":2307,"startTime":1514458726166,"result":"SUCCESS","children":[{"number":20,"description":"Given load request for changepin \"/MerchantApiWeb/authenticateUser\" and \"/MerchantApiWeb/rest/secure/user/changepin\" and \"TC05\" and \"TestAutomationBCO4\" and \"Password@1\" and \"BCN\"","duration":1106,"startTime":1514458726188,"result":"SUCCESS","children":[{"number":21,"description":"Loadgetrequestdata: https://uat1.merchantportal.firstdata.eu/MerchantApiWeb/authenticateUser","duration":0,"startTime":1514458726256,"result":"SUCCESS"},{"number":22,"description":"Postrequest authenticate user: https://uat1.merchantportal.firstdata.eu/MerchantApiWeb/authenticateUser, TestAutomationBCO4, Password@1, BCN","duration":1005,"startTime":1514458726258,"result":"SUCCESS"},{"number":23,"description":"Loadgetrequestdata requestwithbody: https://uat1.merchantportal.firstdata.eu/MerchantApiWeb/rest/secure/user/changepin","duration":1,"startTime":1514458727273,"result":"SUCCESS"}]},{"number":24,"description":"When post request for changepin \"4594\" and \"abcd\"","duration":879,"startTime":1514458727295,"result":"SUCCESS","children":[{"number":25,"description":"Postrequest changepin: https://uat1.merchantportal.firstdata.eu/MerchantApiWeb/rest/secure/user/changepin, 4594, abcd","duration":817,"startTime":1514458727307,"result":"SUCCESS"}]},{"number":26,"description":"Then verify changepin response status \"error\" and \"MPVE00173\" and \"Please enter valid Pin\" and \"\" and \"\" and \"\"","duration":293,"startTime":1514458728180,"result":"SUCCESS","children":[{"number":27,"description":"Verify Response","duration":87,"startTime":1514458728198,"result":"SUCCESS"}]}]},{"number":28,"description":"[1] {report\u003dTC06, logindomain\u003d/MerchantApiWeb/authenticateUser, domainurl\u003d/MerchantApiWeb/rest/secure/user/changepin, status\u003derror, Message\u003dPlease enter valid Pin, ErrorCode\u003dMPVE00173, userName\u003dTestAutomationBCO4, password\u003dPassword@1, allianceCode\u003dBCN, AuthErrMessage\u003d, Authaccessdenied\u003d, AuthErrCause\u003d, currency\u003d, userType\u003d, pageNumber\u003d, accountStatus\u003d, profile\u003d, firstName\u003d, lastName\u003d, reasonForBlock\u003d, blockusername\u003d, oldPin\u003dabcn, newPin\u003d1234}","duration":2390,"startTime":1514458730308,"result":"SUCCESS","children":[{"number":29,"description":"Given load request for changepin \"/MerchantApiWeb/authenticateUser\" and \"/MerchantApiWeb/rest/secure/user/changepin\" and \"TC06\" and \"TestAutomationBCO4\" and \"Password@1\" and \"BCN\"","duration":1148,"startTime":1514458730339,"result":"SUCCESS","children":[{"number":30,"description":"Loadgetrequestdata: https://uat1.merchantportal.firstdata.eu/MerchantApiWeb/authenticateUser","duration":1,"startTime":1514458730405,"result":"SUCCESS"},{"number":31,"description":"Postrequest authenticate user: https://uat1.merchantportal.firstdata.eu/MerchantApiWeb/authenticateUser, TestAutomationBCO4, Password@1, BCN","duration":1046,"startTime":1514458730407,"result":"SUCCESS"},{"number":32,"description":"Loadgetrequestdata requestwithbody: https://uat1.merchantportal.firstdata.eu/MerchantApiWeb/rest/secure/user/changepin","duration":2,"startTime":1514458731464,"result":"SUCCESS"}]},{"number":33,"description":"When post request for changepin \"abcn\" and \"1234\"","duration":963,"startTime":1514458731488,"result":"SUCCESS","children":[{"number":34,"description":"Postrequest changepin: https://uat1.merchantportal.firstdata.eu/MerchantApiWeb/rest/secure/user/changepin, abcn, 1234","duration":900,"startTime":1514458731503,"result":"SUCCESS"}]},{"number":35,"description":"Then verify changepin response status \"error\" and \"MPVE00173\" and \"Please enter valid Pin\" and \"\" and \"\" and \"\"","duration":246,"startTime":1514458732452,"result":"SUCCESS","children":[{"number":36,"description":"Verify Response","duration":85,"startTime":1514458732463,"result":"SUCCESS"}]}]},{"number":37,"description":"[1] {report\u003dTC07, logindomain\u003d/MerchantApiWeb/authenticateUser, domainurl\u003d/MerchantApiWeb/rest/secure/user/changepin, status\u003derror, Message\u003dPasscode already used before, ErrorCode\u003dMPVE00150, userName\u003dTestAutomationBCO4, password\u003dPassword@1, allianceCode\u003dBCN, AuthErrMessage\u003d, Authaccessdenied\u003d, AuthErrCause\u003d, currency\u003d, userType\u003d, pageNumber\u003d, accountStatus\u003d, profile\u003d, firstName\u003d, lastName\u003d, reasonForBlock\u003d, blockusername\u003d, oldPin\u003d9902, newPin\u003d9902}","duration":2535,"startTime":1514458734435,"result":"SUCCESS","children":[{"number":38,"description":"Given load request for changepin \"/MerchantApiWeb/authenticateUser\" and \"/MerchantApiWeb/rest/secure/user/changepin\" and \"TC07\" and \"TestAutomationBCO4\" and \"Password@1\" and \"BCN\"","duration":1181,"startTime":1514458734495,"result":"SUCCESS","children":[{"number":39,"description":"Loadgetrequestdata: https://uat1.merchantportal.firstdata.eu/MerchantApiWeb/authenticateUser","duration":1,"startTime":1514458734560,"result":"SUCCESS"},{"number":40,"description":"Postrequest authenticate user: https://uat1.merchantportal.firstdata.eu/MerchantApiWeb/authenticateUser, TestAutomationBCO4, Password@1, BCN","duration":1082,"startTime":1514458734563,"result":"SUCCESS"},{"number":41,"description":"Loadgetrequestdata requestwithbody: https://uat1.merchantportal.firstdata.eu/MerchantApiWeb/rest/secure/user/changepin","duration":1,"startTime":1514458735654,"result":"SUCCESS"}]},{"number":42,"description":"When post request for changepin \"9902\" and \"9902\"","duration":1076,"startTime":1514458735677,"result":"SUCCESS","children":[{"number":43,"description":"Postrequest changepin: https://uat1.merchantportal.firstdata.eu/MerchantApiWeb/rest/secure/user/changepin, 9902, 9902","duration":1018,"startTime":1514458735688,"result":"SUCCESS"}]},{"number":44,"description":"Then verify changepin response status \"error\" and \"MPVE00150\" and \"Passcode already used before\" and \"\" and \"\" and \"\"","duration":215,"startTime":1514458736754,"result":"SUCCESS","children":[{"number":45,"description":"Verify Response","duration":97,"startTime":1514458736764,"result":"SUCCESS"}]}]},{"number":46,"description":"[1] {report\u003dTC08, logindomain\u003d/MerchantApiWeb/authenticateUser, domainurl\u003d/MerchantApiWeb/rest/secure/user/changepin, status\u003derror, Message\u003dUnsupported operation invoked, ErrorCode\u003dMPERR10, userName\u003dTestAutomation22, password\u003dPassword@1, allianceCode\u003dEMS, AuthErrMessage\u003d, Authaccessdenied\u003d, AuthErrCause\u003d, currency\u003d, userType\u003d, pageNumber\u003d, accountStatus\u003d, profile\u003d, firstName\u003d, lastName\u003d, reasonForBlock\u003d, blockusername\u003d, oldPin\u003d4568, newPin\u003d5487}","duration":2505,"startTime":1514458738706,"result":"SUCCESS","children":[{"number":47,"description":"Given load request for changepin \"/MerchantApiWeb/authenticateUser\" and \"/MerchantApiWeb/rest/secure/user/changepin\" and \"TC08\" and \"TestAutomation22\" and \"Password@1\" and \"EMS\"","duration":1393,"startTime":1514458738725,"result":"SUCCESS","children":[{"number":48,"description":"Loadgetrequestdata: https://uat1.merchantportal.firstdata.eu/MerchantApiWeb/authenticateUser","duration":0,"startTime":1514458738803,"result":"SUCCESS"},{"number":49,"description":"Postrequest authenticate user: https://uat1.merchantportal.firstdata.eu/MerchantApiWeb/authenticateUser, TestAutomation22, Password@1, EMS","duration":1275,"startTime":1514458738804,"result":"SUCCESS"},{"number":50,"description":"Loadgetrequestdata requestwithbody: https://uat1.merchantportal.firstdata.eu/MerchantApiWeb/rest/secure/user/changepin","duration":0,"startTime":1514458740098,"result":"SUCCESS"}]},{"number":51,"description":"When post request for changepin \"4568\" and \"5487\"","duration":883,"startTime":1514458740119,"result":"SUCCESS","children":[{"number":52,"description":"Postrequest changepin: https://uat1.merchantportal.firstdata.eu/MerchantApiWeb/rest/secure/user/changepin, 4568, 5487","duration":815,"startTime":1514458740130,"result":"SUCCESS"}]},{"number":53,"description":"Then verify changepin response status \"error\" and \"MPERR10\" and \"Unsupported operation invoked\" and \"\" and \"\" and \"\"","duration":209,"startTime":1514458741002,"result":"SUCCESS","children":[{"number":54,"description":"Verify Response","duration":67,"startTime":1514458741013,"result":"SUCCESS"}]}]},{"number":55,"description":"[1] {report\u003dTC09, logindomain\u003d/MerchantApiWeb/authenticateUser, domainurl\u003d/MerchantApiWeb/rest/secure/user/changepin, status\u003derror, Message\u003dPin cannot be empty, ErrorCode\u003dMPVE00149, userName\u003dTestAutomationBCO4, password\u003dPassword@1, allianceCode\u003dBCN, AuthErrMessage\u003d, Authaccessdenied\u003d, AuthErrCause\u003d, currency\u003d, userType\u003d, pageNumber\u003d, accountStatus\u003d, profile\u003d, firstName\u003d, lastName\u003d, reasonForBlock\u003d, blockusername\u003d, oldPin\u003d, newPin\u003d5487}","duration":2297,"startTime":1514458743052,"result":"SUCCESS","children":[{"number":56,"description":"Given load request for changepin \"/MerchantApiWeb/authenticateUser\" and \"/MerchantApiWeb/rest/secure/user/changepin\" and \"TC09\" and \"TestAutomationBCO4\" and \"Password@1\" and \"BCN\"","duration":1147,"startTime":1514458743068,"result":"SUCCESS","children":[{"number":57,"description":"Loadgetrequestdata: https://uat1.merchantportal.firstdata.eu/MerchantApiWeb/authenticateUser","duration":1,"startTime":1514458743139,"result":"SUCCESS"},{"number":58,"description":"Postrequest authenticate user: https://uat1.merchantportal.firstdata.eu/MerchantApiWeb/authenticateUser, TestAutomationBCO4, Password@1, BCN","duration":1042,"startTime":1514458743140,"result":"SUCCESS"},{"number":59,"description":"Loadgetrequestdata requestwithbody: https://uat1.merchantportal.firstdata.eu/MerchantApiWeb/rest/secure/user/changepin","duration":0,"startTime":1514458744193,"result":"SUCCESS"}]},{"number":60,"description":"When post request for changepin \"\" and \"5487\"","duration":914,"startTime":1514458744216,"result":"SUCCESS","children":[{"number":61,"description":"Postrequest changepin: https://uat1.merchantportal.firstdata.eu/MerchantApiWeb/rest/secure/user/changepin, , 5487","duration":842,"startTime":1514458744228,"result":"SUCCESS"}]},{"number":62,"description":"Then verify changepin response status \"error\" and \"MPVE00149\" and \"Pin cannot be empty\" and \"\" and \"\" and \"\"","duration":219,"startTime":1514458745130,"result":"SUCCESS","children":[{"number":63,"description":"Verify Response","duration":55,"startTime":1514458745143,"result":"SUCCESS"}]}]},{"number":64,"description":"[1] {report\u003dTC10, logindomain\u003d/MerchantApiWeb/authenticateUser, domainurl\u003d/MerchantApiWeb/rest/secure/user/changepin, status\u003derror, Message\u003dPin cannot be empty, ErrorCode\u003dMPVE00149, userName\u003dTestAutomationBCO4, password\u003dPassword@1, allianceCode\u003dBCN, AuthErrMessage\u003d, Authaccessdenied\u003d, AuthErrCause\u003d, currency\u003d, userType\u003d, pageNumber\u003d, accountStatus\u003d, profile\u003d, firstName\u003d, lastName\u003d, reasonForBlock\u003d, blockusername\u003d, oldPin\u003d5487, newPin\u003d}","duration":2310,"startTime":1514458747257,"result":"SUCCESS","children":[{"number":65,"description":"Given load request for changepin \"/MerchantApiWeb/authenticateUser\" and \"/MerchantApiWeb/rest/secure/user/changepin\" and \"TC10\" and \"TestAutomationBCO4\" and \"Password@1\" and \"BCN\"","duration":1191,"startTime":1514458747273,"result":"SUCCESS","children":[{"number":66,"description":"Loadgetrequestdata: https://uat1.merchantportal.firstdata.eu/MerchantApiWeb/authenticateUser","duration":1,"startTime":1514458747345,"result":"SUCCESS"},{"number":67,"description":"Postrequest authenticate user: https://uat1.merchantportal.firstdata.eu/MerchantApiWeb/authenticateUser, TestAutomationBCO4, Password@1, BCN","duration":1086,"startTime":1514458747347,"result":"SUCCESS"},{"number":68,"description":"Loadgetrequestdata requestwithbody: https://uat1.merchantportal.firstdata.eu/MerchantApiWeb/rest/secure/user/changepin","duration":1,"startTime":1514458748441,"result":"SUCCESS"}]},{"number":69,"description":"When post request for changepin \"5487\" and \"\"","duration":887,"startTime":1514458748464,"result":"SUCCESS","children":[{"number":70,"description":"Postrequest changepin: https://uat1.merchantportal.firstdata.eu/MerchantApiWeb/rest/secure/user/changepin, 5487, ","duration":815,"startTime":1514458748475,"result":"SUCCESS"}]},{"number":71,"description":"Then verify changepin response status \"error\" and \"MPVE00149\" and \"Pin cannot be empty\" and \"\" and \"\" and \"\"","duration":215,"startTime":1514458749352,"result":"SUCCESS","children":[{"number":72,"description":"Verify Response","duration":65,"startTime":1514458749364,"result":"SUCCESS"}]}]}],"userStory":{"id":"merchant-portal-application-api-validation","storyName":"Merchant Portal application API validation","path":"APIupdate.feature","type":"feature"},"featureTag":{"name":"Merchant Portal application API validation","type":"feature"},"title":"Verify the api changes the user\u0027s pin","description":"","tags":[{"name":"changepin","type":"tag"}],"startTime":1514458710970,"duration":38597,"dataTable":{"headers":["report","logindomain","domainurl","status","Message","ErrorCode","userName","password","allianceCode","AuthErrMessage","Authaccessdenied","AuthErrCause","currency","userType","pageNumber","accountStatus","profile","firstName","lastName","reasonForBlock","blockusername","oldPin","newPin"],"rows":[{"values":["TC03","/MerchantApiWeb/authenticateUser","/MerchantApiWeb/rest/secure/user/changepin","error","Pin must be of 4 digits","MPVE00155","TestAutomationBCO4","Password@1","BCN","","","","","","","","","","","","","123","1234"],"result":"SUCCESS"},{"values":["TC04","/MerchantApiWeb/authenticateUser","/MerchantApiWeb/rest/secure/user/changepin","error","Pin must be of 4 digits","MPVE00155","TestAutomationBCO4","Password@1","BCN","","","","","","","","","","","","","4594","123"],"result":"SUCCESS"},{"values":["TC05","/MerchantApiWeb/authenticateUser","/MerchantApiWeb/rest/secure/user/changepin","error","Please enter valid Pin","MPVE00173","TestAutomationBCO4","Password@1","BCN","","","","","","","","","","","","","4594","abcd"],"result":"SUCCESS"},{"values":["TC06","/MerchantApiWeb/authenticateUser","/MerchantApiWeb/rest/secure/user/changepin","error","Please enter valid Pin","MPVE00173","TestAutomationBCO4","Password@1","BCN","","","","","","","","","","","","","abcn","1234"],"result":"SUCCESS"},{"values":["TC07","/MerchantApiWeb/authenticateUser","/MerchantApiWeb/rest/secure/user/changepin","error","Passcode already used before","MPVE00150","TestAutomationBCO4","Password@1","BCN","","","","","","","","","","","","","9902","9902"],"result":"SUCCESS"},{"values":["TC08","/MerchantApiWeb/authenticateUser","/MerchantApiWeb/rest/secure/user/changepin","error","Unsupported operation invoked","MPERR10","TestAutomation22","Password@1","EMS","","","","","","","","","","","","","4568","5487"],"result":"SUCCESS"},{"values":["TC09","/MerchantApiWeb/authenticateUser","/MerchantApiWeb/rest/secure/user/changepin","error","Pin cannot be empty","MPVE00149","TestAutomationBCO4","Password@1","BCN","","","","","","","","","","","","","","5487"],"result":"SUCCESS"},{"values":["TC10","/MerchantApiWeb/authenticateUser","/MerchantApiWeb/rest/secure/user/changepin","error","Pin cannot be empty","MPVE00149","TestAutomationBCO4","Password@1","BCN","","","","","","","","","","","","","5487",""],"result":"SUCCESS"}],"predefinedRows":true,"dataSetDescriptors":[{"startRow":0,"rowCount":0,"name":"","description":""}]},"manual":false,"testSource":"Cucumber","result":"SUCCESS"}