{"name":"Verify the api retrieves the summary of the funding","testSteps":[{"number":1,"description":"[1] {report\u003dTC01, logindomain\u003d/MerchantApiWeb/authenticateUser, domainurl\u003d/MerchantApiWeb/rest/secure/user/financialData/funding/getFundingSummary, status\u003dsuccess, Message\u003d, ErrorCode\u003d, userName\u003dDemoAccount1, password\u003dPassword@1, allianceCode\u003dEMS, AuthErrMessage\u003d, Authaccessdenied\u003d, AuthErrCause\u003d, currency\u003dEUR, userType\u003d, pageNumber\u003d, accountStatus\u003d, profile\u003d, firstName\u003d, lastName\u003d, period\u003d, fromDate\u003d2016-11-02, toDate\u003d2017-11-02, invoiceId\u003d4723680, gsmTopUpFromDate\u003d2016-11-02, gsmTopUpToDate\u003d2017-11-02, invoiceLineItemId\u003d, fundId\u003d5121421, merchId\u003d65902182}","duration":6554,"startTime":1514871335432,"result":"SUCCESS","children":[{"number":2,"description":"Given load request for getFundingSummary \"/MerchantApiWeb/authenticateUser\" and \"/MerchantApiWeb/rest/secure/user/financialData/funding/getFundingSummary\" and \"TC01\" and \"DemoAccount1\" and \"Password@1\" and \"EMS\"","duration":1384,"startTime":1514871335448,"result":"SUCCESS","children":[{"number":3,"description":"Loadgetrequestdata: https://uat1.merchantportal.firstdata.eu/MerchantApiWeb/authenticateUser","duration":0,"startTime":1514871335654,"result":"SUCCESS"},{"number":4,"description":"Postrequest authenticate user: https://uat1.merchantportal.firstdata.eu/MerchantApiWeb/authenticateUser, DemoAccount1, Password@1, EMS","duration":1134,"startTime":1514871335656,"result":"SUCCESS"},{"number":5,"description":"Loadgetrequestdata uniqueauthentication: https://uat1.merchantportal.firstdata.eu/MerchantApiWeb/rest/secure/user/financialData/funding/getFundingSummary","duration":0,"startTime":1514871336800,"result":"SUCCESS"}]},{"number":6,"description":"When post get request for getFundingSummary \"EUR\"","duration":5058,"startTime":1514871336832,"result":"SUCCESS","children":[{"number":7,"description":"Post GET request get funding summary: https://uat1.merchantportal.firstdata.eu/MerchantApiWeb/rest/secure/user/financialData/funding/getFundingSummary, EUR","duration":4991,"startTime":1514871336850,"result":"SUCCESS"}]},{"number":8,"description":"Then verify getFundingSummary response status \"success\" and \"\" and \"\" and \"\" and \"\" and \"\"","duration":95,"startTime":1514871341891,"result":"SUCCESS","children":[{"number":9,"description":"Verify Response","duration":30,"startTime":1514871341903,"result":"SUCCESS"}]}]},{"number":10,"description":"[1] {report\u003dTC03, logindomain\u003d/MerchantApiWeb/authenticateUser, domainurl\u003d/MerchantApiWeb/rest/secure/user/financialData/funding/getFundingSummary, status\u003derror, Message\u003dCurrency can\u0027t be empty, ErrorCode\u003dMPVE00076, userName\u003dDemoAccount1, password\u003dPassword@1, allianceCode\u003dEMS, AuthErrMessage\u003d, Authaccessdenied\u003d, AuthErrCause\u003d, currency\u003d, userType\u003d, pageNumber\u003d, accountStatus\u003d, profile\u003d, firstName\u003d, lastName\u003d, period\u003d, fromDate\u003d2016-11-02, toDate\u003d2017-11-02, invoiceId\u003d4723680, gsmTopUpFromDate\u003d2016-11-02, gsmTopUpToDate\u003d2017-11-02, invoiceLineItemId\u003d, fundId\u003dabdchfv, merchId\u003d65902182}","duration":2371,"startTime":1514871346146,"result":"SUCCESS","children":[{"number":11,"description":"Given load request for getFundingSummary \"/MerchantApiWeb/authenticateUser\" and \"/MerchantApiWeb/rest/secure/user/financialData/funding/getFundingSummary\" and \"TC03\" and \"DemoAccount1\" and \"Password@1\" and \"EMS\"","duration":1188,"startTime":1514871346159,"result":"SUCCESS","children":[{"number":12,"description":"Loadgetrequestdata: https://uat1.merchantportal.firstdata.eu/MerchantApiWeb/authenticateUser","duration":0,"startTime":1514871346226,"result":"SUCCESS"},{"number":13,"description":"Postrequest authenticate user: https://uat1.merchantportal.firstdata.eu/MerchantApiWeb/authenticateUser, DemoAccount1, Password@1, EMS","duration":1079,"startTime":1514871346228,"result":"SUCCESS"},{"number":14,"description":"Loadgetrequestdata uniqueauthentication: https://uat1.merchantportal.firstdata.eu/MerchantApiWeb/rest/secure/user/financialData/funding/getFundingSummary","duration":0,"startTime":1514871347319,"result":"SUCCESS"}]},{"number":15,"description":"When post get request for getFundingSummary \"\"","duration":913,"startTime":1514871347347,"result":"SUCCESS","children":[{"number":16,"description":"Post GET request get funding summary: https://uat1.merchantportal.firstdata.eu/MerchantApiWeb/rest/secure/user/financialData/funding/getFundingSummary, ","duration":850,"startTime":1514871347361,"result":"SUCCESS"}]},{"number":17,"description":"Then verify getFundingSummary response status \"error\" and \"MPVE00076\" and \"Currency can\u0027t be empty\" and \"\" and \"\" and \"\"","duration":256,"startTime":1514871348261,"result":"SUCCESS","children":[{"number":18,"description":"Verify Response","duration":96,"startTime":1514871348273,"result":"SUCCESS"}]}]}],"userStory":{"id":"merchant-portal-application-api-validation","storyName":"Merchant Portal application API validation","path":"APIupdate.feature","type":"feature"},"featureTag":{"name":"Merchant Portal application API validation","type":"feature"},"title":"Verify the api retrieves the summary of the funding","description":"","tags":[{"name":"getFundingSummary","type":"tag"}],"startTime":1514871335432,"duration":13085,"dataTable":{"headers":["report","logindomain","domainurl","status","Message","ErrorCode","userName","password","allianceCode","AuthErrMessage","Authaccessdenied","AuthErrCause","currency","userType","pageNumber","accountStatus","profile","firstName","lastName","period","fromDate","toDate","invoiceId","gsmTopUpFromDate","gsmTopUpToDate","invoiceLineItemId","fundId","merchId"],"rows":[{"values":["TC01","/MerchantApiWeb/authenticateUser","/MerchantApiWeb/rest/secure/user/financialData/funding/getFundingSummary","success","","","DemoAccount1","Password@1","EMS","","","","EUR","","","","","","","","2016-11-02","2017-11-02","4723680","2016-11-02","2017-11-02","","5121421","65902182"],"result":"SUCCESS"},{"values":["TC03","/MerchantApiWeb/authenticateUser","/MerchantApiWeb/rest/secure/user/financialData/funding/getFundingSummary","error","Currency can\u0027t be empty","MPVE00076","DemoAccount1","Password@1","EMS","","","","","","","","","","","","2016-11-02","2017-11-02","4723680","2016-11-02","2017-11-02","","abdchfv","65902182"],"result":"SUCCESS"}],"predefinedRows":true,"dataSetDescriptors":[{"startRow":0,"rowCount":0,"name":"","description":""}]},"manual":false,"testSource":"Cucumber","result":"SUCCESS"}