{"name":"Verify the API retrieves the Terminal Rental List of the logged in user","testSteps":[{"number":1,"description":"[1] {report\u003dTC01, logindomain\u003d/MerchantApiWeb/authenticateUser, domainurl\u003d/MerchantApiWeb/rest/secure/user/financialData/terminalRental/getTerminalRentalList, status\u003dsuccess, Message\u003d, ErrorCode\u003d, userName\u003dTheBatman, password\u003dPass123!, allianceCode\u003dFDP, AuthErrMessage\u003d, Authaccessdenied\u003d, AuthErrCause\u003d, currency\u003d, userType\u003d, pageNumber\u003d1, accountStatus\u003d, profile\u003d, firstName\u003d, lastName\u003d, posCode\u003d, posSubType\u003d, merchantType\u003d, fundId\u003d, invoiceLineItemId\u003d35595134, source\u003dINVOICE}","duration":12773,"startTime":1514870093649,"result":"SUCCESS","children":[{"number":2,"description":"Given load request for getTerminalRentalList \"/MerchantApiWeb/authenticateUser\" and \"/MerchantApiWeb/rest/secure/user/financialData/terminalRental/getTerminalRentalList\" and \"TC01\" and \"TheBatman\" and \"Pass123!\" and \"FDP\"","duration":1884,"startTime":1514870093665,"result":"SUCCESS","children":[{"number":3,"description":"Loadgetrequestdata: https://uat1.merchantportal.firstdata.eu/MerchantApiWeb/authenticateUser","duration":1,"startTime":1514870093732,"result":"SUCCESS"},{"number":4,"description":"Postrequest authenticate user: https://uat1.merchantportal.firstdata.eu/MerchantApiWeb/authenticateUser, TheBatman, Pass123!, FDP","duration":1776,"startTime":1514870093733,"result":"SUCCESS"},{"number":5,"description":"Loadgetrequestdata uniqueauthentication: https://uat1.merchantportal.firstdata.eu/MerchantApiWeb/rest/secure/user/financialData/terminalRental/getTerminalRentalList","duration":1,"startTime":1514870095518,"result":"SUCCESS"}]},{"number":6,"description":"When post get request for getTerminalRentalList \"1\" and \"\" and \"35595134\" and \"INVOICE\"","duration":10760,"startTime":1514870095549,"result":"SUCCESS","children":[{"number":7,"description":"Post GET request get terminal rental list: https://uat1.merchantportal.firstdata.eu/MerchantApiWeb/rest/secure/user/financialData/terminalRental/getTerminalRentalList, 1, , 35595134, INVOICE","duration":10696,"startTime":1514870095561,"result":"SUCCESS"}]},{"number":8,"description":"Then verify getTerminalRentalList response status \"success\" and \"\" and \"\" and \"\" and \"\" and \"\"","duration":112,"startTime":1514870106309,"result":"SUCCESS","children":[{"number":9,"description":"Verify Response","duration":57,"startTime":1514870106321,"result":"SUCCESS"}]}]},{"number":10,"description":"[1] {report\u003dTC02, logindomain\u003d/MerchantApiWeb/authenticateUser, domainurl\u003d/MerchantApiWeb/rest/secure/user/financialData/terminalRental/getTerminalRentalList, status\u003derror, Message\u003dPage no should be numeric, ErrorCode\u003dMPVE00032, userName\u003dTheBatman, password\u003dPass123!, allianceCode\u003dFDP, AuthErrMessage\u003d, Authaccessdenied\u003d, AuthErrCause\u003d, currency\u003d, userType\u003d, pageNumber\u003dA, accountStatus\u003d, profile\u003d, firstName\u003d, lastName\u003d, posCode\u003d, posSubType\u003d, merchantType\u003d, fundId\u003d, invoiceLineItemId\u003d35595134, source\u003dINVOICE}","duration":4546,"startTime":1514870109798,"result":"SUCCESS","children":[{"number":11,"description":"Given load request for getTerminalRentalList \"/MerchantApiWeb/authenticateUser\" and \"/MerchantApiWeb/rest/secure/user/financialData/terminalRental/getTerminalRentalList\" and \"TC02\" and \"TheBatman\" and \"Pass123!\" and \"FDP\"","duration":3139,"startTime":1514870109962,"result":"SUCCESS","children":[{"number":12,"description":"Loadgetrequestdata: https://uat1.merchantportal.firstdata.eu/MerchantApiWeb/authenticateUser","duration":1,"startTime":1514870110050,"result":"SUCCESS"},{"number":13,"description":"Postrequest authenticate user: https://uat1.merchantportal.firstdata.eu/MerchantApiWeb/authenticateUser, TheBatman, Pass123!, FDP","duration":3023,"startTime":1514870110051,"result":"SUCCESS"},{"number":14,"description":"Loadgetrequestdata uniqueauthentication: https://uat1.merchantportal.firstdata.eu/MerchantApiWeb/rest/secure/user/financialData/terminalRental/getTerminalRentalList","duration":0,"startTime":1514870113082,"result":"SUCCESS"}]},{"number":15,"description":"When post get request for getTerminalRentalList \"A\" and \"\" and \"35595134\" and \"INVOICE\"","duration":952,"startTime":1514870113101,"result":"SUCCESS","children":[{"number":16,"description":"Post GET request get terminal rental list: https://uat1.merchantportal.firstdata.eu/MerchantApiWeb/rest/secure/user/financialData/terminalRental/getTerminalRentalList, A, , 35595134, INVOICE","duration":869,"startTime":1514870113114,"result":"SUCCESS"}]},{"number":17,"description":"Then verify getTerminalRentalList response status \"error\" and \"MPVE00032\" and \"Page no should be numeric\" and \"\" and \"\" and \"\"","duration":290,"startTime":1514870114054,"result":"SUCCESS","children":[{"number":18,"description":"Verify Response","duration":132,"startTime":1514870114085,"result":"SUCCESS"}]}]},{"number":19,"description":"[1] {report\u003dTC03, logindomain\u003d/MerchantApiWeb/authenticateUser, domainurl\u003d/MerchantApiWeb/rest/secure/user/financialData/terminalRental/getTerminalRentalList, status\u003derror, Message\u003dInvoiceLineItemId is required, ErrorCode\u003dMPVE00117, userName\u003dTheBatman, password\u003dPass123!, allianceCode\u003dFDP, AuthErrMessage\u003d, Authaccessdenied\u003d, AuthErrCause\u003d, currency\u003d, userType\u003d, pageNumber\u003d1, accountStatus\u003d, profile\u003d, firstName\u003d, lastName\u003d, posCode\u003d, posSubType\u003d, merchantType\u003d, fundId\u003d, invoiceLineItemId\u003d, source\u003dINVOICE}","duration":3386,"startTime":1514870118163,"result":"SUCCESS","children":[{"number":20,"description":"Given load request for getTerminalRentalList \"/MerchantApiWeb/authenticateUser\" and \"/MerchantApiWeb/rest/secure/user/financialData/terminalRental/getTerminalRentalList\" and \"TC03\" and \"TheBatman\" and \"Pass123!\" and \"FDP\"","duration":2246,"startTime":1514870118197,"result":"SUCCESS","children":[{"number":21,"description":"Loadgetrequestdata: https://uat1.merchantportal.firstdata.eu/MerchantApiWeb/authenticateUser","duration":0,"startTime":1514870118320,"result":"SUCCESS"},{"number":22,"description":"Postrequest authenticate user: https://uat1.merchantportal.firstdata.eu/MerchantApiWeb/authenticateUser, TheBatman, Pass123!, FDP","duration":2088,"startTime":1514870118322,"result":"SUCCESS"},{"number":23,"description":"Loadgetrequestdata uniqueauthentication: https://uat1.merchantportal.firstdata.eu/MerchantApiWeb/rest/secure/user/financialData/terminalRental/getTerminalRentalList","duration":1,"startTime":1514870120418,"result":"SUCCESS"}]},{"number":24,"description":"When post get request for getTerminalRentalList \"1\" and \"\" and \"\" and \"INVOICE\"","duration":917,"startTime":1514870120443,"result":"SUCCESS","children":[{"number":25,"description":"Post GET request get terminal rental list: https://uat1.merchantportal.firstdata.eu/MerchantApiWeb/rest/secure/user/financialData/terminalRental/getTerminalRentalList, 1, , , INVOICE","duration":852,"startTime":1514870120459,"result":"SUCCESS"}]},{"number":26,"description":"Then verify getTerminalRentalList response status \"error\" and \"MPVE00117\" and \"InvoiceLineItemId is required\" and \"\" and \"\" and \"\"","duration":188,"startTime":1514870121361,"result":"SUCCESS","children":[{"number":27,"description":"Verify Response","duration":54,"startTime":1514870121373,"result":"SUCCESS"}]}]},{"number":28,"description":"[1] {report\u003dTC04, logindomain\u003d/MerchantApiWeb/authenticateUser, domainurl\u003d/MerchantApiWeb/rest/secure/user/financialData/terminalRental/getTerminalRentalList, status\u003derror, Message\u003dInvalid Source, ErrorCode\u003dMPVE00090, userName\u003dTheBatman, password\u003dPass123!, allianceCode\u003dFDP, AuthErrMessage\u003d, Authaccessdenied\u003d, AuthErrCause\u003d, currency\u003d, userType\u003d, pageNumber\u003d1, accountStatus\u003d, profile\u003d, firstName\u003d, lastName\u003d, posCode\u003d71479325, posSubType\u003dA, merchantType\u003dP, fundId\u003d, invoiceLineItemId\u003d35595134, source\u003dFDP}","duration":4482,"startTime":1514870124517,"result":"SUCCESS","children":[{"number":29,"description":"Given load request for getTerminalRentalList \"/MerchantApiWeb/authenticateUser\" and \"/MerchantApiWeb/rest/secure/user/financialData/terminalRental/getTerminalRentalList\" and \"TC04\" and \"TheBatman\" and \"Pass123!\" and \"FDP\"","duration":2228,"startTime":1514870124532,"result":"SUCCESS","children":[{"number":30,"description":"Loadgetrequestdata: https://uat1.merchantportal.firstdata.eu/MerchantApiWeb/authenticateUser","duration":1,"startTime":1514870124615,"result":"SUCCESS"},{"number":31,"description":"Postrequest authenticate user: https://uat1.merchantportal.firstdata.eu/MerchantApiWeb/authenticateUser, TheBatman, Pass123!, FDP","duration":2101,"startTime":1514870124617,"result":"SUCCESS"},{"number":32,"description":"Loadgetrequestdata uniqueauthentication: https://uat1.merchantportal.firstdata.eu/MerchantApiWeb/rest/secure/user/financialData/terminalRental/getTerminalRentalList","duration":1,"startTime":1514870126727,"result":"SUCCESS"}]},{"number":33,"description":"When post get request for getTerminalRentalList \"1\" and \"\" and \"35595134\" and \"FDP\"","duration":1983,"startTime":1514870126761,"result":"SUCCESS","children":[{"number":34,"description":"Post GET request get terminal rental list: https://uat1.merchantportal.firstdata.eu/MerchantApiWeb/rest/secure/user/financialData/terminalRental/getTerminalRentalList, 1, , 35595134, FDP","duration":1917,"startTime":1514870126775,"result":"SUCCESS"}]},{"number":35,"description":"Then verify getTerminalRentalList response status \"error\" and \"MPVE00090\" and \"Invalid Source\" and \"\" and \"\" and \"\"","duration":255,"startTime":1514870128744,"result":"SUCCESS","children":[{"number":36,"description":"Verify Response","duration":70,"startTime":1514870128757,"result":"SUCCESS"}]}]}],"userStory":{"id":"merchant-portal-application-api-validation","storyName":"Merchant Portal application API validation","path":"APIupdate.feature","type":"feature"},"featureTag":{"name":"Merchant Portal application API validation","type":"feature"},"title":"Verify the API retrieves the Terminal Rental List of the logged in user","description":"","tags":[{"name":"getTerminalRentalList","type":"tag"}],"startTime":1514870093649,"duration":35350,"dataTable":{"headers":["report","logindomain","domainurl","status","Message","ErrorCode","userName","password","allianceCode","AuthErrMessage","Authaccessdenied","AuthErrCause","currency","userType","pageNumber","accountStatus","profile","firstName","lastName","posCode","posSubType","merchantType","fundId","invoiceLineItemId","source"],"rows":[{"values":["TC01","/MerchantApiWeb/authenticateUser","/MerchantApiWeb/rest/secure/user/financialData/terminalRental/getTerminalRentalList","success","","","TheBatman","Pass123!","FDP","","","","","","1","","","","","","","","","35595134","INVOICE"],"result":"SUCCESS"},{"values":["TC02","/MerchantApiWeb/authenticateUser","/MerchantApiWeb/rest/secure/user/financialData/terminalRental/getTerminalRentalList","error","Page no should be numeric","MPVE00032","TheBatman","Pass123!","FDP","","","","","","A","","","","","","","","","35595134","INVOICE"],"result":"SUCCESS"},{"values":["TC03","/MerchantApiWeb/authenticateUser","/MerchantApiWeb/rest/secure/user/financialData/terminalRental/getTerminalRentalList","error","InvoiceLineItemId is required","MPVE00117","TheBatman","Pass123!","FDP","","","","","","1","","","","","","","","","","INVOICE"],"result":"SUCCESS"},{"values":["TC04","/MerchantApiWeb/authenticateUser","/MerchantApiWeb/rest/secure/user/financialData/terminalRental/getTerminalRentalList","error","Invalid Source","MPVE00090","TheBatman","Pass123!","FDP","","","","","","1","","","","","71479325","A","P","","35595134","FDP"],"result":"SUCCESS"}],"predefinedRows":true,"dataSetDescriptors":[{"startRow":0,"rowCount":0,"name":"","description":""}]},"manual":false,"testSource":"Cucumber","result":"SUCCESS"}