{"name":"Verify the api posts a Cash Advance offer to the merchant user","testSteps":[{"number":1,"description":"[1] {report\u003dTC01, logindomain\u003d/MerchantApiWeb/authenticateUser, domainurl\u003d/MerchantApiWeb/rest/secure/user/cashadvance/offer, status\u003dsuccess, Message\u003d, ErrorCode\u003d, userName\u003dTestAutomationFDP6, password\u003dPassword@1, allianceCode\u003dFDP, AuthErrMessage\u003d, Authaccessdenied\u003d, AuthErrCause\u003d, cashadvanceoffers_accountManager\u003dMarek Lukasz, cashadvanceoffers_address\u003dWarszawa, ul Pilsudskiego 3, cashadvanceoffers_agreementNumber\u003d31259326, cashadvanceoffers_commisionPercentage\u003d6, cashadvanceoffers_dailyRepaymentPercentage\u003d2.1, cashadvanceoffers_emails\u003dkandasamy.santhanam@firstdata.com, cashadvanceoffers_endDate\u003d2017-12-29, cashadvanceoffers_fdpDepartment\u003dDSD, cashadvanceoffers_maxLoanAmount\u003d5000, cashadvanceoffers_merchantName\u003dNazwa akceptanta, cashadvanceoffers_minLoanAmount\u003d1000, cashadvanceoffers_phoneNumbers\u003d919487078275, cashadvanceoffers_repaymentPeriod\u003d120, cashadvanceoffers_startDate\u003d2017-11-05, cashadvanceoffers_taxId\u003d8511152152, cashadvanceoffers_fileName\u003dCashAdvanceOfferUAT1.xlsx}","duration":5139,"startTime":1514872647985,"result":"SUCCESS","children":[{"number":2,"description":"Given load request for cashadvanceoffer_POST \"/MerchantApiWeb/authenticateUser\" and \"/MerchantApiWeb/rest/secure/user/cashadvance/offer\" and \"TC01\" and \"TestAutomationFDP6\" and \"Password@1\" and \"FDP\"","duration":3489,"startTime":1514872647999,"result":"SUCCESS","children":[{"number":3,"description":"Loadgetrequestdata: https://uat1.merchantportal.firstdata.eu/MerchantApiWeb/authenticateUser","duration":0,"startTime":1514872648149,"result":"SUCCESS"},{"number":4,"description":"Postrequest authenticate user: https://uat1.merchantportal.firstdata.eu/MerchantApiWeb/authenticateUser, TestAutomationFDP6, Password@1, FDP","duration":3302,"startTime":1514872648150,"result":"SUCCESS"},{"number":5,"description":"Loadgetrequestdata requestwithbody: https://uat1.merchantportal.firstdata.eu/MerchantApiWeb/rest/secure/user/cashadvance/offer","duration":1,"startTime":1514872651462,"result":"SUCCESS"}]},{"number":6,"description":"When post request for cashadvanceoffer_POST \"Marek Lukasz\" and \"Warszawa, ul Pilsudskiego 3\" and \"31259326\" and \"6\" and \"2.1\" and \"kandasamy.santhanam@firstdata.com\" and \"2017-12-29\" and \"DSD\" and \"5000\" and \"Nazwa akceptanta\" and \"1000\" and \"919487078275\" and \"120\" and \"2017-11-05\" and \"8511152152\" and \"CashAdvanceOfferUAT1.xlsx\"","duration":1518,"startTime":1514872651489,"result":"SUCCESS","children":[{"number":7,"description":"Postrequest cashadvanceoffer post: https://uat1.merchantportal.firstdata.eu/MerchantApiWeb/rest/secure/user/cashadvance/offer, Marek Lukasz, Warszawa, ul Pilsudskiego 3, 31259326, 6, 2, kandasamy.santhanam@firstdata.com, 2017-12-29, DSD, 5000, Nazwa akceptanta, 1000, 364076931, 120, 2017-11-05, 8511152152, CashAdvanceOfferUAT1.xlsx","duration":1459,"startTime":1514872651503,"result":"SUCCESS"}]},{"number":8,"description":"Then verify cashadvanceoffer_POST response status \"success\" and \"\" and \"\" and \"\" and \"\" and \"\"","duration":116,"startTime":1514872653008,"result":"SUCCESS","children":[{"number":9,"description":"Verify Response","duration":65,"startTime":1514872653018,"result":"SUCCESS"}]}]}],"userStory":{"id":"merchant-portal-application-api-validation","storyName":"Merchant Portal application API validation","path":"APIupdate.feature","type":"feature"},"featureTag":{"name":"Merchant Portal application API validation","type":"feature"},"title":"Verify the api posts a Cash Advance offer to the merchant user","description":"","tags":[{"name":"cashadvanceoffer_POST","type":"tag"}],"startTime":1514872647984,"duration":5140,"dataTable":{"headers":["report","logindomain","domainurl","status","Message","ErrorCode","userName","password","allianceCode","AuthErrMessage","Authaccessdenied","AuthErrCause","cashadvanceoffers_accountManager","cashadvanceoffers_address","cashadvanceoffers_agreementNumber","cashadvanceoffers_commisionPercentage","cashadvanceoffers_dailyRepaymentPercentage","cashadvanceoffers_emails","cashadvanceoffers_endDate","cashadvanceoffers_fdpDepartment","cashadvanceoffers_maxLoanAmount","cashadvanceoffers_merchantName","cashadvanceoffers_minLoanAmount","cashadvanceoffers_phoneNumbers","cashadvanceoffers_repaymentPeriod","cashadvanceoffers_startDate","cashadvanceoffers_taxId","cashadvanceoffers_fileName"],"rows":[{"values":["TC01","/MerchantApiWeb/authenticateUser","/MerchantApiWeb/rest/secure/user/cashadvance/offer","success","","","TestAutomationFDP6","Password@1","FDP","","","","Marek Lukasz","Warszawa, ul Pilsudskiego 3","31259326","6","2.1","kandasamy.santhanam@firstdata.com","2017-12-29","DSD","5000","Nazwa akceptanta","1000","919487078275","120","2017-11-05","8511152152","CashAdvanceOfferUAT1.xlsx"],"result":"SUCCESS"}],"predefinedRows":true,"dataSetDescriptors":[{"startRow":0,"rowCount":0,"name":"","description":""}]},"manual":false,"testSource":"Cucumber","result":"SUCCESS"}