{"name":"Verify the api retrieves the details of the cashadvances","testSteps":[{"number":1,"description":"[1] {report\u003dTC02, logindomain\u003d/MerchantApiWeb/authenticateUser, domainurl\u003d/MerchantApiWeb/rest/secure/user/cashadvances, status\u003derror, Message\u003dInvalid date, ErrorCode\u003dMPBE00037, userName\u003dTheBatman, password\u003dPass123!, allianceCode\u003dFDP, AuthErrMessage\u003d, Authaccessdenied\u003d, AuthErrCause\u003d, currency\u003dabc, userType\u003d, pageNumber\u003d1, accountStatus\u003d, profile\u003d, firstName\u003d, lastName\u003d, period\u003d, fileType\u003dCSV, delimiter\u003d,, terminalBatchNumId\u003d8366009, startDate\u003d20161102, endDate\u003d2017-11-02}","duration":7765,"startTime":1511891153272,"result":"SUCCESS","children":[{"number":2,"description":"Given load request for cashadvances \"/MerchantApiWeb/authenticateUser\" and \"/MerchantApiWeb/rest/secure/user/cashadvances\" and \"TC02\" and \"TheBatman\" and \"Pass123!\" and \"FDP\"","duration":5504,"startTime":1511891153847,"result":"SUCCESS","children":[{"number":3,"description":"Loadgetrequestdata: https://uat1.merchantportal.firstdata.eu/MerchantApiWeb/authenticateUser","duration":15,"startTime":1511891154195,"result":"SUCCESS"},{"number":4,"description":"Postrequest authenticate user: https://uat1.merchantportal.firstdata.eu/MerchantApiWeb/authenticateUser, TheBatman, Pass123!, FDP","duration":5063,"startTime":1511891154217,"result":"SUCCESS"},{"number":5,"description":"Loadgetrequestdata uniqueauthentication: https://uat1.merchantportal.firstdata.eu/MerchantApiWeb/rest/secure/user/cashadvances","duration":1,"startTime":1511891159304,"result":"SUCCESS"}]},{"number":6,"description":"When post get request for cashadvances \"20161102\" and \"2017-11-02\"","duration":1057,"startTime":1511891159352,"result":"SUCCESS","children":[{"number":7,"description":"Post GET request cashadvances: https://uat1.merchantportal.firstdata.eu/MerchantApiWeb/rest/secure/user/cashadvances, 20161102, 2017-11-02","duration":943,"startTime":1511891159378,"result":"SUCCESS"}]},{"number":8,"description":"Then verify cashadvances response status \"error\" and \"MPBE00037\" and \"Invalid date\" and \"\" and \"\" and \"\"","duration":628,"startTime":1511891160409,"exception":{"errorType":"java.lang.AssertionError","message":"expected:\u003cMP[VE00051]\u003e but was:\u003cMP[BE00037]\u003e","stackTrace":[{"declaringClass":"api.ValidateRequest","methodName":"verifyresponse","fileName":"ValidateRequest.java","lineNumber":314},{"declaringClass":"stepdefinitions.Apidefinitions","methodName":"verify_cashadvances_response_status","fileName":"Apidefinitions.java","lineNumber":3231},{"declaringClass":"✽","methodName":"Then verify cashadvances response status \"error\" and \"MPBE00037\" and \"Invalid date\" and \"\" and \"\" and \"\"","fileName":"APIupdate.feature","lineNumber":480}]},"result":"FAILURE","children":[{"number":9,"description":"Verify Response","duration":598,"startTime":1511891160428,"exception":{"errorType":"org.junit.ComparisonFailure","message":"expected:\u003cMP[VE00051]\u003e but was:\u003cMP[BE00037]\u003e","stackTrace":[{"declaringClass":"api.ValidateRequest","methodName":"verifyresponse","fileName":"ValidateRequest.java","lineNumber":314},{"declaringClass":"stepdefinitions.Apidefinitions","methodName":"verify_cashadvances_response_status","fileName":"Apidefinitions.java","lineNumber":3231},{"declaringClass":"org.eclipse.jdt.internal.junit4.runner.JUnit4TestReference","methodName":"run","fileName":"JUnit4TestReference.java","lineNumber":86},{"declaringClass":"org.eclipse.jdt.internal.junit.runner.TestExecution","methodName":"run","fileName":"TestExecution.java","lineNumber":38},{"declaringClass":"org.eclipse.jdt.internal.junit.runner.RemoteTestRunner","methodName":"runTests","fileName":"RemoteTestRunner.java","lineNumber":459},{"declaringClass":"org.eclipse.jdt.internal.junit.runner.RemoteTestRunner","methodName":"runTests","fileName":"RemoteTestRunner.java","lineNumber":675},{"declaringClass":"org.eclipse.jdt.internal.junit.runner.RemoteTestRunner","methodName":"run","fileName":"RemoteTestRunner.java","lineNumber":382},{"declaringClass":"org.eclipse.jdt.internal.junit.runner.RemoteTestRunner","methodName":"main","fileName":"RemoteTestRunner.java","lineNumber":192}]},"result":"FAILURE"}]}]},{"number":10,"description":"[1] {report\u003dTC03, logindomain\u003d/MerchantApiWeb/authenticateUser, domainurl\u003d/MerchantApiWeb/rest/secure/user/cashadvances, status\u003derror, Message\u003dInvalid date, ErrorCode\u003dMPBE00037, userName\u003dTheBatman, password\u003dPass123!, allianceCode\u003dFDP, AuthErrMessage\u003d, Authaccessdenied\u003d, AuthErrCause\u003d, currency\u003d, userType\u003d, pageNumber\u003d1, accountStatus\u003d, profile\u003d, firstName\u003d, lastName\u003d, period\u003d, fileType\u003dCSV, delimiter\u003d,, terminalBatchNumId\u003d8366009, startDate\u003d2016-11-02, endDate\u003d20171102}","duration":3155,"startTime":1511891162195,"result":"SUCCESS","children":[{"number":11,"description":"Given load request for cashadvances \"/MerchantApiWeb/authenticateUser\" and \"/MerchantApiWeb/rest/secure/user/cashadvances\" and \"TC03\" and \"TheBatman\" and \"Pass123!\" and \"FDP\"","duration":2014,"startTime":1511891162214,"result":"SUCCESS","children":[{"number":12,"description":"Loadgetrequestdata: https://uat1.merchantportal.firstdata.eu/MerchantApiWeb/authenticateUser","duration":0,"startTime":1511891162300,"result":"SUCCESS"},{"number":13,"description":"Postrequest authenticate user: https://uat1.merchantportal.firstdata.eu/MerchantApiWeb/authenticateUser, TheBatman, Pass123!, FDP","duration":1870,"startTime":1511891162302,"result":"SUCCESS"},{"number":14,"description":"Loadgetrequestdata uniqueauthentication: https://uat1.merchantportal.firstdata.eu/MerchantApiWeb/rest/secure/user/cashadvances","duration":2,"startTime":1511891164194,"result":"SUCCESS"}]},{"number":15,"description":"When post get request for cashadvances \"2016-11-02\" and \"20171102\"","duration":1027,"startTime":1511891164229,"result":"SUCCESS","children":[{"number":16,"description":"Post GET request cashadvances: https://uat1.merchantportal.firstdata.eu/MerchantApiWeb/rest/secure/user/cashadvances, 2016-11-02, 20171102","duration":925,"startTime":1511891164243,"result":"SUCCESS"}]},{"number":17,"description":"Then verify cashadvances response status \"error\" and \"MPBE00037\" and \"Invalid date\" and \"\" and \"\" and \"\"","duration":92,"startTime":1511891165258,"exception":{"errorType":"java.lang.AssertionError","message":"expected:\u003cMP[VE00051]\u003e but was:\u003cMP[BE00037]\u003e","stackTrace":[{"declaringClass":"api.ValidateRequest","methodName":"verifyresponse","fileName":"ValidateRequest.java","lineNumber":314},{"declaringClass":"stepdefinitions.Apidefinitions","methodName":"verify_cashadvances_response_status","fileName":"Apidefinitions.java","lineNumber":3231},{"declaringClass":"✽","methodName":"Then verify cashadvances response status \"error\" and \"MPBE00037\" and \"Invalid date\" and \"\" and \"\" and \"\"","fileName":"APIupdate.feature","lineNumber":480}]},"result":"FAILURE","children":[{"number":18,"description":"Verify Response","duration":69,"startTime":1511891165273,"exception":{"errorType":"org.junit.ComparisonFailure","message":"expected:\u003cMP[VE00051]\u003e but was:\u003cMP[BE00037]\u003e","stackTrace":[{"declaringClass":"api.ValidateRequest","methodName":"verifyresponse","fileName":"ValidateRequest.java","lineNumber":314},{"declaringClass":"stepdefinitions.Apidefinitions","methodName":"verify_cashadvances_response_status","fileName":"Apidefinitions.java","lineNumber":3231},{"declaringClass":"org.eclipse.jdt.internal.junit4.runner.JUnit4TestReference","methodName":"run","fileName":"JUnit4TestReference.java","lineNumber":86},{"declaringClass":"org.eclipse.jdt.internal.junit.runner.TestExecution","methodName":"run","fileName":"TestExecution.java","lineNumber":38},{"declaringClass":"org.eclipse.jdt.internal.junit.runner.RemoteTestRunner","methodName":"runTests","fileName":"RemoteTestRunner.java","lineNumber":459},{"declaringClass":"org.eclipse.jdt.internal.junit.runner.RemoteTestRunner","methodName":"runTests","fileName":"RemoteTestRunner.java","lineNumber":675},{"declaringClass":"org.eclipse.jdt.internal.junit.runner.RemoteTestRunner","methodName":"run","fileName":"RemoteTestRunner.java","lineNumber":382},{"declaringClass":"org.eclipse.jdt.internal.junit.runner.RemoteTestRunner","methodName":"main","fileName":"RemoteTestRunner.java","lineNumber":192}]},"result":"FAILURE"}]}]}],"userStory":{"id":"merchant-portal-application-api-validation","storyName":"Merchant Portal application API validation","path":"APIupdate.feature","type":"feature"},"featureTag":{"name":"Merchant Portal application API validation","type":"feature"},"title":"Verify the api retrieves the details of the cashadvances","description":"","tags":[{"name":"cashadvances","type":"tag"}],"startTime":1511891153135,"duration":12216,"testFailureCause":{"errorType":"org.junit.ComparisonFailure","message":"expected:\u003cMP[VE00051]\u003e but was:\u003cMP[BE00037]\u003e","stackTrace":[{"declaringClass":"api.ValidateRequest","methodName":"verifyresponse","fileName":"ValidateRequest.java","lineNumber":314},{"declaringClass":"stepdefinitions.Apidefinitions","methodName":"verify_cashadvances_response_status","fileName":"Apidefinitions.java","lineNumber":3231},{"declaringClass":"org.eclipse.jdt.internal.junit4.runner.JUnit4TestReference","methodName":"run","fileName":"JUnit4TestReference.java","lineNumber":86},{"declaringClass":"org.eclipse.jdt.internal.junit.runner.TestExecution","methodName":"run","fileName":"TestExecution.java","lineNumber":38},{"declaringClass":"org.eclipse.jdt.internal.junit.runner.RemoteTestRunner","methodName":"runTests","fileName":"RemoteTestRunner.java","lineNumber":459},{"declaringClass":"org.eclipse.jdt.internal.junit.runner.RemoteTestRunner","methodName":"runTests","fileName":"RemoteTestRunner.java","lineNumber":675},{"declaringClass":"org.eclipse.jdt.internal.junit.runner.RemoteTestRunner","methodName":"run","fileName":"RemoteTestRunner.java","lineNumber":382},{"declaringClass":"org.eclipse.jdt.internal.junit.runner.RemoteTestRunner","methodName":"main","fileName":"RemoteTestRunner.java","lineNumber":192}]},"testFailureClassname":"java.lang.AssertionError","testFailureMessage":"expected:\u003cMP[VE00051]\u003e but was:\u003cMP[BE00037]\u003e\r\nexpected:\u003cMP[VE00051]\u003e but was:\u003cMP[BE00037]\u003e\r\nexpected:\u003cMP[VE00051]\u003e but was:\u003cMP[BE00037]\u003e\r\nexpected:\u003cMP[VE00051]\u003e but was:\u003cMP[BE00037]\u003e","annotatedResult":"FAILURE","dataTable":{"headers":["report","logindomain","domainurl","status","Message","ErrorCode","userName","password","allianceCode","AuthErrMessage","Authaccessdenied","AuthErrCause","currency","userType","pageNumber","accountStatus","profile","firstName","lastName","period","fileType","delimiter","terminalBatchNumId","startDate","endDate"],"rows":[{"values":["TC02","/MerchantApiWeb/authenticateUser","/MerchantApiWeb/rest/secure/user/cashadvances","error","Invalid date","MPBE00037","TheBatman","Pass123!","FDP","","","","abc","","1","","","","","","CSV",",","8366009","20161102","2017-11-02"],"result":"FAILURE"},{"values":["TC03","/MerchantApiWeb/authenticateUser","/MerchantApiWeb/rest/secure/user/cashadvances","error","Invalid date","MPBE00037","TheBatman","Pass123!","FDP","","","","","","1","","","","","","CSV",",","8366009","2016-11-02","20171102"],"result":"FAILURE"}],"predefinedRows":true,"dataSetDescriptors":[{"startRow":0,"rowCount":0,"name":"","description":""}]},"manual":false,"testSource":"Cucumber","result":"FAILURE"}