{"name":"Verify the api retrieves the messages list by user","testSteps":[{"number":1,"description":"[1] {report\u003dTC01, logindomain\u003d/MerchantApiWeb/authenticateUser, domainurl\u003d/MerchantApiWeb/rest/secure/getMessageListbyUser, status\u003dsuccess, Message\u003d, ErrorCode\u003d, userName\u003dTestAutomation22, password\u003dPassword@1, allianceCode\u003dEMS, AuthErrMessage\u003d, Authaccessdenied\u003d, AuthErrCause\u003d, currency\u003d, userType\u003d, pageNumber\u003d, accountStatus\u003d, profile\u003d, firstName\u003d, lastName\u003d, profiles_Accessdata\u003d, Dictionary_category\u003d, Dictionary_code\u003d, Dictionary_languagecode\u003d, documentfolder\u003d, documentId\u003d, merchId\u003d, pageNo\u003d1, messageType\u003dNOTIFICATION}","duration":2639,"startTime":1514870771656,"result":"SUCCESS","children":[{"number":2,"description":"Given load request for getMessageListbyUser \"/MerchantApiWeb/authenticateUser\" and \"/MerchantApiWeb/rest/secure/getMessageListbyUser\" and \"TC01\" and \"TestAutomation22\" and \"Password@1\" and \"EMS\"","duration":1333,"startTime":1514870771672,"result":"SUCCESS","children":[{"number":3,"description":"Loadgetrequestdata: https://uat1.merchantportal.firstdata.eu/MerchantApiWeb/authenticateUser","duration":0,"startTime":1514870771762,"result":"SUCCESS"},{"number":4,"description":"Postrequest authenticate user: https://uat1.merchantportal.firstdata.eu/MerchantApiWeb/authenticateUser, TestAutomation22, Password@1, EMS","duration":1194,"startTime":1514870771763,"result":"SUCCESS"},{"number":5,"description":"Loadgetrequestdata authenticated: https://uat1.merchantportal.firstdata.eu/MerchantApiWeb/rest/secure/getMessageListbyUser, 33bbe85a-5e10-430b-b9e7-7a2a74cf5595","duration":1,"startTime":1514870772969,"result":"SUCCESS"}]},{"number":6,"description":"When post get request for getMessageListbyUser \"1\" and \"NOTIFICATION\"","duration":1021,"startTime":1514870773006,"result":"SUCCESS","children":[{"number":7,"description":"Post GET request get message listby user: https://uat1.merchantportal.firstdata.eu/MerchantApiWeb/rest/secure/getMessageListbyUser, 1, NOTIFICATION","duration":952,"startTime":1514870773020,"result":"SUCCESS"}]},{"number":8,"description":"Then verify getMessageListbyUser response status \"success\" and \"\" and \"\" and \"\" and \"\" and \"\"","duration":268,"startTime":1514870774027,"result":"SUCCESS","children":[{"number":9,"description":"Verify Response","duration":163,"startTime":1514870774044,"result":"SUCCESS"}]}]},{"number":10,"description":"[1] {report\u003dTC02, logindomain\u003d/MerchantApiWeb/authenticateUser, domainurl\u003d/MerchantApiWeb/rest/secure/getMessageListbyUser, status\u003derror, Message\u003dPage no should be numeric, ErrorCode\u003dMPVE00032, userName\u003dTestAutomation22, password\u003dPassword@1, allianceCode\u003dEMS, AuthErrMessage\u003d, Authaccessdenied\u003d, AuthErrCause\u003d, currency\u003d, userType\u003d, pageNumber\u003d, accountStatus\u003d, profile\u003d, firstName\u003d, lastName\u003d, profiles_Accessdata\u003d, Dictionary_category\u003d, Dictionary_code\u003d, Dictionary_languagecode\u003d, documentfolder\u003d, documentId\u003d, merchId\u003d, pageNo\u003dA, messageType\u003dNOTIFICATION}","duration":2299,"startTime":1514870778365,"result":"SUCCESS","children":[{"number":11,"description":"Given load request for getMessageListbyUser \"/MerchantApiWeb/authenticateUser\" and \"/MerchantApiWeb/rest/secure/getMessageListbyUser\" and \"TC02\" and \"TestAutomation22\" and \"Password@1\" and \"EMS\"","duration":1209,"startTime":1514870778416,"result":"SUCCESS","children":[{"number":12,"description":"Loadgetrequestdata: https://uat1.merchantportal.firstdata.eu/MerchantApiWeb/authenticateUser","duration":1,"startTime":1514870778487,"result":"SUCCESS"},{"number":13,"description":"Postrequest authenticate user: https://uat1.merchantportal.firstdata.eu/MerchantApiWeb/authenticateUser, TestAutomation22, Password@1, EMS","duration":1108,"startTime":1514870778489,"result":"SUCCESS"},{"number":14,"description":"Loadgetrequestdata authenticated: https://uat1.merchantportal.firstdata.eu/MerchantApiWeb/rest/secure/getMessageListbyUser, 33bbe85a-5e10-430b-b9e7-7a2a74cf5595","duration":1,"startTime":1514870779604,"result":"SUCCESS"}]},{"number":15,"description":"When post get request for getMessageListbyUser \"A\" and \"NOTIFICATION\"","duration":876,"startTime":1514870779625,"result":"SUCCESS","children":[{"number":16,"description":"Post GET request get message listby user: https://uat1.merchantportal.firstdata.eu/MerchantApiWeb/rest/secure/getMessageListbyUser, A, NOTIFICATION","duration":820,"startTime":1514870779637,"result":"SUCCESS"}]},{"number":17,"description":"Then verify getMessageListbyUser response status \"error\" and \"MPVE00032\" and \"Page no should be numeric\" and \"\" and \"\" and \"\"","duration":162,"startTime":1514870780502,"result":"SUCCESS","children":[{"number":18,"description":"Verify Response","duration":49,"startTime":1514870780513,"result":"SUCCESS"}]}]},{"number":19,"description":"[1] {report\u003dTC03, logindomain\u003d/MerchantApiWeb/authenticateUser, domainurl\u003d/MerchantApiWeb/rest/secure/getMessageListbyUser, status\u003derror, Message\u003dPlease provide a valid messageType, accepted type are Notification or Inbox or Archive, ErrorCode\u003dMPVE00046, userName\u003dTestAutomation22, password\u003dPassword@1, allianceCode\u003dEMS, AuthErrMessage\u003d, Authaccessdenied\u003d, AuthErrCause\u003d, currency\u003d, userType\u003d, pageNumber\u003d, accountStatus\u003d, profile\u003d, firstName\u003d, lastName\u003d, profiles_Accessdata\u003d, Dictionary_category\u003d, Dictionary_code\u003d, Dictionary_languagecode\u003d, documentfolder\u003d, documentId\u003d, merchId\u003d, pageNo\u003d1, messageType\u003dExample}","duration":2138,"startTime":1514870783613,"result":"SUCCESS","children":[{"number":20,"description":"Given load request for getMessageListbyUser \"/MerchantApiWeb/authenticateUser\" and \"/MerchantApiWeb/rest/secure/getMessageListbyUser\" and \"TC03\" and \"TestAutomation22\" and \"Password@1\" and \"EMS\"","duration":1103,"startTime":1514870783627,"result":"SUCCESS","children":[{"number":21,"description":"Loadgetrequestdata: https://uat1.merchantportal.firstdata.eu/MerchantApiWeb/authenticateUser","duration":1,"startTime":1514870783691,"result":"SUCCESS"},{"number":22,"description":"Postrequest authenticate user: https://uat1.merchantportal.firstdata.eu/MerchantApiWeb/authenticateUser, TestAutomation22, Password@1, EMS","duration":1004,"startTime":1514870783693,"result":"SUCCESS"},{"number":23,"description":"Loadgetrequestdata authenticated: https://uat1.merchantportal.firstdata.eu/MerchantApiWeb/rest/secure/getMessageListbyUser, 33bbe85a-5e10-430b-b9e7-7a2a74cf5595","duration":1,"startTime":1514870784704,"result":"SUCCESS"}]},{"number":24,"description":"When post get request for getMessageListbyUser \"1\" and \"Example\"","duration":857,"startTime":1514870784731,"result":"SUCCESS","children":[{"number":25,"description":"Post GET request get message listby user: https://uat1.merchantportal.firstdata.eu/MerchantApiWeb/rest/secure/getMessageListbyUser, 1, Example","duration":796,"startTime":1514870784742,"result":"SUCCESS"}]},{"number":26,"description":"Then verify getMessageListbyUser response status \"error\" and \"MPVE00046\" and \"Please provide a valid messageType, accepted type are Notification or Inbox or Archive\" and \"\" and \"\" and \"\"","duration":162,"startTime":1514870785589,"result":"SUCCESS","children":[{"number":27,"description":"Verify Response","duration":46,"startTime":1514870785602,"result":"SUCCESS"}]}]}],"userStory":{"id":"merchant-portal-application-api-validation","storyName":"Merchant Portal application API validation","path":"APIupdate.feature","type":"feature"},"featureTag":{"name":"Merchant Portal application API validation","type":"feature"},"title":"Verify the api retrieves the messages list by user","description":"","tags":[{"name":"getMessageListbyUser","type":"tag"}],"startTime":1514870771656,"duration":14096,"dataTable":{"headers":["report","logindomain","domainurl","status","Message","ErrorCode","userName","password","allianceCode","AuthErrMessage","Authaccessdenied","AuthErrCause","currency","userType","pageNumber","accountStatus","profile","firstName","lastName","profiles_Accessdata","Dictionary_category","Dictionary_code","Dictionary_languagecode","documentfolder","documentId","merchId","pageNo","messageType"],"rows":[{"values":["TC01","/MerchantApiWeb/authenticateUser","/MerchantApiWeb/rest/secure/getMessageListbyUser","success","","","TestAutomation22","Password@1","EMS","","","","","","","","","","","","","","","","","","1","NOTIFICATION"],"result":"SUCCESS"},{"values":["TC02","/MerchantApiWeb/authenticateUser","/MerchantApiWeb/rest/secure/getMessageListbyUser","error","Page no should be numeric","MPVE00032","TestAutomation22","Password@1","EMS","","","","","","","","","","","","","","","","","","A","NOTIFICATION"],"result":"SUCCESS"},{"values":["TC03","/MerchantApiWeb/authenticateUser","/MerchantApiWeb/rest/secure/getMessageListbyUser","error","Please provide a valid messageType, accepted type are Notification or Inbox or Archive","MPVE00046","TestAutomation22","Password@1","EMS","","","","","","","","","","","","","","","","","","1","Example"],"result":"SUCCESS"}],"predefinedRows":true,"dataSetDescriptors":[{"startRow":0,"rowCount":0,"name":"","description":""}]},"manual":false,"testSource":"Cucumber","result":"SUCCESS"}