{"name":"Verify the api applies the Cash Advance for the logged in user","testSteps":[{"number":1,"description":"[1] {report\u003dTC03, logindomain\u003d/MerchantApiWeb/authenticateUser, domainurl\u003d/MerchantApiWeb/rest/secure/user/cashadvance/apply, status\u003derror, Message\u003dNot eligible for CA Loan apply, ErrorCode\u003dMPVE00141, userName\u003dTestAutomationFDP1, password\u003dPassword@1, allianceCode\u003dFDP, AuthErrMessage\u003d, Authaccessdenied\u003d, AuthErrCause\u003d, currency\u003dEUR, userType\u003d, pageNumber\u003d1, accountStatus\u003d, profile\u003d, firstName\u003d, lastName\u003d, period\u003d, fromDate\u003d2016-11-02, toDate\u003d2017-11-02, invoiceId\u003d4723680, gsmTopUpFromDate\u003d, gsmTopUpToDate\u003d, invoiceLineItemId\u003d, fundId\u003d1026901, merchId\u003d65902182, fundDate\u003d2017-06-02, fileType\u003dCSV, delimiter\u003d,, bikTermsId\u003d1004321, caTermsId\u003d1004382, loanAmount\u003d2000}","duration":10090,"startTime":1514455836558,"result":"SUCCESS","children":[{"number":2,"description":"Given load request for cashadvanceapply \"/MerchantApiWeb/authenticateUser\" and \"/MerchantApiWeb/rest/secure/user/cashadvance/apply\" and \"TC03\" and \"TestAutomationFDP1\" and \"Password@1\" and \"FDP\"","duration":6275,"startTime":1514455837353,"result":"SUCCESS","children":[{"number":3,"description":"Loadgetrequestdata: https://uat1.merchantportal.firstdata.eu/MerchantApiWeb/authenticateUser","duration":13,"startTime":1514455837717,"result":"SUCCESS"},{"number":4,"description":"Postrequest authenticate user: https://uat1.merchantportal.firstdata.eu/MerchantApiWeb/authenticateUser, TestAutomationFDP1, Password@1, FDP","duration":5778,"startTime":1514455837736,"result":"SUCCESS"},{"number":5,"description":"Loadgetrequestdata requestwithbody: https://uat1.merchantportal.firstdata.eu/MerchantApiWeb/rest/secure/user/cashadvance/apply","duration":4,"startTime":1514455843546,"result":"SUCCESS"}]},{"number":6,"description":"When post request for cashadvanceapply \"1004321\" and \"1004382\" and \"2000\"","duration":1541,"startTime":1514455843630,"result":"SUCCESS","children":[{"number":7,"description":"Postrequest cashadvanceapply: https://uat1.merchantportal.firstdata.eu/MerchantApiWeb/rest/secure/user/cashadvance/apply, 1004321, 1004382, 2000","duration":1379,"startTime":1514455843663,"result":"SUCCESS"}]},{"number":8,"description":"Then verify cashadvanceapply response status \"error\" and \"MPVE00141\" and \"Not eligible for CA Loan apply\" and \"\" and \"\" and \"\"","duration":1476,"startTime":1514455845172,"result":"SUCCESS","children":[{"number":9,"description":"Verify Response","duration":1181,"startTime":1514455845196,"result":"SUCCESS"}]}]}],"userStory":{"id":"merchant-portal-application-api-validation","storyName":"Merchant Portal application API validation","path":"APIupdate.feature","type":"feature"},"featureTag":{"name":"Merchant Portal application API validation","type":"feature"},"title":"Verify the api applies the Cash Advance for the logged in user","description":"","tags":[{"name":"cashadvanceapply","type":"tag"}],"startTime":1514455836430,"duration":10218,"dataTable":{"headers":["report","logindomain","domainurl","status","Message","ErrorCode","userName","password","allianceCode","AuthErrMessage","Authaccessdenied","AuthErrCause","currency","userType","pageNumber","accountStatus","profile","firstName","lastName","period","fromDate","toDate","invoiceId","gsmTopUpFromDate","gsmTopUpToDate","invoiceLineItemId","fundId","merchId","fundDate","fileType","delimiter","bikTermsId","caTermsId","loanAmount"],"rows":[{"values":["TC03","/MerchantApiWeb/authenticateUser","/MerchantApiWeb/rest/secure/user/cashadvance/apply","error","Not eligible for CA Loan apply","MPVE00141","TestAutomationFDP1","Password@1","FDP","","","","EUR","","1","","","","","","2016-11-02","2017-11-02","4723680","","","","1026901","65902182","2017-06-02","CSV",",","1004321","1004382","2000"],"result":"SUCCESS"}],"predefinedRows":true,"dataSetDescriptors":[{"startRow":0,"rowCount":0,"name":"","description":""}]},"manual":false,"testSource":"Cucumber","result":"SUCCESS"}