{"name":"Verify the api retrieves the summary of the transactions for the logged in user","testSteps":[{"number":1,"description":"[1] {report\u003dTC01, logindomain\u003d/MerchantApiWeb/authenticateUser, domainurl\u003d/MerchantApiWeb/rest/secure/user/financialData/transaction/getTransactionSummary, status\u003dsuccess, Message\u003d, ErrorCode\u003d, userName\u003dTheBatman, password\u003dPass123!, allianceCode\u003dFDP, AuthErrMessage\u003d, Authaccessdenied\u003d, AuthErrCause\u003d, currency\u003d, userType\u003d, pageNumber\u003d, accountStatus\u003d, profile\u003d, firstName\u003d, lastName\u003d, period\u003d, fromDate\u003d, toDate\u003d, invoiceId\u003d, gsmTopUpFromDate\u003d, gsmTopUpToDate\u003d, invoiceLineItemId\u003d35595134}","duration":7044,"startTime":1514871789190,"result":"SUCCESS","children":[{"number":2,"description":"Given load request for getTransactionSummary \"/MerchantApiWeb/authenticateUser\" and \"/MerchantApiWeb/rest/secure/user/financialData/transaction/getTransactionSummary\" and \"TC01\" and \"TheBatman\" and \"Pass123!\" and \"FDP\"","duration":4700,"startTime":1514871789210,"result":"SUCCESS","children":[{"number":3,"description":"Loadgetrequestdata: https://uat1.merchantportal.firstdata.eu/MerchantApiWeb/authenticateUser","duration":1,"startTime":1514871789405,"result":"SUCCESS"},{"number":4,"description":"Postrequest authenticate user: https://uat1.merchantportal.firstdata.eu/MerchantApiWeb/authenticateUser, TheBatman, Pass123!, FDP","duration":4468,"startTime":1514871789407,"result":"SUCCESS"},{"number":5,"description":"Loadgetrequestdata uniqueauthentication: https://uat1.merchantportal.firstdata.eu/MerchantApiWeb/rest/secure/user/financialData/transaction/getTransactionSummary","duration":2,"startTime":1514871793885,"result":"SUCCESS"}]},{"number":6,"description":"When post get request for getTransactionSummary \"35595134\"","duration":2236,"startTime":1514871793911,"result":"SUCCESS","children":[{"number":7,"description":"Post GET request get transaction summary: https://uat1.merchantportal.firstdata.eu/MerchantApiWeb/rest/secure/user/financialData/transaction/getTransactionSummary, 35595134","duration":2176,"startTime":1514871793925,"result":"SUCCESS"}]},{"number":8,"description":"Then verify getTransactionSummary response status \"success\" and \"\" and \"\" and \"\" and \"\" and \"\"","duration":86,"startTime":1514871796148,"result":"SUCCESS","children":[{"number":9,"description":"Verify Response","duration":21,"startTime":1514871796160,"result":"SUCCESS"}]}]}],"userStory":{"id":"merchant-portal-application-api-validation","storyName":"Merchant Portal application API validation","path":"APIupdate.feature","type":"feature"},"featureTag":{"name":"Merchant Portal application API validation","type":"feature"},"title":"Verify the api retrieves the summary of the transactions for the logged in user","description":"","tags":[{"name":"getTransactionSummary","type":"tag"}],"startTime":1514871789190,"duration":7044,"dataTable":{"headers":["report","logindomain","domainurl","status","Message","ErrorCode","userName","password","allianceCode","AuthErrMessage","Authaccessdenied","AuthErrCause","currency","userType","pageNumber","accountStatus","profile","firstName","lastName","period","fromDate","toDate","invoiceId","gsmTopUpFromDate","gsmTopUpToDate","invoiceLineItemId"],"rows":[{"values":["TC01","/MerchantApiWeb/authenticateUser","/MerchantApiWeb/rest/secure/user/financialData/transaction/getTransactionSummary","success","","","TheBatman","Pass123!","FDP","","","","","","","","","","","","","","","","","35595134"],"result":"SUCCESS"}],"predefinedRows":true,"dataSetDescriptors":[{"startRow":0,"rowCount":0,"name":"","description":""}]},"manual":false,"testSource":"Cucumber","result":"SUCCESS"}