{"name":"Verify the api retrieves the details of the Invoice list","testSteps":[{"number":1,"description":"[1] {report\u003dTC01, logindomain\u003d/MerchantApiWeb/authenticateUser, domainurl\u003d/MerchantApiWeb/rest/secure/user/financialData/invoice/getInvoiceList, status\u003dsuccess, Message\u003d, ErrorCode\u003d, userName\u003dTheBatman, password\u003dPass123!, allianceCode\u003dFDP, AuthErrMessage\u003d, Authaccessdenied\u003d, AuthErrCause\u003d, currency\u003dPLN, userType\u003d, pageNumber\u003d, accountStatus\u003d, profile\u003d, firstName\u003d, lastName\u003d, period\u003d, fromDate\u003d2016-11-02, toDate\u003d2017-11-02}","duration":7967,"startTime":1514871204365,"result":"SUCCESS","children":[{"number":2,"description":"Given load request for getInvoiceList \"/MerchantApiWeb/authenticateUser\" and \"/MerchantApiWeb/rest/secure/user/financialData/invoice/getInvoiceList\" and \"TC01\" and \"TheBatman\" and \"Pass123!\" and \"FDP\"","duration":1570,"startTime":1514871204380,"result":"SUCCESS","children":[{"number":3,"description":"Loadgetrequestdata: https://uat1.merchantportal.firstdata.eu/MerchantApiWeb/authenticateUser","duration":1,"startTime":1514871204474,"result":"SUCCESS"},{"number":4,"description":"Postrequest authenticate user: https://uat1.merchantportal.firstdata.eu/MerchantApiWeb/authenticateUser, TheBatman, Pass123!, FDP","duration":1433,"startTime":1514871204477,"result":"SUCCESS"},{"number":5,"description":"Loadgetrequestdata uniqueauthentication: https://uat1.merchantportal.firstdata.eu/MerchantApiWeb/rest/secure/user/financialData/invoice/getInvoiceList","duration":0,"startTime":1514871205927,"result":"SUCCESS"}]},{"number":6,"description":"When post get request for getInvoiceList \"2016-11-02\" and \"2017-11-02\" and \"\"","duration":6188,"startTime":1514871205951,"result":"SUCCESS","children":[{"number":7,"description":"Post GET request get invoice list: https://uat1.merchantportal.firstdata.eu/MerchantApiWeb/rest/secure/user/financialData/invoice/getInvoiceList, 2016-11-02, 2017-11-02, ","duration":6125,"startTime":1514871205963,"result":"SUCCESS"}]},{"number":8,"description":"Then verify getInvoiceList response status \"success\" and \"\" and \"\" and \"\" and \"\" and \"\"","duration":193,"startTime":1514871212139,"result":"SUCCESS","children":[{"number":9,"description":"Verify Response","duration":123,"startTime":1514871212151,"result":"SUCCESS"}]}]},{"number":10,"description":"[1] {report\u003dTC02, logindomain\u003d/MerchantApiWeb/authenticateUser, domainurl\u003d/MerchantApiWeb/rest/secure/user/financialData/invoice/getInvoiceList, status\u003derror, Message\u003dPage no should be numeric, ErrorCode\u003dMPVE00032, userName\u003dTheBatman, password\u003dPass123!, allianceCode\u003dFDP, AuthErrMessage\u003d, Authaccessdenied\u003d, AuthErrCause\u003d, currency\u003dPLN, userType\u003d, pageNumber\u003das, accountStatus\u003d, profile\u003d, firstName\u003d, lastName\u003d, period\u003d, fromDate\u003d2016-11-02, toDate\u003d2017-11-02}","duration":3412,"startTime":1514871215458,"result":"SUCCESS","children":[{"number":11,"description":"Given load request for getInvoiceList \"/MerchantApiWeb/authenticateUser\" and \"/MerchantApiWeb/rest/secure/user/financialData/invoice/getInvoiceList\" and \"TC02\" and \"TheBatman\" and \"Pass123!\" and \"FDP\"","duration":2239,"startTime":1514871215505,"result":"SUCCESS","children":[{"number":12,"description":"Loadgetrequestdata: https://uat1.merchantportal.firstdata.eu/MerchantApiWeb/authenticateUser","duration":1,"startTime":1514871215614,"result":"SUCCESS"},{"number":13,"description":"Postrequest authenticate user: https://uat1.merchantportal.firstdata.eu/MerchantApiWeb/authenticateUser, TheBatman, Pass123!, FDP","duration":2071,"startTime":1514871215616,"result":"SUCCESS"},{"number":14,"description":"Loadgetrequestdata uniqueauthentication: https://uat1.merchantportal.firstdata.eu/MerchantApiWeb/rest/secure/user/financialData/invoice/getInvoiceList","duration":0,"startTime":1514871217697,"result":"SUCCESS"}]},{"number":15,"description":"When post get request for getInvoiceList \"2016-11-02\" and \"2017-11-02\" and \"as\"","duration":921,"startTime":1514871217745,"result":"SUCCESS","children":[{"number":16,"description":"Post GET request get invoice list: https://uat1.merchantportal.firstdata.eu/MerchantApiWeb/rest/secure/user/financialData/invoice/getInvoiceList, 2016-11-02, 2017-11-02, as","duration":861,"startTime":1514871217762,"result":"SUCCESS"}]},{"number":17,"description":"Then verify getInvoiceList response status \"error\" and \"MPVE00032\" and \"Page no should be numeric\" and \"\" and \"\" and \"\"","duration":203,"startTime":1514871218667,"result":"SUCCESS","children":[{"number":18,"description":"Verify Response","duration":52,"startTime":1514871218678,"result":"SUCCESS"}]}]},{"number":19,"description":"[1] {report\u003dTC03, logindomain\u003d/MerchantApiWeb/authenticateUser, domainurl\u003d/MerchantApiWeb/rest/secure/user/financialData/invoice/getInvoiceList, status\u003derror, Message\u003dInvalid Date format, ErrorCode\u003dMPVE00051, userName\u003dTheBatman, password\u003dPass123!, allianceCode\u003dFDP, AuthErrMessage\u003d, Authaccessdenied\u003d, AuthErrCause\u003d, currency\u003dPLN, userType\u003d, pageNumber\u003d, accountStatus\u003d, profile\u003d, firstName\u003d, lastName\u003d, period\u003d, fromDate\u003d201611-02, toDate\u003d2017-11-02}","duration":2867,"startTime":1514871222102,"result":"SUCCESS","children":[{"number":20,"description":"Given load request for getInvoiceList \"/MerchantApiWeb/authenticateUser\" and \"/MerchantApiWeb/rest/secure/user/financialData/invoice/getInvoiceList\" and \"TC03\" and \"TheBatman\" and \"Pass123!\" and \"FDP\"","duration":1781,"startTime":1514871222115,"result":"SUCCESS","children":[{"number":21,"description":"Loadgetrequestdata: https://uat1.merchantportal.firstdata.eu/MerchantApiWeb/authenticateUser","duration":1,"startTime":1514871222184,"result":"SUCCESS"},{"number":22,"description":"Postrequest authenticate user: https://uat1.merchantportal.firstdata.eu/MerchantApiWeb/authenticateUser, TheBatman, Pass123!, FDP","duration":1677,"startTime":1514871222186,"result":"SUCCESS"},{"number":23,"description":"Loadgetrequestdata uniqueauthentication: https://uat1.merchantportal.firstdata.eu/MerchantApiWeb/rest/secure/user/financialData/invoice/getInvoiceList","duration":1,"startTime":1514871223871,"result":"SUCCESS"}]},{"number":24,"description":"When post get request for getInvoiceList \"201611-02\" and \"2017-11-02\" and \"\"","duration":893,"startTime":1514871223897,"result":"SUCCESS","children":[{"number":25,"description":"Post GET request get invoice list: https://uat1.merchantportal.firstdata.eu/MerchantApiWeb/rest/secure/user/financialData/invoice/getInvoiceList, 201611-02, 2017-11-02, ","duration":823,"startTime":1514871223918,"result":"SUCCESS"}]},{"number":26,"description":"Then verify getInvoiceList response status \"error\" and \"MPVE00051\" and \"Invalid Date format\" and \"\" and \"\" and \"\"","duration":178,"startTime":1514871224791,"result":"SUCCESS","children":[{"number":27,"description":"Verify Response","duration":53,"startTime":1514871224801,"result":"SUCCESS"}]}]},{"number":28,"description":"[1] {report\u003dTC04, logindomain\u003d/MerchantApiWeb/authenticateUser, domainurl\u003d/MerchantApiWeb/rest/secure/user/financialData/invoice/getInvoiceList, status\u003derror, Message\u003dInvalid Date format, ErrorCode\u003dMPVE00051, userName\u003dTheBatman, password\u003dPass123!, allianceCode\u003dFDP, AuthErrMessage\u003d, Authaccessdenied\u003d, AuthErrCause\u003d, currency\u003d, userType\u003d, pageNumber\u003d, accountStatus\u003d, profile\u003d, firstName\u003d, lastName\u003d, period\u003d, fromDate\u003d2016-11-02, toDate\u003d201711-02}","duration":2569,"startTime":1514871228182,"result":"SUCCESS","children":[{"number":29,"description":"Given load request for getInvoiceList \"/MerchantApiWeb/authenticateUser\" and \"/MerchantApiWeb/rest/secure/user/financialData/invoice/getInvoiceList\" and \"TC04\" and \"TheBatman\" and \"Pass123!\" and \"FDP\"","duration":1527,"startTime":1514871228195,"result":"SUCCESS","children":[{"number":30,"description":"Loadgetrequestdata: https://uat1.merchantportal.firstdata.eu/MerchantApiWeb/authenticateUser","duration":1,"startTime":1514871228270,"result":"SUCCESS"},{"number":31,"description":"Postrequest authenticate user: https://uat1.merchantportal.firstdata.eu/MerchantApiWeb/authenticateUser, TheBatman, Pass123!, FDP","duration":1420,"startTime":1514871228272,"result":"SUCCESS"},{"number":32,"description":"Loadgetrequestdata uniqueauthentication: https://uat1.merchantportal.firstdata.eu/MerchantApiWeb/rest/secure/user/financialData/invoice/getInvoiceList","duration":0,"startTime":1514871229701,"result":"SUCCESS"}]},{"number":33,"description":"When post get request for getInvoiceList \"2016-11-02\" and \"201711-02\" and \"\"","duration":859,"startTime":1514871229722,"result":"SUCCESS","children":[{"number":34,"description":"Post GET request get invoice list: https://uat1.merchantportal.firstdata.eu/MerchantApiWeb/rest/secure/user/financialData/invoice/getInvoiceList, 2016-11-02, 201711-02, ","duration":796,"startTime":1514871229735,"result":"SUCCESS"}]},{"number":35,"description":"Then verify getInvoiceList response status \"error\" and \"MPVE00051\" and \"Invalid Date format\" and \"\" and \"\" and \"\"","duration":169,"startTime":1514871230582,"result":"SUCCESS","children":[{"number":36,"description":"Verify Response","duration":54,"startTime":1514871230595,"result":"SUCCESS"}]}]},{"number":37,"description":"[1] {report\u003dTC05, logindomain\u003d/MerchantApiWeb/authenticateUser, domainurl\u003d/MerchantApiWeb/rest/secure/user/financialData/invoice/getInvoiceList, status\u003derror, Message\u003dfromDate should be less than toDate, ErrorCode\u003dMPVE00053, userName\u003dTheBatman, password\u003dPass123!, allianceCode\u003dFDP, AuthErrMessage\u003d, Authaccessdenied\u003d, AuthErrCause\u003d, currency\u003dabc, userType\u003d, pageNumber\u003d, accountStatus\u003d, profile\u003d, firstName\u003d, lastName\u003d, period\u003d, fromDate\u003d2018-11-02, toDate\u003d2017-11-02}","duration":2787,"startTime":1514871234149,"result":"SUCCESS","children":[{"number":38,"description":"Given load request for getInvoiceList \"/MerchantApiWeb/authenticateUser\" and \"/MerchantApiWeb/rest/secure/user/financialData/invoice/getInvoiceList\" and \"TC05\" and \"TheBatman\" and \"Pass123!\" and \"FDP\"","duration":1646,"startTime":1514871234166,"result":"SUCCESS","children":[{"number":39,"description":"Loadgetrequestdata: https://uat1.merchantportal.firstdata.eu/MerchantApiWeb/authenticateUser","duration":1,"startTime":1514871234229,"result":"SUCCESS"},{"number":40,"description":"Postrequest authenticate user: https://uat1.merchantportal.firstdata.eu/MerchantApiWeb/authenticateUser, TheBatman, Pass123!, FDP","duration":1552,"startTime":1514871234231,"result":"SUCCESS"},{"number":41,"description":"Loadgetrequestdata uniqueauthentication: https://uat1.merchantportal.firstdata.eu/MerchantApiWeb/rest/secure/user/financialData/invoice/getInvoiceList","duration":0,"startTime":1514871235790,"result":"SUCCESS"}]},{"number":42,"description":"When post get request for getInvoiceList \"2018-11-02\" and \"2017-11-02\" and \"\"","duration":919,"startTime":1514871235812,"result":"SUCCESS","children":[{"number":43,"description":"Post GET request get invoice list: https://uat1.merchantportal.firstdata.eu/MerchantApiWeb/rest/secure/user/financialData/invoice/getInvoiceList, 2018-11-02, 2017-11-02, ","duration":857,"startTime":1514871235824,"result":"SUCCESS"}]},{"number":44,"description":"Then verify getInvoiceList response status \"error\" and \"MPVE00053\" and \"fromDate should be less than toDate\" and \"\" and \"\" and \"\"","duration":205,"startTime":1514871236731,"result":"SUCCESS","children":[{"number":45,"description":"Verify Response","duration":75,"startTime":1514871236744,"result":"SUCCESS"}]}]},{"number":46,"description":"[1] {report\u003dTC06, logindomain\u003d/MerchantApiWeb/authenticateUser, domainurl\u003d/MerchantApiWeb/rest/secure/user/financialData/invoice/getInvoiceList, status\u003derror, Message\u003dtoDate is required, ErrorCode\u003dMPVE00061, userName\u003dTheBatman, password\u003dPass123!, allianceCode\u003dFDP, AuthErrMessage\u003d, Authaccessdenied\u003d, AuthErrCause\u003d, currency\u003d, userType\u003d, pageNumber\u003d, accountStatus\u003d, profile\u003d, firstName\u003d, lastName\u003d, period\u003d, fromDate\u003d2017-11-02, toDate\u003d}","duration":2836,"startTime":1514871241051,"result":"SUCCESS","children":[{"number":47,"description":"Given load request for getInvoiceList \"/MerchantApiWeb/authenticateUser\" and \"/MerchantApiWeb/rest/secure/user/financialData/invoice/getInvoiceList\" and \"TC06\" and \"TheBatman\" and \"Pass123!\" and \"FDP\"","duration":1561,"startTime":1514871241065,"result":"SUCCESS","children":[{"number":48,"description":"Loadgetrequestdata: https://uat1.merchantportal.firstdata.eu/MerchantApiWeb/authenticateUser","duration":0,"startTime":1514871241132,"result":"SUCCESS"},{"number":49,"description":"Postrequest authenticate user: https://uat1.merchantportal.firstdata.eu/MerchantApiWeb/authenticateUser, TheBatman, Pass123!, FDP","duration":1459,"startTime":1514871241133,"result":"SUCCESS"},{"number":50,"description":"Loadgetrequestdata uniqueauthentication: https://uat1.merchantportal.firstdata.eu/MerchantApiWeb/rest/secure/user/financialData/invoice/getInvoiceList","duration":1,"startTime":1514871242601,"result":"SUCCESS"}]},{"number":51,"description":"When post get request for getInvoiceList \"2017-11-02\" and \"\" and \"\"","duration":911,"startTime":1514871242626,"result":"SUCCESS","children":[{"number":52,"description":"Post GET request get invoice list: https://uat1.merchantportal.firstdata.eu/MerchantApiWeb/rest/secure/user/financialData/invoice/getInvoiceList, 2017-11-02, , ","duration":839,"startTime":1514871242640,"result":"SUCCESS"}]},{"number":53,"description":"Then verify getInvoiceList response status \"error\" and \"MPVE00061\" and \"toDate is required\" and \"\" and \"\" and \"\"","duration":349,"startTime":1514871243538,"result":"SUCCESS","children":[{"number":54,"description":"Verify Response","duration":169,"startTime":1514871243551,"result":"SUCCESS"}]}]},{"number":55,"description":"[1] {report\u003dTC07, logindomain\u003d/MerchantApiWeb/authenticateUser, domainurl\u003d/MerchantApiWeb/rest/secure/user/financialData/invoice/getInvoiceList, status\u003derror, Message\u003dfromDate is required, ErrorCode\u003dMPVE00063, userName\u003dTheBatman, password\u003dPass123!, allianceCode\u003dFDP, AuthErrMessage\u003d, Authaccessdenied\u003d, AuthErrCause\u003d, currency\u003d, userType\u003d, pageNumber\u003d, accountStatus\u003d, profile\u003d, firstName\u003d, lastName\u003d, period\u003d, fromDate\u003d, toDate\u003d2017-11-02}","duration":3523,"startTime":1514871247211,"result":"SUCCESS","children":[{"number":56,"description":"Given load request for getInvoiceList \"/MerchantApiWeb/authenticateUser\" and \"/MerchantApiWeb/rest/secure/user/financialData/invoice/getInvoiceList\" and \"TC07\" and \"TheBatman\" and \"Pass123!\" and \"FDP\"","duration":1847,"startTime":1514871247251,"result":"SUCCESS","children":[{"number":57,"description":"Loadgetrequestdata: https://uat1.merchantportal.firstdata.eu/MerchantApiWeb/authenticateUser","duration":1,"startTime":1514871247332,"result":"SUCCESS"},{"number":58,"description":"Postrequest authenticate user: https://uat1.merchantportal.firstdata.eu/MerchantApiWeb/authenticateUser, TheBatman, Pass123!, FDP","duration":1734,"startTime":1514871247334,"result":"SUCCESS"},{"number":59,"description":"Loadgetrequestdata uniqueauthentication: https://uat1.merchantportal.firstdata.eu/MerchantApiWeb/rest/secure/user/financialData/invoice/getInvoiceList","duration":0,"startTime":1514871249076,"result":"SUCCESS"}]},{"number":60,"description":"When post get request for getInvoiceList \"\" and \"2017-11-02\" and \"\"","duration":1275,"startTime":1514871249098,"result":"SUCCESS","children":[{"number":61,"description":"Post GET request get invoice list: https://uat1.merchantportal.firstdata.eu/MerchantApiWeb/rest/secure/user/financialData/invoice/getInvoiceList, , 2017-11-02, ","duration":871,"startTime":1514871249114,"result":"SUCCESS"}]},{"number":62,"description":"Then verify getInvoiceList response status \"error\" and \"MPVE00063\" and \"fromDate is required\" and \"\" and \"\" and \"\"","duration":360,"startTime":1514871250374,"result":"SUCCESS","children":[{"number":63,"description":"Verify Response","duration":111,"startTime":1514871250389,"result":"SUCCESS"}]}]}],"userStory":{"id":"merchant-portal-application-api-validation","storyName":"Merchant Portal application API validation","path":"APIupdate.feature","type":"feature"},"featureTag":{"name":"Merchant Portal application API validation","type":"feature"},"title":"Verify the api retrieves the details of the Invoice list","description":"","tags":[{"name":"getInvoiceList","type":"tag"}],"startTime":1514871204365,"duration":46369,"dataTable":{"headers":["report","logindomain","domainurl","status","Message","ErrorCode","userName","password","allianceCode","AuthErrMessage","Authaccessdenied","AuthErrCause","currency","userType","pageNumber","accountStatus","profile","firstName","lastName","period","fromDate","toDate"],"rows":[{"values":["TC01","/MerchantApiWeb/authenticateUser","/MerchantApiWeb/rest/secure/user/financialData/invoice/getInvoiceList","success","","","TheBatman","Pass123!","FDP","","","","PLN","","","","","","","","2016-11-02","2017-11-02"],"result":"SUCCESS"},{"values":["TC02","/MerchantApiWeb/authenticateUser","/MerchantApiWeb/rest/secure/user/financialData/invoice/getInvoiceList","error","Page no should be numeric","MPVE00032","TheBatman","Pass123!","FDP","","","","PLN","","as","","","","","","2016-11-02","2017-11-02"],"result":"SUCCESS"},{"values":["TC03","/MerchantApiWeb/authenticateUser","/MerchantApiWeb/rest/secure/user/financialData/invoice/getInvoiceList","error","Invalid Date format","MPVE00051","TheBatman","Pass123!","FDP","","","","PLN","","","","","","","","201611-02","2017-11-02"],"result":"SUCCESS"},{"values":["TC04","/MerchantApiWeb/authenticateUser","/MerchantApiWeb/rest/secure/user/financialData/invoice/getInvoiceList","error","Invalid Date format","MPVE00051","TheBatman","Pass123!","FDP","","","","","","","","","","","","2016-11-02","201711-02"],"result":"SUCCESS"},{"values":["TC05","/MerchantApiWeb/authenticateUser","/MerchantApiWeb/rest/secure/user/financialData/invoice/getInvoiceList","error","fromDate should be less than toDate","MPVE00053","TheBatman","Pass123!","FDP","","","","abc","","","","","","","","2018-11-02","2017-11-02"],"result":"SUCCESS"},{"values":["TC06","/MerchantApiWeb/authenticateUser","/MerchantApiWeb/rest/secure/user/financialData/invoice/getInvoiceList","error","toDate is required","MPVE00061","TheBatman","Pass123!","FDP","","","","","","","","","","","","2017-11-02",""],"result":"SUCCESS"},{"values":["TC07","/MerchantApiWeb/authenticateUser","/MerchantApiWeb/rest/secure/user/financialData/invoice/getInvoiceList","error","fromDate is required","MPVE00063","TheBatman","Pass123!","FDP","","","","","","","","","","","","","2017-11-02"],"result":"SUCCESS"}],"predefinedRows":true,"dataSetDescriptors":[{"startRow":0,"rowCount":0,"name":"","description":""}]},"manual":false,"testSource":"Cucumber","result":"SUCCESS"}