{"name":"Verify the api downloads the message attachment","testSteps":[{"number":1,"description":"[1] {report\u003dTC01, logindomain\u003d/MerchantApiWeb/authenticateUser, domainurl\u003d/MerchantApiWeb/rest/secure/user/message/download/downloadMessageAttachment, status\u003dsuccess, Message\u003d, ErrorCode\u003d, userName\u003dTestAutomation22, password\u003dPassword@1, allianceCode\u003dEMS, AuthErrMessage\u003d, Authaccessdenied\u003d, AuthErrCause\u003d, currency\u003d, userType\u003d, pageNumber\u003d, accountStatus\u003d, profile\u003d, firstName\u003d, lastName\u003d, period\u003d, fromDate\u003d, toDate\u003d, invoiceId\u003d, gsmTopUpFromDate\u003d, gsmTopUpToDate\u003d, messageId\u003d1023762, attachmentId\u003d2504479100, fileType\u003dpdf}","duration":3366,"startTime":1514871949664,"result":"SUCCESS","children":[{"number":2,"description":"Given load request for downloadMessageAttachment \"/MerchantApiWeb/authenticateUser\" and \"/MerchantApiWeb/rest/secure/user/message/download/downloadMessageAttachment\" and \"TC01\" and \"TestAutomation22\" and \"Password@1\" and \"EMS\"","duration":1227,"startTime":1514871949679,"result":"SUCCESS","children":[{"number":3,"description":"Loadgetrequestdata: https://uat1.merchantportal.firstdata.eu/MerchantApiWeb/authenticateUser","duration":1,"startTime":1514871949760,"result":"SUCCESS"},{"number":4,"description":"Postrequest authenticate user: https://uat1.merchantportal.firstdata.eu/MerchantApiWeb/authenticateUser, TestAutomation22, Password@1, EMS","duration":1093,"startTime":1514871949762,"result":"SUCCESS"},{"number":5,"description":"Loadgetrequestdata export download: https://uat1.merchantportal.firstdata.eu/MerchantApiWeb/rest/secure/user/message/download/downloadMessageAttachment","duration":0,"startTime":1514871950879,"result":"SUCCESS"}]},{"number":6,"description":"When post get request for downloadMessageAttachment \"1023762\" and \"2504479100\" and \"pdf\"","duration":1729,"startTime":1514871950906,"result":"SUCCESS","children":[{"number":7,"description":"Post GET request download message attachment: https://uat1.merchantportal.firstdata.eu/MerchantApiWeb/rest/secure/user/message/download/downloadMessageAttachment, 1023762, 2504479100, pdf","duration":1356,"startTime":1514871950923,"result":"SUCCESS"}]},{"number":8,"description":"Then verify downloadMessageAttachment response status \"success\" and \"\" and \"\" and \"\" and \"\" and \"\"","duration":392,"startTime":1514871952638,"result":"SUCCESS","children":[{"number":9,"description":"Verify Download file Response","duration":321,"startTime":1514871952655,"result":"SUCCESS"}]}]},{"number":10,"description":"[1] {report\u003dTC02, logindomain\u003d/MerchantApiWeb/authenticateUser, domainurl\u003d/MerchantApiWeb/rest/secure/user/message/download/downloadMessageAttachment, status\u003derror, Message\u003dMessage Id can\u0027t be empty, ErrorCode\u003dMPVE00026, userName\u003dTestAutomation22, password\u003dPassword@1, allianceCode\u003dEMS, AuthErrMessage\u003d, Authaccessdenied\u003d, AuthErrCause\u003d, currency\u003d, userType\u003d, pageNumber\u003d, accountStatus\u003d, profile\u003d, firstName\u003d, lastName\u003d, period\u003d, fromDate\u003d, toDate\u003d, invoiceId\u003d, gsmTopUpFromDate\u003d, gsmTopUpToDate\u003d, messageId\u003d, attachmentId\u003d2504479100, fileType\u003dpdf}","duration":2755,"startTime":1514871957870,"result":"SUCCESS","children":[{"number":11,"description":"Given load request for downloadMessageAttachment \"/MerchantApiWeb/authenticateUser\" and \"/MerchantApiWeb/rest/secure/user/message/download/downloadMessageAttachment\" and \"TC02\" and \"TestAutomation22\" and \"Password@1\" and \"EMS\"","duration":1222,"startTime":1514871957887,"result":"SUCCESS","children":[{"number":12,"description":"Loadgetrequestdata: https://uat1.merchantportal.firstdata.eu/MerchantApiWeb/authenticateUser","duration":0,"startTime":1514871957962,"result":"SUCCESS"},{"number":13,"description":"Postrequest authenticate user: https://uat1.merchantportal.firstdata.eu/MerchantApiWeb/authenticateUser, TestAutomation22, Password@1, EMS","duration":1109,"startTime":1514871957963,"result":"SUCCESS"},{"number":14,"description":"Loadgetrequestdata export download: https://uat1.merchantportal.firstdata.eu/MerchantApiWeb/rest/secure/user/message/download/downloadMessageAttachment","duration":0,"startTime":1514871959080,"result":"SUCCESS"}]},{"number":15,"description":"When post get request for downloadMessageAttachment \"\" and \"2504479100\" and \"pdf\"","duration":1203,"startTime":1514871959109,"result":"SUCCESS","children":[{"number":16,"description":"Post GET request download message attachment: https://uat1.merchantportal.firstdata.eu/MerchantApiWeb/rest/secure/user/message/download/downloadMessageAttachment, , 2504479100, pdf","duration":893,"startTime":1514871959123,"result":"SUCCESS"}]},{"number":17,"description":"Then verify downloadMessageAttachment response status \"error\" and \"MPVE00026\" and \"Message Id can\u0027t be empty\" and \"\" and \"\" and \"\"","duration":312,"startTime":1514871960313,"result":"SUCCESS","children":[{"number":18,"description":"Verify Download file Response","duration":137,"startTime":1514871960328,"result":"SUCCESS"}]}]},{"number":19,"description":"[1] {report\u003dTC03, logindomain\u003d/MerchantApiWeb/authenticateUser, domainurl\u003d/MerchantApiWeb/rest/secure/user/message/download/downloadMessageAttachment, status\u003derror, Message\u003dMessage id should be Integer, ErrorCode\u003dMPVE00033, userName\u003dTestAutomation22, password\u003dPassword@1, allianceCode\u003dEMS, AuthErrMessage\u003d, Authaccessdenied\u003d, AuthErrCause\u003d, currency\u003d, userType\u003d, pageNumber\u003d, accountStatus\u003d, profile\u003d, firstName\u003d, lastName\u003d, period\u003d, fromDate\u003d, toDate\u003d, invoiceId\u003d, gsmTopUpFromDate\u003d, gsmTopUpToDate\u003d, messageId\u003dasdasdasd, attachmentId\u003d2504479100, fileType\u003dpdf}","duration":2753,"startTime":1514871965369,"result":"SUCCESS","children":[{"number":20,"description":"Given load request for downloadMessageAttachment \"/MerchantApiWeb/authenticateUser\" and \"/MerchantApiWeb/rest/secure/user/message/download/downloadMessageAttachment\" and \"TC03\" and \"TestAutomation22\" and \"Password@1\" and \"EMS\"","duration":1247,"startTime":1514871965439,"result":"SUCCESS","children":[{"number":21,"description":"Loadgetrequestdata: https://uat1.merchantportal.firstdata.eu/MerchantApiWeb/authenticateUser","duration":44,"startTime":1514871965530,"result":"SUCCESS"},{"number":22,"description":"Postrequest authenticate user: https://uat1.merchantportal.firstdata.eu/MerchantApiWeb/authenticateUser, TestAutomation22, Password@1, EMS","duration":1078,"startTime":1514871965576,"result":"SUCCESS"},{"number":23,"description":"Loadgetrequestdata export download: https://uat1.merchantportal.firstdata.eu/MerchantApiWeb/rest/secure/user/message/download/downloadMessageAttachment","duration":0,"startTime":1514871966662,"result":"SUCCESS"}]},{"number":24,"description":"When post get request for downloadMessageAttachment \"asdasdasd\" and \"2504479100\" and \"pdf\"","duration":1088,"startTime":1514871966686,"result":"SUCCESS","children":[{"number":25,"description":"Post GET request download message attachment: https://uat1.merchantportal.firstdata.eu/MerchantApiWeb/rest/secure/user/message/download/downloadMessageAttachment, asdasdasd, 2504479100, pdf","duration":839,"startTime":1514871966702,"result":"SUCCESS"}]},{"number":26,"description":"Then verify downloadMessageAttachment response status \"error\" and \"MPVE00033\" and \"Message id should be Integer\" and \"\" and \"\" and \"\"","duration":347,"startTime":1514871967775,"result":"SUCCESS","children":[{"number":27,"description":"Verify Download file Response","duration":132,"startTime":1514871967792,"result":"SUCCESS"}]}]},{"number":28,"description":"[1] {report\u003dTC04, logindomain\u003d/MerchantApiWeb/authenticateUser, domainurl\u003d/MerchantApiWeb/rest/secure/user/message/download/downloadMessageAttachment, status\u003derror, Message\u003dMessage id should be Integer, ErrorCode\u003dMPVE00033, userName\u003dTestAutomation22, password\u003dPassword@1, allianceCode\u003dEMS, AuthErrMessage\u003d, Authaccessdenied\u003d, AuthErrCause\u003d, currency\u003d, userType\u003d, pageNumber\u003d, accountStatus\u003d, profile\u003d, firstName\u003d, lastName\u003d, period\u003d, fromDate\u003d, toDate\u003d, invoiceId\u003d, gsmTopUpFromDate\u003d, gsmTopUpToDate\u003d, messageId\u003d@#$%^##, attachmentId\u003d2504479100, fileType\u003dpdf}","duration":2726,"startTime":1514871972293,"result":"SUCCESS","children":[{"number":29,"description":"Given load request for downloadMessageAttachment \"/MerchantApiWeb/authenticateUser\" and \"/MerchantApiWeb/rest/secure/user/message/download/downloadMessageAttachment\" and \"TC04\" and \"TestAutomation22\" and \"Password@1\" and \"EMS\"","duration":1242,"startTime":1514871972305,"result":"SUCCESS","children":[{"number":30,"description":"Loadgetrequestdata: https://uat1.merchantportal.firstdata.eu/MerchantApiWeb/authenticateUser","duration":0,"startTime":1514871972396,"result":"SUCCESS"},{"number":31,"description":"Postrequest authenticate user: https://uat1.merchantportal.firstdata.eu/MerchantApiWeb/authenticateUser, TestAutomation22, Password@1, EMS","duration":1095,"startTime":1514871972397,"result":"SUCCESS"},{"number":32,"description":"Loadgetrequestdata export download: https://uat1.merchantportal.firstdata.eu/MerchantApiWeb/rest/secure/user/message/download/downloadMessageAttachment","duration":1,"startTime":1514871973517,"result":"SUCCESS"}]},{"number":33,"description":"When post get request for downloadMessageAttachment \"@#$%^##\" and \"2504479100\" and \"pdf\"","duration":1018,"startTime":1514871973547,"result":"SUCCESS","children":[{"number":34,"description":"Post GET request download message attachment: https://uat1.merchantportal.firstdata.eu/MerchantApiWeb/rest/secure/user/message/download/downloadMessageAttachment, @#$%^##, 2504479100, pdf","duration":799,"startTime":1514871973575,"result":"SUCCESS"}]},{"number":35,"description":"Then verify downloadMessageAttachment response status \"error\" and \"MPVE00033\" and \"Message id should be Integer\" and \"\" and \"\" and \"\"","duration":453,"startTime":1514871974566,"result":"SUCCESS","children":[{"number":36,"description":"Verify Download file Response","duration":112,"startTime":1514871974582,"result":"SUCCESS"}]}]},{"number":37,"description":"[1] {report\u003dTC05, logindomain\u003d/MerchantApiWeb/authenticateUser, domainurl\u003d/MerchantApiWeb/rest/secure/user/message/download/downloadMessageAttachment, status\u003derror, Message\u003dMessage id cant be more than 19 characters, ErrorCode\u003dMPVE00047, userName\u003dTestAutomation22, password\u003dPassword@1, allianceCode\u003dEMS, AuthErrMessage\u003d, Authaccessdenied\u003d, AuthErrCause\u003d, currency\u003d, userType\u003d, pageNumber\u003d, accountStatus\u003d, profile\u003d, firstName\u003d, lastName\u003d, period\u003d, fromDate\u003d, toDate\u003d, invoiceId\u003d, gsmTopUpFromDate\u003d, gsmTopUpToDate\u003d, messageId\u003d321654984561616213216516516551, attachmentId\u003d2504479100, fileType\u003dpdf}","duration":2743,"startTime":1514871979223,"result":"SUCCESS","children":[{"number":38,"description":"Given load request for downloadMessageAttachment \"/MerchantApiWeb/authenticateUser\" and \"/MerchantApiWeb/rest/secure/user/message/download/downloadMessageAttachment\" and \"TC05\" and \"TestAutomation22\" and \"Password@1\" and \"EMS\"","duration":1193,"startTime":1514871979237,"result":"SUCCESS","children":[{"number":39,"description":"Loadgetrequestdata: https://uat1.merchantportal.firstdata.eu/MerchantApiWeb/authenticateUser","duration":1,"startTime":1514871979337,"result":"SUCCESS"},{"number":40,"description":"Postrequest authenticate user: https://uat1.merchantportal.firstdata.eu/MerchantApiWeb/authenticateUser, TestAutomation22, Password@1, EMS","duration":1057,"startTime":1514871979339,"result":"SUCCESS"},{"number":41,"description":"Loadgetrequestdata export download: https://uat1.merchantportal.firstdata.eu/MerchantApiWeb/rest/secure/user/message/download/downloadMessageAttachment","duration":1,"startTime":1514871980404,"result":"SUCCESS"}]},{"number":42,"description":"When post get request for downloadMessageAttachment \"321654984561616213216516516551\" and \"2504479100\" and \"pdf\"","duration":1236,"startTime":1514871980430,"result":"SUCCESS","children":[{"number":43,"description":"Post GET request download message attachment: https://uat1.merchantportal.firstdata.eu/MerchantApiWeb/rest/secure/user/message/download/downloadMessageAttachment, 321654984561616213216516516551, 2504479100, pdf","duration":852,"startTime":1514871980445,"result":"SUCCESS"}]},{"number":44,"description":"Then verify downloadMessageAttachment response status \"error\" and \"MPVE00047\" and \"Message id cant be more than 19 characters\" and \"\" and \"\" and \"\"","duration":299,"startTime":1514871981666,"result":"SUCCESS","children":[{"number":45,"description":"Verify Download file Response","duration":85,"startTime":1514871981680,"result":"SUCCESS"}]}]},{"number":46,"description":"[1] {report\u003dTC06, logindomain\u003d/MerchantApiWeb/authenticateUser, domainurl\u003d/MerchantApiWeb/rest/secure/user/message/download/downloadMessageAttachment, status\u003derror, Message\u003dAttachment id can\u0027t be more than 19 characters, ErrorCode\u003dMPVE00048, userName\u003dTestAutomation22, password\u003dPassword@1, allianceCode\u003dEMS, AuthErrMessage\u003d, Authaccessdenied\u003d, AuthErrCause\u003d, currency\u003d, userType\u003d, pageNumber\u003d, accountStatus\u003d, profile\u003d, firstName\u003d, lastName\u003d, period\u003d, fromDate\u003d, toDate\u003d, invoiceId\u003d, gsmTopUpFromDate\u003d, gsmTopUpToDate\u003d, messageId\u003d1023762, attachmentId\u003d321654984561616213216516516551, fileType\u003dpdf}","duration":2796,"startTime":1514871986419,"result":"SUCCESS","children":[{"number":47,"description":"Given load request for downloadMessageAttachment \"/MerchantApiWeb/authenticateUser\" and \"/MerchantApiWeb/rest/secure/user/message/download/downloadMessageAttachment\" and \"TC06\" and \"TestAutomation22\" and \"Password@1\" and \"EMS\"","duration":1482,"startTime":1514871986431,"result":"SUCCESS","children":[{"number":48,"description":"Loadgetrequestdata: https://uat1.merchantportal.firstdata.eu/MerchantApiWeb/authenticateUser","duration":0,"startTime":1514871986505,"result":"SUCCESS"},{"number":49,"description":"Postrequest authenticate user: https://uat1.merchantportal.firstdata.eu/MerchantApiWeb/authenticateUser, TestAutomation22, Password@1, EMS","duration":1374,"startTime":1514871986506,"result":"SUCCESS"},{"number":50,"description":"Loadgetrequestdata export download: https://uat1.merchantportal.firstdata.eu/MerchantApiWeb/rest/secure/user/message/download/downloadMessageAttachment","duration":1,"startTime":1514871987888,"result":"SUCCESS"}]},{"number":51,"description":"When post get request for downloadMessageAttachment \"1023762\" and \"321654984561616213216516516551\" and \"pdf\"","duration":1053,"startTime":1514871987914,"result":"SUCCESS","children":[{"number":52,"description":"Post GET request download message attachment: https://uat1.merchantportal.firstdata.eu/MerchantApiWeb/rest/secure/user/message/download/downloadMessageAttachment, 1023762, 321654984561616213216516516551, pdf","duration":817,"startTime":1514871987925,"result":"SUCCESS"}]},{"number":53,"description":"Then verify downloadMessageAttachment response status \"error\" and \"MPVE00048\" and \"Attachment id can\u0027t be more than 19 characters\" and \"\" and \"\" and \"\"","duration":247,"startTime":1514871988968,"result":"SUCCESS","children":[{"number":54,"description":"Verify Download file Response","duration":77,"startTime":1514871988983,"result":"SUCCESS"}]}]},{"number":55,"description":"[1] {report\u003dTC07, logindomain\u003d/MerchantApiWeb/authenticateUser, domainurl\u003d/MerchantApiWeb/rest/secure/user/message/download/downloadMessageAttachment, status\u003derror, Message\u003dAttachment id can\u0027t be empty, ErrorCode\u003dMPVE00049, userName\u003dTestAutomation22, password\u003dPassword@1, allianceCode\u003dEMS, AuthErrMessage\u003d, Authaccessdenied\u003d, AuthErrCause\u003d, currency\u003d, userType\u003d, pageNumber\u003d, accountStatus\u003d, profile\u003d, firstName\u003d, lastName\u003d, period\u003d, fromDate\u003d, toDate\u003d, invoiceId\u003d, gsmTopUpFromDate\u003d, gsmTopUpToDate\u003d, messageId\u003d1023762, attachmentId\u003d, fileType\u003dpdf}","duration":2472,"startTime":1514871994885,"result":"SUCCESS","children":[{"number":56,"description":"Given load request for downloadMessageAttachment \"/MerchantApiWeb/authenticateUser\" and \"/MerchantApiWeb/rest/secure/user/message/download/downloadMessageAttachment\" and \"TC07\" and \"TestAutomation22\" and \"Password@1\" and \"EMS\"","duration":1166,"startTime":1514871994898,"result":"SUCCESS","children":[{"number":57,"description":"Loadgetrequestdata: https://uat1.merchantportal.firstdata.eu/MerchantApiWeb/authenticateUser","duration":1,"startTime":1514871994991,"result":"SUCCESS"},{"number":58,"description":"Postrequest authenticate user: https://uat1.merchantportal.firstdata.eu/MerchantApiWeb/authenticateUser, TestAutomation22, Password@1, EMS","duration":1030,"startTime":1514871994993,"result":"SUCCESS"},{"number":59,"description":"Loadgetrequestdata export download: https://uat1.merchantportal.firstdata.eu/MerchantApiWeb/rest/secure/user/message/download/downloadMessageAttachment","duration":0,"startTime":1514871996040,"result":"SUCCESS"}]},{"number":60,"description":"When post get request for downloadMessageAttachment \"1023762\" and \"\" and \"pdf\"","duration":1071,"startTime":1514871996065,"result":"SUCCESS","children":[{"number":61,"description":"Post GET request download message attachment: https://uat1.merchantportal.firstdata.eu/MerchantApiWeb/rest/secure/user/message/download/downloadMessageAttachment, 1023762, , pdf","duration":909,"startTime":1514871996081,"result":"SUCCESS"}]},{"number":62,"description":"Then verify downloadMessageAttachment response status \"error\" and \"MPVE00049\" and \"Attachment id can\u0027t be empty\" and \"\" and \"\" and \"\"","duration":221,"startTime":1514871997136,"result":"SUCCESS","children":[{"number":63,"description":"Verify Download file Response","duration":85,"startTime":1514871997147,"result":"SUCCESS"}]}]},{"number":64,"description":"[1] {report\u003dTC08, logindomain\u003d/MerchantApiWeb/authenticateUser, domainurl\u003d/MerchantApiWeb/rest/secure/user/message/download/downloadMessageAttachment, status\u003derror, Message\u003dAttachment id must only be numeric, ErrorCode\u003dMPVE00050, userName\u003dTestAutomation22, password\u003dPassword@1, allianceCode\u003dEMS, AuthErrMessage\u003d, Authaccessdenied\u003d, AuthErrCause\u003d, currency\u003d, userType\u003d, pageNumber\u003d, accountStatus\u003d, profile\u003d, firstName\u003d, lastName\u003d, period\u003d, fromDate\u003d, toDate\u003d, invoiceId\u003d, gsmTopUpFromDate\u003d, gsmTopUpToDate\u003d, messageId\u003d1023762, attachmentId\u003dasdkjasd, fileType\u003dpdf}","duration":2546,"startTime":1514872000784,"result":"SUCCESS","children":[{"number":65,"description":"Given load request for downloadMessageAttachment \"/MerchantApiWeb/authenticateUser\" and \"/MerchantApiWeb/rest/secure/user/message/download/downloadMessageAttachment\" and \"TC08\" and \"TestAutomation22\" and \"Password@1\" and \"EMS\"","duration":1262,"startTime":1514872000853,"result":"SUCCESS","children":[{"number":66,"description":"Loadgetrequestdata: https://uat1.merchantportal.firstdata.eu/MerchantApiWeb/authenticateUser","duration":1,"startTime":1514872000941,"result":"SUCCESS"},{"number":67,"description":"Postrequest authenticate user: https://uat1.merchantportal.firstdata.eu/MerchantApiWeb/authenticateUser, TestAutomation22, Password@1, EMS","duration":1143,"startTime":1514872000944,"result":"SUCCESS"},{"number":68,"description":"Loadgetrequestdata export download: https://uat1.merchantportal.firstdata.eu/MerchantApiWeb/rest/secure/user/message/download/downloadMessageAttachment","duration":1,"startTime":1514872002094,"result":"SUCCESS"}]},{"number":69,"description":"When post get request for downloadMessageAttachment \"1023762\" and \"asdkjasd\" and \"pdf\"","duration":1016,"startTime":1514872002115,"result":"SUCCESS","children":[{"number":70,"description":"Post GET request download message attachment: https://uat1.merchantportal.firstdata.eu/MerchantApiWeb/rest/secure/user/message/download/downloadMessageAttachment, 1023762, asdkjasd, pdf","duration":801,"startTime":1514872002128,"result":"SUCCESS"}]},{"number":71,"description":"Then verify downloadMessageAttachment response status \"error\" and \"MPVE00050\" and \"Attachment id must only be numeric\" and \"\" and \"\" and \"\"","duration":198,"startTime":1514872003132,"result":"SUCCESS","children":[{"number":72,"description":"Verify Download file Response","duration":47,"startTime":1514872003143,"result":"SUCCESS"}]}]},{"number":73,"description":"[1] {report\u003dTC09, logindomain\u003d/MerchantApiWeb/authenticateUser, domainurl\u003d/MerchantApiWeb/rest/secure/user/message/download/downloadMessageAttachment, status\u003derror, Message\u003dAttachment id must only be numeric, ErrorCode\u003dMPVE00050, userName\u003dTestAutomation22, password\u003dPassword@1, allianceCode\u003dEMS, AuthErrMessage\u003d, Authaccessdenied\u003d, AuthErrCause\u003d, currency\u003d, userType\u003d, pageNumber\u003d, accountStatus\u003d, profile\u003d, firstName\u003d, lastName\u003d, period\u003d, fromDate\u003d, toDate\u003d, invoiceId\u003d, gsmTopUpFromDate\u003d, gsmTopUpToDate\u003d, messageId\u003d1023762, attachmentId\u003d@#$%^\u0026, fileType\u003dpdf}","duration":3025,"startTime":1514872007890,"result":"SUCCESS","children":[{"number":74,"description":"Given load request for downloadMessageAttachment \"/MerchantApiWeb/authenticateUser\" and \"/MerchantApiWeb/rest/secure/user/message/download/downloadMessageAttachment\" and \"TC09\" and \"TestAutomation22\" and \"Password@1\" and \"EMS\"","duration":1360,"startTime":1514872007904,"result":"SUCCESS","children":[{"number":75,"description":"Loadgetrequestdata: https://uat1.merchantportal.firstdata.eu/MerchantApiWeb/authenticateUser","duration":1,"startTime":1514872007980,"result":"SUCCESS"},{"number":76,"description":"Postrequest authenticate user: https://uat1.merchantportal.firstdata.eu/MerchantApiWeb/authenticateUser, TestAutomation22, Password@1, EMS","duration":1243,"startTime":1514872007982,"result":"SUCCESS"},{"number":77,"description":"Loadgetrequestdata export download: https://uat1.merchantportal.firstdata.eu/MerchantApiWeb/rest/secure/user/message/download/downloadMessageAttachment","duration":1,"startTime":1514872009233,"result":"SUCCESS"}]},{"number":78,"description":"When post get request for downloadMessageAttachment \"1023762\" and \"@#$%^\u0026\" and \"pdf\"","duration":1259,"startTime":1514872009264,"result":"SUCCESS","children":[{"number":79,"description":"Post GET request download message attachment: https://uat1.merchantportal.firstdata.eu/MerchantApiWeb/rest/secure/user/message/download/downloadMessageAttachment, 1023762, @#$%^\u0026, pdf","duration":869,"startTime":1514872009281,"result":"SUCCESS"}]},{"number":80,"description":"Then verify downloadMessageAttachment response status \"error\" and \"MPVE00050\" and \"Attachment id must only be numeric\" and \"\" and \"\" and \"\"","duration":390,"startTime":1514872010524,"result":"SUCCESS","children":[{"number":81,"description":"Verify Download file Response","duration":85,"startTime":1514872010550,"result":"SUCCESS"}]}]},{"number":82,"description":"[1] {report\u003dTC10, logindomain\u003d/MerchantApiWeb/authenticateUser, domainurl\u003d/MerchantApiWeb/rest/secure/user/message/download/downloadMessageAttachment, status\u003derror, Message\u003dAttachment Not available, ErrorCode\u003dMPBE00032, userName\u003dTestAutomation22, password\u003dPassword@1, allianceCode\u003dEMS, AuthErrMessage\u003d, Authaccessdenied\u003d, AuthErrCause\u003d, currency\u003d, userType\u003d, pageNumber\u003d, accountStatus\u003d, profile\u003d, firstName\u003d, lastName\u003d, period\u003d, fromDate\u003d, toDate\u003d, invoiceId\u003d, gsmTopUpFromDate\u003d, gsmTopUpToDate\u003d, messageId\u003d1023762, attachmentId\u003d321654987321654, fileType\u003dpdf}","duration":2392,"startTime":1514872014642,"result":"SUCCESS","children":[{"number":83,"description":"Given load request for downloadMessageAttachment \"/MerchantApiWeb/authenticateUser\" and \"/MerchantApiWeb/rest/secure/user/message/download/downloadMessageAttachment\" and \"TC10\" and \"TestAutomation22\" and \"Password@1\" and \"EMS\"","duration":1152,"startTime":1514872014654,"result":"SUCCESS","children":[{"number":84,"description":"Loadgetrequestdata: https://uat1.merchantportal.firstdata.eu/MerchantApiWeb/authenticateUser","duration":0,"startTime":1514872014725,"result":"SUCCESS"},{"number":85,"description":"Postrequest authenticate user: https://uat1.merchantportal.firstdata.eu/MerchantApiWeb/authenticateUser, TestAutomation22, Password@1, EMS","duration":1043,"startTime":1514872014726,"result":"SUCCESS"},{"number":86,"description":"Loadgetrequestdata export download: https://uat1.merchantportal.firstdata.eu/MerchantApiWeb/rest/secure/user/message/download/downloadMessageAttachment","duration":1,"startTime":1514872015777,"result":"SUCCESS"}]},{"number":87,"description":"When post get request for downloadMessageAttachment \"1023762\" and \"321654987321654\" and \"pdf\"","duration":1011,"startTime":1514872015806,"result":"SUCCESS","children":[{"number":88,"description":"Post GET request download message attachment: https://uat1.merchantportal.firstdata.eu/MerchantApiWeb/rest/secure/user/message/download/downloadMessageAttachment, 1023762, 321654987321654, pdf","duration":837,"startTime":1514872015822,"result":"SUCCESS"}]},{"number":89,"description":"Then verify downloadMessageAttachment response status \"error\" and \"MPBE00032\" and \"Attachment Not available\" and \"\" and \"\" and \"\"","duration":216,"startTime":1514872016818,"result":"SUCCESS","children":[{"number":90,"description":"Verify Download file Response","duration":55,"startTime":1514872016831,"result":"SUCCESS"}]}]}],"userStory":{"id":"merchant-portal-application-api-validation","storyName":"Merchant Portal application API validation","path":"APIupdate.feature","type":"feature"},"featureTag":{"name":"Merchant Portal application API validation","type":"feature"},"title":"Verify the api downloads the message attachment","description":"","tags":[{"name":"downloadMessageAttachment","type":"tag"}],"startTime":1514871949663,"duration":67371,"dataTable":{"headers":["report","logindomain","domainurl","status","Message","ErrorCode","userName","password","allianceCode","AuthErrMessage","Authaccessdenied","AuthErrCause","currency","userType","pageNumber","accountStatus","profile","firstName","lastName","period","fromDate","toDate","invoiceId","gsmTopUpFromDate","gsmTopUpToDate","messageId","attachmentId","fileType"],"rows":[{"values":["TC01","/MerchantApiWeb/authenticateUser","/MerchantApiWeb/rest/secure/user/message/download/downloadMessageAttachment","success","","","TestAutomation22","Password@1","EMS","","","","","","","","","","","","","","","","","1023762","2504479100","pdf"],"result":"SUCCESS"},{"values":["TC02","/MerchantApiWeb/authenticateUser","/MerchantApiWeb/rest/secure/user/message/download/downloadMessageAttachment","error","Message Id can\u0027t be empty","MPVE00026","TestAutomation22","Password@1","EMS","","","","","","","","","","","","","","","","","","2504479100","pdf"],"result":"SUCCESS"},{"values":["TC03","/MerchantApiWeb/authenticateUser","/MerchantApiWeb/rest/secure/user/message/download/downloadMessageAttachment","error","Message id should be Integer","MPVE00033","TestAutomation22","Password@1","EMS","","","","","","","","","","","","","","","","","asdasdasd","2504479100","pdf"],"result":"SUCCESS"},{"values":["TC04","/MerchantApiWeb/authenticateUser","/MerchantApiWeb/rest/secure/user/message/download/downloadMessageAttachment","error","Message id should be Integer","MPVE00033","TestAutomation22","Password@1","EMS","","","","","","","","","","","","","","","","","@#$%^##","2504479100","pdf"],"result":"SUCCESS"},{"values":["TC05","/MerchantApiWeb/authenticateUser","/MerchantApiWeb/rest/secure/user/message/download/downloadMessageAttachment","error","Message id cant be more than 19 characters","MPVE00047","TestAutomation22","Password@1","EMS","","","","","","","","","","","","","","","","","321654984561616213216516516551","2504479100","pdf"],"result":"SUCCESS"},{"values":["TC06","/MerchantApiWeb/authenticateUser","/MerchantApiWeb/rest/secure/user/message/download/downloadMessageAttachment","error","Attachment id can\u0027t be more than 19 characters","MPVE00048","TestAutomation22","Password@1","EMS","","","","","","","","","","","","","","","","","1023762","321654984561616213216516516551","pdf"],"result":"SUCCESS"},{"values":["TC07","/MerchantApiWeb/authenticateUser","/MerchantApiWeb/rest/secure/user/message/download/downloadMessageAttachment","error","Attachment id can\u0027t be empty","MPVE00049","TestAutomation22","Password@1","EMS","","","","","","","","","","","","","","","","","1023762","","pdf"],"result":"SUCCESS"},{"values":["TC08","/MerchantApiWeb/authenticateUser","/MerchantApiWeb/rest/secure/user/message/download/downloadMessageAttachment","error","Attachment id must only be numeric","MPVE00050","TestAutomation22","Password@1","EMS","","","","","","","","","","","","","","","","","1023762","asdkjasd","pdf"],"result":"SUCCESS"},{"values":["TC09","/MerchantApiWeb/authenticateUser","/MerchantApiWeb/rest/secure/user/message/download/downloadMessageAttachment","error","Attachment id must only be numeric","MPVE00050","TestAutomation22","Password@1","EMS","","","","","","","","","","","","","","","","","1023762","@#$%^\u0026","pdf"],"result":"SUCCESS"},{"values":["TC10","/MerchantApiWeb/authenticateUser","/MerchantApiWeb/rest/secure/user/message/download/downloadMessageAttachment","error","Attachment Not available","MPBE00032","TestAutomation22","Password@1","EMS","","","","","","","","","","","","","","","","","1023762","321654987321654","pdf"],"result":"SUCCESS"}],"predefinedRows":true,"dataSetDescriptors":[{"startRow":0,"rowCount":0,"name":"","description":""}]},"manual":false,"testSource":"Cucumber","result":"SUCCESS"}