{"name":"Verify the api saves the Filter and column preferences","testSteps":[{"number":1,"description":"[1] {report\u003dTC01, logindomain\u003d/MerchantApiWeb/authenticateUser, domainurl\u003d/MerchantApiWeb/rest/secure/user/saveFilterAndColumnPreferences, status\u003dsuccess, Message\u003d, ErrorCode\u003d, userName\u003dTestAutomation22, password\u003dPassword@1, allianceCode\u003dEMS, AuthErrMessage\u003d, Authaccessdenied\u003d, AuthErrCause\u003d, currency\u003d, userType\u003d, pageNumber\u003d, accountStatus\u003d, profile\u003d, firstName\u003d, lastName\u003d, reasonForBlock\u003d, saveCriteria\u003d{transactions:{search:{amountFrom:{searchPreferenceField:fromAmount},amountTo:{searchPreferenceField:toAmount}}}}}","duration":5008,"startTime":1514871155050,"result":"SUCCESS","children":[{"number":2,"description":"Given load request for saveFilterAndColumnPreferences \"/MerchantApiWeb/authenticateUser\" and \"/MerchantApiWeb/rest/secure/user/saveFilterAndColumnPreferences\" and \"TC01\" and \"TestAutomation22\" and \"Password@1\" and \"EMS\"","duration":3765,"startTime":1514871155068,"result":"SUCCESS","children":[{"number":3,"description":"Loadgetrequestdata: https://uat1.merchantportal.firstdata.eu/MerchantApiWeb/authenticateUser","duration":1,"startTime":1514871155216,"result":"SUCCESS"},{"number":4,"description":"Postrequest authenticate user: https://uat1.merchantportal.firstdata.eu/MerchantApiWeb/authenticateUser, TestAutomation22, Password@1, EMS","duration":3585,"startTime":1514871155218,"result":"SUCCESS"},{"number":5,"description":"Loadgetrequestdata requestwithbody: https://uat1.merchantportal.firstdata.eu/MerchantApiWeb/rest/secure/user/saveFilterAndColumnPreferences","duration":0,"startTime":1514871158811,"result":"SUCCESS"}]},{"number":6,"description":"When post request for saveFilterAndColumnPreferences \"{transactions:{search:{amountFrom:{searchPreferenceField:fromAmount},amountTo:{searchPreferenceField:toAmount}}}}\"","duration":1027,"startTime":1514871158833,"result":"SUCCESS","children":[{"number":7,"description":"Postrequest save filter and column preferences: https://uat1.merchantportal.firstdata.eu/MerchantApiWeb/rest/secure/user/saveFilterAndColumnPreferences, {transactions:{search:{amountFrom:{searchPreferenceField:fromAmount},amountTo:{searchPreferenceField:toAmount}}}}","duration":963,"startTime":1514871158845,"result":"SUCCESS"}]},{"number":8,"description":"Then verify saveFilterAndColumnPreferences response status \"success\" and \"\" and \"\" and \"\" and \"\" and \"\"","duration":198,"startTime":1514871159860,"result":"SUCCESS","children":[{"number":9,"description":"Verify Response","duration":71,"startTime":1514871159929,"result":"SUCCESS"}]}]},{"number":10,"description":"[1] {report\u003dTC02, logindomain\u003d/MerchantApiWeb/authenticateUser, domainurl\u003d/MerchantApiWeb/rest/secure/user/saveFilterAndColumnPreferences, status\u003derror, Message\u003dSave Criteria can\u0027t be empty, ErrorCode\u003dMPVE00068, userName\u003dTestAutomation22, password\u003dPassword@1, allianceCode\u003dEMS, AuthErrMessage\u003d, Authaccessdenied\u003d, AuthErrCause\u003d, currency\u003d, userType\u003d, pageNumber\u003d, accountStatus\u003d, profile\u003d, firstName\u003d, lastName\u003d, reasonForBlock\u003d, saveCriteria\u003d}","duration":2449,"startTime":1514871163962,"result":"SUCCESS","children":[{"number":11,"description":"Given load request for saveFilterAndColumnPreferences \"/MerchantApiWeb/authenticateUser\" and \"/MerchantApiWeb/rest/secure/user/saveFilterAndColumnPreferences\" and \"TC02\" and \"TestAutomation22\" and \"Password@1\" and \"EMS\"","duration":1284,"startTime":1514871163974,"result":"SUCCESS","children":[{"number":12,"description":"Loadgetrequestdata: https://uat1.merchantportal.firstdata.eu/MerchantApiWeb/authenticateUser","duration":0,"startTime":1514871164043,"result":"SUCCESS"},{"number":13,"description":"Postrequest authenticate user: https://uat1.merchantportal.firstdata.eu/MerchantApiWeb/authenticateUser, TestAutomation22, Password@1, EMS","duration":1129,"startTime":1514871164044,"result":"SUCCESS"},{"number":14,"description":"Loadgetrequestdata requestwithbody: https://uat1.merchantportal.firstdata.eu/MerchantApiWeb/rest/secure/user/saveFilterAndColumnPreferences","duration":0,"startTime":1514871165182,"result":"SUCCESS"}]},{"number":15,"description":"When post request for saveFilterAndColumnPreferences \"\"","duration":898,"startTime":1514871165258,"result":"SUCCESS","children":[{"number":16,"description":"Postrequest save filter and column preferences: https://uat1.merchantportal.firstdata.eu/MerchantApiWeb/rest/secure/user/saveFilterAndColumnPreferences, ","duration":815,"startTime":1514871165271,"result":"SUCCESS"}]},{"number":17,"description":"Then verify saveFilterAndColumnPreferences response status \"error\" and \"MPVE00068\" and \"Save Criteria can\u0027t be empty\" and \"\" and \"\" and \"\"","duration":255,"startTime":1514871166156,"result":"SUCCESS","children":[{"number":18,"description":"Verify Response","duration":51,"startTime":1514871166172,"result":"SUCCESS"}]}]}],"userStory":{"id":"merchant-portal-application-api-validation","storyName":"Merchant Portal application API validation","path":"APIupdate.feature","type":"feature"},"featureTag":{"name":"Merchant Portal application API validation","type":"feature"},"title":"Verify the api saves the Filter and column preferences","description":"","tags":[{"name":"saveFilterAndColumnPreferences","type":"tag"}],"startTime":1514871155050,"duration":11361,"dataTable":{"headers":["report","logindomain","domainurl","status","Message","ErrorCode","userName","password","allianceCode","AuthErrMessage","Authaccessdenied","AuthErrCause","currency","userType","pageNumber","accountStatus","profile","firstName","lastName","reasonForBlock","saveCriteria"],"rows":[{"values":["TC01","/MerchantApiWeb/authenticateUser","/MerchantApiWeb/rest/secure/user/saveFilterAndColumnPreferences","success","","","TestAutomation22","Password@1","EMS","","","","","","","","","","","","{transactions:{search:{amountFrom:{searchPreferenceField:fromAmount},amountTo:{searchPreferenceField:toAmount}}}}"],"result":"SUCCESS"},{"values":["TC02","/MerchantApiWeb/authenticateUser","/MerchantApiWeb/rest/secure/user/saveFilterAndColumnPreferences","error","Save Criteria can\u0027t be empty","MPVE00068","TestAutomation22","Password@1","EMS","","","","","","","","","","","",""],"result":"SUCCESS"}],"predefinedRows":true,"dataSetDescriptors":[{"startRow":0,"rowCount":0,"name":"","description":""}]},"manual":false,"testSource":"Cucumber","result":"SUCCESS"}