{"name":"Verify the api migrates the merchant user","testSteps":[{"number":1,"description":"[1] {report\u003dTC01, logindomain\u003d/MerchantApiWeb/authenticateUser, domainurl\u003d/MerchantApiWeb/rest/secure/user/migrateUsers, status\u003dsuccess, Message\u003d, ErrorCode\u003d, userName\u003dTestAutomation21, password\u003dPassword@1, allianceCode\u003dEMS, AuthErrMessage\u003d, Authaccessdenied\u003d, AuthErrCause\u003d, migrateUsers_allianceCode\u003dEMS, migrateUsers_answer1\u003d1234, migrateUsers_answer2\u003d12ab, migrateUsers_answer3\u003d1234, migrateUsers_emailAddress\u003dkandasamy.santhanam@firstdata.com, migrateUsers_firstName\u003dTest, migrateUsers_languageCode\u003dEN, migrateUsers_lastName\u003dAutomation, migrateUsers_merchantIds\u003d1184400, migrateUsers_mobileNumber\u003d919487078275, migrateUsers_phoneNumber\u003d917358749668, migrateUsers_profiles\u003dBUSINESSOWNER, migrateUsers_userName\u003dTestAutomationMigrate3, migrateUsers_userType\u003dMERCHANT, migrateUsers_uploadTimestamp\u003d}","duration":4231,"startTime":1514872659311,"result":"SUCCESS","children":[{"number":2,"description":"Given load request for migrateUsers \"/MerchantApiWeb/authenticateUser\" and \"/MerchantApiWeb/rest/secure/user/migrateUsers\" and \"TC01\" and \"TestAutomation21\" and \"Password@1\" and \"EMS\"","duration":3190,"startTime":1514872659327,"result":"SUCCESS","children":[{"number":3,"description":"Loadgetrequestdata: https://uat1.merchantportal.firstdata.eu/MerchantApiWeb/authenticateUser","duration":0,"startTime":1514872659426,"result":"SUCCESS"},{"number":4,"description":"Postrequest authenticate user: https://uat1.merchantportal.firstdata.eu/MerchantApiWeb/authenticateUser, TestAutomation21, Password@1, EMS","duration":3050,"startTime":1514872659428,"result":"SUCCESS"},{"number":5,"description":"Loadgetrequestdata requestwithbody: https://uat1.merchantportal.firstdata.eu/MerchantApiWeb/rest/secure/user/migrateUsers","duration":0,"startTime":1514872662485,"result":"SUCCESS"}]},{"number":6,"description":"When post request for migrateUsers \"EMS\" and \"1234\" and \"12ab\" and \"1234\" and \"kandasamy.santhanam@firstdata.com\" and \"Test\" and \"EN\" and \"Automation\" and \"1184400\" and \"919487078275\" and \"917358749668\" and \"BUSINESSOWNER\" and \"TestAutomationMigrate3\" and \"MERCHANT\" and \"\"","duration":950,"startTime":1514872662518,"result":"SUCCESS","children":[{"number":7,"description":"Postrequest migrate users: https://uat1.merchantportal.firstdata.eu/MerchantApiWeb/rest/secure/user/migrateUsers, EMS, 1234, 12ab, 1234, kandasamy.santhanam@firstdata.com, Test, EN, Automation, 1184400, 919487078275, 917358749668, BUSINESSOWNER, TestAutomationMigrate3, MERCHANT, ","duration":884,"startTime":1514872662528,"result":"SUCCESS"}]},{"number":8,"description":"Then verify migrateUsers response status \"success\" and \"\" and \"\" and \"\" and \"\" and \"\"","duration":73,"startTime":1514872663469,"result":"SUCCESS","children":[{"number":9,"description":"Verify Response","duration":18,"startTime":1514872663479,"result":"SUCCESS"}]}]}],"userStory":{"id":"merchant-portal-application-api-validation","storyName":"Merchant Portal application API validation","path":"APIupdate.feature","type":"feature"},"featureTag":{"name":"Merchant Portal application API validation","type":"feature"},"title":"Verify the api migrates the merchant user","description":"","tags":[{"name":"migrateUsers","type":"tag"}],"startTime":1514872659311,"duration":4231,"dataTable":{"headers":["report","logindomain","domainurl","status","Message","ErrorCode","userName","password","allianceCode","AuthErrMessage","Authaccessdenied","AuthErrCause","migrateUsers_allianceCode","migrateUsers_answer1","migrateUsers_answer2","migrateUsers_answer3","migrateUsers_emailAddress","migrateUsers_firstName","migrateUsers_languageCode","migrateUsers_lastName","migrateUsers_merchantIds","migrateUsers_mobileNumber","migrateUsers_phoneNumber","migrateUsers_profiles","migrateUsers_userName","migrateUsers_userType","migrateUsers_uploadTimestamp"],"rows":[{"values":["TC01","/MerchantApiWeb/authenticateUser","/MerchantApiWeb/rest/secure/user/migrateUsers","success","","","TestAutomation21","Password@1","EMS","","","","EMS","1234","12ab","1234","kandasamy.santhanam@firstdata.com","Test","EN","Automation","1184400","919487078275","917358749668","BUSINESSOWNER","TestAutomationMigrate3","MERCHANT",""],"result":"SUCCESS"}],"predefinedRows":true,"dataSetDescriptors":[{"startRow":0,"rowCount":0,"name":"","description":""}]},"manual":false,"testSource":"Cucumber","result":"SUCCESS"}