{"name":"Verify the API retrieves the Terminal Rental List of the impersonated user","testSteps":[{"number":1,"description":"[1] {report\u003dTC01, logindomain\u003d/MerchantApiWeb/authenticateUser, domainurl\u003d/MerchantApiWeb/rest/secure/impersonation/user/financialData/terminalRental/getTerminalRentalList, status\u003dsuccess, Message\u003d, ErrorCode\u003d, userName\u003dTestAutomationFDP3, password\u003dPassword@1, allianceCode\u003dFDP, AuthErrMessage\u003d, Authaccessdenied\u003d, AuthErrCause\u003d, currency\u003d, userType\u003d, pageNumber\u003d1, accountStatus\u003d, profile\u003d, firstName\u003d, lastName\u003d, posCode\u003d, posSubType\u003d, merchantType\u003d, fundId\u003d, invoiceLineItemId\u003d35595134, source\u003dINVOICE, pseudoUserName\u003dTheBatman}","duration":7325,"startTime":1514870132873,"result":"SUCCESS","children":[{"number":2,"description":"Given load request for getTerminalRentalListImpersonation \"/MerchantApiWeb/authenticateUser\" and \"/MerchantApiWeb/rest/secure/impersonation/user/financialData/terminalRental/getTerminalRentalList\" and \"TC01\" and \"TestAutomationFDP3\" and \"Password@1\" and \"FDP\"","duration":3197,"startTime":1514870132891,"result":"SUCCESS","children":[{"number":3,"description":"Loadgetrequestdata: https://uat1.merchantportal.firstdata.eu/MerchantApiWeb/authenticateUser","duration":0,"startTime":1514870132988,"result":"SUCCESS"},{"number":4,"description":"Postrequest authenticate user: https://uat1.merchantportal.firstdata.eu/MerchantApiWeb/authenticateUser, TestAutomationFDP3, Password@1, FDP","duration":3058,"startTime":1514870132989,"result":"SUCCESS"},{"number":5,"description":"Loadgetrequestdata uniqueauthentication: https://uat1.merchantportal.firstdata.eu/MerchantApiWeb/rest/secure/impersonation/user/financialData/terminalRental/getTerminalRentalList","duration":1,"startTime":1514870136057,"result":"SUCCESS"}]},{"number":6,"description":"When post get request for getTerminalRentalListImpersonation \"1\" and \"\" and \"35595134\" and \"INVOICE\" and \"TheBatman\"","duration":3874,"startTime":1514870136089,"result":"SUCCESS","children":[{"number":7,"description":"Post GET request get terminal rental list impersonation: https://uat1.merchantportal.firstdata.eu/MerchantApiWeb/rest/secure/impersonation/user/financialData/terminalRental/getTerminalRentalList, 1, , 35595134, INVOICE, TheBatman","duration":3778,"startTime":1514870136104,"result":"SUCCESS"}]},{"number":8,"description":"Then verify getTerminalRentalListImpersonation response status \"success\" and \"\" and \"\" and \"\" and \"\" and \"\"","duration":235,"startTime":1514870139963,"result":"SUCCESS","children":[{"number":9,"description":"Verify Response","duration":115,"startTime":1514870140017,"result":"SUCCESS"}]}]},{"number":10,"description":"[1] {report\u003dTC02, logindomain\u003d/MerchantApiWeb/authenticateUser, domainurl\u003d/MerchantApiWeb/rest/secure/impersonation/user/financialData/terminalRental/getTerminalRentalList, status\u003derror, Message\u003dPage no should be numeric, ErrorCode\u003dMPVE00032, userName\u003dTestAutomationFDP3, password\u003dPassword@1, allianceCode\u003dFDP, AuthErrMessage\u003d, Authaccessdenied\u003d, AuthErrCause\u003d, currency\u003d, userType\u003d, pageNumber\u003dA, accountStatus\u003d, profile\u003d, firstName\u003d, lastName\u003d, posCode\u003d, posSubType\u003d, merchantType\u003d, fundId\u003d, invoiceLineItemId\u003d35595134, source\u003dINVOICE, pseudoUserName\u003dTheBatman}","duration":4718,"startTime":1514870143191,"result":"SUCCESS","children":[{"number":11,"description":"Given load request for getTerminalRentalListImpersonation \"/MerchantApiWeb/authenticateUser\" and \"/MerchantApiWeb/rest/secure/impersonation/user/financialData/terminalRental/getTerminalRentalList\" and \"TC02\" and \"TestAutomationFDP3\" and \"Password@1\" and \"FDP\"","duration":3221,"startTime":1514870143290,"result":"SUCCESS","children":[{"number":12,"description":"Loadgetrequestdata: https://uat1.merchantportal.firstdata.eu/MerchantApiWeb/authenticateUser","duration":1,"startTime":1514870143365,"result":"SUCCESS"},{"number":13,"description":"Postrequest authenticate user: https://uat1.merchantportal.firstdata.eu/MerchantApiWeb/authenticateUser, TestAutomationFDP3, Password@1, FDP","duration":3110,"startTime":1514870143367,"result":"SUCCESS"},{"number":14,"description":"Loadgetrequestdata uniqueauthentication: https://uat1.merchantportal.firstdata.eu/MerchantApiWeb/rest/secure/impersonation/user/financialData/terminalRental/getTerminalRentalList","duration":0,"startTime":1514870146486,"result":"SUCCESS"}]},{"number":15,"description":"When post get request for getTerminalRentalListImpersonation \"A\" and \"\" and \"35595134\" and \"INVOICE\" and \"TheBatman\"","duration":945,"startTime":1514870146512,"result":"SUCCESS","children":[{"number":16,"description":"Post GET request get terminal rental list impersonation: https://uat1.merchantportal.firstdata.eu/MerchantApiWeb/rest/secure/impersonation/user/financialData/terminalRental/getTerminalRentalList, A, , 35595134, INVOICE, TheBatman","duration":873,"startTime":1514870146527,"result":"SUCCESS"}]},{"number":17,"description":"Then verify getTerminalRentalListImpersonation response status \"error\" and \"MPVE00032\" and \"Page no should be numeric\" and \"\" and \"\" and \"\"","duration":451,"startTime":1514870147458,"result":"SUCCESS","children":[{"number":18,"description":"Verify Response","duration":193,"startTime":1514870147503,"result":"SUCCESS"}]}]},{"number":19,"description":"[1] {report\u003dTC03, logindomain\u003d/MerchantApiWeb/authenticateUser, domainurl\u003d/MerchantApiWeb/rest/secure/impersonation/user/financialData/terminalRental/getTerminalRentalList, status\u003derror, Message\u003dInvoiceLineItemId is required, ErrorCode\u003dMPVE00117, userName\u003dTestAutomationFDP3, password\u003dPassword@1, allianceCode\u003dFDP, AuthErrMessage\u003d, Authaccessdenied\u003d, AuthErrCause\u003d, currency\u003d, userType\u003d, pageNumber\u003d1, accountStatus\u003d, profile\u003d, firstName\u003d, lastName\u003d, posCode\u003d, posSubType\u003d, merchantType\u003d, fundId\u003d, invoiceLineItemId\u003d, source\u003dINVOICE, pseudoUserName\u003dTheBatman}","duration":2587,"startTime":1514870152138,"result":"SUCCESS","children":[{"number":20,"description":"Given load request for getTerminalRentalListImpersonation \"/MerchantApiWeb/authenticateUser\" and \"/MerchantApiWeb/rest/secure/impersonation/user/financialData/terminalRental/getTerminalRentalList\" and \"TC03\" and \"TestAutomationFDP3\" and \"Password@1\" and \"FDP\"","duration":1320,"startTime":1514870152185,"result":"SUCCESS","children":[{"number":21,"description":"Loadgetrequestdata: https://uat1.merchantportal.firstdata.eu/MerchantApiWeb/authenticateUser","duration":1,"startTime":1514870152355,"result":"SUCCESS"},{"number":22,"description":"Postrequest authenticate user: https://uat1.merchantportal.firstdata.eu/MerchantApiWeb/authenticateUser, TestAutomationFDP3, Password@1, FDP","duration":1085,"startTime":1514870152357,"result":"SUCCESS"},{"number":23,"description":"Loadgetrequestdata uniqueauthentication: https://uat1.merchantportal.firstdata.eu/MerchantApiWeb/rest/secure/impersonation/user/financialData/terminalRental/getTerminalRentalList","duration":1,"startTime":1514870153451,"result":"SUCCESS"}]},{"number":24,"description":"When post get request for getTerminalRentalListImpersonation \"1\" and \"\" and \"\" and \"INVOICE\" and \"TheBatman\"","duration":913,"startTime":1514870153506,"result":"SUCCESS","children":[{"number":25,"description":"Post GET request get terminal rental list impersonation: https://uat1.merchantportal.firstdata.eu/MerchantApiWeb/rest/secure/impersonation/user/financialData/terminalRental/getTerminalRentalList, 1, , , INVOICE, TheBatman","duration":844,"startTime":1514870153523,"result":"SUCCESS"}]},{"number":26,"description":"Then verify getTerminalRentalListImpersonation response status \"error\" and \"MPVE00117\" and \"InvoiceLineItemId is required\" and \"\" and \"\" and \"\"","duration":306,"startTime":1514870154419,"result":"SUCCESS","children":[{"number":27,"description":"Verify Response","duration":58,"startTime":1514870154431,"result":"SUCCESS"}]}]},{"number":28,"description":"[1] {report\u003dTC04, logindomain\u003d/MerchantApiWeb/authenticateUser, domainurl\u003d/MerchantApiWeb/rest/secure/impersonation/user/financialData/terminalRental/getTerminalRentalList, status\u003derror, Message\u003dInvalid Source, ErrorCode\u003dMPVE00090, userName\u003dTestAutomationFDP3, password\u003dPassword@1, allianceCode\u003dFDP, AuthErrMessage\u003d, Authaccessdenied\u003d, AuthErrCause\u003d, currency\u003d, userType\u003d, pageNumber\u003d1, accountStatus\u003d, profile\u003d, firstName\u003d, lastName\u003d, posCode\u003d, posSubType\u003d, merchantType\u003d, fundId\u003d, invoiceLineItemId\u003d35595134, source\u003dFDP, pseudoUserName\u003dTheBatman}","duration":2409,"startTime":1514870159617,"result":"SUCCESS","children":[{"number":29,"description":"Given load request for getTerminalRentalListImpersonation \"/MerchantApiWeb/authenticateUser\" and \"/MerchantApiWeb/rest/secure/impersonation/user/financialData/terminalRental/getTerminalRentalList\" and \"TC04\" and \"TestAutomationFDP3\" and \"Password@1\" and \"FDP\"","duration":1254,"startTime":1514870159636,"result":"SUCCESS","children":[{"number":30,"description":"Loadgetrequestdata: https://uat1.merchantportal.firstdata.eu/MerchantApiWeb/authenticateUser","duration":1,"startTime":1514870159753,"result":"SUCCESS"},{"number":31,"description":"Postrequest authenticate user: https://uat1.merchantportal.firstdata.eu/MerchantApiWeb/authenticateUser, TestAutomationFDP3, Password@1, FDP","duration":1102,"startTime":1514870159755,"result":"SUCCESS"},{"number":32,"description":"Loadgetrequestdata uniqueauthentication: https://uat1.merchantportal.firstdata.eu/MerchantApiWeb/rest/secure/impersonation/user/financialData/terminalRental/getTerminalRentalList","duration":0,"startTime":1514870160866,"result":"SUCCESS"}]},{"number":33,"description":"When post get request for getTerminalRentalListImpersonation \"1\" and \"\" and \"35595134\" and \"FDP\" and \"TheBatman\"","duration":928,"startTime":1514870160890,"result":"SUCCESS","children":[{"number":34,"description":"Post GET request get terminal rental list impersonation: https://uat1.merchantportal.firstdata.eu/MerchantApiWeb/rest/secure/impersonation/user/financialData/terminalRental/getTerminalRentalList, 1, , 35595134, FDP, TheBatman","duration":857,"startTime":1514870160904,"result":"SUCCESS"}]},{"number":35,"description":"Then verify getTerminalRentalListImpersonation response status \"error\" and \"MPVE00090\" and \"Invalid Source\" and \"\" and \"\" and \"\"","duration":207,"startTime":1514870161819,"result":"SUCCESS","children":[{"number":36,"description":"Verify Response","duration":57,"startTime":1514870161832,"result":"SUCCESS"}]}]},{"number":37,"description":"[1] {report\u003dTC05, logindomain\u003d/MerchantApiWeb/authenticateUser, domainurl\u003d/MerchantApiWeb/rest/secure/impersonation/user/financialData/terminalRental/getTerminalRentalList, status\u003derror, Message\u003dUsername does not exist, ErrorCode\u003dMPBE00004, userName\u003dTestAutomationFDP3, password\u003dPassword@1, allianceCode\u003dFDP, AuthErrMessage\u003d, Authaccessdenied\u003d, AuthErrCause\u003d, currency\u003d, userType\u003d, pageNumber\u003d1, accountStatus\u003d, profile\u003d, firstName\u003d, lastName\u003d, posCode\u003d, posSubType\u003d, merchantType\u003d, fundId\u003d, invoiceLineItemId\u003d35595134, source\u003dINVOICE, pseudoUserName\u003dTestahsgd}","duration":2554,"startTime":1514870165767,"result":"SUCCESS","children":[{"number":38,"description":"Given load request for getTerminalRentalListImpersonation \"/MerchantApiWeb/authenticateUser\" and \"/MerchantApiWeb/rest/secure/impersonation/user/financialData/terminalRental/getTerminalRentalList\" and \"TC05\" and \"TestAutomationFDP3\" and \"Password@1\" and \"FDP\"","duration":1309,"startTime":1514870165816,"result":"SUCCESS","children":[{"number":39,"description":"Loadgetrequestdata: https://uat1.merchantportal.firstdata.eu/MerchantApiWeb/authenticateUser","duration":0,"startTime":1514870165936,"result":"SUCCESS"},{"number":40,"description":"Postrequest authenticate user: https://uat1.merchantportal.firstdata.eu/MerchantApiWeb/authenticateUser, TestAutomationFDP3, Password@1, FDP","duration":1124,"startTime":1514870165937,"result":"SUCCESS"},{"number":41,"description":"Loadgetrequestdata uniqueauthentication: https://uat1.merchantportal.firstdata.eu/MerchantApiWeb/rest/secure/impersonation/user/financialData/terminalRental/getTerminalRentalList","duration":1,"startTime":1514870167094,"result":"SUCCESS"}]},{"number":42,"description":"When post get request for getTerminalRentalListImpersonation \"1\" and \"\" and \"35595134\" and \"INVOICE\" and \"Testahsgd\"","duration":974,"startTime":1514870167125,"result":"SUCCESS","children":[{"number":43,"description":"Post GET request get terminal rental list impersonation: https://uat1.merchantportal.firstdata.eu/MerchantApiWeb/rest/secure/impersonation/user/financialData/terminalRental/getTerminalRentalList, 1, , 35595134, INVOICE, Testahsgd","duration":893,"startTime":1514870167141,"result":"SUCCESS"}]},{"number":44,"description":"Then verify getTerminalRentalListImpersonation response status \"error\" and \"MPBE00004\" and \"Username does not exist\" and \"\" and \"\" and \"\"","duration":221,"startTime":1514870168100,"result":"SUCCESS","children":[{"number":45,"description":"Verify Response","duration":67,"startTime":1514870168113,"result":"SUCCESS"}]}]},{"number":46,"description":"[1] {report\u003dTC06, logindomain\u003d/MerchantApiWeb/authenticateUser, domainurl\u003d/MerchantApiWeb/rest/secure/impersonation/user/financialData/terminalRental/getTerminalRentalList, status\u003derror, Message\u003dUsername can\u0027t be empty, ErrorCode\u003dMPVE00001, userName\u003dTestAutomationFDP3, password\u003dPassword@1, allianceCode\u003dFDP, AuthErrMessage\u003d, Authaccessdenied\u003d, AuthErrCause\u003d, currency\u003d, userType\u003d, pageNumber\u003d1, accountStatus\u003d, profile\u003d, firstName\u003d, lastName\u003d, posCode\u003d, posSubType\u003d, merchantType\u003d, fundId\u003d, invoiceLineItemId\u003d35595134, source\u003dINVOICE, pseudoUserName\u003d}","duration":2583,"startTime":1514870172490,"result":"SUCCESS","children":[{"number":47,"description":"Given load request for getTerminalRentalListImpersonation \"/MerchantApiWeb/authenticateUser\" and \"/MerchantApiWeb/rest/secure/impersonation/user/financialData/terminalRental/getTerminalRentalList\" and \"TC06\" and \"TestAutomationFDP3\" and \"Password@1\" and \"FDP\"","duration":1297,"startTime":1514870172517,"result":"SUCCESS","children":[{"number":48,"description":"Loadgetrequestdata: https://uat1.merchantportal.firstdata.eu/MerchantApiWeb/authenticateUser","duration":0,"startTime":1514870172615,"result":"SUCCESS"},{"number":49,"description":"Postrequest authenticate user: https://uat1.merchantportal.firstdata.eu/MerchantApiWeb/authenticateUser, TestAutomationFDP3, Password@1, FDP","duration":1163,"startTime":1514870172616,"result":"SUCCESS"},{"number":50,"description":"Loadgetrequestdata uniqueauthentication: https://uat1.merchantportal.firstdata.eu/MerchantApiWeb/rest/secure/impersonation/user/financialData/terminalRental/getTerminalRentalList","duration":1,"startTime":1514870173786,"result":"SUCCESS"}]},{"number":51,"description":"When post get request for getTerminalRentalListImpersonation \"1\" and \"\" and \"35595134\" and \"INVOICE\" and \"\"","duration":1040,"startTime":1514870173815,"result":"SUCCESS","children":[{"number":52,"description":"Post GET request get terminal rental list impersonation: https://uat1.merchantportal.firstdata.eu/MerchantApiWeb/rest/secure/impersonation/user/financialData/terminalRental/getTerminalRentalList, 1, , 35595134, INVOICE, ","duration":961,"startTime":1514870173827,"result":"SUCCESS"}]},{"number":53,"description":"Then verify getTerminalRentalListImpersonation response status \"error\" and \"MPVE00001\" and \"Username can\u0027t be empty\" and \"\" and \"\" and \"\"","duration":217,"startTime":1514870174856,"result":"SUCCESS","children":[{"number":54,"description":"Verify Response","duration":79,"startTime":1514870174867,"result":"SUCCESS"}]}]},{"number":55,"description":"[1] {report\u003dTC07, logindomain\u003d/MerchantApiWeb/authenticateUser, domainurl\u003d/MerchantApiWeb/rest/secure/impersonation/user/financialData/terminalRental/getTerminalRentalList, status\u003derror, Message\u003dUsername should be greater than 8 and less than 50 characters, ErrorCode\u003dMPVE00002, userName\u003dTestAutomationFDP3, password\u003dPassword@1, allianceCode\u003dFDP, AuthErrMessage\u003d, Authaccessdenied\u003d, AuthErrCause\u003d, currency\u003d, userType\u003d, pageNumber\u003d1, accountStatus\u003d, profile\u003d, firstName\u003d, lastName\u003d, posCode\u003d, posSubType\u003d, merchantType\u003d, fundId\u003d, invoiceLineItemId\u003d35595134, source\u003dINVOICE, pseudoUserName\u003dTest}","duration":2861,"startTime":1514870178747,"result":"SUCCESS","children":[{"number":56,"description":"Given load request for getTerminalRentalListImpersonation \"/MerchantApiWeb/authenticateUser\" and \"/MerchantApiWeb/rest/secure/impersonation/user/financialData/terminalRental/getTerminalRentalList\" and \"TC07\" and \"TestAutomationFDP3\" and \"Password@1\" and \"FDP\"","duration":1504,"startTime":1514870178787,"result":"SUCCESS","children":[{"number":57,"description":"Loadgetrequestdata: https://uat1.merchantportal.firstdata.eu/MerchantApiWeb/authenticateUser","duration":0,"startTime":1514870178875,"result":"SUCCESS"},{"number":58,"description":"Postrequest authenticate user: https://uat1.merchantportal.firstdata.eu/MerchantApiWeb/authenticateUser, TestAutomationFDP3, Password@1, FDP","duration":1376,"startTime":1514870178877,"result":"SUCCESS"},{"number":59,"description":"Loadgetrequestdata uniqueauthentication: https://uat1.merchantportal.firstdata.eu/MerchantApiWeb/rest/secure/impersonation/user/financialData/terminalRental/getTerminalRentalList","duration":1,"startTime":1514870180263,"result":"SUCCESS"}]},{"number":60,"description":"When post get request for getTerminalRentalListImpersonation \"1\" and \"\" and \"35595134\" and \"INVOICE\" and \"Test\"","duration":1047,"startTime":1514870180291,"result":"SUCCESS","children":[{"number":61,"description":"Post GET request get terminal rental list impersonation: https://uat1.merchantportal.firstdata.eu/MerchantApiWeb/rest/secure/impersonation/user/financialData/terminalRental/getTerminalRentalList, 1, , 35595134, INVOICE, Test","duration":985,"startTime":1514870180304,"result":"SUCCESS"}]},{"number":62,"description":"Then verify getTerminalRentalListImpersonation response status \"error\" and \"MPVE00002\" and \"Username should be greater than 8 and less than 50 characters\" and \"\" and \"\" and \"\"","duration":269,"startTime":1514870181339,"result":"SUCCESS","children":[{"number":63,"description":"Verify Response","duration":92,"startTime":1514870181350,"result":"SUCCESS"}]}]},{"number":64,"description":"[1] {report\u003dTC08, logindomain\u003d/MerchantApiWeb/authenticateUser, domainurl\u003d/MerchantApiWeb/rest/secure/impersonation/user/financialData/terminalRental/getTerminalRentalList, status\u003derror, Message\u003dUsername should be greater than 8 and less than 50 characters, ErrorCode\u003dMPVE00002, userName\u003dTestAutomationFDP3, password\u003dPassword@1, allianceCode\u003dFDP, AuthErrMessage\u003d, Authaccessdenied\u003d, AuthErrCause\u003d, currency\u003d, userType\u003d, pageNumber\u003d1, accountStatus\u003d, profile\u003d, firstName\u003d, lastName\u003d, posCode\u003d, posSubType\u003d, merchantType\u003d, fundId\u003d, invoiceLineItemId\u003d35595134, source\u003dINVOICE, pseudoUserName\u003dTest12345678912456779812345648789123456789123456879456}","duration":2462,"startTime":1514870185141,"result":"SUCCESS","children":[{"number":65,"description":"Given load request for getTerminalRentalListImpersonation \"/MerchantApiWeb/authenticateUser\" and \"/MerchantApiWeb/rest/secure/impersonation/user/financialData/terminalRental/getTerminalRentalList\" and \"TC08\" and \"TestAutomationFDP3\" and \"Password@1\" and \"FDP\"","duration":1250,"startTime":1514870185170,"result":"SUCCESS","children":[{"number":66,"description":"Loadgetrequestdata: https://uat1.merchantportal.firstdata.eu/MerchantApiWeb/authenticateUser","duration":0,"startTime":1514870185254,"result":"SUCCESS"},{"number":67,"description":"Postrequest authenticate user: https://uat1.merchantportal.firstdata.eu/MerchantApiWeb/authenticateUser, TestAutomationFDP3, Password@1, FDP","duration":1119,"startTime":1514870185255,"result":"SUCCESS"},{"number":68,"description":"Loadgetrequestdata uniqueauthentication: https://uat1.merchantportal.firstdata.eu/MerchantApiWeb/rest/secure/impersonation/user/financialData/terminalRental/getTerminalRentalList","duration":1,"startTime":1514870186385,"result":"SUCCESS"}]},{"number":69,"description":"When post get request for getTerminalRentalListImpersonation \"1\" and \"\" and \"35595134\" and \"INVOICE\" and \"Test12345678912456779812345648789123456789123456879456\"","duration":921,"startTime":1514870186421,"result":"SUCCESS","children":[{"number":70,"description":"Post GET request get terminal rental list impersonation: https://uat1.merchantportal.firstdata.eu/MerchantApiWeb/rest/secure/impersonation/user/financialData/terminalRental/getTerminalRentalList, 1, , 35595134, INVOICE, Test12345678912456779812345648789123456789123456879456","duration":843,"startTime":1514870186434,"result":"SUCCESS"}]},{"number":71,"description":"Then verify getTerminalRentalListImpersonation response status \"error\" and \"MPVE00002\" and \"Username should be greater than 8 and less than 50 characters\" and \"\" and \"\" and \"\"","duration":261,"startTime":1514870187342,"result":"SUCCESS","children":[{"number":72,"description":"Verify Response","duration":64,"startTime":1514870187353,"result":"SUCCESS"}]}]},{"number":73,"description":"[1] {report\u003dTC09, logindomain\u003d/MerchantApiWeb/authenticateUser, domainurl\u003d/MerchantApiWeb/rest/secure/impersonation/user/financialData/terminalRental/getTerminalRentalList, status\u003derror, Message\u003dUsername contain special characters or empty spaces, ErrorCode\u003dMPVE00003, userName\u003dTestAutomationFDP3, password\u003dPassword@1, allianceCode\u003dFDP, AuthErrMessage\u003d, Authaccessdenied\u003d, AuthErrCause\u003d, currency\u003d, userType\u003d, pageNumber\u003d1, accountStatus\u003d, profile\u003d, firstName\u003d, lastName\u003d, posCode\u003d, posSubType\u003d, merchantType\u003d, fundId\u003d, invoiceLineItemId\u003d35595134, source\u003dINVOICE, pseudoUserName\u003dTest!@#$%}","duration":2597,"startTime":1514870191219,"result":"SUCCESS","children":[{"number":74,"description":"Given load request for getTerminalRentalListImpersonation \"/MerchantApiWeb/authenticateUser\" and \"/MerchantApiWeb/rest/secure/impersonation/user/financialData/terminalRental/getTerminalRentalList\" and \"TC09\" and \"TestAutomationFDP3\" and \"Password@1\" and \"FDP\"","duration":1350,"startTime":1514870191242,"result":"SUCCESS","children":[{"number":75,"description":"Loadgetrequestdata: https://uat1.merchantportal.firstdata.eu/MerchantApiWeb/authenticateUser","duration":1,"startTime":1514870191341,"result":"SUCCESS"},{"number":76,"description":"Postrequest authenticate user: https://uat1.merchantportal.firstdata.eu/MerchantApiWeb/authenticateUser, TestAutomationFDP3, Password@1, FDP","duration":1201,"startTime":1514870191343,"result":"SUCCESS"},{"number":77,"description":"Loadgetrequestdata uniqueauthentication: https://uat1.merchantportal.firstdata.eu/MerchantApiWeb/rest/secure/impersonation/user/financialData/terminalRental/getTerminalRentalList","duration":1,"startTime":1514870192559,"result":"SUCCESS"}]},{"number":78,"description":"When post get request for getTerminalRentalListImpersonation \"1\" and \"\" and \"35595134\" and \"INVOICE\" and \"Test!@#$%\"","duration":1003,"startTime":1514870192593,"result":"SUCCESS","children":[{"number":79,"description":"Post GET request get terminal rental list impersonation: https://uat1.merchantportal.firstdata.eu/MerchantApiWeb/rest/secure/impersonation/user/financialData/terminalRental/getTerminalRentalList, 1, , 35595134, INVOICE, Test!@#$%","duration":936,"startTime":1514870192607,"result":"SUCCESS"}]},{"number":80,"description":"Then verify getTerminalRentalListImpersonation response status \"error\" and \"MPVE00003\" and \"Username contain special characters or empty spaces\" and \"\" and \"\" and \"\"","duration":219,"startTime":1514870193597,"result":"SUCCESS","children":[{"number":81,"description":"Verify Response","duration":76,"startTime":1514870193611,"result":"SUCCESS"}]}]},{"number":82,"description":"[1] {report\u003dTC10, logindomain\u003d/MerchantApiWeb/authenticateUser, domainurl\u003d/MerchantApiWeb/rest/secure/impersonation/user/financialData/terminalRental/getTerminalRentalList, status\u003derror, Message\u003dUsername contain special characters or empty spaces, ErrorCode\u003dMPVE00003, userName\u003dTestAutomationFDP3, password\u003dPassword@1, allianceCode\u003dFDP, AuthErrMessage\u003d, Authaccessdenied\u003d, AuthErrCause\u003d, currency\u003d, userType\u003d, pageNumber\u003d1, accountStatus\u003d, profile\u003d, firstName\u003d, lastName\u003d, posCode\u003d, posSubType\u003d, merchantType\u003d, fundId\u003d, invoiceLineItemId\u003d35595134, source\u003dINVOICE, pseudoUserName\u003dTest Automation}","duration":2612,"startTime":1514870197786,"result":"SUCCESS","children":[{"number":83,"description":"Given load request for getTerminalRentalListImpersonation \"/MerchantApiWeb/authenticateUser\" and \"/MerchantApiWeb/rest/secure/impersonation/user/financialData/terminalRental/getTerminalRentalList\" and \"TC10\" and \"TestAutomationFDP3\" and \"Password@1\" and \"FDP\"","duration":1304,"startTime":1514870197801,"result":"SUCCESS","children":[{"number":84,"description":"Loadgetrequestdata: https://uat1.merchantportal.firstdata.eu/MerchantApiWeb/authenticateUser","duration":0,"startTime":1514870197887,"result":"SUCCESS"},{"number":85,"description":"Postrequest authenticate user: https://uat1.merchantportal.firstdata.eu/MerchantApiWeb/authenticateUser, TestAutomationFDP3, Password@1, FDP","duration":1181,"startTime":1514870197889,"result":"SUCCESS"},{"number":86,"description":"Loadgetrequestdata uniqueauthentication: https://uat1.merchantportal.firstdata.eu/MerchantApiWeb/rest/secure/impersonation/user/financialData/terminalRental/getTerminalRentalList","duration":1,"startTime":1514870199078,"result":"SUCCESS"}]},{"number":87,"description":"When post get request for getTerminalRentalListImpersonation \"1\" and \"\" and \"35595134\" and \"INVOICE\" and \"Test Automation\"","duration":912,"startTime":1514870199106,"result":"SUCCESS","children":[{"number":88,"description":"Post GET request get terminal rental list impersonation: https://uat1.merchantportal.firstdata.eu/MerchantApiWeb/rest/secure/impersonation/user/financialData/terminalRental/getTerminalRentalList, 1, , 35595134, INVOICE, Test Automation","duration":842,"startTime":1514870199118,"result":"SUCCESS"}]},{"number":89,"description":"Then verify getTerminalRentalListImpersonation response status \"error\" and \"MPVE00003\" and \"Username contain special characters or empty spaces\" and \"\" and \"\" and \"\"","duration":379,"startTime":1514870200019,"result":"SUCCESS","children":[{"number":90,"description":"Verify Response","duration":64,"startTime":1514870200032,"result":"SUCCESS"}]}]}],"userStory":{"id":"merchant-portal-application-api-validation","storyName":"Merchant Portal application API validation","path":"APIupdate.feature","type":"feature"},"featureTag":{"name":"Merchant Portal application API validation","type":"feature"},"title":"Verify the API retrieves the Terminal Rental List of the impersonated user","description":"","tags":[{"name":"getTerminalRentalListImpersonation","type":"tag"}],"startTime":1514870132872,"duration":67526,"dataTable":{"headers":["report","logindomain","domainurl","status","Message","ErrorCode","userName","password","allianceCode","AuthErrMessage","Authaccessdenied","AuthErrCause","currency","userType","pageNumber","accountStatus","profile","firstName","lastName","posCode","posSubType","merchantType","fundId","invoiceLineItemId","source","pseudoUserName"],"rows":[{"values":["TC01","/MerchantApiWeb/authenticateUser","/MerchantApiWeb/rest/secure/impersonation/user/financialData/terminalRental/getTerminalRentalList","success","","","TestAutomationFDP3","Password@1","FDP","","","","","","1","","","","","","","","","35595134","INVOICE","TheBatman"],"result":"SUCCESS"},{"values":["TC02","/MerchantApiWeb/authenticateUser","/MerchantApiWeb/rest/secure/impersonation/user/financialData/terminalRental/getTerminalRentalList","error","Page no should be numeric","MPVE00032","TestAutomationFDP3","Password@1","FDP","","","","","","A","","","","","","","","","35595134","INVOICE","TheBatman"],"result":"SUCCESS"},{"values":["TC03","/MerchantApiWeb/authenticateUser","/MerchantApiWeb/rest/secure/impersonation/user/financialData/terminalRental/getTerminalRentalList","error","InvoiceLineItemId is required","MPVE00117","TestAutomationFDP3","Password@1","FDP","","","","","","1","","","","","","","","","","INVOICE","TheBatman"],"result":"SUCCESS"},{"values":["TC04","/MerchantApiWeb/authenticateUser","/MerchantApiWeb/rest/secure/impersonation/user/financialData/terminalRental/getTerminalRentalList","error","Invalid Source","MPVE00090","TestAutomationFDP3","Password@1","FDP","","","","","","1","","","","","","","","","35595134","FDP","TheBatman"],"result":"SUCCESS"},{"values":["TC05","/MerchantApiWeb/authenticateUser","/MerchantApiWeb/rest/secure/impersonation/user/financialData/terminalRental/getTerminalRentalList","error","Username does not exist","MPBE00004","TestAutomationFDP3","Password@1","FDP","","","","","","1","","","","","","","","","35595134","INVOICE","Testahsgd"],"result":"SUCCESS"},{"values":["TC06","/MerchantApiWeb/authenticateUser","/MerchantApiWeb/rest/secure/impersonation/user/financialData/terminalRental/getTerminalRentalList","error","Username can\u0027t be empty","MPVE00001","TestAutomationFDP3","Password@1","FDP","","","","","","1","","","","","","","","","35595134","INVOICE",""],"result":"SUCCESS"},{"values":["TC07","/MerchantApiWeb/authenticateUser","/MerchantApiWeb/rest/secure/impersonation/user/financialData/terminalRental/getTerminalRentalList","error","Username should be greater than 8 and less than 50 characters","MPVE00002","TestAutomationFDP3","Password@1","FDP","","","","","","1","","","","","","","","","35595134","INVOICE","Test"],"result":"SUCCESS"},{"values":["TC08","/MerchantApiWeb/authenticateUser","/MerchantApiWeb/rest/secure/impersonation/user/financialData/terminalRental/getTerminalRentalList","error","Username should be greater than 8 and less than 50 characters","MPVE00002","TestAutomationFDP3","Password@1","FDP","","","","","","1","","","","","","","","","35595134","INVOICE","Test12345678912456779812345648789123456789123456879456"],"result":"SUCCESS"},{"values":["TC09","/MerchantApiWeb/authenticateUser","/MerchantApiWeb/rest/secure/impersonation/user/financialData/terminalRental/getTerminalRentalList","error","Username contain special characters or empty spaces","MPVE00003","TestAutomationFDP3","Password@1","FDP","","","","","","1","","","","","","","","","35595134","INVOICE","Test!@#$%"],"result":"SUCCESS"},{"values":["TC10","/MerchantApiWeb/authenticateUser","/MerchantApiWeb/rest/secure/impersonation/user/financialData/terminalRental/getTerminalRentalList","error","Username contain special characters or empty spaces","MPVE00003","TestAutomationFDP3","Password@1","FDP","","","","","","1","","","","","","","","","35595134","INVOICE","Test Automation"],"result":"SUCCESS"}],"predefinedRows":true,"dataSetDescriptors":[{"startRow":0,"rowCount":0,"name":"","description":""}]},"manual":false,"testSource":"Cucumber","result":"SUCCESS"}