{"name":"Verify the api updates the status of a message","testSteps":[{"number":1,"description":"[1] {report\u003dTC01, logindomain\u003d/MerchantApiWeb/authenticateUser, domainurl\u003d/MerchantApiWeb/rest/secure/user/message/updateMessagesStatus, status\u003dsuccess, Message\u003d, ErrorCode\u003d, userName\u003dTestAutomation22, password\u003dPassword@1, allianceCode\u003dEMS, AuthErrMessage\u003d, Authaccessdenied\u003d, AuthErrCause\u003d, currency\u003d, userType\u003d, pageNumber\u003d, accountStatus\u003d, profile\u003d, firstName\u003d, lastName\u003d, period\u003d, fromDate\u003d, toDate\u003d, invoiceId\u003d, gsmTopUpFromDate\u003d, gsmTopUpToDate\u003d, messageIdList1\u003d1023862, updatemessagestatus\u003dR}","duration":2530,"startTime":1514872158940,"result":"SUCCESS","children":[{"number":2,"description":"Given load request for updateMessagesStatus \"/MerchantApiWeb/authenticateUser\" and \"/MerchantApiWeb/rest/secure/user/message/updateMessagesStatus\" and \"TC01\" and \"TestAutomation22\" and \"Password@1\" and \"EMS\"","duration":1303,"startTime":1514872158953,"result":"SUCCESS","children":[{"number":3,"description":"Loadgetrequestdata: https://uat1.merchantportal.firstdata.eu/MerchantApiWeb/authenticateUser","duration":1,"startTime":1514872159155,"result":"SUCCESS"},{"number":4,"description":"Postrequest authenticate user: https://uat1.merchantportal.firstdata.eu/MerchantApiWeb/authenticateUser, TestAutomation22, Password@1, EMS","duration":1070,"startTime":1514872159157,"result":"SUCCESS"},{"number":5,"description":"Loadgetrequestdata requestwithbody: https://uat1.merchantportal.firstdata.eu/MerchantApiWeb/rest/secure/user/message/updateMessagesStatus","duration":0,"startTime":1514872160236,"result":"SUCCESS"}]},{"number":6,"description":"When post request for updateMessagesStatus \"1023862\" and \"R\"","duration":1086,"startTime":1514872160256,"result":"SUCCESS","children":[{"number":7,"description":"Postrequest update messages status: https://uat1.merchantportal.firstdata.eu/MerchantApiWeb/rest/secure/user/message/updateMessagesStatus, 1023862, R","duration":1029,"startTime":1514872160268,"result":"SUCCESS"}]},{"number":8,"description":"Then verify updateMessagesStatus response status \"success\" and \"\" and \"\" and \"\" and \"\" and \"\"","duration":127,"startTime":1514872161343,"result":"SUCCESS","children":[{"number":9,"description":"Verify Response","duration":69,"startTime":1514872161355,"result":"SUCCESS"}]}]},{"number":10,"description":"[1] {report\u003dTC04, logindomain\u003d/MerchantApiWeb/authenticateUser, domainurl\u003d/MerchantApiWeb/rest/secure/user/message/updateMessagesStatus, status\u003derror, Message\u003dEnter a valid readStatus,R-Read or A-Archive, ErrorCode\u003dMPVE00028, userName\u003dTestAutomation22, password\u003dPassword@1, allianceCode\u003dEMS, AuthErrMessage\u003d, Authaccessdenied\u003d, AuthErrCause\u003d, currency\u003d, userType\u003d, pageNumber\u003d, accountStatus\u003d, profile\u003d, firstName\u003d, lastName\u003d, period\u003d, fromDate\u003d, toDate\u003d, invoiceId\u003d, gsmTopUpFromDate\u003d, gsmTopUpToDate\u003d, messageIdList1\u003d1023862, updatemessagestatus\u003dB}","duration":2941,"startTime":1514872165719,"result":"SUCCESS","children":[{"number":11,"description":"Given load request for updateMessagesStatus \"/MerchantApiWeb/authenticateUser\" and \"/MerchantApiWeb/rest/secure/user/message/updateMessagesStatus\" and \"TC04\" and \"TestAutomation22\" and \"Password@1\" and \"EMS\"","duration":1407,"startTime":1514872165782,"result":"SUCCESS","children":[{"number":12,"description":"Loadgetrequestdata: https://uat1.merchantportal.firstdata.eu/MerchantApiWeb/authenticateUser","duration":0,"startTime":1514872165927,"result":"SUCCESS"},{"number":13,"description":"Postrequest authenticate user: https://uat1.merchantportal.firstdata.eu/MerchantApiWeb/authenticateUser, TestAutomation22, Password@1, EMS","duration":1217,"startTime":1514872165928,"result":"SUCCESS"},{"number":14,"description":"Loadgetrequestdata requestwithbody: https://uat1.merchantportal.firstdata.eu/MerchantApiWeb/rest/secure/user/message/updateMessagesStatus","duration":1,"startTime":1514872167165,"result":"SUCCESS"}]},{"number":15,"description":"When post request for updateMessagesStatus \"1023862\" and \"B\"","duration":1041,"startTime":1514872167189,"result":"SUCCESS","children":[{"number":16,"description":"Postrequest update messages status: https://uat1.merchantportal.firstdata.eu/MerchantApiWeb/rest/secure/user/message/updateMessagesStatus, 1023862, B","duration":961,"startTime":1514872167204,"result":"SUCCESS"}]},{"number":17,"description":"Then verify updateMessagesStatus response status \"error\" and \"MPVE00028\" and \"Enter a valid readStatus,R-Read or A-Archive\" and \"\" and \"\" and \"\"","duration":430,"startTime":1514872168230,"result":"SUCCESS","children":[{"number":18,"description":"Verify Response","duration":80,"startTime":1514872168249,"result":"SUCCESS"}]}]},{"number":19,"description":"[1] {report\u003dTC05, logindomain\u003d/MerchantApiWeb/authenticateUser, domainurl\u003d/MerchantApiWeb/rest/secure/user/message/updateMessagesStatus, status\u003derror, Message\u003dEnter a valid msgID, ErrorCode\u003dMPBE00028, userName\u003dTestAutomation22, password\u003dPassword@1, allianceCode\u003dEMS, AuthErrMessage\u003d, Authaccessdenied\u003d, AuthErrCause\u003d, currency\u003d, userType\u003d, pageNumber\u003d, accountStatus\u003d, profile\u003d, firstName\u003d, lastName\u003d, period\u003d, fromDate\u003d, toDate\u003d, invoiceId\u003d, gsmTopUpFromDate\u003d, gsmTopUpToDate\u003d, messageIdList1\u003d1234567, updatemessagestatus\u003dR}","duration":2455,"startTime":1514872172701,"result":"SUCCESS","children":[{"number":20,"description":"Given load request for updateMessagesStatus \"/MerchantApiWeb/authenticateUser\" and \"/MerchantApiWeb/rest/secure/user/message/updateMessagesStatus\" and \"TC05\" and \"TestAutomation22\" and \"Password@1\" and \"EMS\"","duration":1328,"startTime":1514872172714,"result":"SUCCESS","children":[{"number":21,"description":"Loadgetrequestdata: https://uat1.merchantportal.firstdata.eu/MerchantApiWeb/authenticateUser","duration":1,"startTime":1514872172783,"result":"SUCCESS"},{"number":22,"description":"Postrequest authenticate user: https://uat1.merchantportal.firstdata.eu/MerchantApiWeb/authenticateUser, TestAutomation22, Password@1, EMS","duration":1227,"startTime":1514872172785,"result":"SUCCESS"},{"number":23,"description":"Loadgetrequestdata requestwithbody: https://uat1.merchantportal.firstdata.eu/MerchantApiWeb/rest/secure/user/message/updateMessagesStatus","duration":0,"startTime":1514872174020,"result":"SUCCESS"}]},{"number":24,"description":"When post request for updateMessagesStatus \"1234567\" and \"R\"","duration":941,"startTime":1514872174042,"result":"SUCCESS","children":[{"number":25,"description":"Postrequest update messages status: https://uat1.merchantportal.firstdata.eu/MerchantApiWeb/rest/secure/user/message/updateMessagesStatus, 1234567, R","duration":874,"startTime":1514872174057,"result":"SUCCESS"}]},{"number":26,"description":"Then verify updateMessagesStatus response status \"error\" and \"MPBE00028\" and \"Enter a valid msgID\" and \"\" and \"\" and \"\"","duration":172,"startTime":1514872174984,"result":"SUCCESS","children":[{"number":27,"description":"Verify Response","duration":51,"startTime":1514872174996,"result":"SUCCESS"}]}]}],"userStory":{"id":"merchant-portal-application-api-validation","storyName":"Merchant Portal application API validation","path":"APIupdate.feature","type":"feature"},"featureTag":{"name":"Merchant Portal application API validation","type":"feature"},"title":"Verify the api updates the status of a message","description":"","tags":[{"name":"updateMessagesStatus","type":"tag"}],"startTime":1514872158940,"duration":16216,"dataTable":{"headers":["report","logindomain","domainurl","status","Message","ErrorCode","userName","password","allianceCode","AuthErrMessage","Authaccessdenied","AuthErrCause","currency","userType","pageNumber","accountStatus","profile","firstName","lastName","period","fromDate","toDate","invoiceId","gsmTopUpFromDate","gsmTopUpToDate","messageIdList1","updatemessagestatus"],"rows":[{"values":["TC01","/MerchantApiWeb/authenticateUser","/MerchantApiWeb/rest/secure/user/message/updateMessagesStatus","success","","","TestAutomation22","Password@1","EMS","","","","","","","","","","","","","","","","","1023862","R"],"result":"SUCCESS"},{"values":["TC04","/MerchantApiWeb/authenticateUser","/MerchantApiWeb/rest/secure/user/message/updateMessagesStatus","error","Enter a valid readStatus,R-Read or A-Archive","MPVE00028","TestAutomation22","Password@1","EMS","","","","","","","","","","","","","","","","","1023862","B"],"result":"SUCCESS"},{"values":["TC05","/MerchantApiWeb/authenticateUser","/MerchantApiWeb/rest/secure/user/message/updateMessagesStatus","error","Enter a valid msgID","MPBE00028","TestAutomation22","Password@1","EMS","","","","","","","","","","","","","","","","","1234567","R"],"result":"SUCCESS"}],"predefinedRows":true,"dataSetDescriptors":[{"startRow":0,"rowCount":0,"name":"","description":""}]},"manual":false,"testSource":"Cucumber","result":"SUCCESS"}