{"name":"Verify the api retrieves the list of the batches","testSteps":[{"number":1,"description":"[1] {report\u003dTC01, logindomain\u003d/MerchantApiWeb/authenticateUser, domainurl\u003d/MerchantApiWeb/rest/secure/user/financialData/batch/getBatchList, status\u003dsuccess, Message\u003d, ErrorCode\u003d, userName\u003dTheBatman, password\u003dPass123!, allianceCode\u003dFDP, AuthErrMessage\u003d, Authaccessdenied\u003d, AuthErrCause\u003d, currency\u003d, userType\u003d, pageNumber\u003d1, accountStatus\u003d, profile\u003d, firstName\u003d, lastName\u003d, period\u003d, fileType\u003dCSV, delimiter\u003d,}","duration":70615,"startTime":1514870897740,"result":"SUCCESS","children":[{"number":2,"description":"Given load request for getBatchList \"/MerchantApiWeb/authenticateUser\" and \"/MerchantApiWeb/rest/secure/user/financialData/batch/getBatchList\" and \"TC01\" and \"TheBatman\" and \"Pass123!\" and \"FDP\"","duration":4600,"startTime":1514870897769,"result":"SUCCESS","children":[{"number":3,"description":"Loadgetrequestdata: https://uat1.merchantportal.firstdata.eu/MerchantApiWeb/authenticateUser","duration":0,"startTime":1514870898008,"result":"SUCCESS"},{"number":4,"description":"Postrequest authenticate user: https://uat1.merchantportal.firstdata.eu/MerchantApiWeb/authenticateUser, TheBatman, Pass123!, FDP","duration":4328,"startTime":1514870898010,"result":"SUCCESS"},{"number":5,"description":"Loadgetrequestdata uniqueauthentication: https://uat1.merchantportal.firstdata.eu/MerchantApiWeb/rest/secure/user/financialData/batch/getBatchList","duration":1,"startTime":1514870902346,"result":"SUCCESS"}]},{"number":6,"description":"When post get request for getBatchList","duration":65686,"startTime":1514870902370,"result":"SUCCESS","children":[{"number":7,"description":"Post GET request get batch list: https://uat1.merchantportal.firstdata.eu/MerchantApiWeb/rest/secure/user/financialData/batch/getBatchList","duration":65585,"startTime":1514870902382,"result":"SUCCESS"}]},{"number":8,"description":"Then verify getBatchList response status \"success\" and \"\" and \"\" and \"\" and \"\" and \"\"","duration":299,"startTime":1514870968056,"result":"SUCCESS","children":[{"number":9,"description":"Verify Response","duration":217,"startTime":1514870968073,"result":"SUCCESS"}]}]}],"userStory":{"id":"merchant-portal-application-api-validation","storyName":"Merchant Portal application API validation","path":"APIupdate.feature","type":"feature"},"featureTag":{"name":"Merchant Portal application API validation","type":"feature"},"title":"Verify the api retrieves the list of the batches","description":"","tags":[{"name":"getBatchList","type":"tag"}],"startTime":1514870897740,"duration":70615,"dataTable":{"headers":["report","logindomain","domainurl","status","Message","ErrorCode","userName","password","allianceCode","AuthErrMessage","Authaccessdenied","AuthErrCause","currency","userType","pageNumber","accountStatus","profile","firstName","lastName","period","fileType","delimiter"],"rows":[{"values":["TC01","/MerchantApiWeb/authenticateUser","/MerchantApiWeb/rest/secure/user/financialData/batch/getBatchList","success","","","TheBatman","Pass123!","FDP","","","","","","1","","","","","","CSV",","],"result":"SUCCESS"}],"predefinedRows":true,"dataSetDescriptors":[{"startRow":0,"rowCount":0,"name":"","description":""}]},"manual":false,"testSource":"Cucumber","result":"SUCCESS"}