{"name":"Verify the api retrieves the details of the device list by last upload date","testSteps":[{"number":1,"description":"[1] {report\u003dTC01, logindomain\u003d/MerchantApiWeb/authenticateUser, domainurl\u003d/MerchantApiWeb/rest/secure/user/devices/getDeviceListByLastUploadDate, status\u003dsuccess, Message\u003d, ErrorCode\u003d, userName\u003dTheBatman, password\u003dPass123!, allianceCode\u003dFDP, AuthErrMessage\u003d, Authaccessdenied\u003d, AuthErrCause\u003d, currency\u003d, userType\u003d, pageNumber\u003d, accountStatus\u003d, profile\u003d, firstName\u003d, lastName\u003d, period\u003d}","duration":7334,"startTime":1514870315397,"result":"SUCCESS","children":[{"number":2,"description":"Given load request for getDeviceListByLastUploadDate \"/MerchantApiWeb/authenticateUser\" and \"/MerchantApiWeb/rest/secure/user/devices/getDeviceListByLastUploadDate\" and \"TC01\" and \"TheBatman\" and \"Pass123!\" and \"FDP\"","duration":4487,"startTime":1514870315411,"result":"SUCCESS","children":[{"number":3,"description":"Loadgetrequestdata: https://uat1.merchantportal.firstdata.eu/MerchantApiWeb/authenticateUser","duration":1,"startTime":1514870315495,"result":"SUCCESS"},{"number":4,"description":"Postrequest authenticate user: https://uat1.merchantportal.firstdata.eu/MerchantApiWeb/authenticateUser, TheBatman, Pass123!, FDP","duration":4355,"startTime":1514870315498,"result":"SUCCESS"},{"number":5,"description":"Loadgetrequestdata uniqueauthentication: https://uat1.merchantportal.firstdata.eu/MerchantApiWeb/rest/secure/user/devices/getDeviceListByLastUploadDate","duration":0,"startTime":1514870319869,"result":"SUCCESS"}]},{"number":6,"description":"When post get request for getDeviceListByLastUploadDate","duration":2708,"startTime":1514870319899,"result":"SUCCESS","children":[{"number":7,"description":"Post GET request get device list by last upload date: https://uat1.merchantportal.firstdata.eu/MerchantApiWeb/rest/secure/user/devices/getDeviceListByLastUploadDate","duration":2642,"startTime":1514870319912,"result":"SUCCESS"}]},{"number":8,"description":"Then verify getDeviceListByLastUploadDate response status \"success\" and \"\" and \"\" and \"\" and \"\" and \"\"","duration":124,"startTime":1514870322607,"result":"SUCCESS","children":[{"number":9,"description":"Verify Response","duration":67,"startTime":1514870322617,"result":"SUCCESS"}]}]}],"userStory":{"id":"merchant-portal-application-api-validation","storyName":"Merchant Portal application API validation","path":"APIupdate.feature","type":"feature"},"featureTag":{"name":"Merchant Portal application API validation","type":"feature"},"title":"Verify the api retrieves the details of the device list by last upload date","description":"","tags":[{"name":"getDeviceListByLastUploadDate","type":"tag"}],"startTime":1514870315396,"duration":7335,"dataTable":{"headers":["report","logindomain","domainurl","status","Message","ErrorCode","userName","password","allianceCode","AuthErrMessage","Authaccessdenied","AuthErrCause","currency","userType","pageNumber","accountStatus","profile","firstName","lastName","period"],"rows":[{"values":["TC01","/MerchantApiWeb/authenticateUser","/MerchantApiWeb/rest/secure/user/devices/getDeviceListByLastUploadDate","success","","","TheBatman","Pass123!","FDP","","","","","","","","","","",""],"result":"SUCCESS"}],"predefinedRows":true,"dataSetDescriptors":[{"startRow":0,"rowCount":0,"name":"","description":""}]},"manual":false,"testSource":"Cucumber","result":"SUCCESS"}