{"name":"applicationinfo","testSteps":[{"number":1,"description":"[1] {report\u003dTC01, domainurl\u003d/MerchantApiWeb/rest/applicationInfo, status\u003dsuccess, Message\u003d, ErrorCode\u003d, userName\u003d, password\u003d, allianceCode\u003d, AuthErrMessage\u003d, Authaccessdenied\u003d, AuthErrCause\u003d, currency\u003d, userType\u003d, pageNumber\u003d, accountStatus\u003d, profile\u003d, firstName\u003d, lastName\u003d}","duration":13307,"startTime":1514450077668,"result":"SUCCESS","children":[{"number":2,"description":"Given load request for application info \"/MerchantApiWeb/rest/applicationInfo\" and \"TC01\"","duration":571,"startTime":1514450078756,"result":"SUCCESS","children":[{"number":3,"description":"Loadgetrequestdata: https://uat1.merchantportal.firstdata.eu/MerchantApiWeb/rest/applicationInfo","duration":17,"startTime":1514450079264,"result":"SUCCESS"}]},{"number":4,"description":"When post get request for application info","duration":10608,"startTime":1514450079332,"result":"SUCCESS","children":[{"number":5,"description":"Post GET request applicationinfo: https://uat1.merchantportal.firstdata.eu/MerchantApiWeb/rest/applicationInfo","duration":10417,"startTime":1514450079374,"result":"SUCCESS"}]},{"number":6,"description":"Then verify application info response status \"success\" and \"\" and \"\" and \"\" and \"\" and \"\"","duration":1033,"startTime":1514450089942,"result":"SUCCESS","children":[{"number":7,"description":"Verify Response","duration":906,"startTime":1514450089992,"result":"SUCCESS"}]}]}],"userStory":{"id":"merchant-portal-application-api-validation","storyName":"Merchant Portal application API validation","path":"APIupdate.feature","type":"feature"},"featureTag":{"name":"Merchant Portal application API validation","type":"feature"},"title":"Applicationinfo","description":"","tags":[{"name":"applicationinfo","type":"tag"}],"startTime":1514450077475,"duration":13500,"dataTable":{"headers":["report","domainurl","status","Message","ErrorCode","userName","password","allianceCode","AuthErrMessage","Authaccessdenied","AuthErrCause","currency","userType","pageNumber","accountStatus","profile","firstName","lastName"],"rows":[{"values":["TC01","/MerchantApiWeb/rest/applicationInfo","success","","","","","","","","","","","","","","",""],"result":"SUCCESS"}],"predefinedRows":true,"dataSetDescriptors":[{"startRow":0,"rowCount":0,"name":"","description":""}]},"manual":false,"testSource":"Cucumber","result":"SUCCESS"}