{"name":"Verify the api performs the voidAuthorisation","testSteps":[{"number":1,"description":"[1] {report\u003dTC01, logindomain\u003d/MerchantApiWeb/authenticateUser, domainurl\u003d/MerchantApiWeb/rest/secure/user/financialData/authorisation/void, sendpasscodedomain\u003d/MerchantApiWeb/rest/sendPasscode, status\u003dsuccess, Message\u003d, ErrorCode\u003d, userName\u003dTestAutomation22, password\u003dPassword@1, allianceCode\u003dEMS, AuthErrMessage\u003d, Authaccessdenied\u003d, AuthErrCause\u003d, currency\u003dEUR, userType\u003d, pageNumber\u003d1, accountStatus\u003d, profile\u003d, firstName\u003d, lastName\u003d, period\u003d, fromDate\u003d2016-11-02, toDate\u003d2017-11-02, invoiceId\u003d4723680, gsmTopUpFromDate\u003d, gsmTopUpToDate\u003d, invoiceLineItemId\u003d, fundId\u003d5121421, merchId\u003d65902182, fundDate\u003d2017-11-15, clearingId\u003d69436340, refundallianceCode\u003dEMS, authId\u003d16797720, amount\u003d12.26, passcode\u003d953373, smsType\u003dVOID, sendPasscodeencUserId\u003d65384d6f6c306470584d6277756a705932674b335a773d3d}","duration":8086,"startTime":1513756757669,"result":"SUCCESS","children":[{"number":2,"description":"Given load request for voidAuthorisation \"/MerchantApiWeb/authenticateUser\" and \"/MerchantApiWeb/rest/secure/user/financialData/authorisation/void\" and \"TC01\" and \"TestAutomation22\" and \"Password@1\" and \"EMS\" and \"/MerchantApiWeb/rest/sendPasscode\" and \"VOID\" and \"65384d6f6c306470584d6277756a705932674b335a773d3d\"","duration":4919,"startTime":1513756758401,"result":"SUCCESS","children":[{"number":3,"description":"Loadgetrequestdata: https://uat1.merchantportal.firstdata.eu/MerchantApiWeb/authenticateUser","duration":12,"startTime":1513756758698,"result":"SUCCESS"},{"number":4,"description":"Postrequest authenticate user: https://uat1.merchantportal.firstdata.eu/MerchantApiWeb/authenticateUser, TestAutomation22, Password@1, EMS","duration":4546,"startTime":1513756758716,"result":"SUCCESS"},{"number":5,"description":"Loadgetrequestdata requestwithbody: https://uat1.merchantportal.firstdata.eu/MerchantApiWeb/rest/secure/user/financialData/authorisation/void","duration":3,"startTime":1513756763276,"result":"SUCCESS"}]},{"number":6,"description":"When post request for voidAuthorisation \"16797720\" and \"12.26\" and \"953373\"","duration":1467,"startTime":1513756763323,"result":"SUCCESS","children":[{"number":7,"description":"Postrequest void authorisation: https://uat1.merchantportal.firstdata.eu/MerchantApiWeb/rest/secure/user/financialData/authorisation/void, 16797720, 12.26, 953373","duration":1365,"startTime":1513756763343,"result":"SUCCESS"}]},{"number":8,"description":"Then verify voidAuthorisation response status \"success\" and \"\" and \"\" and \"\" and \"\" and \"\"","duration":963,"startTime":1513756764792,"exception":{"errorType":"java.lang.AssertionError","message":"expected:\u003c[error]\u003e but was:\u003c[success]\u003e","stackTrace":[{"declaringClass":"api.ValidateRequest","methodName":"verifyresponse","fileName":"ValidateRequest.java","lineNumber":318},{"declaringClass":"stepdefinitions.Apidefinitions","methodName":"verify_voidAuthorisation_response_status","fileName":"Apidefinitions.java","lineNumber":6816},{"declaringClass":"✽","methodName":"Then verify voidAuthorisation response status \"success\" and \"\" and \"\" and \"\" and \"\" and \"\"","fileName":"APIupdate.feature","lineNumber":1611}]},"result":"FAILURE","children":[{"number":9,"description":"Verify Response","duration":924,"startTime":1513756764812,"exception":{"errorType":"org.junit.ComparisonFailure","message":"expected:\u003c[error]\u003e but was:\u003c[success]\u003e","stackTrace":[{"declaringClass":"api.ValidateRequest","methodName":"verifyresponse","fileName":"ValidateRequest.java","lineNumber":318},{"declaringClass":"stepdefinitions.Apidefinitions","methodName":"verify_voidAuthorisation_response_status","fileName":"Apidefinitions.java","lineNumber":6816},{"declaringClass":"org.eclipse.jdt.internal.junit4.runner.JUnit4TestReference","methodName":"run","fileName":"JUnit4TestReference.java","lineNumber":86},{"declaringClass":"org.eclipse.jdt.internal.junit.runner.TestExecution","methodName":"run","fileName":"TestExecution.java","lineNumber":38},{"declaringClass":"org.eclipse.jdt.internal.junit.runner.RemoteTestRunner","methodName":"runTests","fileName":"RemoteTestRunner.java","lineNumber":459},{"declaringClass":"org.eclipse.jdt.internal.junit.runner.RemoteTestRunner","methodName":"runTests","fileName":"RemoteTestRunner.java","lineNumber":675},{"declaringClass":"org.eclipse.jdt.internal.junit.runner.RemoteTestRunner","methodName":"run","fileName":"RemoteTestRunner.java","lineNumber":382},{"declaringClass":"org.eclipse.jdt.internal.junit.runner.RemoteTestRunner","methodName":"main","fileName":"RemoteTestRunner.java","lineNumber":192}]},"result":"FAILURE"}]}]}],"userStory":{"id":"merchant-portal-application-api-validation","storyName":"Merchant Portal application API validation","path":"APIupdate.feature","type":"feature"},"featureTag":{"name":"Merchant Portal application API validation","type":"feature"},"title":"Verify the api performs the voidAuthorisation","description":"","tags":[{"name":"voidAuthorisation","type":"tag"}],"startTime":1513756757566,"duration":8189,"testFailureCause":{"errorType":"org.junit.ComparisonFailure","message":"expected:\u003c[error]\u003e but was:\u003c[success]\u003e","stackTrace":[{"declaringClass":"api.ValidateRequest","methodName":"verifyresponse","fileName":"ValidateRequest.java","lineNumber":318},{"declaringClass":"stepdefinitions.Apidefinitions","methodName":"verify_voidAuthorisation_response_status","fileName":"Apidefinitions.java","lineNumber":6816},{"declaringClass":"org.eclipse.jdt.internal.junit4.runner.JUnit4TestReference","methodName":"run","fileName":"JUnit4TestReference.java","lineNumber":86},{"declaringClass":"org.eclipse.jdt.internal.junit.runner.TestExecution","methodName":"run","fileName":"TestExecution.java","lineNumber":38},{"declaringClass":"org.eclipse.jdt.internal.junit.runner.RemoteTestRunner","methodName":"runTests","fileName":"RemoteTestRunner.java","lineNumber":459},{"declaringClass":"org.eclipse.jdt.internal.junit.runner.RemoteTestRunner","methodName":"runTests","fileName":"RemoteTestRunner.java","lineNumber":675},{"declaringClass":"org.eclipse.jdt.internal.junit.runner.RemoteTestRunner","methodName":"run","fileName":"RemoteTestRunner.java","lineNumber":382},{"declaringClass":"org.eclipse.jdt.internal.junit.runner.RemoteTestRunner","methodName":"main","fileName":"RemoteTestRunner.java","lineNumber":192}]},"testFailureClassname":"java.lang.AssertionError","testFailureMessage":"expected:\u003c[error]\u003e but was:\u003c[success]\u003e\r\nexpected:\u003c[error]\u003e but was:\u003c[success]\u003e","annotatedResult":"FAILURE","dataTable":{"headers":["report","logindomain","domainurl","sendpasscodedomain","status","Message","ErrorCode","userName","password","allianceCode","AuthErrMessage","Authaccessdenied","AuthErrCause","currency","userType","pageNumber","accountStatus","profile","firstName","lastName","period","fromDate","toDate","invoiceId","gsmTopUpFromDate","gsmTopUpToDate","invoiceLineItemId","fundId","merchId","fundDate","clearingId","refundallianceCode","authId","amount","passcode","smsType","sendPasscodeencUserId"],"rows":[{"values":["TC01","/MerchantApiWeb/authenticateUser","/MerchantApiWeb/rest/secure/user/financialData/authorisation/void","/MerchantApiWeb/rest/sendPasscode","success","","","TestAutomation22","Password@1","EMS","","","","EUR","","1","","","","","","2016-11-02","2017-11-02","4723680","","","","5121421","65902182","2017-11-15","69436340","EMS","16797720","12.26","953373","VOID","65384d6f6c306470584d6277756a705932674b335a773d3d"],"result":"FAILURE"}],"predefinedRows":true,"dataSetDescriptors":[{"startRow":0,"rowCount":0,"name":"","description":""}]},"manual":false,"testSource":"Cucumber","result":"FAILURE"}