{"name":"Verify the api retrieves the details of the device list in the specified file format","testSteps":[{"number":1,"description":"[1] {report\u003dTC01, logindomain\u003d/MerchantApiWeb/authenticateUser, domainurl\u003d/MerchantApiWeb/rest/secure/user/devices/exportDeviceList, status\u003d200, Message\u003d, ErrorCode\u003d, userName\u003dTheBatman, password\u003dPass123!, allianceCode\u003dFDP, AuthErrMessage\u003d, Authaccessdenied\u003d, AuthErrCause\u003d, currency\u003d, userType\u003d, pageNumber\u003d1, accountStatus\u003d, profile\u003d, firstName\u003d, lastName\u003d, period\u003d, fileType\u003dCSV, delimiter\u003d,}","duration":3937,"startTime":1514870545411,"result":"SUCCESS","children":[{"number":2,"description":"Given load request for exportDeviceList \"/MerchantApiWeb/authenticateUser\" and \"/MerchantApiWeb/rest/secure/user/devices/exportDeviceList\" and \"TC01\" and \"TheBatman\" and \"Pass123!\" and \"FDP\"","duration":1761,"startTime":1514870545429,"result":"SUCCESS","children":[{"number":3,"description":"Loadgetrequestdata: https://uat1.merchantportal.firstdata.eu/MerchantApiWeb/authenticateUser","duration":1,"startTime":1514870545518,"result":"SUCCESS"},{"number":4,"description":"Postrequest authenticate user: https://uat1.merchantportal.firstdata.eu/MerchantApiWeb/authenticateUser, TheBatman, Pass123!, FDP","duration":1632,"startTime":1514870545521,"result":"SUCCESS"},{"number":5,"description":"Loadgetrequestdata export download: https://uat1.merchantportal.firstdata.eu/MerchantApiWeb/rest/secure/user/devices/exportDeviceList","duration":1,"startTime":1514870547162,"result":"SUCCESS"}]},{"number":6,"description":"When post get request for exportDeviceList \"CSV\" and \",\" and \"1\"","duration":2018,"startTime":1514870547191,"result":"SUCCESS","children":[{"number":7,"description":"Post GET request export device list: https://uat1.merchantportal.firstdata.eu/MerchantApiWeb/rest/secure/user/devices/exportDeviceList, CSV, ,, 1","duration":1941,"startTime":1514870547206,"result":"SUCCESS"}]},{"number":8,"description":"Then verify exportDeviceList response status \"200\" and \"\" and \"\" and \"\" and \"\" and \"\"","duration":139,"startTime":1514870549209,"result":"SUCCESS","children":[{"number":9,"description":"Verify Download file Response","duration":84,"startTime":1514870549224,"result":"SUCCESS"}]}]},{"number":10,"description":"[1] {report\u003dTC02, logindomain\u003d/MerchantApiWeb/authenticateUser, domainurl\u003d/MerchantApiWeb/rest/secure/user/devices/exportDeviceList, status\u003d200, Message\u003d, ErrorCode\u003d, userName\u003dTheBatman, password\u003dPass123!, allianceCode\u003dFDP, AuthErrMessage\u003d, Authaccessdenied\u003d, AuthErrCause\u003d, currency\u003d, userType\u003d, pageNumber\u003d1, accountStatus\u003d, profile\u003d, firstName\u003d, lastName\u003d, period\u003d, fileType\u003dXML, delimiter\u003d,}","duration":4962,"startTime":1514870552390,"result":"SUCCESS","children":[{"number":11,"description":"Given load request for exportDeviceList \"/MerchantApiWeb/authenticateUser\" and \"/MerchantApiWeb/rest/secure/user/devices/exportDeviceList\" and \"TC02\" and \"TheBatman\" and \"Pass123!\" and \"FDP\"","duration":1522,"startTime":1514870552404,"result":"SUCCESS","children":[{"number":12,"description":"Loadgetrequestdata: https://uat1.merchantportal.firstdata.eu/MerchantApiWeb/authenticateUser","duration":1,"startTime":1514870552496,"result":"SUCCESS"},{"number":13,"description":"Postrequest authenticate user: https://uat1.merchantportal.firstdata.eu/MerchantApiWeb/authenticateUser, TheBatman, Pass123!, FDP","duration":1397,"startTime":1514870552498,"result":"SUCCESS"},{"number":14,"description":"Loadgetrequestdata export download: https://uat1.merchantportal.firstdata.eu/MerchantApiWeb/rest/secure/user/devices/exportDeviceList","duration":0,"startTime":1514870553903,"result":"SUCCESS"}]},{"number":15,"description":"When post get request for exportDeviceList \"XML\" and \",\" and \"1\"","duration":3273,"startTime":1514870553927,"result":"SUCCESS","children":[{"number":16,"description":"Post GET request export device list: https://uat1.merchantportal.firstdata.eu/MerchantApiWeb/rest/secure/user/devices/exportDeviceList, XML, ,, 1","duration":2932,"startTime":1514870553939,"result":"SUCCESS"}]},{"number":17,"description":"Then verify exportDeviceList response status \"200\" and \"\" and \"\" and \"\" and \"\" and \"\"","duration":152,"startTime":1514870557200,"result":"SUCCESS","children":[{"number":18,"description":"Verify Download file Response","duration":96,"startTime":1514870557215,"result":"SUCCESS"}]}]},{"number":19,"description":"[1] {report\u003dTC03, logindomain\u003d/MerchantApiWeb/authenticateUser, domainurl\u003d/MerchantApiWeb/rest/secure/user/devices/exportDeviceList, status\u003d200, Message\u003d, ErrorCode\u003d, userName\u003dTheBatman, password\u003dPass123!, allianceCode\u003dFDP, AuthErrMessage\u003d, Authaccessdenied\u003d, AuthErrCause\u003d, currency\u003d, userType\u003d, pageNumber\u003d1, accountStatus\u003d, profile\u003d, firstName\u003d, lastName\u003d, period\u003d, fileType\u003dXLS, delimiter\u003d,}","duration":4670,"startTime":1514870560710,"result":"SUCCESS","children":[{"number":20,"description":"Given load request for exportDeviceList \"/MerchantApiWeb/authenticateUser\" and \"/MerchantApiWeb/rest/secure/user/devices/exportDeviceList\" and \"TC03\" and \"TheBatman\" and \"Pass123!\" and \"FDP\"","duration":2059,"startTime":1514870560754,"result":"SUCCESS","children":[{"number":21,"description":"Loadgetrequestdata: https://uat1.merchantportal.firstdata.eu/MerchantApiWeb/authenticateUser","duration":1,"startTime":1514870560826,"result":"SUCCESS"},{"number":22,"description":"Postrequest authenticate user: https://uat1.merchantportal.firstdata.eu/MerchantApiWeb/authenticateUser, TheBatman, Pass123!, FDP","duration":1956,"startTime":1514870560828,"result":"SUCCESS"},{"number":23,"description":"Loadgetrequestdata export download: https://uat1.merchantportal.firstdata.eu/MerchantApiWeb/rest/secure/user/devices/exportDeviceList","duration":1,"startTime":1514870562791,"result":"SUCCESS"}]},{"number":24,"description":"When post get request for exportDeviceList \"XLS\" and \",\" and \"1\"","duration":2234,"startTime":1514870562813,"result":"SUCCESS","children":[{"number":25,"description":"Post GET request export device list: https://uat1.merchantportal.firstdata.eu/MerchantApiWeb/rest/secure/user/devices/exportDeviceList, XLS, ,, 1","duration":2158,"startTime":1514870562826,"result":"SUCCESS"}]},{"number":26,"description":"Then verify exportDeviceList response status \"200\" and \"\" and \"\" and \"\" and \"\" and \"\"","duration":332,"startTime":1514870565048,"result":"SUCCESS","children":[{"number":27,"description":"Verify Download file Response","duration":281,"startTime":1514870565061,"result":"SUCCESS"}]}]}],"userStory":{"id":"merchant-portal-application-api-validation","storyName":"Merchant Portal application API validation","path":"APIupdate.feature","type":"feature"},"featureTag":{"name":"Merchant Portal application API validation","type":"feature"},"title":"Verify the api retrieves the details of the device list in the specified file format","description":"","tags":[{"name":"exportDeviceList","type":"tag"}],"startTime":1514870545411,"duration":19969,"dataTable":{"headers":["report","logindomain","domainurl","status","Message","ErrorCode","userName","password","allianceCode","AuthErrMessage","Authaccessdenied","AuthErrCause","currency","userType","pageNumber","accountStatus","profile","firstName","lastName","period","fileType","delimiter"],"rows":[{"values":["TC01","/MerchantApiWeb/authenticateUser","/MerchantApiWeb/rest/secure/user/devices/exportDeviceList","200","","","TheBatman","Pass123!","FDP","","","","","","1","","","","","","CSV",","],"result":"SUCCESS"},{"values":["TC02","/MerchantApiWeb/authenticateUser","/MerchantApiWeb/rest/secure/user/devices/exportDeviceList","200","","","TheBatman","Pass123!","FDP","","","","","","1","","","","","","XML",","],"result":"SUCCESS"},{"values":["TC03","/MerchantApiWeb/authenticateUser","/MerchantApiWeb/rest/secure/user/devices/exportDeviceList","200","","","TheBatman","Pass123!","FDP","","","","","","1","","","","","","XLS",","],"result":"SUCCESS"}],"predefinedRows":true,"dataSetDescriptors":[{"startRow":0,"rowCount":0,"name":"","description":""}]},"manual":false,"testSource":"Cucumber","result":"SUCCESS"}