{"name":"Verify the api export the details of the Fee and Vat for the impersonated user","testSteps":[{"number":1,"description":"[1] {report\u003dTC01, logindomain\u003d/MerchantApiWeb/authenticateUser, domainurl\u003d/MerchantApiWeb/rest/secure/impersonation/user/financialData/export/exportFeeAndVatDetails, status\u003dsuccess, Message\u003d, ErrorCode\u003d, userName\u003dTestAutomation18, password\u003dPassword@1, allianceCode\u003dEMS, AuthErrMessage\u003d, Authaccessdenied\u003d, AuthErrCause\u003d, currency\u003dPLN, userType\u003d, pageNumber\u003d, accountStatus\u003d, profile\u003d, firstName\u003d, lastName\u003d, period\u003d, fromDate\u003d2016-11-02, toDate\u003d2017-11-02, invoiceId\u003d4723680, gsmTopUpFromDate\u003d2016-11-02, gsmTopUpToDate\u003d2017-11-02, invoiceLineItemId\u003d, fundId\u003d5121421, merchId\u003d65902182, pseudoUserName\u003dDemoAccount1, fileType\u003dCSV, delimiter\u003d,}","duration":2492,"startTime":1514870407625,"result":"SUCCESS","children":[{"number":2,"description":"Given load request for exportFeeAndVatDetailsImpersonation \"/MerchantApiWeb/authenticateUser\" and \"/MerchantApiWeb/rest/secure/impersonation/user/financialData/export/exportFeeAndVatDetails\" and \"TC01\" and \"TestAutomation18\" and \"Password@1\" and \"EMS\"","duration":1219,"startTime":1514870407640,"result":"SUCCESS","children":[{"number":3,"description":"Loadgetrequestdata: https://uat1.merchantportal.firstdata.eu/MerchantApiWeb/authenticateUser","duration":1,"startTime":1514870407729,"result":"SUCCESS"},{"number":4,"description":"Postrequest authenticate user: https://uat1.merchantportal.firstdata.eu/MerchantApiWeb/authenticateUser, TestAutomation18, Password@1, EMS","duration":1094,"startTime":1514870407732,"result":"SUCCESS"},{"number":5,"description":"Loadgetrequestdata export download: https://uat1.merchantportal.firstdata.eu/MerchantApiWeb/rest/secure/impersonation/user/financialData/export/exportFeeAndVatDetails","duration":1,"startTime":1514870408834,"result":"SUCCESS"}]},{"number":6,"description":"When post get request for exportFeeAndVatDetailsImpersonation \"5121421\" and \"65902182\" and \"DemoAccount1\" and \"CSV\" and \",\"","duration":1042,"startTime":1514870408860,"result":"SUCCESS","children":[{"number":7,"description":"Post GET request export fee and vat details impersonation: https://uat1.merchantportal.firstdata.eu/MerchantApiWeb/rest/secure/impersonation/user/financialData/export/exportFeeAndVatDetails, 5121421, 65902182, DemoAccount1, CSV, ,","duration":968,"startTime":1514870408873,"result":"SUCCESS"}]},{"number":8,"description":"Then verify exportFeeAndVatDetailsImpersonation response status \"success\" and \"\" and \"\" and \"\" and \"\" and \"\"","duration":215,"startTime":1514870409902,"result":"SUCCESS","children":[{"number":9,"description":"Verify Download file Response","duration":166,"startTime":1514870409916,"result":"SUCCESS"}]}]},{"number":10,"description":"[1] {report\u003dTC02, logindomain\u003d/MerchantApiWeb/authenticateUser, domainurl\u003d/MerchantApiWeb/rest/secure/impersonation/user/financialData/export/exportFeeAndVatDetails, status\u003dsuccess, Message\u003d, ErrorCode\u003d, userName\u003dTestAutomation18, password\u003dPassword@1, allianceCode\u003dEMS, AuthErrMessage\u003d, Authaccessdenied\u003d, AuthErrCause\u003d, currency\u003dPLN, userType\u003d, pageNumber\u003d, accountStatus\u003d, profile\u003d, firstName\u003d, lastName\u003d, period\u003d, fromDate\u003d2016-11-02, toDate\u003d2017-11-02, invoiceId\u003d4723680, gsmTopUpFromDate\u003d2016-11-02, gsmTopUpToDate\u003d2017-11-02, invoiceLineItemId\u003d, fundId\u003d5121421, merchId\u003d65902182, pseudoUserName\u003dDemoAccount1, fileType\u003dXLS, delimiter\u003d,}","duration":2579,"startTime":1514870413645,"result":"SUCCESS","children":[{"number":11,"description":"Given load request for exportFeeAndVatDetailsImpersonation \"/MerchantApiWeb/authenticateUser\" and \"/MerchantApiWeb/rest/secure/impersonation/user/financialData/export/exportFeeAndVatDetails\" and \"TC02\" and \"TestAutomation18\" and \"Password@1\" and \"EMS\"","duration":1302,"startTime":1514870413698,"result":"SUCCESS","children":[{"number":12,"description":"Loadgetrequestdata: https://uat1.merchantportal.firstdata.eu/MerchantApiWeb/authenticateUser","duration":0,"startTime":1514870413799,"result":"SUCCESS"},{"number":13,"description":"Postrequest authenticate user: https://uat1.merchantportal.firstdata.eu/MerchantApiWeb/authenticateUser, TestAutomation18, Password@1, EMS","duration":1146,"startTime":1514870413800,"result":"SUCCESS"},{"number":14,"description":"Loadgetrequestdata export download: https://uat1.merchantportal.firstdata.eu/MerchantApiWeb/rest/secure/impersonation/user/financialData/export/exportFeeAndVatDetails","duration":1,"startTime":1514870414969,"result":"SUCCESS"}]},{"number":15,"description":"When post get request for exportFeeAndVatDetailsImpersonation \"5121421\" and \"65902182\" and \"DemoAccount1\" and \"XLS\" and \",\"","duration":1055,"startTime":1514870415000,"result":"SUCCESS","children":[{"number":16,"description":"Post GET request export fee and vat details impersonation: https://uat1.merchantportal.firstdata.eu/MerchantApiWeb/rest/secure/impersonation/user/financialData/export/exportFeeAndVatDetails, 5121421, 65902182, DemoAccount1, XLS, ,","duration":977,"startTime":1514870415024,"result":"SUCCESS"}]},{"number":17,"description":"Then verify exportFeeAndVatDetailsImpersonation response status \"success\" and \"\" and \"\" and \"\" and \"\" and \"\"","duration":168,"startTime":1514870416055,"result":"SUCCESS","children":[{"number":18,"description":"Verify Download file Response","duration":116,"startTime":1514870416067,"result":"SUCCESS"}]}]},{"number":19,"description":"[1] {report\u003dTC03, logindomain\u003d/MerchantApiWeb/authenticateUser, domainurl\u003d/MerchantApiWeb/rest/secure/impersonation/user/financialData/export/exportFeeAndVatDetails, status\u003derror, Message\u003dFund Id is required, ErrorCode\u003dMPVE00086, userName\u003dTestAutomation18, password\u003dPassword@1, allianceCode\u003dEMS, AuthErrMessage\u003d, Authaccessdenied\u003d, AuthErrCause\u003d, currency\u003dPLN, userType\u003d, pageNumber\u003d, accountStatus\u003d, profile\u003d, firstName\u003d, lastName\u003d, period\u003d, fromDate\u003d2016-11-02, toDate\u003d2017-11-02, invoiceId\u003d4723680, gsmTopUpFromDate\u003d2016-11-02, gsmTopUpToDate\u003d2017-11-02, invoiceLineItemId\u003d, fundId\u003d, merchId\u003d65902182, pseudoUserName\u003dDemoAccount1, fileType\u003dCSV, delimiter\u003d,}","duration":2520,"startTime":1514870419668,"result":"SUCCESS","children":[{"number":20,"description":"Given load request for exportFeeAndVatDetailsImpersonation \"/MerchantApiWeb/authenticateUser\" and \"/MerchantApiWeb/rest/secure/impersonation/user/financialData/export/exportFeeAndVatDetails\" and \"TC03\" and \"TestAutomation18\" and \"Password@1\" and \"EMS\"","duration":1254,"startTime":1514870419687,"result":"SUCCESS","children":[{"number":21,"description":"Loadgetrequestdata: https://uat1.merchantportal.firstdata.eu/MerchantApiWeb/authenticateUser","duration":1,"startTime":1514870419766,"result":"SUCCESS"},{"number":22,"description":"Postrequest authenticate user: https://uat1.merchantportal.firstdata.eu/MerchantApiWeb/authenticateUser, TestAutomation18, Password@1, EMS","duration":1139,"startTime":1514870419768,"result":"SUCCESS"},{"number":23,"description":"Loadgetrequestdata export download: https://uat1.merchantportal.firstdata.eu/MerchantApiWeb/rest/secure/impersonation/user/financialData/export/exportFeeAndVatDetails","duration":1,"startTime":1514870420915,"result":"SUCCESS"}]},{"number":24,"description":"When post get request for exportFeeAndVatDetailsImpersonation \"\" and \"65902182\" and \"DemoAccount1\" and \"CSV\" and \",\"","duration":952,"startTime":1514870420942,"result":"SUCCESS","children":[{"number":25,"description":"Post GET request export fee and vat details impersonation: https://uat1.merchantportal.firstdata.eu/MerchantApiWeb/rest/secure/impersonation/user/financialData/export/exportFeeAndVatDetails, , 65902182, DemoAccount1, CSV, ,","duration":874,"startTime":1514870420956,"result":"SUCCESS"}]},{"number":26,"description":"Then verify exportFeeAndVatDetailsImpersonation response status \"error\" and \"MPVE00086\" and \"Fund Id is required\" and \"\" and \"\" and \"\"","duration":294,"startTime":1514870421894,"result":"SUCCESS","children":[{"number":27,"description":"Verify Download file Response","duration":88,"startTime":1514870421910,"result":"SUCCESS"}]}]}],"userStory":{"id":"merchant-portal-application-api-validation","storyName":"Merchant Portal application API validation","path":"APIupdate.feature","type":"feature"},"featureTag":{"name":"Merchant Portal application API validation","type":"feature"},"title":"Verify the api export the details of the Fee and Vat for the impersonated user","description":"","tags":[{"name":"exportFeeAndVatDetailsImpersonation","type":"tag"}],"startTime":1514870407625,"duration":14563,"dataTable":{"headers":["report","logindomain","domainurl","status","Message","ErrorCode","userName","password","allianceCode","AuthErrMessage","Authaccessdenied","AuthErrCause","currency","userType","pageNumber","accountStatus","profile","firstName","lastName","period","fromDate","toDate","invoiceId","gsmTopUpFromDate","gsmTopUpToDate","invoiceLineItemId","fundId","merchId","pseudoUserName","fileType","delimiter"],"rows":[{"values":["TC01","/MerchantApiWeb/authenticateUser","/MerchantApiWeb/rest/secure/impersonation/user/financialData/export/exportFeeAndVatDetails","success","","","TestAutomation18","Password@1","EMS","","","","PLN","","","","","","","","2016-11-02","2017-11-02","4723680","2016-11-02","2017-11-02","","5121421","65902182","DemoAccount1","CSV",","],"result":"SUCCESS"},{"values":["TC02","/MerchantApiWeb/authenticateUser","/MerchantApiWeb/rest/secure/impersonation/user/financialData/export/exportFeeAndVatDetails","success","","","TestAutomation18","Password@1","EMS","","","","PLN","","","","","","","","2016-11-02","2017-11-02","4723680","2016-11-02","2017-11-02","","5121421","65902182","DemoAccount1","XLS",","],"result":"SUCCESS"},{"values":["TC03","/MerchantApiWeb/authenticateUser","/MerchantApiWeb/rest/secure/impersonation/user/financialData/export/exportFeeAndVatDetails","error","Fund Id is required","MPVE00086","TestAutomation18","Password@1","EMS","","","","PLN","","","","","","","","2016-11-02","2017-11-02","4723680","2016-11-02","2017-11-02","","","65902182","DemoAccount1","CSV",","],"result":"SUCCESS"}],"predefinedRows":true,"dataSetDescriptors":[{"startRow":0,"rowCount":0,"name":"","description":""}]},"manual":false,"testSource":"Cucumber","result":"SUCCESS"}