{"name":"Verify the api retrieves the summary of the funding AggDetail","testSteps":[{"number":1,"description":"[1] {report\u003dTC01, logindomain\u003d/MerchantApiWeb/authenticateUser, domainurl\u003d/MerchantApiWeb/rest/secure/user/financialData/funding/getFundingAggDetailSummary, status\u003dsuccess, Message\u003d, ErrorCode\u003d, userName\u003dTheBatman, password\u003dPass123!, allianceCode\u003dEMS, AuthErrMessage\u003d, Authaccessdenied\u003d, AuthErrCause\u003d, currency\u003dEUR, userType\u003d, pageNumber\u003d, accountStatus\u003d, profile\u003d, firstName\u003d, lastName\u003d, period\u003d, fromDate\u003d2016-11-02, toDate\u003d2017-11-02, invoiceId\u003d4723680, gsmTopUpFromDate\u003d2016-11-02, gsmTopUpToDate\u003d2017-11-02, invoiceLineItemId\u003d, fundId\u003d5121421, merchId\u003d65902182}","duration":7027,"startTime":1514871437563,"result":"SUCCESS","children":[{"number":2,"description":"Given load request for getFundingAggDetailSummary \"/MerchantApiWeb/authenticateUser\" and \"/MerchantApiWeb/rest/secure/user/financialData/funding/getFundingAggDetailSummary\" and \"TC01\" and \"TheBatman\" and \"Pass123!\" and \"EMS\"","duration":4000,"startTime":1514871437577,"result":"SUCCESS","children":[{"number":3,"description":"Loadgetrequestdata: https://uat1.merchantportal.firstdata.eu/MerchantApiWeb/authenticateUser","duration":0,"startTime":1514871437643,"result":"SUCCESS"},{"number":4,"description":"Postrequest authenticate user: https://uat1.merchantportal.firstdata.eu/MerchantApiWeb/authenticateUser, TheBatman, Pass123!, EMS","duration":3894,"startTime":1514871437644,"result":"SUCCESS"},{"number":5,"description":"Loadgetrequestdata uniqueauthentication: https://uat1.merchantportal.firstdata.eu/MerchantApiWeb/rest/secure/user/financialData/funding/getFundingAggDetailSummary","duration":0,"startTime":1514871441550,"result":"SUCCESS"}]},{"number":6,"description":"When post get request for getFundingAggDetailSummary \"EUR\"","duration":2904,"startTime":1514871441578,"result":"SUCCESS","children":[{"number":7,"description":"Post GET request get funding agg detail summary: https://uat1.merchantportal.firstdata.eu/MerchantApiWeb/rest/secure/user/financialData/funding/getFundingAggDetailSummary, EUR","duration":2823,"startTime":1514871441592,"result":"SUCCESS"}]},{"number":8,"description":"Then verify getFundingAggDetailSummary response status \"success\" and \"\" and \"\" and \"\" and \"\" and \"\"","duration":107,"startTime":1514871444482,"result":"SUCCESS","children":[{"number":9,"description":"Verify Response","duration":25,"startTime":1514871444522,"result":"SUCCESS"}]}]}],"userStory":{"id":"merchant-portal-application-api-validation","storyName":"Merchant Portal application API validation","path":"APIupdate.feature","type":"feature"},"featureTag":{"name":"Merchant Portal application API validation","type":"feature"},"title":"Verify the api retrieves the summary of the funding AggDetail","description":"","tags":[{"name":"getFundingAggDetailSummary","type":"tag"}],"startTime":1514871437563,"duration":7027,"dataTable":{"headers":["report","logindomain","domainurl","status","Message","ErrorCode","userName","password","allianceCode","AuthErrMessage","Authaccessdenied","AuthErrCause","currency","userType","pageNumber","accountStatus","profile","firstName","lastName","period","fromDate","toDate","invoiceId","gsmTopUpFromDate","gsmTopUpToDate","invoiceLineItemId","fundId","merchId"],"rows":[{"values":["TC01","/MerchantApiWeb/authenticateUser","/MerchantApiWeb/rest/secure/user/financialData/funding/getFundingAggDetailSummary","success","","","TheBatman","Pass123!","EMS","","","","EUR","","","","","","","","2016-11-02","2017-11-02","4723680","2016-11-02","2017-11-02","","5121421","65902182"],"result":"SUCCESS"}],"predefinedRows":true,"dataSetDescriptors":[{"startRow":0,"rowCount":0,"name":"","description":""}]},"manual":false,"testSource":"Cucumber","result":"SUCCESS"}