{"name":"Verify the API retrieves the orders of the impersonated user","testSteps":[{"number":1,"description":"[1] {report\u003dTC01, logindomain\u003d/MerchantApiWeb/authenticateUser, domainurl\u003d/MerchantApiWeb/rest/secure/impersonation/user/order, status\u003dsuccess, Message\u003d, ErrorCode\u003d, userName\u003dTestAutomationBCO1, password\u003dPassword@1, allianceCode\u003dBCN, AuthErrMessage\u003d, Authaccessdenied\u003d, AuthErrCause\u003d, currency\u003dEUR, userType\u003d, pageNumber\u003d, accountStatus\u003d, profile\u003d, firstName\u003d, lastName\u003d, fromDate\u003d2016-11-02, toDate\u003d2017-11-02, pseudoUserName\u003dvarunbo007}","duration":7181,"startTime":1512032220418,"result":"SUCCESS","children":[{"number":2,"description":"Given load request for getorderImpersonation \"/MerchantApiWeb/authenticateUser\" and \"/MerchantApiWeb/rest/secure/impersonation/user/order\" and \"TC01\" and \"TestAutomationBCO1\" and \"Password@1\" and \"BCN\"","duration":4663,"startTime":1512032221074,"result":"SUCCESS","children":[{"number":3,"description":"Loadgetrequestdata: https://uat1.merchantportal.firstdata.eu/MerchantApiWeb/authenticateUser","duration":59,"startTime":1512032221403,"result":"SUCCESS"},{"number":4,"description":"Postrequest authenticate user: https://uat1.merchantportal.firstdata.eu/MerchantApiWeb/authenticateUser, TestAutomationBCO1, Password@1, BCN","duration":4184,"startTime":1512032221479,"result":"SUCCESS"},{"number":5,"description":"Loadgetrequestdata uniqueauthentication: https://uat1.merchantportal.firstdata.eu/MerchantApiWeb/rest/secure/impersonation/user/order","duration":2,"startTime":1512032225689,"result":"SUCCESS"}]},{"number":6,"description":"When post get request for getorderImpersonation \"2016-11-02\" and \"2017-11-02\" and \"varunbo007\"","duration":1191,"startTime":1512032225740,"result":"SUCCESS","children":[{"number":7,"description":"Post GET request getorder impersonation: https://uat1.merchantportal.firstdata.eu/MerchantApiWeb/rest/secure/impersonation/user/order, 2016-11-02, 2017-11-02, varunbo007","duration":1061,"startTime":1512032225780,"result":"SUCCESS"}]},{"number":8,"description":"Then verify getorderImpersonation response status \"success\" and \"\" and \"\" and \"\" and \"\" and \"\"","duration":666,"startTime":1512032226932,"result":"SUCCESS","children":[{"number":9,"description":"Verify Response","duration":579,"startTime":1512032226947,"result":"SUCCESS"}]}]},{"number":10,"description":"[1] {report\u003dTC02, logindomain\u003d/MerchantApiWeb/authenticateUser, domainurl\u003d/MerchantApiWeb/rest/secure/impersonation/user/order, status\u003derror, Message\u003dInvalid Date format, ErrorCode\u003dMPVE00051, userName\u003dTestAutomationBCO1, password\u003dPassword@1, allianceCode\u003dBCN, AuthErrMessage\u003d, Authaccessdenied\u003d, AuthErrCause\u003d, currency\u003d, userType\u003d, pageNumber\u003d, accountStatus\u003d, profile\u003d, firstName\u003d, lastName\u003d, fromDate\u003d201611-02, toDate\u003d2017-11-02, pseudoUserName\u003dvarunbo007}","duration":2714,"startTime":1512032228248,"result":"SUCCESS","children":[{"number":11,"description":"Given load request for getorderImpersonation \"/MerchantApiWeb/authenticateUser\" and \"/MerchantApiWeb/rest/secure/impersonation/user/order\" and \"TC02\" and \"TestAutomationBCO1\" and \"Password@1\" and \"BCN\"","duration":1528,"startTime":1512032228281,"result":"SUCCESS","children":[{"number":12,"description":"Loadgetrequestdata: https://uat1.merchantportal.firstdata.eu/MerchantApiWeb/authenticateUser","duration":2,"startTime":1512032228364,"result":"SUCCESS"},{"number":13,"description":"Postrequest authenticate user: https://uat1.merchantportal.firstdata.eu/MerchantApiWeb/authenticateUser, TestAutomationBCO1, Password@1, BCN","duration":1406,"startTime":1512032228368,"result":"SUCCESS"},{"number":14,"description":"Loadgetrequestdata uniqueauthentication: https://uat1.merchantportal.firstdata.eu/MerchantApiWeb/rest/secure/impersonation/user/order","duration":1,"startTime":1512032229784,"result":"SUCCESS"}]},{"number":15,"description":"When post get request for getorderImpersonation \"201611-02\" and \"2017-11-02\" and \"varunbo007\"","duration":899,"startTime":1512032229810,"result":"SUCCESS","children":[{"number":16,"description":"Post GET request getorder impersonation: https://uat1.merchantportal.firstdata.eu/MerchantApiWeb/rest/secure/impersonation/user/order, 201611-02, 2017-11-02, varunbo007","duration":830,"startTime":1512032229824,"result":"SUCCESS"}]},{"number":17,"description":"Then verify getorderImpersonation response status \"error\" and \"MPVE00051\" and \"Invalid Date format\" and \"\" and \"\" and \"\"","duration":252,"startTime":1512032230710,"result":"SUCCESS","children":[{"number":18,"description":"Verify Response","duration":87,"startTime":1512032230721,"result":"SUCCESS"}]}]},{"number":19,"description":"[1] {report\u003dTC03, logindomain\u003d/MerchantApiWeb/authenticateUser, domainurl\u003d/MerchantApiWeb/rest/secure/impersonation/user/order, status\u003derror, Message\u003dInvalid Date format, ErrorCode\u003dMPVE00051, userName\u003dTestAutomationBCO1, password\u003dPassword@1, allianceCode\u003dBCN, AuthErrMessage\u003d, Authaccessdenied\u003d, AuthErrCause\u003d, currency\u003d, userType\u003d, pageNumber\u003d, accountStatus\u003d, profile\u003d, firstName\u003d, lastName\u003d, fromDate\u003d2016-11-02, toDate\u003d201711-02, pseudoUserName\u003dvarunbo007}","duration":2658,"startTime":1512032231322,"result":"SUCCESS","children":[{"number":20,"description":"Given load request for getorderImpersonation \"/MerchantApiWeb/authenticateUser\" and \"/MerchantApiWeb/rest/secure/impersonation/user/order\" and \"TC03\" and \"TestAutomationBCO1\" and \"Password@1\" and \"BCN\"","duration":1377,"startTime":1512032231344,"result":"SUCCESS","children":[{"number":21,"description":"Loadgetrequestdata: https://uat1.merchantportal.firstdata.eu/MerchantApiWeb/authenticateUser","duration":1,"startTime":1512032231422,"result":"SUCCESS"},{"number":22,"description":"Postrequest authenticate user: https://uat1.merchantportal.firstdata.eu/MerchantApiWeb/authenticateUser, TestAutomationBCO1, Password@1, BCN","duration":1237,"startTime":1512032231424,"result":"SUCCESS"},{"number":23,"description":"Loadgetrequestdata uniqueauthentication: https://uat1.merchantportal.firstdata.eu/MerchantApiWeb/rest/secure/impersonation/user/order","duration":1,"startTime":1512032232692,"result":"SUCCESS"}]},{"number":24,"description":"When post get request for getorderImpersonation \"2016-11-02\" and \"201711-02\" and \"varunbo007\"","duration":959,"startTime":1512032232722,"result":"SUCCESS","children":[{"number":25,"description":"Post GET request getorder impersonation: https://uat1.merchantportal.firstdata.eu/MerchantApiWeb/rest/secure/impersonation/user/order, 2016-11-02, 201711-02, varunbo007","duration":886,"startTime":1512032232736,"result":"SUCCESS"}]},{"number":26,"description":"Then verify getorderImpersonation response status \"error\" and \"MPVE00051\" and \"Invalid Date format\" and \"\" and \"\" and \"\"","duration":298,"startTime":1512032233682,"result":"SUCCESS","children":[{"number":27,"description":"Verify Response","duration":108,"startTime":1512032233696,"result":"SUCCESS"}]}]},{"number":28,"description":"[1] {report\u003dTC04, logindomain\u003d/MerchantApiWeb/authenticateUser, domainurl\u003d/MerchantApiWeb/rest/secure/impersonation/user/order, status\u003derror, Message\u003dtoDate is required, ErrorCode\u003dMPVE00061, userName\u003dTestAutomationBCO1, password\u003dPassword@1, allianceCode\u003dBCN, AuthErrMessage\u003d, Authaccessdenied\u003d, AuthErrCause\u003d, currency\u003d, userType\u003d, pageNumber\u003d, accountStatus\u003d, profile\u003d, firstName\u003d, lastName\u003d, fromDate\u003d2016-11-02, toDate\u003d, pseudoUserName\u003dvarunbo007}","duration":2762,"startTime":1512032234346,"result":"SUCCESS","children":[{"number":29,"description":"Given load request for getorderImpersonation \"/MerchantApiWeb/authenticateUser\" and \"/MerchantApiWeb/rest/secure/impersonation/user/order\" and \"TC04\" and \"TestAutomationBCO1\" and \"Password@1\" and \"BCN\"","duration":1365,"startTime":1512032234369,"result":"SUCCESS","children":[{"number":30,"description":"Loadgetrequestdata: https://uat1.merchantportal.firstdata.eu/MerchantApiWeb/authenticateUser","duration":0,"startTime":1512032234455,"result":"SUCCESS"},{"number":31,"description":"Postrequest authenticate user: https://uat1.merchantportal.firstdata.eu/MerchantApiWeb/authenticateUser, TestAutomationBCO1, Password@1, BCN","duration":1242,"startTime":1512032234456,"result":"SUCCESS"},{"number":32,"description":"Loadgetrequestdata uniqueauthentication: https://uat1.merchantportal.firstdata.eu/MerchantApiWeb/rest/secure/impersonation/user/order","duration":0,"startTime":1512032235708,"result":"SUCCESS"}]},{"number":33,"description":"When post get request for getorderImpersonation \"2016-11-02\" and \"\" and \"varunbo007\"","duration":876,"startTime":1512032235735,"result":"SUCCESS","children":[{"number":34,"description":"Post GET request getorder impersonation: https://uat1.merchantportal.firstdata.eu/MerchantApiWeb/rest/secure/impersonation/user/order, 2016-11-02, , varunbo007","duration":807,"startTime":1512032235747,"result":"SUCCESS"}]},{"number":35,"description":"Then verify getorderImpersonation response status \"error\" and \"MPVE00061\" and \"toDate is required\" and \"\" and \"\" and \"\"","duration":495,"startTime":1512032236612,"result":"SUCCESS","children":[{"number":36,"description":"Verify Response","duration":362,"startTime":1512032236623,"result":"SUCCESS"}]}]},{"number":37,"description":"[1] {report\u003dTC05, logindomain\u003d/MerchantApiWeb/authenticateUser, domainurl\u003d/MerchantApiWeb/rest/secure/impersonation/user/order, status\u003derror, Message\u003dfromDate is required, ErrorCode\u003dMPVE00063, userName\u003dTestAutomationBCO1, password\u003dPassword@1, allianceCode\u003dBCN, AuthErrMessage\u003d, Authaccessdenied\u003d, AuthErrCause\u003d, currency\u003d, userType\u003d, pageNumber\u003d, accountStatus\u003d, profile\u003d, firstName\u003d, lastName\u003d, fromDate\u003d, toDate\u003d2017-11-02, pseudoUserName\u003dvarunbo007}","duration":2509,"startTime":1512032237369,"result":"SUCCESS","children":[{"number":38,"description":"Given load request for getorderImpersonation \"/MerchantApiWeb/authenticateUser\" and \"/MerchantApiWeb/rest/secure/impersonation/user/order\" and \"TC05\" and \"TestAutomationBCO1\" and \"Password@1\" and \"BCN\"","duration":1378,"startTime":1512032237386,"result":"SUCCESS","children":[{"number":39,"description":"Loadgetrequestdata: https://uat1.merchantportal.firstdata.eu/MerchantApiWeb/authenticateUser","duration":1,"startTime":1512032237469,"result":"SUCCESS"},{"number":40,"description":"Postrequest authenticate user: https://uat1.merchantportal.firstdata.eu/MerchantApiWeb/authenticateUser, TestAutomationBCO1, Password@1, BCN","duration":1255,"startTime":1512032237471,"result":"SUCCESS"},{"number":41,"description":"Loadgetrequestdata uniqueauthentication: https://uat1.merchantportal.firstdata.eu/MerchantApiWeb/rest/secure/impersonation/user/order","duration":1,"startTime":1512032238741,"result":"SUCCESS"}]},{"number":42,"description":"When post get request for getorderImpersonation \"\" and \"2017-11-02\" and \"varunbo007\"","duration":907,"startTime":1512032238765,"result":"SUCCESS","children":[{"number":43,"description":"Post GET request getorder impersonation: https://uat1.merchantportal.firstdata.eu/MerchantApiWeb/rest/secure/impersonation/user/order, , 2017-11-02, varunbo007","duration":841,"startTime":1512032238778,"result":"SUCCESS"}]},{"number":44,"description":"Then verify getorderImpersonation response status \"error\" and \"MPVE00063\" and \"fromDate is required\" and \"\" and \"\" and \"\"","duration":203,"startTime":1512032239675,"result":"SUCCESS","children":[{"number":45,"description":"Verify Response","duration":48,"startTime":1512032239692,"result":"SUCCESS"}]}]},{"number":46,"description":"[1] {report\u003dTC06, logindomain\u003d/MerchantApiWeb/authenticateUser, domainurl\u003d/MerchantApiWeb/rest/secure/impersonation/user/order, status\u003derror, Message\u003dfromDate is required, ErrorCode\u003dMPVE00063, userName\u003dTestAutomationBCO1, password\u003dPassword@1, allianceCode\u003dBCN, AuthErrMessage\u003d, Authaccessdenied\u003d, AuthErrCause\u003d, currency\u003d, userType\u003d, pageNumber\u003d, accountStatus\u003d, profile\u003d, firstName\u003d, lastName\u003d, fromDate\u003d, toDate\u003d2017-11-02, pseudoUserName\u003dvarunbo007}","duration":2534,"startTime":1512032240177,"result":"SUCCESS","children":[{"number":47,"description":"Given load request for getorderImpersonation \"/MerchantApiWeb/authenticateUser\" and \"/MerchantApiWeb/rest/secure/impersonation/user/order\" and \"TC06\" and \"TestAutomationBCO1\" and \"Password@1\" and \"BCN\"","duration":1370,"startTime":1512032240197,"result":"SUCCESS","children":[{"number":48,"description":"Loadgetrequestdata: https://uat1.merchantportal.firstdata.eu/MerchantApiWeb/authenticateUser","duration":1,"startTime":1512032240321,"result":"SUCCESS"},{"number":49,"description":"Postrequest authenticate user: https://uat1.merchantportal.firstdata.eu/MerchantApiWeb/authenticateUser, TestAutomationBCO1, Password@1, BCN","duration":1191,"startTime":1512032240324,"result":"SUCCESS"},{"number":50,"description":"Loadgetrequestdata uniqueauthentication: https://uat1.merchantportal.firstdata.eu/MerchantApiWeb/rest/secure/impersonation/user/order","duration":1,"startTime":1512032241528,"result":"SUCCESS"}]},{"number":51,"description":"When post get request for getorderImpersonation \"\" and \"2017-11-02\" and \"varunbo007\"","duration":889,"startTime":1512032241567,"result":"SUCCESS","children":[{"number":52,"description":"Post GET request getorder impersonation: https://uat1.merchantportal.firstdata.eu/MerchantApiWeb/rest/secure/impersonation/user/order, , 2017-11-02, varunbo007","duration":785,"startTime":1512032241589,"result":"SUCCESS"}]},{"number":53,"description":"Then verify getorderImpersonation response status \"error\" and \"MPVE00063\" and \"fromDate is required\" and \"\" and \"\" and \"\"","duration":254,"startTime":1512032242457,"result":"SUCCESS","children":[{"number":54,"description":"Verify Response","duration":49,"startTime":1512032242477,"result":"SUCCESS"}]}]}],"userStory":{"id":"merchant-portal-application-api-validation","storyName":"Merchant Portal application API validation","path":"Testupdate.feature","type":"feature"},"featureTag":{"name":"Merchant Portal application API validation","type":"feature"},"title":"Verify the API retrieves the orders of the impersonated user","description":"","tags":[{"name":"getorderImpersonation","type":"tag"}],"startTime":1512032220258,"duration":22453,"dataTable":{"headers":["report","logindomain","domainurl","status","Message","ErrorCode","userName","password","allianceCode","AuthErrMessage","Authaccessdenied","AuthErrCause","currency","userType","pageNumber","accountStatus","profile","firstName","lastName","fromDate","toDate","pseudoUserName"],"rows":[{"values":["TC01","/MerchantApiWeb/authenticateUser","/MerchantApiWeb/rest/secure/impersonation/user/order","success","","","TestAutomationBCO1","Password@1","BCN","","","","EUR","","","","","","","2016-11-02","2017-11-02","varunbo007"],"result":"SUCCESS"},{"values":["TC02","/MerchantApiWeb/authenticateUser","/MerchantApiWeb/rest/secure/impersonation/user/order","error","Invalid Date format","MPVE00051","TestAutomationBCO1","Password@1","BCN","","","","","","","","","","","201611-02","2017-11-02","varunbo007"],"result":"SUCCESS"},{"values":["TC03","/MerchantApiWeb/authenticateUser","/MerchantApiWeb/rest/secure/impersonation/user/order","error","Invalid Date format","MPVE00051","TestAutomationBCO1","Password@1","BCN","","","","","","","","","","","2016-11-02","201711-02","varunbo007"],"result":"SUCCESS"},{"values":["TC04","/MerchantApiWeb/authenticateUser","/MerchantApiWeb/rest/secure/impersonation/user/order","error","toDate is required","MPVE00061","TestAutomationBCO1","Password@1","BCN","","","","","","","","","","","2016-11-02","","varunbo007"],"result":"SUCCESS"},{"values":["TC05","/MerchantApiWeb/authenticateUser","/MerchantApiWeb/rest/secure/impersonation/user/order","error","fromDate is required","MPVE00063","TestAutomationBCO1","Password@1","BCN","","","","","","","","","","","","2017-11-02","varunbo007"],"result":"SUCCESS"},{"values":["TC06","/MerchantApiWeb/authenticateUser","/MerchantApiWeb/rest/secure/impersonation/user/order","error","fromDate is required","MPVE00063","TestAutomationBCO1","Password@1","BCN","","","","","","","","","","","","2017-11-02","varunbo007"],"result":"SUCCESS"}],"predefinedRows":true,"dataSetDescriptors":[{"startRow":0,"rowCount":0,"name":"","description":""}]},"manual":false,"testSource":"Cucumber","result":"SUCCESS"}