{"name":"Verify the details of the Pre Authorisation summary for the impersonated user","testSteps":[{"number":1,"description":"[1] {report\u003dTC01, logindomain\u003d/MerchantApiWeb/authenticateUser, domainurl\u003d/MerchantApiWeb/rest/secure/impersonation/user/financialData/authorisation/getPreAuthSummary/, status\u003dsuccess, Message\u003d, ErrorCode\u003d, userName\u003dTestAutomation18, password\u003dPassword@1, allianceCode\u003dEMS, AuthErrMessage\u003d, Authaccessdenied\u003d, AuthErrCause\u003d, currency\u003dEUR, userType\u003d, pageNumber\u003d, accountStatus\u003d, profile\u003d, firstName\u003d, lastName\u003d, fromDate\u003d2016-11-02, toDate\u003d2017-11-02, pseudoUserName\u003dTestAutomation22}","duration":3684,"startTime":1514870097970,"result":"SUCCESS","children":[{"number":2,"description":"Given load request for getPreAuthSummaryImpersonation \"/MerchantApiWeb/authenticateUser\" and \"/MerchantApiWeb/rest/secure/impersonation/user/financialData/authorisation/getPreAuthSummary/\" and \"TC01\" and \"TestAutomation18\" and \"Password@1\" and \"EMS\"","duration":1259,"startTime":1514870097987,"result":"SUCCESS","children":[{"number":3,"description":"Loadgetrequestdata: https://uat1.merchantportal.firstdata.eu/MerchantApiWeb/authenticateUser","duration":0,"startTime":1514870098058,"result":"SUCCESS"},{"number":4,"description":"Postrequest authenticate user: https://uat1.merchantportal.firstdata.eu/MerchantApiWeb/authenticateUser, TestAutomation18, Password@1, EMS","duration":1155,"startTime":1514870098060,"result":"SUCCESS"},{"number":5,"description":"Loadgetrequestdata authenticated: https://uat1.merchantportal.firstdata.eu/MerchantApiWeb/rest/secure/impersonation/user/financialData/authorisation/getPreAuthSummary/, 96c6ffbe-9632-4cb5-9e3f-d76882e83045","duration":0,"startTime":1514870099223,"result":"SUCCESS"}]},{"number":6,"description":"When post get request for getPreAuthSummaryImpersonation \"EUR\" and \"2016-11-02\" and \"2017-11-02\" and \"TestAutomation22\"","duration":2314,"startTime":1514870099247,"result":"SUCCESS","children":[{"number":7,"description":"Post GET request get pre auth summary impersonation: https://uat1.merchantportal.firstdata.eu/MerchantApiWeb/rest/secure/impersonation/user/financialData/authorisation/getPreAuthSummary/, EUR, 2016-11-02, 2017-11-02, TestAutomation22","duration":2226,"startTime":1514870099259,"result":"SUCCESS"}]},{"number":8,"description":"Then verify getPreAuthSummaryImpersonation response status \"success\" and \"\" and \"\" and \"\" and \"\" and \"\"","duration":93,"startTime":1514870101561,"result":"SUCCESS","children":[{"number":9,"description":"Verify Response","duration":28,"startTime":1514870101574,"result":"SUCCESS"}]}]},{"number":10,"description":"[1] {report\u003dTC02, logindomain\u003d/MerchantApiWeb/authenticateUser, domainurl\u003d/MerchantApiWeb/rest/secure/impersonation/user/financialData/authorisation/getPreAuthSummary/, status\u003derror, Message\u003dInvalid Date format, ErrorCode\u003dMPVE00051, userName\u003dTestAutomation18, password\u003dPassword@1, allianceCode\u003dEMS, AuthErrMessage\u003d, Authaccessdenied\u003d, AuthErrCause\u003d, currency\u003dEUR, userType\u003d, pageNumber\u003d, accountStatus\u003d, profile\u003d, firstName\u003d, lastName\u003d, fromDate\u003d201611-02, toDate\u003d2017-11-02, pseudoUserName\u003dTestAutomation22}","duration":2436,"startTime":1514870104728,"result":"SUCCESS","children":[{"number":11,"description":"Given load request for getPreAuthSummaryImpersonation \"/MerchantApiWeb/authenticateUser\" and \"/MerchantApiWeb/rest/secure/impersonation/user/financialData/authorisation/getPreAuthSummary/\" and \"TC02\" and \"TestAutomation18\" and \"Password@1\" and \"EMS\"","duration":1195,"startTime":1514870104794,"result":"SUCCESS","children":[{"number":12,"description":"Loadgetrequestdata: https://uat1.merchantportal.firstdata.eu/MerchantApiWeb/authenticateUser","duration":1,"startTime":1514870104874,"result":"SUCCESS"},{"number":13,"description":"Postrequest authenticate user: https://uat1.merchantportal.firstdata.eu/MerchantApiWeb/authenticateUser, TestAutomation18, Password@1, EMS","duration":1079,"startTime":1514870104876,"result":"SUCCESS"},{"number":14,"description":"Loadgetrequestdata authenticated: https://uat1.merchantportal.firstdata.eu/MerchantApiWeb/rest/secure/impersonation/user/financialData/authorisation/getPreAuthSummary/, 96c6ffbe-9632-4cb5-9e3f-d76882e83045","duration":0,"startTime":1514870105963,"result":"SUCCESS"}]},{"number":15,"description":"When post get request for getPreAuthSummaryImpersonation \"EUR\" and \"201611-02\" and \"2017-11-02\" and \"TestAutomation22\"","duration":928,"startTime":1514870105990,"result":"SUCCESS","children":[{"number":16,"description":"Post GET request get pre auth summary impersonation: https://uat1.merchantportal.firstdata.eu/MerchantApiWeb/rest/secure/impersonation/user/financialData/authorisation/getPreAuthSummary/, EUR, 201611-02, 2017-11-02, TestAutomation22","duration":842,"startTime":1514870106002,"result":"SUCCESS"}]},{"number":17,"description":"Then verify getPreAuthSummaryImpersonation response status \"error\" and \"MPVE00051\" and \"Invalid Date format\" and \"\" and \"\" and \"\"","duration":245,"startTime":1514870106919,"result":"SUCCESS","children":[{"number":18,"description":"Verify Response","duration":55,"startTime":1514870106930,"result":"SUCCESS"}]}]},{"number":19,"description":"[1] {report\u003dTC03, logindomain\u003d/MerchantApiWeb/authenticateUser, domainurl\u003d/MerchantApiWeb/rest/secure/impersonation/user/financialData/authorisation/getPreAuthSummary/, status\u003derror, Message\u003dInvalid Date format, ErrorCode\u003dMPVE00051, userName\u003dTestAutomation18, password\u003dPassword@1, allianceCode\u003dEMS, AuthErrMessage\u003d, Authaccessdenied\u003d, AuthErrCause\u003d, currency\u003dEUR, userType\u003d, pageNumber\u003d, accountStatus\u003d, profile\u003d, firstName\u003d, lastName\u003d, fromDate\u003d2016-11-02, toDate\u003d20171102, pseudoUserName\u003dTestAutomation22}","duration":2278,"startTime":1514870110629,"result":"SUCCESS","children":[{"number":20,"description":"Given load request for getPreAuthSummaryImpersonation \"/MerchantApiWeb/authenticateUser\" and \"/MerchantApiWeb/rest/secure/impersonation/user/financialData/authorisation/getPreAuthSummary/\" and \"TC03\" and \"TestAutomation18\" and \"Password@1\" and \"EMS\"","duration":1177,"startTime":1514870110644,"result":"SUCCESS","children":[{"number":21,"description":"Loadgetrequestdata: https://uat1.merchantportal.firstdata.eu/MerchantApiWeb/authenticateUser","duration":0,"startTime":1514870110716,"result":"SUCCESS"},{"number":22,"description":"Postrequest authenticate user: https://uat1.merchantportal.firstdata.eu/MerchantApiWeb/authenticateUser, TestAutomation18, Password@1, EMS","duration":1070,"startTime":1514870110718,"result":"SUCCESS"},{"number":23,"description":"Loadgetrequestdata authenticated: https://uat1.merchantportal.firstdata.eu/MerchantApiWeb/rest/secure/impersonation/user/financialData/authorisation/getPreAuthSummary/, 96c6ffbe-9632-4cb5-9e3f-d76882e83045","duration":1,"startTime":1514870111797,"result":"SUCCESS"}]},{"number":24,"description":"When post get request for getPreAuthSummaryImpersonation \"EUR\" and \"2016-11-02\" and \"20171102\" and \"TestAutomation22\"","duration":904,"startTime":1514870111822,"result":"SUCCESS","children":[{"number":25,"description":"Post GET request get pre auth summary impersonation: https://uat1.merchantportal.firstdata.eu/MerchantApiWeb/rest/secure/impersonation/user/financialData/authorisation/getPreAuthSummary/, EUR, 2016-11-02, 20171102, TestAutomation22","duration":845,"startTime":1514870111834,"result":"SUCCESS"}]},{"number":26,"description":"Then verify getPreAuthSummaryImpersonation response status \"error\" and \"MPVE00051\" and \"Invalid Date format\" and \"\" and \"\" and \"\"","duration":179,"startTime":1514870112727,"result":"SUCCESS","children":[{"number":27,"description":"Verify Response","duration":55,"startTime":1514870112741,"result":"SUCCESS"}]}]}],"userStory":{"id":"merchant-portal-application-api-validation","storyName":"Merchant Portal application API validation","path":"APIupdate.feature","type":"feature"},"featureTag":{"name":"Merchant Portal application API validation","type":"feature"},"title":"Verify the details of the Pre Authorisation summary for the impersonated user","description":"","tags":[{"name":"getPreAuthSummaryImpersonation","type":"tag"}],"startTime":1514870097970,"duration":14937,"dataTable":{"headers":["report","logindomain","domainurl","status","Message","ErrorCode","userName","password","allianceCode","AuthErrMessage","Authaccessdenied","AuthErrCause","currency","userType","pageNumber","accountStatus","profile","firstName","lastName","fromDate","toDate","pseudoUserName"],"rows":[{"values":["TC01","/MerchantApiWeb/authenticateUser","/MerchantApiWeb/rest/secure/impersonation/user/financialData/authorisation/getPreAuthSummary/","success","","","TestAutomation18","Password@1","EMS","","","","EUR","","","","","","","2016-11-02","2017-11-02","TestAutomation22"],"result":"SUCCESS"},{"values":["TC02","/MerchantApiWeb/authenticateUser","/MerchantApiWeb/rest/secure/impersonation/user/financialData/authorisation/getPreAuthSummary/","error","Invalid Date format","MPVE00051","TestAutomation18","Password@1","EMS","","","","EUR","","","","","","","201611-02","2017-11-02","TestAutomation22"],"result":"SUCCESS"},{"values":["TC03","/MerchantApiWeb/authenticateUser","/MerchantApiWeb/rest/secure/impersonation/user/financialData/authorisation/getPreAuthSummary/","error","Invalid Date format","MPVE00051","TestAutomation18","Password@1","EMS","","","","EUR","","","","","","","2016-11-02","20171102","TestAutomation22"],"result":"SUCCESS"}],"predefinedRows":true,"dataSetDescriptors":[{"startRow":0,"rowCount":0,"name":"","description":""}]},"manual":false,"testSource":"Cucumber","result":"SUCCESS"}