{"name":"Verify the api exports the list of the Authorisations for the impersonated user","testSteps":[{"number":1,"description":"[1] {report\u003dTC01, logindomain\u003d/MerchantApiWeb/authenticateUser, domainurl\u003d/MerchantApiWeb/rest/secure/impersonation/user/financialData/export/exportAuthorizationList, status\u003dsuccess, Message\u003d, ErrorCode\u003d, userName\u003dTestAutomation18, password\u003dPassword@1, allianceCode\u003dEMS, AuthErrMessage\u003d, Authaccessdenied\u003d, AuthErrCause\u003d, currency\u003dEUR, userType\u003d, pageNumber\u003d1, accountStatus\u003d, profile\u003d, firstName\u003d, lastName\u003d, fromDate\u003d2016-11-02, toDate\u003d2017-11-02, fromAmount\u003d, toAmount\u003d, pseudoUserName\u003dTestAutomation22, fileType\u003dCSV, delimiter\u003d,}","duration":7119,"startTime":1514870683669,"result":"SUCCESS","children":[{"number":2,"description":"Given load request for exportAuthorizationListImpersonation \"/MerchantApiWeb/authenticateUser\" and \"/MerchantApiWeb/rest/secure/impersonation/user/financialData/export/exportAuthorizationList\" and \"TC01\" and \"TestAutomation18\" and \"Password@1\" and \"EMS\"","duration":4390,"startTime":1514870683683,"result":"SUCCESS","children":[{"number":3,"description":"Loadgetrequestdata: https://uat1.merchantportal.firstdata.eu/MerchantApiWeb/authenticateUser","duration":0,"startTime":1514870683908,"result":"SUCCESS"},{"number":4,"description":"Postrequest authenticate user: https://uat1.merchantportal.firstdata.eu/MerchantApiWeb/authenticateUser, TestAutomation18, Password@1, EMS","duration":4136,"startTime":1514870683908,"result":"SUCCESS"},{"number":5,"description":"Loadgetrequestdata export download: https://uat1.merchantportal.firstdata.eu/MerchantApiWeb/rest/secure/impersonation/user/financialData/export/exportAuthorizationList","duration":0,"startTime":1514870688052,"result":"SUCCESS"}]},{"number":6,"description":"When post get request for exportAuthorizationListImpersonation \"2016-11-02\" and \"2017-11-02\" and \"\" and \"\" and \"TestAutomation22\" and \"CSV\" and \",\" and \"1\"","duration":2435,"startTime":1514870688074,"result":"SUCCESS","children":[{"number":7,"description":"Post GET request export authorization list impersonation: https://uat1.merchantportal.firstdata.eu/MerchantApiWeb/rest/secure/impersonation/user/financialData/export/exportAuthorizationList, 2016-11-02, 2017-11-02, , , TestAutomation22, CSV, ,, 1","duration":2270,"startTime":1514870688085,"result":"SUCCESS"}]},{"number":8,"description":"Then verify exportAuthorizationListImpersonation response status \"success\" and \"\" and \"\" and \"\" and \"\" and \"\"","duration":279,"startTime":1514870690509,"result":"SUCCESS","children":[{"number":9,"description":"Verify Download file Response","duration":212,"startTime":1514870690521,"result":"SUCCESS"}]}]},{"number":10,"description":"[1] {report\u003dTC02, logindomain\u003d/MerchantApiWeb/authenticateUser, domainurl\u003d/MerchantApiWeb/rest/secure/impersonation/user/financialData/export/exportAuthorizationList, status\u003dsuccess, Message\u003d, ErrorCode\u003d, userName\u003dTestAutomation18, password\u003dPassword@1, allianceCode\u003dEMS, AuthErrMessage\u003d, Authaccessdenied\u003d, AuthErrCause\u003d, currency\u003dEUR, userType\u003d, pageNumber\u003d1, accountStatus\u003d, profile\u003d, firstName\u003d, lastName\u003d, fromDate\u003d2016-11-02, toDate\u003d2017-11-02, fromAmount\u003d, toAmount\u003d, pseudoUserName\u003dTestAutomation22, fileType\u003dXML, delimiter\u003d,}","duration":5943,"startTime":1514870695715,"result":"SUCCESS","children":[{"number":11,"description":"Given load request for exportAuthorizationListImpersonation \"/MerchantApiWeb/authenticateUser\" and \"/MerchantApiWeb/rest/secure/impersonation/user/financialData/export/exportAuthorizationList\" and \"TC02\" and \"TestAutomation18\" and \"Password@1\" and \"EMS\"","duration":1176,"startTime":1514870695762,"result":"SUCCESS","children":[{"number":12,"description":"Loadgetrequestdata: https://uat1.merchantportal.firstdata.eu/MerchantApiWeb/authenticateUser","duration":1,"startTime":1514870695882,"result":"SUCCESS"},{"number":13,"description":"Postrequest authenticate user: https://uat1.merchantportal.firstdata.eu/MerchantApiWeb/authenticateUser, TestAutomation18, Password@1, EMS","duration":1021,"startTime":1514870695885,"result":"SUCCESS"},{"number":14,"description":"Loadgetrequestdata export download: https://uat1.merchantportal.firstdata.eu/MerchantApiWeb/rest/secure/impersonation/user/financialData/export/exportAuthorizationList","duration":0,"startTime":1514870696915,"result":"SUCCESS"}]},{"number":15,"description":"When post get request for exportAuthorizationListImpersonation \"2016-11-02\" and \"2017-11-02\" and \"\" and \"\" and \"TestAutomation22\" and \"XML\" and \",\" and \"1\"","duration":4092,"startTime":1514870696939,"result":"SUCCESS","children":[{"number":16,"description":"Post GET request export authorization list impersonation: https://uat1.merchantportal.firstdata.eu/MerchantApiWeb/rest/secure/impersonation/user/financialData/export/exportAuthorizationList, 2016-11-02, 2017-11-02, , , TestAutomation22, XML, ,, 1","duration":3872,"startTime":1514870696954,"result":"SUCCESS"}]},{"number":17,"description":"Then verify exportAuthorizationListImpersonation response status \"success\" and \"\" and \"\" and \"\" and \"\" and \"\"","duration":625,"startTime":1514870701032,"result":"SUCCESS","children":[{"number":18,"description":"Verify Download file Response","duration":557,"startTime":1514870701051,"result":"SUCCESS"}]}]},{"number":19,"description":"[1] {report\u003dTC03, logindomain\u003d/MerchantApiWeb/authenticateUser, domainurl\u003d/MerchantApiWeb/rest/secure/impersonation/user/financialData/export/exportAuthorizationList, status\u003dsuccess, Message\u003d, ErrorCode\u003d, userName\u003dTestAutomation18, password\u003dPassword@1, allianceCode\u003dEMS, AuthErrMessage\u003d, Authaccessdenied\u003d, AuthErrCause\u003d, currency\u003dEUR, userType\u003d, pageNumber\u003d1, accountStatus\u003d, profile\u003d, firstName\u003d, lastName\u003d, fromDate\u003d2016-11-02, toDate\u003d2017-11-02, fromAmount\u003d, toAmount\u003d, pseudoUserName\u003dTestAutomation22, fileType\u003dXLS, delimiter\u003d,}","duration":4985,"startTime":1514870706558,"result":"SUCCESS","children":[{"number":20,"description":"Given load request for exportAuthorizationListImpersonation \"/MerchantApiWeb/authenticateUser\" and \"/MerchantApiWeb/rest/secure/impersonation/user/financialData/export/exportAuthorizationList\" and \"TC03\" and \"TestAutomation18\" and \"Password@1\" and \"EMS\"","duration":1387,"startTime":1514870706644,"result":"SUCCESS","children":[{"number":21,"description":"Loadgetrequestdata: https://uat1.merchantportal.firstdata.eu/MerchantApiWeb/authenticateUser","duration":0,"startTime":1514870706772,"result":"SUCCESS"},{"number":22,"description":"Postrequest authenticate user: https://uat1.merchantportal.firstdata.eu/MerchantApiWeb/authenticateUser, TestAutomation18, Password@1, EMS","duration":1223,"startTime":1514870706774,"result":"SUCCESS"},{"number":23,"description":"Loadgetrequestdata export download: https://uat1.merchantportal.firstdata.eu/MerchantApiWeb/rest/secure/impersonation/user/financialData/export/exportAuthorizationList","duration":1,"startTime":1514870708005,"result":"SUCCESS"}]},{"number":24,"description":"When post get request for exportAuthorizationListImpersonation \"2016-11-02\" and \"2017-11-02\" and \"\" and \"\" and \"TestAutomation22\" and \"XLS\" and \",\" and \"1\"","duration":3057,"startTime":1514870708031,"result":"SUCCESS","children":[{"number":25,"description":"Post GET request export authorization list impersonation: https://uat1.merchantportal.firstdata.eu/MerchantApiWeb/rest/secure/impersonation/user/financialData/export/exportAuthorizationList, 2016-11-02, 2017-11-02, , , TestAutomation22, XLS, ,, 1","duration":2785,"startTime":1514870708073,"result":"SUCCESS"}]},{"number":26,"description":"Then verify exportAuthorizationListImpersonation response status \"success\" and \"\" and \"\" and \"\" and \"\" and \"\"","duration":455,"startTime":1514870711088,"result":"SUCCESS","children":[{"number":27,"description":"Verify Download file Response","duration":389,"startTime":1514870711101,"result":"SUCCESS"}]}]},{"number":28,"description":"[1] {report\u003dTC04, logindomain\u003d/MerchantApiWeb/authenticateUser, domainurl\u003d/MerchantApiWeb/rest/secure/impersonation/user/financialData/export/exportAuthorizationList, status\u003derror, Message\u003dInvalid Date format, ErrorCode\u003dMPVE00051, userName\u003dTestAutomation18, password\u003dPassword@1, allianceCode\u003dEMS, AuthErrMessage\u003d, Authaccessdenied\u003d, AuthErrCause\u003d, currency\u003dEUR, userType\u003d, pageNumber\u003d1, accountStatus\u003d, profile\u003d, firstName\u003d, lastName\u003d, fromDate\u003d20161102, toDate\u003d2017-11-02, fromAmount\u003d, toAmount\u003d, pseudoUserName\u003dTestAutomation22, fileType\u003dtxt, delimiter\u003d,}","duration":2563,"startTime":1514870715613,"result":"SUCCESS","children":[{"number":29,"description":"Given load request for exportAuthorizationListImpersonation \"/MerchantApiWeb/authenticateUser\" and \"/MerchantApiWeb/rest/secure/impersonation/user/financialData/export/exportAuthorizationList\" and \"TC04\" and \"TestAutomation18\" and \"Password@1\" and \"EMS\"","duration":1219,"startTime":1514870715639,"result":"SUCCESS","children":[{"number":30,"description":"Loadgetrequestdata: https://uat1.merchantportal.firstdata.eu/MerchantApiWeb/authenticateUser","duration":1,"startTime":1514870715767,"result":"SUCCESS"},{"number":31,"description":"Postrequest authenticate user: https://uat1.merchantportal.firstdata.eu/MerchantApiWeb/authenticateUser, TestAutomation18, Password@1, EMS","duration":1049,"startTime":1514870715769,"result":"SUCCESS"},{"number":32,"description":"Loadgetrequestdata export download: https://uat1.merchantportal.firstdata.eu/MerchantApiWeb/rest/secure/impersonation/user/financialData/export/exportAuthorizationList","duration":0,"startTime":1514870716829,"result":"SUCCESS"}]},{"number":33,"description":"When post get request for exportAuthorizationListImpersonation \"20161102\" and \"2017-11-02\" and \"\" and \"\" and \"TestAutomation22\" and \"txt\" and \",\" and \"1\"","duration":946,"startTime":1514870716859,"result":"SUCCESS","children":[{"number":34,"description":"Post GET request export authorization list impersonation: https://uat1.merchantportal.firstdata.eu/MerchantApiWeb/rest/secure/impersonation/user/financialData/export/exportAuthorizationList, 20161102, 2017-11-02, , , TestAutomation22, txt, ,, 1","duration":876,"startTime":1514870716872,"result":"SUCCESS"}]},{"number":35,"description":"Then verify exportAuthorizationListImpersonation response status \"error\" and \"MPVE00051\" and \"Invalid Date format\" and \"\" and \"\" and \"\"","duration":371,"startTime":1514870717805,"result":"SUCCESS","children":[{"number":36,"description":"Verify Download file Response","duration":99,"startTime":1514870717819,"result":"SUCCESS"}]}]},{"number":37,"description":"[1] {report\u003dTC05, logindomain\u003d/MerchantApiWeb/authenticateUser, domainurl\u003d/MerchantApiWeb/rest/secure/impersonation/user/financialData/export/exportAuthorizationList, status\u003derror, Message\u003dInvalid Date format, ErrorCode\u003dMPVE00051, userName\u003dTestAutomation18, password\u003dPassword@1, allianceCode\u003dEMS, AuthErrMessage\u003d, Authaccessdenied\u003d, AuthErrCause\u003d, currency\u003dEUR, userType\u003d, pageNumber\u003d1, accountStatus\u003d, profile\u003d, firstName\u003d, lastName\u003d, fromDate\u003d2016-11-02, toDate\u003d20171102, fromAmount\u003d, toAmount\u003d, pseudoUserName\u003dTestAutomation22, fileType\u003dtxt, delimiter\u003d,}","duration":2861,"startTime":1514870722926,"result":"SUCCESS","children":[{"number":38,"description":"Given load request for exportAuthorizationListImpersonation \"/MerchantApiWeb/authenticateUser\" and \"/MerchantApiWeb/rest/secure/impersonation/user/financialData/export/exportAuthorizationList\" and \"TC05\" and \"TestAutomation18\" and \"Password@1\" and \"EMS\"","duration":1253,"startTime":1514870722956,"result":"SUCCESS","children":[{"number":39,"description":"Loadgetrequestdata: https://uat1.merchantportal.firstdata.eu/MerchantApiWeb/authenticateUser","duration":0,"startTime":1514870723070,"result":"SUCCESS"},{"number":40,"description":"Postrequest authenticate user: https://uat1.merchantportal.firstdata.eu/MerchantApiWeb/authenticateUser, TestAutomation18, Password@1, EMS","duration":1106,"startTime":1514870723071,"result":"SUCCESS"},{"number":41,"description":"Loadgetrequestdata export download: https://uat1.merchantportal.firstdata.eu/MerchantApiWeb/rest/secure/impersonation/user/financialData/export/exportAuthorizationList","duration":0,"startTime":1514870724185,"result":"SUCCESS"}]},{"number":42,"description":"When post get request for exportAuthorizationListImpersonation \"2016-11-02\" and \"20171102\" and \"\" and \"\" and \"TestAutomation22\" and \"txt\" and \",\" and \"1\"","duration":1351,"startTime":1514870724210,"result":"SUCCESS","children":[{"number":43,"description":"Post GET request export authorization list impersonation: https://uat1.merchantportal.firstdata.eu/MerchantApiWeb/rest/secure/impersonation/user/financialData/export/exportAuthorizationList, 2016-11-02, 20171102, , , TestAutomation22, txt, ,, 1","duration":1263,"startTime":1514870724224,"result":"SUCCESS"}]},{"number":44,"description":"Then verify exportAuthorizationListImpersonation response status \"error\" and \"MPVE00051\" and \"Invalid Date format\" and \"\" and \"\" and \"\"","duration":226,"startTime":1514870725561,"result":"SUCCESS","children":[{"number":45,"description":"Verify Download file Response","duration":50,"startTime":1514870725576,"result":"SUCCESS"}]}]},{"number":46,"description":"[1] {report\u003dTC07, logindomain\u003d/MerchantApiWeb/authenticateUser, domainurl\u003d/MerchantApiWeb/rest/secure/impersonation/user/financialData/export/exportAuthorizationList, status\u003derror, Message\u003dfromDate should be less than toDate, ErrorCode\u003dMPVE00053, userName\u003dTestAutomation18, password\u003dPassword@1, allianceCode\u003dEMS, AuthErrMessage\u003d, Authaccessdenied\u003d, AuthErrCause\u003d, currency\u003dEUR, userType\u003d, pageNumber\u003d1, accountStatus\u003d, profile\u003d, firstName\u003d, lastName\u003d, fromDate\u003d2018-11-02, toDate\u003d2017-11-02, fromAmount\u003d, toAmount\u003d, pseudoUserName\u003dTestAutomation22, fileType\u003dtxt, delimiter\u003d,}","duration":2836,"startTime":1514870729860,"result":"SUCCESS","children":[{"number":47,"description":"Given load request for exportAuthorizationListImpersonation \"/MerchantApiWeb/authenticateUser\" and \"/MerchantApiWeb/rest/secure/impersonation/user/financialData/export/exportAuthorizationList\" and \"TC07\" and \"TestAutomation18\" and \"Password@1\" and \"EMS\"","duration":1535,"startTime":1514870729900,"result":"SUCCESS","children":[{"number":48,"description":"Loadgetrequestdata: https://uat1.merchantportal.firstdata.eu/MerchantApiWeb/authenticateUser","duration":1,"startTime":1514870730129,"result":"SUCCESS"},{"number":49,"description":"Postrequest authenticate user: https://uat1.merchantportal.firstdata.eu/MerchantApiWeb/authenticateUser, TestAutomation18, Password@1, EMS","duration":1273,"startTime":1514870730131,"result":"SUCCESS"},{"number":50,"description":"Loadgetrequestdata export download: https://uat1.merchantportal.firstdata.eu/MerchantApiWeb/rest/secure/impersonation/user/financialData/export/exportAuthorizationList","duration":0,"startTime":1514870731412,"result":"SUCCESS"}]},{"number":51,"description":"When post get request for exportAuthorizationListImpersonation \"2018-11-02\" and \"2017-11-02\" and \"\" and \"\" and \"TestAutomation22\" and \"txt\" and \",\" and \"1\"","duration":1022,"startTime":1514870731435,"result":"SUCCESS","children":[{"number":52,"description":"Post GET request export authorization list impersonation: https://uat1.merchantportal.firstdata.eu/MerchantApiWeb/rest/secure/impersonation/user/financialData/export/exportAuthorizationList, 2018-11-02, 2017-11-02, , , TestAutomation22, txt, ,, 1","duration":889,"startTime":1514870731452,"result":"SUCCESS"}]},{"number":53,"description":"Then verify exportAuthorizationListImpersonation response status \"error\" and \"MPVE00053\" and \"fromDate should be less than toDate\" and \"\" and \"\" and \"\"","duration":238,"startTime":1514870732458,"result":"SUCCESS","children":[{"number":54,"description":"Verify Download file Response","duration":54,"startTime":1514870732470,"result":"SUCCESS"}]}]},{"number":55,"description":"[1] {report\u003dTC08, logindomain\u003d/MerchantApiWeb/authenticateUser, domainurl\u003d/MerchantApiWeb/rest/secure/impersonation/user/financialData/export/exportAuthorizationList, status\u003derror, Message\u003dfromAmount is greater than toAmount, ErrorCode\u003dMPVE00054, userName\u003dTestAutomation18, password\u003dPassword@1, allianceCode\u003dEMS, AuthErrMessage\u003d, Authaccessdenied\u003d, AuthErrCause\u003d, currency\u003dEUR, userType\u003d, pageNumber\u003d1, accountStatus\u003d, profile\u003d, firstName\u003d, lastName\u003d, fromDate\u003d2016-11-02, toDate\u003d2017-11-02, fromAmount\u003d10, toAmount\u003d5, pseudoUserName\u003dTestAutomation22, fileType\u003dtxt, delimiter\u003d,}","duration":2564,"startTime":1514870737202,"result":"SUCCESS","children":[{"number":56,"description":"Given load request for exportAuthorizationListImpersonation \"/MerchantApiWeb/authenticateUser\" and \"/MerchantApiWeb/rest/secure/impersonation/user/financialData/export/exportAuthorizationList\" and \"TC08\" and \"TestAutomation18\" and \"Password@1\" and \"EMS\"","duration":1328,"startTime":1514870737289,"result":"SUCCESS","children":[{"number":57,"description":"Loadgetrequestdata: https://uat1.merchantportal.firstdata.eu/MerchantApiWeb/authenticateUser","duration":1,"startTime":1514870737365,"result":"SUCCESS"},{"number":58,"description":"Postrequest authenticate user: https://uat1.merchantportal.firstdata.eu/MerchantApiWeb/authenticateUser, TestAutomation18, Password@1, EMS","duration":1214,"startTime":1514870737367,"result":"SUCCESS"},{"number":59,"description":"Loadgetrequestdata export download: https://uat1.merchantportal.firstdata.eu/MerchantApiWeb/rest/secure/impersonation/user/financialData/export/exportAuthorizationList","duration":1,"startTime":1514870738590,"result":"SUCCESS"}]},{"number":60,"description":"When post get request for exportAuthorizationListImpersonation \"2016-11-02\" and \"2017-11-02\" and \"10\" and \"5\" and \"TestAutomation22\" and \"txt\" and \",\" and \"1\"","duration":909,"startTime":1514870738617,"result":"SUCCESS","children":[{"number":61,"description":"Post GET request export authorization list impersonation: https://uat1.merchantportal.firstdata.eu/MerchantApiWeb/rest/secure/impersonation/user/financialData/export/exportAuthorizationList, 2016-11-02, 2017-11-02, 10, 5, TestAutomation22, txt, ,, 1","duration":814,"startTime":1514870738630,"result":"SUCCESS"}]},{"number":62,"description":"Then verify exportAuthorizationListImpersonation response status \"error\" and \"MPVE00054\" and \"fromAmount is greater than toAmount\" and \"\" and \"\" and \"\"","duration":239,"startTime":1514870739527,"result":"SUCCESS","children":[{"number":63,"description":"Verify Download file Response","duration":59,"startTime":1514870739540,"result":"SUCCESS"}]}]},{"number":64,"description":"[1] {report\u003dTC09, logindomain\u003d/MerchantApiWeb/authenticateUser, domainurl\u003d/MerchantApiWeb/rest/secure/impersonation/user/financialData/export/exportAuthorizationList, status\u003derror, Message\u003dtoDate is required, ErrorCode\u003dMPVE00061, userName\u003dTestAutomation18, password\u003dPassword@1, allianceCode\u003dEMS, AuthErrMessage\u003d, Authaccessdenied\u003d, AuthErrCause\u003d, currency\u003dEUR, userType\u003d, pageNumber\u003d1, accountStatus\u003d, profile\u003d, firstName\u003d, lastName\u003d, fromDate\u003d2016-11-02, toDate\u003d, fromAmount\u003d, toAmount\u003d, pseudoUserName\u003dTestAutomation22, fileType\u003dtxt, delimiter\u003d,}","duration":2507,"startTime":1514870743710,"result":"SUCCESS","children":[{"number":65,"description":"Given load request for exportAuthorizationListImpersonation \"/MerchantApiWeb/authenticateUser\" and \"/MerchantApiWeb/rest/secure/impersonation/user/financialData/export/exportAuthorizationList\" and \"TC09\" and \"TestAutomation18\" and \"Password@1\" and \"EMS\"","duration":1327,"startTime":1514870743723,"result":"SUCCESS","children":[{"number":66,"description":"Loadgetrequestdata: https://uat1.merchantportal.firstdata.eu/MerchantApiWeb/authenticateUser","duration":0,"startTime":1514870743901,"result":"SUCCESS"},{"number":67,"description":"Postrequest authenticate user: https://uat1.merchantportal.firstdata.eu/MerchantApiWeb/authenticateUser, TestAutomation18, Password@1, EMS","duration":1062,"startTime":1514870743903,"result":"SUCCESS"},{"number":68,"description":"Loadgetrequestdata export download: https://uat1.merchantportal.firstdata.eu/MerchantApiWeb/rest/secure/impersonation/user/financialData/export/exportAuthorizationList","duration":1,"startTime":1514870744976,"result":"SUCCESS"}]},{"number":69,"description":"When post get request for exportAuthorizationListImpersonation \"2016-11-02\" and \"\" and \"\" and \"\" and \"TestAutomation22\" and \"txt\" and \",\" and \"1\"","duration":946,"startTime":1514870745051,"result":"SUCCESS","children":[{"number":70,"description":"Post GET request export authorization list impersonation: https://uat1.merchantportal.firstdata.eu/MerchantApiWeb/rest/secure/impersonation/user/financialData/export/exportAuthorizationList, 2016-11-02, , , , TestAutomation22, txt, ,, 1","duration":871,"startTime":1514870745069,"result":"SUCCESS"}]},{"number":71,"description":"Then verify exportAuthorizationListImpersonation response status \"error\" and \"MPVE00061\" and \"toDate is required\" and \"\" and \"\" and \"\"","duration":219,"startTime":1514870745998,"result":"SUCCESS","children":[{"number":72,"description":"Verify Download file Response","duration":50,"startTime":1514870746012,"result":"SUCCESS"}]}]},{"number":73,"description":"[1] {report\u003dTC11, logindomain\u003d/MerchantApiWeb/authenticateUser, domainurl\u003d/MerchantApiWeb/rest/secure/impersonation/user/financialData/export/exportAuthorizationList, status\u003derror, Message\u003dfromDate is required, ErrorCode\u003dMPVE00063, userName\u003dTestAutomation18, password\u003dPassword@1, allianceCode\u003dEMS, AuthErrMessage\u003d, Authaccessdenied\u003d, AuthErrCause\u003d, currency\u003dEUR, userType\u003d, pageNumber\u003d1, accountStatus\u003d, profile\u003d, firstName\u003d, lastName\u003d, fromDate\u003d, toDate\u003d2017-11-02, fromAmount\u003d, toAmount\u003d, pseudoUserName\u003dTestAutomation22, fileType\u003dtxt, delimiter\u003d,}","duration":2968,"startTime":1514870750361,"result":"SUCCESS","children":[{"number":74,"description":"Given load request for exportAuthorizationListImpersonation \"/MerchantApiWeb/authenticateUser\" and \"/MerchantApiWeb/rest/secure/impersonation/user/financialData/export/exportAuthorizationList\" and \"TC11\" and \"TestAutomation18\" and \"Password@1\" and \"EMS\"","duration":1579,"startTime":1514870750376,"result":"SUCCESS","children":[{"number":75,"description":"Loadgetrequestdata: https://uat1.merchantportal.firstdata.eu/MerchantApiWeb/authenticateUser","duration":1,"startTime":1514870750471,"result":"SUCCESS"},{"number":76,"description":"Postrequest authenticate user: https://uat1.merchantportal.firstdata.eu/MerchantApiWeb/authenticateUser, TestAutomation18, Password@1, EMS","duration":1402,"startTime":1514870750473,"result":"SUCCESS"},{"number":77,"description":"Loadgetrequestdata export download: https://uat1.merchantportal.firstdata.eu/MerchantApiWeb/rest/secure/impersonation/user/financialData/export/exportAuthorizationList","duration":1,"startTime":1514870751883,"result":"SUCCESS"}]},{"number":78,"description":"When post get request for exportAuthorizationListImpersonation \"\" and \"2017-11-02\" and \"\" and \"\" and \"TestAutomation22\" and \"txt\" and \",\" and \"1\"","duration":934,"startTime":1514870751956,"result":"SUCCESS","children":[{"number":79,"description":"Post GET request export authorization list impersonation: https://uat1.merchantportal.firstdata.eu/MerchantApiWeb/rest/secure/impersonation/user/financialData/export/exportAuthorizationList, , 2017-11-02, , , TestAutomation22, txt, ,, 1","duration":852,"startTime":1514870751975,"result":"SUCCESS"}]},{"number":80,"description":"Then verify exportAuthorizationListImpersonation response status \"error\" and \"MPVE00063\" and \"fromDate is required\" and \"\" and \"\" and \"\"","duration":439,"startTime":1514870752890,"result":"SUCCESS","children":[{"number":81,"description":"Verify Download file Response","duration":186,"startTime":1514870752904,"result":"SUCCESS"}]}]},{"number":82,"description":"[1] {report\u003dTC13, logindomain\u003d/MerchantApiWeb/authenticateUser, domainurl\u003d/MerchantApiWeb/rest/secure/impersonation/user/financialData/export/exportAuthorizationList, status\u003derror, Message\u003dUsername does not exist, ErrorCode\u003dMPBE00004, userName\u003dTestAutomation18, password\u003dPassword@1, allianceCode\u003dEMS, AuthErrMessage\u003d, Authaccessdenied\u003d, AuthErrCause\u003d, currency\u003dEUR, userType\u003d, pageNumber\u003d1, accountStatus\u003d, profile\u003d, firstName\u003d, lastName\u003d, fromDate\u003d2016-11-02, toDate\u003d2017-11-02, fromAmount\u003d, toAmount\u003d, pseudoUserName\u003dTest, fileType\u003dtxt, delimiter\u003d,}","duration":2504,"startTime":1514870757536,"result":"SUCCESS","children":[{"number":83,"description":"Given load request for exportAuthorizationListImpersonation \"/MerchantApiWeb/authenticateUser\" and \"/MerchantApiWeb/rest/secure/impersonation/user/financialData/export/exportAuthorizationList\" and \"TC13\" and \"TestAutomation18\" and \"Password@1\" and \"EMS\"","duration":1167,"startTime":1514870757552,"result":"SUCCESS","children":[{"number":84,"description":"Loadgetrequestdata: https://uat1.merchantportal.firstdata.eu/MerchantApiWeb/authenticateUser","duration":1,"startTime":1514870757624,"result":"SUCCESS"},{"number":85,"description":"Postrequest authenticate user: https://uat1.merchantportal.firstdata.eu/MerchantApiWeb/authenticateUser, TestAutomation18, Password@1, EMS","duration":1055,"startTime":1514870757626,"result":"SUCCESS"},{"number":86,"description":"Loadgetrequestdata export download: https://uat1.merchantportal.firstdata.eu/MerchantApiWeb/rest/secure/impersonation/user/financialData/export/exportAuthorizationList","duration":0,"startTime":1514870758691,"result":"SUCCESS"}]},{"number":87,"description":"When post get request for exportAuthorizationListImpersonation \"2016-11-02\" and \"2017-11-02\" and \"\" and \"\" and \"Test\" and \"txt\" and \",\" and \"1\"","duration":982,"startTime":1514870758720,"result":"SUCCESS","children":[{"number":88,"description":"Post GET request export authorization list impersonation: https://uat1.merchantportal.firstdata.eu/MerchantApiWeb/rest/secure/impersonation/user/financialData/export/exportAuthorizationList, 2016-11-02, 2017-11-02, , , Test, txt, ,, 1","duration":870,"startTime":1514870758739,"result":"SUCCESS"}]},{"number":89,"description":"Then verify exportAuthorizationListImpersonation response status \"error\" and \"MPBE00004\" and \"Username does not exist\" and \"\" and \"\" and \"\"","duration":338,"startTime":1514870759702,"result":"SUCCESS","children":[{"number":90,"description":"Verify Download file Response","duration":136,"startTime":1514870759720,"result":"SUCCESS"}]}]},{"number":91,"description":"[1] {report\u003dTC14, logindomain\u003d/MerchantApiWeb/authenticateUser, domainurl\u003d/MerchantApiWeb/rest/secure/impersonation/user/financialData/export/exportAuthorizationList, status\u003derror, Message\u003dUsername does not exist, ErrorCode\u003dMPBE00004, userName\u003dTestAutomation18, password\u003dPassword@1, allianceCode\u003dEMS, AuthErrMessage\u003d, Authaccessdenied\u003d, AuthErrCause\u003d, currency\u003dEUR, userType\u003d, pageNumber\u003d1, accountStatus\u003d, profile\u003d, firstName\u003d, lastName\u003d, fromDate\u003d2016-11-02, toDate\u003d2017-11-02, fromAmount\u003d, toAmount\u003d, pseudoUserName\u003dTest, fileType\u003dtxt, delimiter\u003d,}","duration":2700,"startTime":1514870765716,"result":"SUCCESS","children":[{"number":92,"description":"Given load request for exportAuthorizationListImpersonation \"/MerchantApiWeb/authenticateUser\" and \"/MerchantApiWeb/rest/secure/impersonation/user/financialData/export/exportAuthorizationList\" and \"TC14\" and \"TestAutomation18\" and \"Password@1\" and \"EMS\"","duration":1200,"startTime":1514870765740,"result":"SUCCESS","children":[{"number":93,"description":"Loadgetrequestdata: https://uat1.merchantportal.firstdata.eu/MerchantApiWeb/authenticateUser","duration":0,"startTime":1514870765834,"result":"SUCCESS"},{"number":94,"description":"Postrequest authenticate user: https://uat1.merchantportal.firstdata.eu/MerchantApiWeb/authenticateUser, TestAutomation18, Password@1, EMS","duration":1075,"startTime":1514870765835,"result":"SUCCESS"},{"number":95,"description":"Loadgetrequestdata export download: https://uat1.merchantportal.firstdata.eu/MerchantApiWeb/rest/secure/impersonation/user/financialData/export/exportAuthorizationList","duration":0,"startTime":1514870766918,"result":"SUCCESS"}]},{"number":96,"description":"When post get request for exportAuthorizationListImpersonation \"2016-11-02\" and \"2017-11-02\" and \"\" and \"\" and \"Test\" and \"txt\" and \",\" and \"1\"","duration":1051,"startTime":1514870766941,"result":"SUCCESS","children":[{"number":97,"description":"Post GET request export authorization list impersonation: https://uat1.merchantportal.firstdata.eu/MerchantApiWeb/rest/secure/impersonation/user/financialData/export/exportAuthorizationList, 2016-11-02, 2017-11-02, , , Test, txt, ,, 1","duration":951,"startTime":1514870766955,"result":"SUCCESS"}]},{"number":98,"description":"Then verify exportAuthorizationListImpersonation response status \"error\" and \"MPBE00004\" and \"Username does not exist\" and \"\" and \"\" and \"\"","duration":423,"startTime":1514870767993,"result":"SUCCESS","children":[{"number":99,"description":"Verify Download file Response","duration":107,"startTime":1514870768006,"result":"SUCCESS"}]}]}],"userStory":{"id":"merchant-portal-application-api-validation","storyName":"Merchant Portal application API validation","path":"APIupdate.feature","type":"feature"},"featureTag":{"name":"Merchant Portal application API validation","type":"feature"},"title":"Verify the api exports the list of the Authorisations for the impersonated user","description":"","tags":[{"name":"exportAuthorizationListImpersonation","type":"tag"}],"startTime":1514870683668,"duration":84748,"dataTable":{"headers":["report","logindomain","domainurl","status","Message","ErrorCode","userName","password","allianceCode","AuthErrMessage","Authaccessdenied","AuthErrCause","currency","userType","pageNumber","accountStatus","profile","firstName","lastName","fromDate","toDate","fromAmount","toAmount","pseudoUserName","fileType","delimiter"],"rows":[{"values":["TC01","/MerchantApiWeb/authenticateUser","/MerchantApiWeb/rest/secure/impersonation/user/financialData/export/exportAuthorizationList","success","","","TestAutomation18","Password@1","EMS","","","","EUR","","1","","","","","2016-11-02","2017-11-02","","","TestAutomation22","CSV",","],"result":"SUCCESS"},{"values":["TC02","/MerchantApiWeb/authenticateUser","/MerchantApiWeb/rest/secure/impersonation/user/financialData/export/exportAuthorizationList","success","","","TestAutomation18","Password@1","EMS","","","","EUR","","1","","","","","2016-11-02","2017-11-02","","","TestAutomation22","XML",","],"result":"SUCCESS"},{"values":["TC03","/MerchantApiWeb/authenticateUser","/MerchantApiWeb/rest/secure/impersonation/user/financialData/export/exportAuthorizationList","success","","","TestAutomation18","Password@1","EMS","","","","EUR","","1","","","","","2016-11-02","2017-11-02","","","TestAutomation22","XLS",","],"result":"SUCCESS"},{"values":["TC04","/MerchantApiWeb/authenticateUser","/MerchantApiWeb/rest/secure/impersonation/user/financialData/export/exportAuthorizationList","error","Invalid Date format","MPVE00051","TestAutomation18","Password@1","EMS","","","","EUR","","1","","","","","20161102","2017-11-02","","","TestAutomation22","txt",","],"result":"SUCCESS"},{"values":["TC05","/MerchantApiWeb/authenticateUser","/MerchantApiWeb/rest/secure/impersonation/user/financialData/export/exportAuthorizationList","error","Invalid Date format","MPVE00051","TestAutomation18","Password@1","EMS","","","","EUR","","1","","","","","2016-11-02","20171102","","","TestAutomation22","txt",","],"result":"SUCCESS"},{"values":["TC07","/MerchantApiWeb/authenticateUser","/MerchantApiWeb/rest/secure/impersonation/user/financialData/export/exportAuthorizationList","error","fromDate should be less than toDate","MPVE00053","TestAutomation18","Password@1","EMS","","","","EUR","","1","","","","","2018-11-02","2017-11-02","","","TestAutomation22","txt",","],"result":"SUCCESS"},{"values":["TC08","/MerchantApiWeb/authenticateUser","/MerchantApiWeb/rest/secure/impersonation/user/financialData/export/exportAuthorizationList","error","fromAmount is greater than toAmount","MPVE00054","TestAutomation18","Password@1","EMS","","","","EUR","","1","","","","","2016-11-02","2017-11-02","10","5","TestAutomation22","txt",","],"result":"SUCCESS"},{"values":["TC09","/MerchantApiWeb/authenticateUser","/MerchantApiWeb/rest/secure/impersonation/user/financialData/export/exportAuthorizationList","error","toDate is required","MPVE00061","TestAutomation18","Password@1","EMS","","","","EUR","","1","","","","","2016-11-02","","","","TestAutomation22","txt",","],"result":"SUCCESS"},{"values":["TC11","/MerchantApiWeb/authenticateUser","/MerchantApiWeb/rest/secure/impersonation/user/financialData/export/exportAuthorizationList","error","fromDate is required","MPVE00063","TestAutomation18","Password@1","EMS","","","","EUR","","1","","","","","","2017-11-02","","","TestAutomation22","txt",","],"result":"SUCCESS"},{"values":["TC13","/MerchantApiWeb/authenticateUser","/MerchantApiWeb/rest/secure/impersonation/user/financialData/export/exportAuthorizationList","error","Username does not exist","MPBE00004","TestAutomation18","Password@1","EMS","","","","EUR","","1","","","","","2016-11-02","2017-11-02","","","Test","txt",","],"result":"SUCCESS"},{"values":["TC14","/MerchantApiWeb/authenticateUser","/MerchantApiWeb/rest/secure/impersonation/user/financialData/export/exportAuthorizationList","error","Username does not exist","MPBE00004","TestAutomation18","Password@1","EMS","","","","EUR","","1","","","","","2016-11-02","2017-11-02","","","Test","txt",","],"result":"SUCCESS"}],"predefinedRows":true,"dataSetDescriptors":[{"startRow":0,"rowCount":0,"name":"","description":""}]},"manual":false,"testSource":"Cucumber","result":"SUCCESS"}