{"name":"Verify the api exports the details of the funding impersonated user","testSteps":[{"number":1,"description":"[1] {report\u003dTC01, logindomain\u003d/MerchantApiWeb/authenticateUser, domainurl\u003d/MerchantApiWeb/rest/secure/impersonation/user/financialData/export/exportFundingDetails, status\u003dsuccess, Message\u003d, ErrorCode\u003d, userName\u003dTestAutomation18, password\u003dPassword@1, allianceCode\u003dEMS, AuthErrMessage\u003d, Authaccessdenied\u003d, AuthErrCause\u003d, currency\u003dEUR, userType\u003d, pageNumber\u003d1, accountStatus\u003d, profile\u003d, firstName\u003d, lastName\u003d, period\u003d, fromDate\u003d2016-11-02, toDate\u003d2017-11-02, invoiceId\u003d4723680, gsmTopUpFromDate\u003d, gsmTopUpToDate\u003d, invoiceLineItemId\u003d, fundId\u003d1026901, merchId\u003d65902182, pseudoUserName\u003dTestAutomation22, fundDate\u003d2017-06-02, cardType\u003dMC, fileType\u003dCSV, delimiter\u003d,}","duration":5679,"startTime":1514870852477,"result":"SUCCESS","children":[{"number":2,"description":"Given load request for exportFundingDetailsImpersonation \"/MerchantApiWeb/authenticateUser\" and \"/MerchantApiWeb/rest/secure/impersonation/user/financialData/export/exportFundingDetails\" and \"TC01\" and \"TestAutomation18\" and \"Password@1\" and \"EMS\"","duration":1248,"startTime":1514870852493,"result":"SUCCESS","children":[{"number":3,"description":"Loadgetrequestdata: https://uat1.merchantportal.firstdata.eu/MerchantApiWeb/authenticateUser","duration":0,"startTime":1514870852569,"result":"SUCCESS"},{"number":4,"description":"Postrequest authenticate user: https://uat1.merchantportal.firstdata.eu/MerchantApiWeb/authenticateUser, TestAutomation18, Password@1, EMS","duration":1126,"startTime":1514870852571,"result":"SUCCESS"},{"number":5,"description":"Loadgetrequestdata export download: https://uat1.merchantportal.firstdata.eu/MerchantApiWeb/rest/secure/impersonation/user/financialData/export/exportFundingDetails","duration":1,"startTime":1514870853715,"result":"SUCCESS"}]},{"number":6,"description":"When post get request for exportFundingDetailsImpersonation \"2017-06-02\" and \"1026901\" and \"TestAutomation22\" and \"CSV\" and \",\"","duration":4239,"startTime":1514870853742,"result":"SUCCESS","children":[{"number":7,"description":"Post GET request export funding details impersonation: https://uat1.merchantportal.firstdata.eu/MerchantApiWeb/rest/secure/impersonation/user/financialData/export/exportFundingDetails, 2017-06-02, 1026901, TestAutomation22, CSV, ,","duration":4160,"startTime":1514870853756,"result":"SUCCESS"}]},{"number":8,"description":"Then verify exportFundingDetailsImpersonation response status \"success\" and \"\" and \"\" and \"\" and \"\" and \"\"","duration":174,"startTime":1514870857982,"result":"SUCCESS","children":[{"number":9,"description":"Verify Download file Response","duration":124,"startTime":1514870857993,"result":"SUCCESS"}]}]},{"number":10,"description":"[1] {report\u003dTC02, logindomain\u003d/MerchantApiWeb/authenticateUser, domainurl\u003d/MerchantApiWeb/rest/secure/impersonation/user/financialData/export/exportFundingDetails, status\u003dsuccess, Message\u003d, ErrorCode\u003d, userName\u003dTestAutomation18, password\u003dPassword@1, allianceCode\u003dEMS, AuthErrMessage\u003d, Authaccessdenied\u003d, AuthErrCause\u003d, currency\u003dEUR, userType\u003d, pageNumber\u003d1, accountStatus\u003d, profile\u003d, firstName\u003d, lastName\u003d, period\u003d, fromDate\u003d2016-11-02, toDate\u003d2017-11-02, invoiceId\u003d4723680, gsmTopUpFromDate\u003d, gsmTopUpToDate\u003d, invoiceLineItemId\u003d, fundId\u003d1026901, merchId\u003d65902182, pseudoUserName\u003dTestAutomation22, fundDate\u003d2017-06-02, cardType\u003dMC, fileType\u003dXML, delimiter\u003d,}","duration":5109,"startTime":1514870861983,"result":"SUCCESS","children":[{"number":11,"description":"Given load request for exportFundingDetailsImpersonation \"/MerchantApiWeb/authenticateUser\" and \"/MerchantApiWeb/rest/secure/impersonation/user/financialData/export/exportFundingDetails\" and \"TC02\" and \"TestAutomation18\" and \"Password@1\" and \"EMS\"","duration":1230,"startTime":1514870861999,"result":"SUCCESS","children":[{"number":12,"description":"Loadgetrequestdata: https://uat1.merchantportal.firstdata.eu/MerchantApiWeb/authenticateUser","duration":1,"startTime":1514870862123,"result":"SUCCESS"},{"number":13,"description":"Postrequest authenticate user: https://uat1.merchantportal.firstdata.eu/MerchantApiWeb/authenticateUser, TestAutomation18, Password@1, EMS","duration":1062,"startTime":1514870862125,"result":"SUCCESS"},{"number":14,"description":"Loadgetrequestdata export download: https://uat1.merchantportal.firstdata.eu/MerchantApiWeb/rest/secure/impersonation/user/financialData/export/exportFundingDetails","duration":0,"startTime":1514870863199,"result":"SUCCESS"}]},{"number":15,"description":"When post get request for exportFundingDetailsImpersonation \"2017-06-02\" and \"1026901\" and \"TestAutomation22\" and \"XML\" and \",\"","duration":3692,"startTime":1514870863230,"result":"SUCCESS","children":[{"number":16,"description":"Post GET request export funding details impersonation: https://uat1.merchantportal.firstdata.eu/MerchantApiWeb/rest/secure/impersonation/user/financialData/export/exportFundingDetails, 2017-06-02, 1026901, TestAutomation22, XML, ,","duration":3613,"startTime":1514870863244,"result":"SUCCESS"}]},{"number":17,"description":"Then verify exportFundingDetailsImpersonation response status \"success\" and \"\" and \"\" and \"\" and \"\" and \"\"","duration":169,"startTime":1514870866923,"result":"SUCCESS","children":[{"number":18,"description":"Verify Download file Response","duration":73,"startTime":1514870866939,"result":"SUCCESS"}]}]},{"number":19,"description":"[1] {report\u003dTC03, logindomain\u003d/MerchantApiWeb/authenticateUser, domainurl\u003d/MerchantApiWeb/rest/secure/impersonation/user/financialData/export/exportFundingDetails, status\u003dsuccess, Message\u003d, ErrorCode\u003d, userName\u003dTestAutomation18, password\u003dPassword@1, allianceCode\u003dEMS, AuthErrMessage\u003d, Authaccessdenied\u003d, AuthErrCause\u003d, currency\u003dEUR, userType\u003d, pageNumber\u003d1, accountStatus\u003d, profile\u003d, firstName\u003d, lastName\u003d, period\u003d, fromDate\u003d2016-11-02, toDate\u003d2017-11-02, invoiceId\u003d4723680, gsmTopUpFromDate\u003d, gsmTopUpToDate\u003d, invoiceLineItemId\u003d, fundId\u003d1026901, merchId\u003d65902182, pseudoUserName\u003dTestAutomation22, fundDate\u003d2017-06-02, cardType\u003dMC, fileType\u003dXLS, delimiter\u003d,}","duration":5123,"startTime":1514870872117,"result":"SUCCESS","children":[{"number":20,"description":"Given load request for exportFundingDetailsImpersonation \"/MerchantApiWeb/authenticateUser\" and \"/MerchantApiWeb/rest/secure/impersonation/user/financialData/export/exportFundingDetails\" and \"TC03\" and \"TestAutomation18\" and \"Password@1\" and \"EMS\"","duration":1232,"startTime":1514870872130,"result":"SUCCESS","children":[{"number":21,"description":"Loadgetrequestdata: https://uat1.merchantportal.firstdata.eu/MerchantApiWeb/authenticateUser","duration":1,"startTime":1514870872226,"result":"SUCCESS"},{"number":22,"description":"Postrequest authenticate user: https://uat1.merchantportal.firstdata.eu/MerchantApiWeb/authenticateUser, TestAutomation18, Password@1, EMS","duration":1084,"startTime":1514870872228,"result":"SUCCESS"},{"number":23,"description":"Loadgetrequestdata export download: https://uat1.merchantportal.firstdata.eu/MerchantApiWeb/rest/secure/impersonation/user/financialData/export/exportFundingDetails","duration":1,"startTime":1514870873322,"result":"SUCCESS"}]},{"number":24,"description":"When post get request for exportFundingDetailsImpersonation \"2017-06-02\" and \"1026901\" and \"TestAutomation22\" and \"XLS\" and \",\"","duration":3726,"startTime":1514870873362,"result":"SUCCESS","children":[{"number":25,"description":"Post GET request export funding details impersonation: https://uat1.merchantportal.firstdata.eu/MerchantApiWeb/rest/secure/impersonation/user/financialData/export/exportFundingDetails, 2017-06-02, 1026901, TestAutomation22, XLS, ,","duration":3642,"startTime":1514870873378,"result":"SUCCESS"}]},{"number":26,"description":"Then verify exportFundingDetailsImpersonation response status \"success\" and \"\" and \"\" and \"\" and \"\" and \"\"","duration":152,"startTime":1514870877088,"result":"SUCCESS","children":[{"number":27,"description":"Verify Download file Response","duration":95,"startTime":1514870877103,"result":"SUCCESS"}]}]},{"number":28,"description":"[1] {report\u003dTC04, logindomain\u003d/MerchantApiWeb/authenticateUser, domainurl\u003d/MerchantApiWeb/rest/secure/impersonation/user/financialData/export/exportFundingDetails, status\u003derror, Message\u003dInvalid Date format, ErrorCode\u003dMPVE00051, userName\u003dTestAutomation18, password\u003dPassword@1, allianceCode\u003dEMS, AuthErrMessage\u003d, Authaccessdenied\u003d, AuthErrCause\u003d, currency\u003dEUR, userType\u003d, pageNumber\u003d1, accountStatus\u003d, profile\u003d, firstName\u003d, lastName\u003d, period\u003d, fromDate\u003d20161102, toDate\u003d2017-11-02, invoiceId\u003d4723680, gsmTopUpFromDate\u003d, gsmTopUpToDate\u003d, invoiceLineItemId\u003d, fundId\u003d1026901, merchId\u003d65902182, pseudoUserName\u003dTestAutomation22, fundDate\u003d20171115, cardType\u003dMC, fileType\u003dtxt, delimiter\u003d,}","duration":2932,"startTime":1514870882373,"result":"SUCCESS","children":[{"number":29,"description":"Given load request for exportFundingDetailsImpersonation \"/MerchantApiWeb/authenticateUser\" and \"/MerchantApiWeb/rest/secure/impersonation/user/financialData/export/exportFundingDetails\" and \"TC04\" and \"TestAutomation18\" and \"Password@1\" and \"EMS\"","duration":1532,"startTime":1514870882529,"result":"SUCCESS","children":[{"number":30,"description":"Loadgetrequestdata: https://uat1.merchantportal.firstdata.eu/MerchantApiWeb/authenticateUser","duration":0,"startTime":1514870882666,"result":"SUCCESS"},{"number":31,"description":"Postrequest authenticate user: https://uat1.merchantportal.firstdata.eu/MerchantApiWeb/authenticateUser, TestAutomation18, Password@1, EMS","duration":1355,"startTime":1514870882668,"result":"SUCCESS"},{"number":32,"description":"Loadgetrequestdata export download: https://uat1.merchantportal.firstdata.eu/MerchantApiWeb/rest/secure/impersonation/user/financialData/export/exportFundingDetails","duration":1,"startTime":1514870884032,"result":"SUCCESS"}]},{"number":33,"description":"When post get request for exportFundingDetailsImpersonation \"20171115\" and \"1026901\" and \"TestAutomation22\" and \"txt\" and \",\"","duration":941,"startTime":1514870884062,"result":"SUCCESS","children":[{"number":34,"description":"Post GET request export funding details impersonation: https://uat1.merchantportal.firstdata.eu/MerchantApiWeb/rest/secure/impersonation/user/financialData/export/exportFundingDetails, 20171115, 1026901, TestAutomation22, txt, ,","duration":877,"startTime":1514870884078,"result":"SUCCESS"}]},{"number":35,"description":"Then verify exportFundingDetailsImpersonation response status \"error\" and \"MPVE00051\" and \"Invalid Date format\" and \"\" and \"\" and \"\"","duration":301,"startTime":1514870885003,"result":"SUCCESS","children":[{"number":36,"description":"Verify Download file Response","duration":153,"startTime":1514870885017,"result":"SUCCESS"}]}]},{"number":37,"description":"[1] {report\u003dTC06, logindomain\u003d/MerchantApiWeb/authenticateUser, domainurl\u003d/MerchantApiWeb/rest/secure/impersonation/user/financialData/export/exportFundingDetails, status\u003derror, Message\u003dUsername does not exist, ErrorCode\u003dMPBE00004, userName\u003dTestAutomation18, password\u003dPassword@1, allianceCode\u003dEMS, AuthErrMessage\u003d, Authaccessdenied\u003d, AuthErrCause\u003d, currency\u003dEUR, userType\u003d, pageNumber\u003d1, accountStatus\u003d, profile\u003d, firstName\u003d, lastName\u003d, period\u003d, fromDate\u003d2016-11-02, toDate\u003d20171102, invoiceId\u003d4723680, gsmTopUpFromDate\u003d, gsmTopUpToDate\u003d, invoiceLineItemId\u003d, fundId\u003d1026901, merchId\u003d65902182, pseudoUserName\u003dTest, fundDate\u003d2017-06-02, cardType\u003dMC, fileType\u003dtxt, delimiter\u003d,}","duration":2448,"startTime":1514870889199,"result":"SUCCESS","children":[{"number":38,"description":"Given load request for exportFundingDetailsImpersonation \"/MerchantApiWeb/authenticateUser\" and \"/MerchantApiWeb/rest/secure/impersonation/user/financialData/export/exportFundingDetails\" and \"TC06\" and \"TestAutomation18\" and \"Password@1\" and \"EMS\"","duration":1219,"startTime":1514870889215,"result":"SUCCESS","children":[{"number":39,"description":"Loadgetrequestdata: https://uat1.merchantportal.firstdata.eu/MerchantApiWeb/authenticateUser","duration":1,"startTime":1514870889317,"result":"SUCCESS"},{"number":40,"description":"Postrequest authenticate user: https://uat1.merchantportal.firstdata.eu/MerchantApiWeb/authenticateUser, TestAutomation18, Password@1, EMS","duration":1078,"startTime":1514870889319,"result":"SUCCESS"},{"number":41,"description":"Loadgetrequestdata export download: https://uat1.merchantportal.firstdata.eu/MerchantApiWeb/rest/secure/impersonation/user/financialData/export/exportFundingDetails","duration":0,"startTime":1514870890407,"result":"SUCCESS"}]},{"number":42,"description":"When post get request for exportFundingDetailsImpersonation \"2017-06-02\" and \"1026901\" and \"Test\" and \"txt\" and \",\"","duration":921,"startTime":1514870890434,"result":"SUCCESS","children":[{"number":43,"description":"Post GET request export funding details impersonation: https://uat1.merchantportal.firstdata.eu/MerchantApiWeb/rest/secure/impersonation/user/financialData/export/exportFundingDetails, 2017-06-02, 1026901, Test, txt, ,","duration":843,"startTime":1514870890449,"result":"SUCCESS"}]},{"number":44,"description":"Then verify exportFundingDetailsImpersonation response status \"error\" and \"MPBE00004\" and \"Username does not exist\" and \"\" and \"\" and \"\"","duration":291,"startTime":1514870891356,"result":"SUCCESS","children":[{"number":45,"description":"Verify Download file Response","duration":66,"startTime":1514870891375,"result":"SUCCESS"}]}]}],"userStory":{"id":"merchant-portal-application-api-validation","storyName":"Merchant Portal application API validation","path":"APIupdate.feature","type":"feature"},"featureTag":{"name":"Merchant Portal application API validation","type":"feature"},"title":"Verify the api exports the details of the funding impersonated user","description":"","tags":[{"name":"exportFundingDetailsImpersonation","type":"tag"}],"startTime":1514870852473,"duration":39174,"dataTable":{"headers":["report","logindomain","domainurl","status","Message","ErrorCode","userName","password","allianceCode","AuthErrMessage","Authaccessdenied","AuthErrCause","currency","userType","pageNumber","accountStatus","profile","firstName","lastName","period","fromDate","toDate","invoiceId","gsmTopUpFromDate","gsmTopUpToDate","invoiceLineItemId","fundId","merchId","pseudoUserName","fundDate","cardType","fileType","delimiter"],"rows":[{"values":["TC01","/MerchantApiWeb/authenticateUser","/MerchantApiWeb/rest/secure/impersonation/user/financialData/export/exportFundingDetails","success","","","TestAutomation18","Password@1","EMS","","","","EUR","","1","","","","","","2016-11-02","2017-11-02","4723680","","","","1026901","65902182","TestAutomation22","2017-06-02","MC","CSV",","],"result":"SUCCESS"},{"values":["TC02","/MerchantApiWeb/authenticateUser","/MerchantApiWeb/rest/secure/impersonation/user/financialData/export/exportFundingDetails","success","","","TestAutomation18","Password@1","EMS","","","","EUR","","1","","","","","","2016-11-02","2017-11-02","4723680","","","","1026901","65902182","TestAutomation22","2017-06-02","MC","XML",","],"result":"SUCCESS"},{"values":["TC03","/MerchantApiWeb/authenticateUser","/MerchantApiWeb/rest/secure/impersonation/user/financialData/export/exportFundingDetails","success","","","TestAutomation18","Password@1","EMS","","","","EUR","","1","","","","","","2016-11-02","2017-11-02","4723680","","","","1026901","65902182","TestAutomation22","2017-06-02","MC","XLS",","],"result":"SUCCESS"},{"values":["TC04","/MerchantApiWeb/authenticateUser","/MerchantApiWeb/rest/secure/impersonation/user/financialData/export/exportFundingDetails","error","Invalid Date format","MPVE00051","TestAutomation18","Password@1","EMS","","","","EUR","","1","","","","","","20161102","2017-11-02","4723680","","","","1026901","65902182","TestAutomation22","20171115","MC","txt",","],"result":"SUCCESS"},{"values":["TC06","/MerchantApiWeb/authenticateUser","/MerchantApiWeb/rest/secure/impersonation/user/financialData/export/exportFundingDetails","error","Username does not exist","MPBE00004","TestAutomation18","Password@1","EMS","","","","EUR","","1","","","","","","2016-11-02","20171102","4723680","","","","1026901","65902182","Test","2017-06-02","MC","txt",","],"result":"SUCCESS"}],"predefinedRows":true,"dataSetDescriptors":[{"startRow":0,"rowCount":0,"name":"","description":""}]},"manual":false,"testSource":"Cucumber","result":"SUCCESS"}