{"name":"Verify the api retrieves the details of the batches","testSteps":[{"number":1,"description":"[1] {report\u003dTC01, logindomain\u003d/MerchantApiWeb/authenticateUser, domainurl\u003d/MerchantApiWeb/rest/secure/user/financialData/batch/getBatchDetails, status\u003dsuccess, Message\u003d, ErrorCode\u003d, userName\u003dTheBatman, password\u003dPass123!, allianceCode\u003dFDP, AuthErrMessage\u003d, Authaccessdenied\u003d, AuthErrCause\u003d, currency\u003dPLN, userType\u003d, pageNumber\u003d, accountStatus\u003d, profile\u003d, firstName\u003d, lastName\u003d, itrcount\u003d, validateuserName\u003d, pseudoUserName\u003d, merchId\u003d, messageId\u003d, terminalBatchNumId\u003d8366009, reasonForBlock\u003d, blockusername\u003d, fromDate\u003d, toDate\u003d}","duration":30928,"startTime":1512037369839,"result":"SUCCESS","children":[{"number":2,"description":"Given load request for getBatchDetails \"/MerchantApiWeb/authenticateUser\" and \"/MerchantApiWeb/rest/secure/user/financialData/batch/getBatchDetails\" and \"TC01\" and \"TheBatman\" and \"Pass123!\" and \"FDP\"","duration":7605,"startTime":1512037369853,"result":"SUCCESS","children":[{"number":3,"description":"Loadgetrequestdata: https://uat1.merchantportal.firstdata.eu/MerchantApiWeb/authenticateUser","duration":0,"startTime":1512037369922,"result":"SUCCESS"},{"number":4,"description":"Postrequest authenticate user: https://uat1.merchantportal.firstdata.eu/MerchantApiWeb/authenticateUser, TheBatman, Pass123!, FDP","duration":7499,"startTime":1512037369923,"result":"SUCCESS"},{"number":5,"description":"Loadgetrequestdata uniqueauthentication: https://uat1.merchantportal.firstdata.eu/MerchantApiWeb/rest/secure/user/financialData/batch/getBatchDetails","duration":1,"startTime":1512037377433,"result":"SUCCESS"}]},{"number":6,"description":"When post get request for getBatchDetails \"PLN\" and \"8366009\"","duration":23170,"startTime":1512037377459,"result":"SUCCESS","children":[{"number":7,"description":"Post GET request get batch details: https://uat1.merchantportal.firstdata.eu/MerchantApiWeb/rest/secure/user/financialData/batch/getBatchDetails, PLN, 8366009","duration":23078,"startTime":1512037377472,"result":"SUCCESS"}]},{"number":8,"description":"Then verify getBatchDetails response status \"success\" and \"\" and \"\" and \"\" and \"\" and \"\"","duration":138,"startTime":1512037400629,"result":"SUCCESS","children":[{"number":9,"description":"Verify Response","duration":87,"startTime":1512037400641,"result":"SUCCESS"}]}]},{"number":10,"description":"[1] {report\u003dTC02, logindomain\u003d/MerchantApiWeb/authenticateUser, domainurl\u003d/MerchantApiWeb/rest/secure/user/financialData/batch/getBatchDetails, status\u003derror, Message\u003dplease enter a valid currency, ErrorCode\u003dMPVE00075, userName\u003dTheBatman, password\u003dPass123!, allianceCode\u003dFDP, AuthErrMessage\u003d, Authaccessdenied\u003d, AuthErrCause\u003d, currency\u003dabc, userType\u003d, pageNumber\u003d, accountStatus\u003d, profile\u003d, firstName\u003d, lastName\u003d, itrcount\u003d, validateuserName\u003d, pseudoUserName\u003d, merchId\u003d, messageId\u003d, terminalBatchNumId\u003d8366009, reasonForBlock\u003d, blockusername\u003d, fromDate\u003d, toDate\u003d}","duration":4048,"startTime":1512037400981,"result":"SUCCESS","children":[{"number":11,"description":"Given load request for getBatchDetails \"/MerchantApiWeb/authenticateUser\" and \"/MerchantApiWeb/rest/secure/user/financialData/batch/getBatchDetails\" and \"TC02\" and \"TheBatman\" and \"Pass123!\" and \"FDP\"","duration":2970,"startTime":1512037401020,"result":"SUCCESS","children":[{"number":12,"description":"Loadgetrequestdata: https://uat1.merchantportal.firstdata.eu/MerchantApiWeb/authenticateUser","duration":0,"startTime":1512037401091,"result":"SUCCESS"},{"number":13,"description":"Postrequest authenticate user: https://uat1.merchantportal.firstdata.eu/MerchantApiWeb/authenticateUser, TheBatman, Pass123!, FDP","duration":2860,"startTime":1512037401092,"result":"SUCCESS"},{"number":14,"description":"Loadgetrequestdata uniqueauthentication: https://uat1.merchantportal.firstdata.eu/MerchantApiWeb/rest/secure/user/financialData/batch/getBatchDetails","duration":0,"startTime":1512037403964,"result":"SUCCESS"}]},{"number":15,"description":"When post get request for getBatchDetails \"abc\" and \"8366009\"","duration":858,"startTime":1512037403990,"result":"SUCCESS","children":[{"number":16,"description":"Post GET request get batch details: https://uat1.merchantportal.firstdata.eu/MerchantApiWeb/rest/secure/user/financialData/batch/getBatchDetails, abc, 8366009","duration":793,"startTime":1512037404003,"result":"SUCCESS"}]},{"number":17,"description":"Then verify getBatchDetails response status \"error\" and \"MPVE00075\" and \"please enter a valid currency\" and \"\" and \"\" and \"\"","duration":180,"startTime":1512037404849,"result":"SUCCESS","children":[{"number":18,"description":"Verify Response","duration":46,"startTime":1512037404862,"result":"SUCCESS"}]}]},{"number":19,"description":"[1] {report\u003dTC03, logindomain\u003d/MerchantApiWeb/authenticateUser, domainurl\u003d/MerchantApiWeb/rest/secure/user/financialData/batch/getBatchDetails, status\u003derror, Message\u003dCurrency can\u0027t be empty, ErrorCode\u003dMPVE00076, userName\u003dTheBatman, password\u003dPass123!, allianceCode\u003dFDP, AuthErrMessage\u003d, Authaccessdenied\u003d, AuthErrCause\u003d, currency\u003d, userType\u003d, pageNumber\u003d, accountStatus\u003d, profile\u003d, firstName\u003d, lastName\u003d, itrcount\u003d, validateuserName\u003d, pseudoUserName\u003d, merchId\u003d, messageId\u003d, terminalBatchNumId\u003d8366009, reasonForBlock\u003d, blockusername\u003d, fromDate\u003d, toDate\u003d}","duration":3673,"startTime":1512037405211,"result":"SUCCESS","children":[{"number":20,"description":"Given load request for getBatchDetails \"/MerchantApiWeb/authenticateUser\" and \"/MerchantApiWeb/rest/secure/user/financialData/batch/getBatchDetails\" and \"TC03\" and \"TheBatman\" and \"Pass123!\" and \"FDP\"","duration":2517,"startTime":1512037405230,"result":"SUCCESS","children":[{"number":21,"description":"Loadgetrequestdata: https://uat1.merchantportal.firstdata.eu/MerchantApiWeb/authenticateUser","duration":0,"startTime":1512037405304,"result":"SUCCESS"},{"number":22,"description":"Postrequest authenticate user: https://uat1.merchantportal.firstdata.eu/MerchantApiWeb/authenticateUser, TheBatman, Pass123!, FDP","duration":2410,"startTime":1512037405305,"result":"SUCCESS"},{"number":23,"description":"Loadgetrequestdata uniqueauthentication: https://uat1.merchantportal.firstdata.eu/MerchantApiWeb/rest/secure/user/financialData/batch/getBatchDetails","duration":0,"startTime":1512037407726,"result":"SUCCESS"}]},{"number":24,"description":"When post get request for getBatchDetails \"\" and \"8366009\"","duration":916,"startTime":1512037407748,"result":"SUCCESS","children":[{"number":25,"description":"Post GET request get batch details: https://uat1.merchantportal.firstdata.eu/MerchantApiWeb/rest/secure/user/financialData/batch/getBatchDetails, , 8366009","duration":852,"startTime":1512037407760,"result":"SUCCESS"}]},{"number":26,"description":"Then verify getBatchDetails response status \"error\" and \"MPVE00076\" and \"Currency can\u0027t be empty\" and \"\" and \"\" and \"\"","duration":220,"startTime":1512037408664,"result":"SUCCESS","children":[{"number":27,"description":"Verify Response","duration":42,"startTime":1512037408676,"result":"SUCCESS"}]}]},{"number":28,"description":"[1] {report\u003dTC04, logindomain\u003d/MerchantApiWeb/authenticateUser, domainurl\u003d/MerchantApiWeb/rest/secure/user/financialData/batch/getBatchDetails, status\u003derror, Message\u003dBatch Id can\u0027t be empty, ErrorCode\u003dMPVE00095, userName\u003dTheBatman, password\u003dPass123!, allianceCode\u003dFDP, AuthErrMessage\u003d, Authaccessdenied\u003d, AuthErrCause\u003d, currency\u003dPLN, userType\u003d, pageNumber\u003d, accountStatus\u003d, profile\u003d, firstName\u003d, lastName\u003d, itrcount\u003d, validateuserName\u003d, pseudoUserName\u003d, merchId\u003d, messageId\u003d, terminalBatchNumId\u003d, reasonForBlock\u003d, blockusername\u003d, fromDate\u003d, toDate\u003d}","duration":5520,"startTime":1512037409132,"result":"SUCCESS","children":[{"number":29,"description":"Given load request for getBatchDetails \"/MerchantApiWeb/authenticateUser\" and \"/MerchantApiWeb/rest/secure/user/financialData/batch/getBatchDetails\" and \"TC04\" and \"TheBatman\" and \"Pass123!\" and \"FDP\"","duration":4267,"startTime":1512037409197,"result":"SUCCESS","children":[{"number":30,"description":"Loadgetrequestdata: https://uat1.merchantportal.firstdata.eu/MerchantApiWeb/authenticateUser","duration":1,"startTime":1512037409270,"result":"SUCCESS"},{"number":31,"description":"Postrequest authenticate user: https://uat1.merchantportal.firstdata.eu/MerchantApiWeb/authenticateUser, TheBatman, Pass123!, FDP","duration":4151,"startTime":1512037409271,"result":"SUCCESS"},{"number":32,"description":"Loadgetrequestdata uniqueauthentication: https://uat1.merchantportal.firstdata.eu/MerchantApiWeb/rest/secure/user/financialData/batch/getBatchDetails","duration":1,"startTime":1512037413431,"result":"SUCCESS"}]},{"number":33,"description":"When post get request for getBatchDetails \"PLN\" and \"\"","duration":937,"startTime":1512037413465,"result":"SUCCESS","children":[{"number":34,"description":"Post GET request get batch details: https://uat1.merchantportal.firstdata.eu/MerchantApiWeb/rest/secure/user/financialData/batch/getBatchDetails, PLN, ","duration":856,"startTime":1512037413494,"result":"SUCCESS"}]},{"number":35,"description":"Then verify getBatchDetails response status \"error\" and \"MPVE00095\" and \"Batch Id can\u0027t be empty\" and \"\" and \"\" and \"\"","duration":249,"startTime":1512037414403,"result":"SUCCESS","children":[{"number":36,"description":"Verify Response","duration":60,"startTime":1512037414424,"result":"SUCCESS"}]}]}],"userStory":{"id":"merchant-portal-application-api-validation","storyName":"Merchant Portal application API validation","path":"Testupdate.feature","type":"feature"},"featureTag":{"name":"Merchant Portal application API validation","type":"feature"},"title":"Verify the api retrieves the details of the batches","description":"","tags":[{"name":"getBatchDetails","type":"tag"}],"startTime":1512037369839,"duration":44813,"dataTable":{"headers":["report","logindomain","domainurl","status","Message","ErrorCode","userName","password","allianceCode","AuthErrMessage","Authaccessdenied","AuthErrCause","currency","userType","pageNumber","accountStatus","profile","firstName","lastName","itrcount","validateuserName","pseudoUserName","merchId","messageId","terminalBatchNumId","reasonForBlock","blockusername","fromDate","toDate"],"rows":[{"values":["TC01","/MerchantApiWeb/authenticateUser","/MerchantApiWeb/rest/secure/user/financialData/batch/getBatchDetails","success","","","TheBatman","Pass123!","FDP","","","","PLN","","","","","","","","","","","","8366009","","","",""],"result":"SUCCESS"},{"values":["TC02","/MerchantApiWeb/authenticateUser","/MerchantApiWeb/rest/secure/user/financialData/batch/getBatchDetails","error","please enter a valid currency","MPVE00075","TheBatman","Pass123!","FDP","","","","abc","","","","","","","","","","","","8366009","","","",""],"result":"SUCCESS"},{"values":["TC03","/MerchantApiWeb/authenticateUser","/MerchantApiWeb/rest/secure/user/financialData/batch/getBatchDetails","error","Currency can\u0027t be empty","MPVE00076","TheBatman","Pass123!","FDP","","","","","","","","","","","","","","","","8366009","","","",""],"result":"SUCCESS"},{"values":["TC04","/MerchantApiWeb/authenticateUser","/MerchantApiWeb/rest/secure/user/financialData/batch/getBatchDetails","error","Batch Id can\u0027t be empty","MPVE00095","TheBatman","Pass123!","FDP","","","","PLN","","","","","","","","","","","","","","","",""],"result":"SUCCESS"}],"predefinedRows":true,"dataSetDescriptors":[{"startRow":0,"rowCount":0,"name":"","description":""}]},"manual":false,"testSource":"Cucumber","result":"SUCCESS"}