{"name":"Verify the details of the Sales summary","testSteps":[{"number":1,"description":"[1] {report\u003dTC01, logindomain\u003d/MerchantApiWeb/authenticateUser, domainurl\u003d/MerchantApiWeb/rest/secure/user/financialData/sales/getSalesSummary, status\u003dsuccess, Message\u003d, ErrorCode\u003d, userName\u003dTestAutomation22, password\u003dPassword@1, allianceCode\u003dEMS, AuthErrMessage\u003d, Authaccessdenied\u003d, AuthErrCause\u003d, currency\u003dEUR, userType\u003d, pageNumber\u003d, accountStatus\u003d, profile\u003d, firstName\u003d, lastName\u003d}","duration":4331,"startTime":1514870028392,"result":"SUCCESS","children":[{"number":2,"description":"Given load request for getSalesSummary \"/MerchantApiWeb/authenticateUser\" and \"/MerchantApiWeb/rest/secure/user/financialData/sales/getSalesSummary\" and \"TC01\" and \"TestAutomation22\" and \"Password@1\" and \"EMS\"","duration":1269,"startTime":1514870028417,"result":"SUCCESS","children":[{"number":3,"description":"Loadgetrequestdata: https://uat1.merchantportal.firstdata.eu/MerchantApiWeb/authenticateUser","duration":0,"startTime":1514870028552,"result":"SUCCESS"},{"number":4,"description":"Postrequest authenticate user: https://uat1.merchantportal.firstdata.eu/MerchantApiWeb/authenticateUser, TestAutomation22, Password@1, EMS","duration":1100,"startTime":1514870028553,"result":"SUCCESS"},{"number":5,"description":"Loadgetrequestdata uniqueauthentication: https://uat1.merchantportal.firstdata.eu/MerchantApiWeb/rest/secure/user/financialData/sales/getSalesSummary","duration":1,"startTime":1514870029663,"result":"SUCCESS"}]},{"number":6,"description":"When post get request for getSalesSummary \"EUR\"","duration":2791,"startTime":1514870029686,"result":"SUCCESS","children":[{"number":7,"description":"Post GET request getsalessummary: https://uat1.merchantportal.firstdata.eu/MerchantApiWeb/rest/secure/user/financialData/sales/getSalesSummary, EUR","duration":2691,"startTime":1514870029701,"result":"SUCCESS"}]},{"number":8,"description":"Then verify getSalesSummary response status \"success\" and \"\" and \"\" and \"\" and \"\" and \"\"","duration":246,"startTime":1514870032477,"result":"SUCCESS","children":[{"number":9,"description":"Verify Response","duration":168,"startTime":1514870032491,"result":"SUCCESS"}]}]},{"number":10,"description":"[1] {report\u003dTC02, logindomain\u003d/MerchantApiWeb/authenticateUser, domainurl\u003d/MerchantApiWeb/rest/secure/user/financialData/sales/getSalesSummary, status\u003derror, Message\u003dplease enter a valid currency, ErrorCode\u003dMPVE00075, userName\u003dTestAutomation22, password\u003dPassword@1, allianceCode\u003dEMS, AuthErrMessage\u003d, Authaccessdenied\u003d, AuthErrCause\u003d, currency\u003dabc, userType\u003d, pageNumber\u003d, accountStatus\u003d, profile\u003d, firstName\u003d, lastName\u003d}","duration":2522,"startTime":1514870035759,"result":"SUCCESS","children":[{"number":11,"description":"Given load request for getSalesSummary \"/MerchantApiWeb/authenticateUser\" and \"/MerchantApiWeb/rest/secure/user/financialData/sales/getSalesSummary\" and \"TC02\" and \"TestAutomation22\" and \"Password@1\" and \"EMS\"","duration":1337,"startTime":1514870035778,"result":"SUCCESS","children":[{"number":12,"description":"Loadgetrequestdata: https://uat1.merchantportal.firstdata.eu/MerchantApiWeb/authenticateUser","duration":0,"startTime":1514870035944,"result":"SUCCESS"},{"number":13,"description":"Postrequest authenticate user: https://uat1.merchantportal.firstdata.eu/MerchantApiWeb/authenticateUser, TestAutomation22, Password@1, EMS","duration":1134,"startTime":1514870035945,"result":"SUCCESS"},{"number":14,"description":"Loadgetrequestdata uniqueauthentication: https://uat1.merchantportal.firstdata.eu/MerchantApiWeb/rest/secure/user/financialData/sales/getSalesSummary","duration":1,"startTime":1514870037088,"result":"SUCCESS"}]},{"number":15,"description":"When post get request for getSalesSummary \"abc\"","duration":950,"startTime":1514870037115,"result":"SUCCESS","children":[{"number":16,"description":"Post GET request getsalessummary: https://uat1.merchantportal.firstdata.eu/MerchantApiWeb/rest/secure/user/financialData/sales/getSalesSummary, abc","duration":884,"startTime":1514870037128,"result":"SUCCESS"}]},{"number":17,"description":"Then verify getSalesSummary response status \"error\" and \"MPVE00075\" and \"please enter a valid currency\" and \"\" and \"\" and \"\"","duration":215,"startTime":1514870038066,"result":"SUCCESS","children":[{"number":18,"description":"Verify Response","duration":78,"startTime":1514870038079,"result":"SUCCESS"}]}]}],"userStory":{"id":"merchant-portal-application-api-validation","storyName":"Merchant Portal application API validation","path":"APIupdate.feature","type":"feature"},"featureTag":{"name":"Merchant Portal application API validation","type":"feature"},"title":"Verify the details of the Sales summary","description":"","tags":[{"name":"getSalesSummary","type":"tag"}],"startTime":1514870028391,"duration":9890,"dataTable":{"headers":["report","logindomain","domainurl","status","Message","ErrorCode","userName","password","allianceCode","AuthErrMessage","Authaccessdenied","AuthErrCause","currency","userType","pageNumber","accountStatus","profile","firstName","lastName"],"rows":[{"values":["TC01","/MerchantApiWeb/authenticateUser","/MerchantApiWeb/rest/secure/user/financialData/sales/getSalesSummary","success","","","TestAutomation22","Password@1","EMS","","","","EUR","","","","","",""],"result":"SUCCESS"},{"values":["TC02","/MerchantApiWeb/authenticateUser","/MerchantApiWeb/rest/secure/user/financialData/sales/getSalesSummary","error","please enter a valid currency","MPVE00075","TestAutomation22","Password@1","EMS","","","","abc","","","","","",""],"result":"SUCCESS"}],"predefinedRows":true,"dataSetDescriptors":[{"startRow":0,"rowCount":0,"name":"","description":""}]},"manual":false,"testSource":"Cucumber","result":"SUCCESS"}