{"name":"Verify the details of the getPaymentTypesByUser summary","testSteps":[{"number":1,"description":"[1] {report\u003dTC01, logindomain\u003d/MerchantApiWeb/authenticateUser, domainurl\u003d/MerchantApiWeb/rest/secure/user/financialData/transaction/getPaymentTypesByUser, status\u003dsuccess, Message\u003d, ErrorCode\u003d, userName\u003dTestAutomation22, password\u003dPassword@1, allianceCode\u003dEMS, AuthErrMessage\u003d, Authaccessdenied\u003d, AuthErrCause\u003d, currency\u003dEUR, userType\u003d, pageNumber\u003d, accountStatus\u003d, profile\u003d, firstName\u003d, lastName\u003d}","duration":4880,"startTime":1514870368680,"result":"SUCCESS","children":[{"number":2,"description":"Given load request for getPaymentTypesByUser \"/MerchantApiWeb/authenticateUser\" and \"/MerchantApiWeb/rest/secure/user/financialData/transaction/getPaymentTypesByUser\" and \"TC01\" and \"TestAutomation22\" and \"Password@1\" and \"EMS\"","duration":3414,"startTime":1514870368695,"result":"SUCCESS","children":[{"number":3,"description":"Loadgetrequestdata: https://uat1.merchantportal.firstdata.eu/MerchantApiWeb/authenticateUser","duration":0,"startTime":1514870368780,"result":"SUCCESS"},{"number":4,"description":"Postrequest authenticate user: https://uat1.merchantportal.firstdata.eu/MerchantApiWeb/authenticateUser, TestAutomation22, Password@1, EMS","duration":3282,"startTime":1514870368781,"result":"SUCCESS"},{"number":5,"description":"Loadgetrequestdata authenticated: https://uat1.merchantportal.firstdata.eu/MerchantApiWeb/rest/secure/user/financialData/transaction/getPaymentTypesByUser, 33bbe85a-5e10-430b-b9e7-7a2a74cf5595","duration":1,"startTime":1514870372071,"result":"SUCCESS"}]},{"number":6,"description":"When post get request for getPaymentTypesByUser \"EUR\"","duration":1316,"startTime":1514870372110,"result":"SUCCESS","children":[{"number":7,"description":"Post GET request get payment types by user: https://uat1.merchantportal.firstdata.eu/MerchantApiWeb/rest/secure/user/financialData/transaction/getPaymentTypesByUser, EUR","duration":1239,"startTime":1514870372128,"result":"SUCCESS"}]},{"number":8,"description":"Then verify getPaymentTypesByUser response status \"success\" and \"\" and \"\" and \"\" and \"\" and \"\"","duration":132,"startTime":1514870373427,"result":"SUCCESS","children":[{"number":9,"description":"Verify Response","duration":45,"startTime":1514870373440,"result":"SUCCESS"}]}]}],"userStory":{"id":"merchant-portal-application-api-validation","storyName":"Merchant Portal application API validation","path":"APIupdate.feature","type":"feature"},"featureTag":{"name":"Merchant Portal application API validation","type":"feature"},"title":"Verify the details of the getPaymentTypesByUser summary","description":"","tags":[{"name":"getPaymentTypesByUser","type":"tag"}],"startTime":1514870368679,"duration":4881,"dataTable":{"headers":["report","logindomain","domainurl","status","Message","ErrorCode","userName","password","allianceCode","AuthErrMessage","Authaccessdenied","AuthErrCause","currency","userType","pageNumber","accountStatus","profile","firstName","lastName"],"rows":[{"values":["TC01","/MerchantApiWeb/authenticateUser","/MerchantApiWeb/rest/secure/user/financialData/transaction/getPaymentTypesByUser","success","","","TestAutomation22","Password@1","EMS","","","","EUR","","","","","",""],"result":"SUCCESS"}],"predefinedRows":true,"dataSetDescriptors":[{"startRow":0,"rowCount":0,"name":"","description":""}]},"manual":false,"testSource":"Cucumber","result":"SUCCESS"}