{"name":"Verify the authentication of the merchant user to merchant portal","testSteps":[{"number":1,"description":"[1] {report\u003dTC01, logindomain\u003d, domainurl\u003d/MerchantApiWeb/authenticateUser, Migrationanswersdomain\u003d, sendpasscodedomain\u003d, logisticslockurl\u003d, status\u003derror, Message\u003dAccount locked Temporarily, ErrorCode\u003dMPERR03, userName\u003dTestAutomationEMS6, password\u003dPassword@1, allianceCode\u003dEMS, AuthErrMessage\u003d, Authaccessdenied\u003d, AuthErrCause\u003d, currency\u003d, userType\u003d, pageNumber\u003d, accountStatus\u003d, profile\u003d, firstName\u003d, lastName\u003d, itrcount\u003d3, validateuserName\u003d, pseudoUserName\u003d, messageId\u003d, terminalBatchNumId\u003d, reasonForBlock\u003d, blockusername\u003d, fromDate\u003d, toDate\u003d, userNameresetPin\u003d, period\u003d, bikTermsId\u003d, caTermsId\u003d, loanAmount\u003d, encUserId\u003d, languagePreference\u003d, passcode\u003d, registerpassword\u003d, tcHasAccepted\u003d, pin\u003d, fileType\u003d, fundId\u003d, merchId\u003d, delimiter\u003d, invoiceId\u003d, timeZone\u003d, fromAmount\u003d, toAmount\u003d, fundDate\u003d, startDate\u003d, endDate\u003d, gsmTopUpFromDate\u003d, gsmTopUpToDate\u003d, invoiceLineItemId\u003d, mobileNumber\u003d, answer1\u003d, answer2\u003d, answer3\u003d, authId\u003d, amount\u003d, smsType\u003d, sendPasscodeencUserId\u003d, clearingId\u003d, refundallianceCode\u003d, source\u003d, merchantType\u003d, posSubType\u003d, posCode\u003d, getuserlist_userName\u003d, SubAccountDetailsuserName\u003d, profiles_Accessdata\u003d, Dictionary_category\u003d, Dictionary_code\u003d, Dictionary_languagecode\u003d, documentfolder\u003d, currencyCode\u003d, paymentType1\u003d, days\u003d, documentId\u003d, messageType\u003d, termsId\u003d, allianceCode_request\u003d, languageCode\u003d, encryptedUserName\u003d, encryptedEmailType\u003d, verifypasscodeencUserId\u003d, resetpasswordencUserId\u003d, resetpassword\u003d, deleteusername\u003d, ResetpassworduserName\u003d, ResettriggerallianceCode\u003d, SendEmailuserName\u003d, SendEmailallianceCode\u003d, emailType\u003d, newPassword\u003d, oldPassword\u003d, oldPin\u003d, newPin\u003d, saveCriteria\u003d, shippingRequestId\u003d, lockUnlockInput\u003d, archiveComments\u003d, requestCode\u003d, terminalPartNumber\u003d, terminalSerialNumber\u003d, trackTrace\u003d, invoiceIds\u003d, reportId\u003d, termsType\u003d, contentType\u003d, attachmentId\u003d, currRefundAmt\u003d, documentIds\u003d, messageIdList1\u003d, updatemessagestatus\u003d, documentIdList\u003d, markRead\u003d, createuser_allianceCode\u003d, createuser_emailAddress\u003d, createuser_firstName\u003d, createuser_languageCode\u003d, createuser_lastName\u003d, createuser_merchantIds\u003d, createuser_migratedUsrFlag\u003d, createuser_mobileNumber\u003d, createuser_phoneNumber\u003d, createuser_profiles\u003d, createuser_userName\u003d, createuser_boUserManagementFlag\u003d, createuser_userType\u003d, updateUser_allianceCode\u003d, updateUser_boUserManagementFlag\u003d, updateUser_emailAddress\u003d, updateUser_firstName\u003d, updateUser_languageCode\u003d, updateUser_lastName\u003d, updateUser_merchantList\u003d, updateUser_mobileNumber\u003d, updateUser_phoneNumber\u003d, updateUser_profiles\u003d, updateUser_sendEmailNotification\u003d, updateUser_sendNewsletter\u003d, updateUser_userName\u003d, cashadvanceoffers_accountManager\u003d, cashadvanceoffers_address\u003d, cashadvanceoffers_agreementNumber\u003d, cashadvanceoffers_commisionPercentage\u003d, cashadvanceoffers_dailyRepaymentPercentage\u003d, cashadvanceoffers_emails\u003d, cashadvanceoffers_endDate\u003d, cashadvanceoffers_fdpDepartment\u003d, cashadvanceoffers_maxLoanAmount\u003d, cashadvanceoffers_merchantName\u003d, cashadvanceoffers_minLoanAmount\u003d, cashadvanceoffers_phoneNumbers\u003d, cashadvanceoffers_repaymentPeriod\u003d, cashadvanceoffers_startDate\u003d, cashadvanceoffers_taxId\u003d, cashadvanceoffers_fileName\u003d, migrateUsers_allianceCode\u003d, migrateUsers_answer1\u003d, migrateUsers_answer2\u003d, migrateUsers_answer3\u003d, migrateUsers_emailAddress\u003d, migrateUsers_firstName\u003d, migrateUsers_languageCode\u003d, migrateUsers_lastName\u003d, migrateUsers_merchantIds\u003d, migrateUsers_mobileNumber\u003d, migrateUsers_phoneNumber\u003d, migrateUsers_profiles\u003d, migrateUsers_userName\u003d, migrateUsers_userType\u003d, migrateUsers_uploadTimestamp\u003d}","duration":8862,"startTime":1514551849208,"result":"SUCCESS","children":[{"number":2,"description":"Given load request for user authentication \"/MerchantApiWeb/authenticateUser\" and \"TC01\"","duration":164,"startTime":1514551849228,"result":"SUCCESS","children":[{"number":3,"description":"Loadgetrequestdata: https://uat1.merchantportal.firstdata.eu/MerchantApiWeb/authenticateUser","duration":0,"startTime":1514551849336,"result":"SUCCESS"}]},{"number":4,"description":"When post request for user authentication \"TestAutomationEMS6\" and \"Password@1\" and \"EMS\" and \"MPERR03\" and \"3\"","duration":8567,"startTime":1514551849393,"result":"SUCCESS","children":[{"number":5,"description":"Postrequest authenticate user: https://uat1.merchantportal.firstdata.eu/MerchantApiWeb/authenticateUser, TestAutomationEMS6, Password@1, EMS","duration":6183,"startTime":1514551849455,"result":"SUCCESS"},{"number":6,"description":"Postrequest authenticate user: https://uat1.merchantportal.firstdata.eu/MerchantApiWeb/authenticateUser, TestAutomationEMS6, Password@1, EMS","duration":1111,"startTime":1514551855640,"result":"SUCCESS"},{"number":7,"description":"Postrequest authenticate user: https://uat1.merchantportal.firstdata.eu/MerchantApiWeb/authenticateUser, TestAutomationEMS6, Password@1, EMS","duration":1146,"startTime":1514551856752,"result":"SUCCESS"}]},{"number":8,"description":"Then verify user authentication response \"error\" and \"MPERR03\" and \"Account locked Temporarily\" and \"\" and \"\" and \"\"","duration":109,"startTime":1514551857961,"exception":{"errorType":"java.lang.AssertionError","message":"expected:\u003c[success]\u003e but was:\u003c[error]\u003e","stackTrace":[{"declaringClass":"api.ValidateRequest","methodName":"verifyresponse","fileName":"ValidateRequest.java","lineNumber":307},{"declaringClass":"stepdefinitions.Apidefinitions","methodName":"verify_user_authentication_response","fileName":"Apidefinitions.java","lineNumber":195},{"declaringClass":"✽","methodName":"Then verify user authentication response \"error\" and \"MPERR03\" and \"Account locked Temporarily\" and \"\" and \"\" and \"\"","fileName":"Testupdate.feature","lineNumber":15}]},"result":"FAILURE","children":[{"number":9,"description":"Verify Response","duration":34,"startTime":1514551858031,"exception":{"errorType":"org.junit.ComparisonFailure","message":"expected:\u003c[success]\u003e but was:\u003c[error]\u003e","stackTrace":[{"declaringClass":"api.ValidateRequest","methodName":"verifyresponse","fileName":"ValidateRequest.java","lineNumber":307},{"declaringClass":"stepdefinitions.Apidefinitions","methodName":"verify_user_authentication_response","fileName":"Apidefinitions.java","lineNumber":195}]},"result":"FAILURE"}]}]},{"number":10,"description":"[1] {report\u003dTC04, logindomain\u003d, domainurl\u003d/MerchantApiWeb/authenticateUser, Migrationanswersdomain\u003d, sendpasscodedomain\u003d, logisticslockurl\u003d, status\u003derror, Message\u003dAccount has Expired, ErrorCode\u003dMPERR02, userName\u003dTestAutomation17, password\u003dPassword@1, allianceCode\u003dEMS, AuthErrMessage\u003d, Authaccessdenied\u003d, AuthErrCause\u003d, currency\u003d, userType\u003d, pageNumber\u003d, accountStatus\u003d, profile\u003d, firstName\u003d, lastName\u003d, itrcount\u003d0, validateuserName\u003d, pseudoUserName\u003d, messageId\u003d, terminalBatchNumId\u003d, reasonForBlock\u003d, blockusername\u003d, fromDate\u003d, toDate\u003d, userNameresetPin\u003d, period\u003d, bikTermsId\u003d, caTermsId\u003d, loanAmount\u003d, encUserId\u003d, languagePreference\u003d, passcode\u003d, registerpassword\u003d, tcHasAccepted\u003d, pin\u003d, fileType\u003d, fundId\u003d, merchId\u003d, delimiter\u003d, invoiceId\u003d, timeZone\u003d, fromAmount\u003d, toAmount\u003d, fundDate\u003d, startDate\u003d, endDate\u003d, gsmTopUpFromDate\u003d, gsmTopUpToDate\u003d, invoiceLineItemId\u003d, mobileNumber\u003d, answer1\u003d, answer2\u003d, answer3\u003d, authId\u003d, amount\u003d, smsType\u003d, sendPasscodeencUserId\u003d, clearingId\u003d, refundallianceCode\u003d, source\u003d, merchantType\u003d, posSubType\u003d, posCode\u003d, getuserlist_userName\u003d, SubAccountDetailsuserName\u003d, profiles_Accessdata\u003d, Dictionary_category\u003d, Dictionary_code\u003d, Dictionary_languagecode\u003d, documentfolder\u003d, currencyCode\u003d, paymentType1\u003d, days\u003d, documentId\u003d, messageType\u003d, termsId\u003d, allianceCode_request\u003d, languageCode\u003d, encryptedUserName\u003d, encryptedEmailType\u003d, verifypasscodeencUserId\u003d, resetpasswordencUserId\u003d, resetpassword\u003d, deleteusername\u003d, ResetpassworduserName\u003d, ResettriggerallianceCode\u003d, SendEmailuserName\u003d, SendEmailallianceCode\u003d, emailType\u003d, newPassword\u003d, oldPassword\u003d, oldPin\u003d, newPin\u003d, saveCriteria\u003d, shippingRequestId\u003d, lockUnlockInput\u003d, archiveComments\u003d, requestCode\u003d, terminalPartNumber\u003d, terminalSerialNumber\u003d, trackTrace\u003d, invoiceIds\u003d, reportId\u003d, termsType\u003d, contentType\u003d, attachmentId\u003d, currRefundAmt\u003d, documentIds\u003d, messageIdList1\u003d, updatemessagestatus\u003d, documentIdList\u003d, markRead\u003d, createuser_allianceCode\u003d, createuser_emailAddress\u003d, createuser_firstName\u003d, createuser_languageCode\u003d, createuser_lastName\u003d, createuser_merchantIds\u003d, createuser_migratedUsrFlag\u003d, createuser_mobileNumber\u003d, createuser_phoneNumber\u003d, createuser_profiles\u003d, createuser_userName\u003d, createuser_boUserManagementFlag\u003d, createuser_userType\u003d, updateUser_allianceCode\u003d, updateUser_boUserManagementFlag\u003d, updateUser_emailAddress\u003d, updateUser_firstName\u003d, updateUser_languageCode\u003d, updateUser_lastName\u003d, updateUser_merchantList\u003d, updateUser_mobileNumber\u003d, updateUser_phoneNumber\u003d, updateUser_profiles\u003d, updateUser_sendEmailNotification\u003d, updateUser_sendNewsletter\u003d, updateUser_userName\u003d, cashadvanceoffers_accountManager\u003d, cashadvanceoffers_address\u003d, cashadvanceoffers_agreementNumber\u003d, cashadvanceoffers_commisionPercentage\u003d, cashadvanceoffers_dailyRepaymentPercentage\u003d, cashadvanceoffers_emails\u003d, cashadvanceoffers_endDate\u003d, cashadvanceoffers_fdpDepartment\u003d, cashadvanceoffers_maxLoanAmount\u003d, cashadvanceoffers_merchantName\u003d, cashadvanceoffers_minLoanAmount\u003d, cashadvanceoffers_phoneNumbers\u003d, cashadvanceoffers_repaymentPeriod\u003d, cashadvanceoffers_startDate\u003d, cashadvanceoffers_taxId\u003d, cashadvanceoffers_fileName\u003d, migrateUsers_allianceCode\u003d, migrateUsers_answer1\u003d, migrateUsers_answer2\u003d, migrateUsers_answer3\u003d, migrateUsers_emailAddress\u003d, migrateUsers_firstName\u003d, migrateUsers_languageCode\u003d, migrateUsers_lastName\u003d, migrateUsers_merchantIds\u003d, migrateUsers_mobileNumber\u003d, migrateUsers_phoneNumber\u003d, migrateUsers_profiles\u003d, migrateUsers_userName\u003d, migrateUsers_userType\u003d, migrateUsers_uploadTimestamp\u003d}","duration":1311,"startTime":1514551860908,"result":"SUCCESS","children":[{"number":11,"description":"Given load request for user authentication \"/MerchantApiWeb/authenticateUser\" and \"TC04\"","duration":103,"startTime":1514551860928,"result":"SUCCESS","children":[{"number":12,"description":"Loadgetrequestdata: https://uat1.merchantportal.firstdata.eu/MerchantApiWeb/authenticateUser","duration":1,"startTime":1514551861001,"result":"SUCCESS"}]},{"number":13,"description":"When post request for user authentication \"TestAutomation17\" and \"Password@1\" and \"EMS\" and \"MPERR02\" and \"0\"","duration":1013,"startTime":1514551861031,"result":"SUCCESS","children":[{"number":14,"description":"Postrequest authenticate user: https://uat1.merchantportal.firstdata.eu/MerchantApiWeb/authenticateUser, TestAutomation17, Password@1, EMS","duration":932,"startTime":1514551861044,"result":"SUCCESS"}]},{"number":15,"description":"Then verify user authentication response \"error\" and \"MPERR02\" and \"Account has Expired\" and \"\" and \"\" and \"\"","duration":174,"startTime":1514551862045,"result":"SUCCESS","children":[{"number":16,"description":"Verify Response","duration":48,"startTime":1514551862058,"result":"SUCCESS"}]}]},{"number":17,"description":"[1] {report\u003dTC05, logindomain\u003d, domainurl\u003d/MerchantApiWeb/authenticateUser, Migrationanswersdomain\u003d, sendpasscodedomain\u003d, logisticslockurl\u003d, status\u003derror, Message\u003dAccount Blocked, ErrorCode\u003dMPERR06, userName\u003dTestAutomation12, password\u003dPassword@1, allianceCode\u003dEMS, AuthErrMessage\u003d, Authaccessdenied\u003d, AuthErrCause\u003d, currency\u003d, userType\u003d, pageNumber\u003d, accountStatus\u003d, profile\u003d, firstName\u003d, lastName\u003d, itrcount\u003d0, validateuserName\u003d, pseudoUserName\u003d, messageId\u003d, terminalBatchNumId\u003d, reasonForBlock\u003d, blockusername\u003d, fromDate\u003d, toDate\u003d, userNameresetPin\u003d, period\u003d, bikTermsId\u003d, caTermsId\u003d, loanAmount\u003d, encUserId\u003d, languagePreference\u003d, passcode\u003d, registerpassword\u003d, tcHasAccepted\u003d, pin\u003d, fileType\u003d, fundId\u003d, merchId\u003d, delimiter\u003d, invoiceId\u003d, timeZone\u003d, fromAmount\u003d, toAmount\u003d, fundDate\u003d, startDate\u003d, endDate\u003d, gsmTopUpFromDate\u003d, gsmTopUpToDate\u003d, invoiceLineItemId\u003d, mobileNumber\u003d, answer1\u003d, answer2\u003d, answer3\u003d, authId\u003d, amount\u003d, smsType\u003d, sendPasscodeencUserId\u003d, clearingId\u003d, refundallianceCode\u003d, source\u003d, merchantType\u003d, posSubType\u003d, posCode\u003d, getuserlist_userName\u003d, SubAccountDetailsuserName\u003d, profiles_Accessdata\u003d, Dictionary_category\u003d, Dictionary_code\u003d, Dictionary_languagecode\u003d, documentfolder\u003d, currencyCode\u003d, paymentType1\u003d, days\u003d, documentId\u003d, messageType\u003d, termsId\u003d, allianceCode_request\u003d, languageCode\u003d, encryptedUserName\u003d, encryptedEmailType\u003d, verifypasscodeencUserId\u003d, resetpasswordencUserId\u003d, resetpassword\u003d, deleteusername\u003d, ResetpassworduserName\u003d, ResettriggerallianceCode\u003d, SendEmailuserName\u003d, SendEmailallianceCode\u003d, emailType\u003d, newPassword\u003d, oldPassword\u003d, oldPin\u003d, newPin\u003d, saveCriteria\u003d, shippingRequestId\u003d, lockUnlockInput\u003d, archiveComments\u003d, requestCode\u003d, terminalPartNumber\u003d, terminalSerialNumber\u003d, trackTrace\u003d, invoiceIds\u003d, reportId\u003d, termsType\u003d, contentType\u003d, attachmentId\u003d, currRefundAmt\u003d, documentIds\u003d, messageIdList1\u003d, updatemessagestatus\u003d, documentIdList\u003d, markRead\u003d, createuser_allianceCode\u003d, createuser_emailAddress\u003d, createuser_firstName\u003d, createuser_languageCode\u003d, createuser_lastName\u003d, createuser_merchantIds\u003d, createuser_migratedUsrFlag\u003d, createuser_mobileNumber\u003d, createuser_phoneNumber\u003d, createuser_profiles\u003d, createuser_userName\u003d, createuser_boUserManagementFlag\u003d, createuser_userType\u003d, updateUser_allianceCode\u003d, updateUser_boUserManagementFlag\u003d, updateUser_emailAddress\u003d, updateUser_firstName\u003d, updateUser_languageCode\u003d, updateUser_lastName\u003d, updateUser_merchantList\u003d, updateUser_mobileNumber\u003d, updateUser_phoneNumber\u003d, updateUser_profiles\u003d, updateUser_sendEmailNotification\u003d, updateUser_sendNewsletter\u003d, updateUser_userName\u003d, cashadvanceoffers_accountManager\u003d, cashadvanceoffers_address\u003d, cashadvanceoffers_agreementNumber\u003d, cashadvanceoffers_commisionPercentage\u003d, cashadvanceoffers_dailyRepaymentPercentage\u003d, cashadvanceoffers_emails\u003d, cashadvanceoffers_endDate\u003d, cashadvanceoffers_fdpDepartment\u003d, cashadvanceoffers_maxLoanAmount\u003d, cashadvanceoffers_merchantName\u003d, cashadvanceoffers_minLoanAmount\u003d, cashadvanceoffers_phoneNumbers\u003d, cashadvanceoffers_repaymentPeriod\u003d, cashadvanceoffers_startDate\u003d, cashadvanceoffers_taxId\u003d, cashadvanceoffers_fileName\u003d, migrateUsers_allianceCode\u003d, migrateUsers_answer1\u003d, migrateUsers_answer2\u003d, migrateUsers_answer3\u003d, migrateUsers_emailAddress\u003d, migrateUsers_firstName\u003d, migrateUsers_languageCode\u003d, migrateUsers_lastName\u003d, migrateUsers_merchantIds\u003d, migrateUsers_mobileNumber\u003d, migrateUsers_phoneNumber\u003d, migrateUsers_profiles\u003d, migrateUsers_userName\u003d, migrateUsers_userType\u003d, migrateUsers_uploadTimestamp\u003d}","duration":1452,"startTime":1514551865215,"result":"SUCCESS","children":[{"number":18,"description":"Given load request for user authentication \"/MerchantApiWeb/authenticateUser\" and \"TC05\"","duration":119,"startTime":1514551865250,"result":"SUCCESS","children":[{"number":19,"description":"Loadgetrequestdata: https://uat1.merchantportal.firstdata.eu/MerchantApiWeb/authenticateUser","duration":1,"startTime":1514551865341,"result":"SUCCESS"}]},{"number":20,"description":"When post request for user authentication \"TestAutomation12\" and \"Password@1\" and \"EMS\" and \"MPERR06\" and \"0\"","duration":1009,"startTime":1514551865369,"result":"SUCCESS","children":[{"number":21,"description":"Postrequest authenticate user: https://uat1.merchantportal.firstdata.eu/MerchantApiWeb/authenticateUser, TestAutomation12, Password@1, EMS","duration":922,"startTime":1514551865383,"result":"SUCCESS"}]},{"number":22,"description":"Then verify user authentication response \"error\" and \"MPERR06\" and \"Account Blocked\" and \"\" and \"\" and \"\"","duration":289,"startTime":1514551866378,"result":"SUCCESS","children":[{"number":23,"description":"Verify Response","duration":66,"startTime":1514551866388,"result":"SUCCESS"}]}]},{"number":24,"description":"[1] {report\u003dTC06, logindomain\u003d, domainurl\u003d/MerchantApiWeb/authenticateUser, Migrationanswersdomain\u003d, sendpasscodedomain\u003d, logisticslockurl\u003d, status\u003derror, Message\u003dInsufficient credentials, ErrorCode\u003dMPERR05, userName\u003dTestAutomation20, password\u003dPassword, allianceCode\u003dEMS, AuthErrMessage\u003d, Authaccessdenied\u003d, AuthErrCause\u003d, currency\u003d, userType\u003d, pageNumber\u003d, accountStatus\u003d, profile\u003d, firstName\u003d, lastName\u003d, itrcount\u003d0, validateuserName\u003d, pseudoUserName\u003d, messageId\u003d, terminalBatchNumId\u003d, reasonForBlock\u003d, blockusername\u003d, fromDate\u003d, toDate\u003d, userNameresetPin\u003d, period\u003d, bikTermsId\u003d, caTermsId\u003d, loanAmount\u003d, encUserId\u003d, languagePreference\u003d, passcode\u003d, registerpassword\u003d, tcHasAccepted\u003d, pin\u003d, fileType\u003d, fundId\u003d, merchId\u003d, delimiter\u003d, invoiceId\u003d, timeZone\u003d, fromAmount\u003d, toAmount\u003d, fundDate\u003d, startDate\u003d, endDate\u003d, gsmTopUpFromDate\u003d, gsmTopUpToDate\u003d, invoiceLineItemId\u003d, mobileNumber\u003d, answer1\u003d, answer2\u003d, answer3\u003d, authId\u003d, amount\u003d, smsType\u003d, sendPasscodeencUserId\u003d, clearingId\u003d, refundallianceCode\u003d, source\u003d, merchantType\u003d, posSubType\u003d, posCode\u003d, getuserlist_userName\u003d, SubAccountDetailsuserName\u003d, profiles_Accessdata\u003d, Dictionary_category\u003d, Dictionary_code\u003d, Dictionary_languagecode\u003d, documentfolder\u003d, currencyCode\u003d, paymentType1\u003d, days\u003d, documentId\u003d, messageType\u003d, termsId\u003d, allianceCode_request\u003d, languageCode\u003d, encryptedUserName\u003d, encryptedEmailType\u003d, verifypasscodeencUserId\u003d, resetpasswordencUserId\u003d, resetpassword\u003d, deleteusername\u003d, ResetpassworduserName\u003d, ResettriggerallianceCode\u003d, SendEmailuserName\u003d, SendEmailallianceCode\u003d, emailType\u003d, newPassword\u003d, oldPassword\u003d, oldPin\u003d, newPin\u003d, saveCriteria\u003d, shippingRequestId\u003d, lockUnlockInput\u003d, archiveComments\u003d, requestCode\u003d, terminalPartNumber\u003d, terminalSerialNumber\u003d, trackTrace\u003d, invoiceIds\u003d, reportId\u003d, termsType\u003d, contentType\u003d, attachmentId\u003d, currRefundAmt\u003d, documentIds\u003d, messageIdList1\u003d, updatemessagestatus\u003d, documentIdList\u003d, markRead\u003d, createuser_allianceCode\u003d, createuser_emailAddress\u003d, createuser_firstName\u003d, createuser_languageCode\u003d, createuser_lastName\u003d, createuser_merchantIds\u003d, createuser_migratedUsrFlag\u003d, createuser_mobileNumber\u003d, createuser_phoneNumber\u003d, createuser_profiles\u003d, createuser_userName\u003d, createuser_boUserManagementFlag\u003d, createuser_userType\u003d, updateUser_allianceCode\u003d, updateUser_boUserManagementFlag\u003d, updateUser_emailAddress\u003d, updateUser_firstName\u003d, updateUser_languageCode\u003d, updateUser_lastName\u003d, updateUser_merchantList\u003d, updateUser_mobileNumber\u003d, updateUser_phoneNumber\u003d, updateUser_profiles\u003d, updateUser_sendEmailNotification\u003d, updateUser_sendNewsletter\u003d, updateUser_userName\u003d, cashadvanceoffers_accountManager\u003d, cashadvanceoffers_address\u003d, cashadvanceoffers_agreementNumber\u003d, cashadvanceoffers_commisionPercentage\u003d, cashadvanceoffers_dailyRepaymentPercentage\u003d, cashadvanceoffers_emails\u003d, cashadvanceoffers_endDate\u003d, cashadvanceoffers_fdpDepartment\u003d, cashadvanceoffers_maxLoanAmount\u003d, cashadvanceoffers_merchantName\u003d, cashadvanceoffers_minLoanAmount\u003d, cashadvanceoffers_phoneNumbers\u003d, cashadvanceoffers_repaymentPeriod\u003d, cashadvanceoffers_startDate\u003d, cashadvanceoffers_taxId\u003d, cashadvanceoffers_fileName\u003d, migrateUsers_allianceCode\u003d, migrateUsers_answer1\u003d, migrateUsers_answer2\u003d, migrateUsers_answer3\u003d, migrateUsers_emailAddress\u003d, migrateUsers_firstName\u003d, migrateUsers_languageCode\u003d, migrateUsers_lastName\u003d, migrateUsers_merchantIds\u003d, migrateUsers_mobileNumber\u003d, migrateUsers_phoneNumber\u003d, migrateUsers_profiles\u003d, migrateUsers_userName\u003d, migrateUsers_userType\u003d, migrateUsers_uploadTimestamp\u003d}","duration":1633,"startTime":1514551869609,"result":"SUCCESS","children":[{"number":25,"description":"Given load request for user authentication \"/MerchantApiWeb/authenticateUser\" and \"TC06\"","duration":96,"startTime":1514551869655,"result":"SUCCESS","children":[{"number":26,"description":"Loadgetrequestdata: https://uat1.merchantportal.firstdata.eu/MerchantApiWeb/authenticateUser","duration":1,"startTime":1514551869727,"result":"SUCCESS"}]},{"number":27,"description":"When post request for user authentication \"TestAutomation20\" and \"Password\" and \"EMS\" and \"MPERR05\" and \"0\"","duration":1278,"startTime":1514551869752,"result":"SUCCESS","children":[{"number":28,"description":"Postrequest authenticate user: https://uat1.merchantportal.firstdata.eu/MerchantApiWeb/authenticateUser, TestAutomation20, Password, EMS","duration":1198,"startTime":1514551869766,"result":"SUCCESS"}]},{"number":29,"description":"Then verify user authentication response \"error\" and \"MPERR05\" and \"Insufficient credentials\" and \"\" and \"\" and \"\"","duration":211,"startTime":1514551871031,"result":"SUCCESS","children":[{"number":30,"description":"Verify Response","duration":56,"startTime":1514551871040,"result":"SUCCESS"}]}]},{"number":31,"description":"[1] {report\u003dTC07, logindomain\u003d, domainurl\u003d/MerchantApiWeb/authenticateUser, Migrationanswersdomain\u003d, sendpasscodedomain\u003d, logisticslockurl\u003d, status\u003derror, Message\u003dAccount Terminated, ErrorCode\u003dMPERR07, userName\u003dTestAutomation19, password\u003dPassword@1, allianceCode\u003dEMS, AuthErrMessage\u003d, Authaccessdenied\u003d, AuthErrCause\u003d, currency\u003d, userType\u003d, pageNumber\u003d, accountStatus\u003d, profile\u003d, firstName\u003d, lastName\u003d, itrcount\u003d0, validateuserName\u003d, pseudoUserName\u003d, messageId\u003d, terminalBatchNumId\u003d, reasonForBlock\u003d, blockusername\u003d, fromDate\u003d, toDate\u003d, userNameresetPin\u003d, period\u003d, bikTermsId\u003d, caTermsId\u003d, loanAmount\u003d, encUserId\u003d, languagePreference\u003d, passcode\u003d, registerpassword\u003d, tcHasAccepted\u003d, pin\u003d, fileType\u003d, fundId\u003d, merchId\u003d, delimiter\u003d, invoiceId\u003d, timeZone\u003d, fromAmount\u003d, toAmount\u003d, fundDate\u003d, startDate\u003d, endDate\u003d, gsmTopUpFromDate\u003d, gsmTopUpToDate\u003d, invoiceLineItemId\u003d, mobileNumber\u003d, answer1\u003d, answer2\u003d, answer3\u003d, authId\u003d, amount\u003d, smsType\u003d, sendPasscodeencUserId\u003d, clearingId\u003d, refundallianceCode\u003d, source\u003d, merchantType\u003d, posSubType\u003d, posCode\u003d, getuserlist_userName\u003d, SubAccountDetailsuserName\u003d, profiles_Accessdata\u003d, Dictionary_category\u003d, Dictionary_code\u003d, Dictionary_languagecode\u003d, documentfolder\u003d, currencyCode\u003d, paymentType1\u003d, days\u003d, documentId\u003d, messageType\u003d, termsId\u003d, allianceCode_request\u003d, languageCode\u003d, encryptedUserName\u003d, encryptedEmailType\u003d, verifypasscodeencUserId\u003d, resetpasswordencUserId\u003d, resetpassword\u003d, deleteusername\u003d, ResetpassworduserName\u003d, ResettriggerallianceCode\u003d, SendEmailuserName\u003d, SendEmailallianceCode\u003d, emailType\u003d, newPassword\u003d, oldPassword\u003d, oldPin\u003d, newPin\u003d, saveCriteria\u003d, shippingRequestId\u003d, lockUnlockInput\u003d, archiveComments\u003d, requestCode\u003d, terminalPartNumber\u003d, terminalSerialNumber\u003d, trackTrace\u003d, invoiceIds\u003d, reportId\u003d, termsType\u003d, contentType\u003d, attachmentId\u003d, currRefundAmt\u003d, documentIds\u003d, messageIdList1\u003d, updatemessagestatus\u003d, documentIdList\u003d, markRead\u003d, createuser_allianceCode\u003d, createuser_emailAddress\u003d, createuser_firstName\u003d, createuser_languageCode\u003d, createuser_lastName\u003d, createuser_merchantIds\u003d, createuser_migratedUsrFlag\u003d, createuser_mobileNumber\u003d, createuser_phoneNumber\u003d, createuser_profiles\u003d, createuser_userName\u003d, createuser_boUserManagementFlag\u003d, createuser_userType\u003d, updateUser_allianceCode\u003d, updateUser_boUserManagementFlag\u003d, updateUser_emailAddress\u003d, updateUser_firstName\u003d, updateUser_languageCode\u003d, updateUser_lastName\u003d, updateUser_merchantList\u003d, updateUser_mobileNumber\u003d, updateUser_phoneNumber\u003d, updateUser_profiles\u003d, updateUser_sendEmailNotification\u003d, updateUser_sendNewsletter\u003d, updateUser_userName\u003d, cashadvanceoffers_accountManager\u003d, cashadvanceoffers_address\u003d, cashadvanceoffers_agreementNumber\u003d, cashadvanceoffers_commisionPercentage\u003d, cashadvanceoffers_dailyRepaymentPercentage\u003d, cashadvanceoffers_emails\u003d, cashadvanceoffers_endDate\u003d, cashadvanceoffers_fdpDepartment\u003d, cashadvanceoffers_maxLoanAmount\u003d, cashadvanceoffers_merchantName\u003d, cashadvanceoffers_minLoanAmount\u003d, cashadvanceoffers_phoneNumbers\u003d, cashadvanceoffers_repaymentPeriod\u003d, cashadvanceoffers_startDate\u003d, cashadvanceoffers_taxId\u003d, cashadvanceoffers_fileName\u003d, migrateUsers_allianceCode\u003d, migrateUsers_answer1\u003d, migrateUsers_answer2\u003d, migrateUsers_answer3\u003d, migrateUsers_emailAddress\u003d, migrateUsers_firstName\u003d, migrateUsers_languageCode\u003d, migrateUsers_lastName\u003d, migrateUsers_merchantIds\u003d, migrateUsers_mobileNumber\u003d, migrateUsers_phoneNumber\u003d, migrateUsers_profiles\u003d, migrateUsers_userName\u003d, migrateUsers_userType\u003d, migrateUsers_uploadTimestamp\u003d}","duration":1259,"startTime":1514551875091,"result":"SUCCESS","children":[{"number":32,"description":"Given load request for user authentication \"/MerchantApiWeb/authenticateUser\" and \"TC07\"","duration":125,"startTime":1514551875109,"result":"SUCCESS","children":[{"number":33,"description":"Loadgetrequestdata: https://uat1.merchantportal.firstdata.eu/MerchantApiWeb/authenticateUser","duration":0,"startTime":1514551875195,"result":"SUCCESS"}]},{"number":34,"description":"When post request for user authentication \"TestAutomation19\" and \"Password@1\" and \"EMS\" and \"MPERR07\" and \"0\"","duration":936,"startTime":1514551875234,"result":"SUCCESS","children":[{"number":35,"description":"Postrequest authenticate user: https://uat1.merchantportal.firstdata.eu/MerchantApiWeb/authenticateUser, TestAutomation19, Password@1, EMS","duration":875,"startTime":1514551875253,"result":"SUCCESS"}]},{"number":36,"description":"Then verify user authentication response \"error\" and \"MPERR07\" and \"Account Terminated\" and \"\" and \"\" and \"\"","duration":179,"startTime":1514551876171,"result":"SUCCESS","children":[{"number":37,"description":"Verify Response","duration":50,"startTime":1514551876182,"result":"SUCCESS"}]}]},{"number":38,"description":"[1] {report\u003dTC08, logindomain\u003d, domainurl\u003d/MerchantApiWeb/authenticateUser, Migrationanswersdomain\u003d, sendpasscodedomain\u003d, logisticslockurl\u003d, status\u003dsuccess, Message\u003d, ErrorCode\u003dnull, userName\u003dTestAutomation20, password\u003dPassword@1, allianceCode\u003dEMS, AuthErrMessage\u003d, Authaccessdenied\u003d, AuthErrCause\u003d, currency\u003d, userType\u003d, pageNumber\u003d, accountStatus\u003d, profile\u003d, firstName\u003d, lastName\u003d, itrcount\u003d0, validateuserName\u003d, pseudoUserName\u003d, messageId\u003d, terminalBatchNumId\u003d, reasonForBlock\u003d, blockusername\u003d, fromDate\u003d, toDate\u003d, userNameresetPin\u003d, period\u003d, bikTermsId\u003d, caTermsId\u003d, loanAmount\u003d, encUserId\u003d, languagePreference\u003d, passcode\u003d, registerpassword\u003d, tcHasAccepted\u003d, pin\u003d, fileType\u003d, fundId\u003d, merchId\u003d, delimiter\u003d, invoiceId\u003d, timeZone\u003d, fromAmount\u003d, toAmount\u003d, fundDate\u003d, startDate\u003d, endDate\u003d, gsmTopUpFromDate\u003d, gsmTopUpToDate\u003d, invoiceLineItemId\u003d, mobileNumber\u003d, answer1\u003d, answer2\u003d, answer3\u003d, authId\u003d, amount\u003d, smsType\u003d, sendPasscodeencUserId\u003d, clearingId\u003d, refundallianceCode\u003d, source\u003d, merchantType\u003d, posSubType\u003d, posCode\u003d, getuserlist_userName\u003d, SubAccountDetailsuserName\u003d, profiles_Accessdata\u003d, Dictionary_category\u003d, Dictionary_code\u003d, Dictionary_languagecode\u003d, documentfolder\u003d, currencyCode\u003d, paymentType1\u003d, days\u003d, documentId\u003d, messageType\u003d, termsId\u003d, allianceCode_request\u003d, languageCode\u003d, encryptedUserName\u003d, encryptedEmailType\u003d, verifypasscodeencUserId\u003d, resetpasswordencUserId\u003d, resetpassword\u003d, deleteusername\u003d, ResetpassworduserName\u003d, ResettriggerallianceCode\u003d, SendEmailuserName\u003d, SendEmailallianceCode\u003d, emailType\u003d, newPassword\u003d, oldPassword\u003d, oldPin\u003d, newPin\u003d, saveCriteria\u003d, shippingRequestId\u003d, lockUnlockInput\u003d, archiveComments\u003d, requestCode\u003d, terminalPartNumber\u003d, terminalSerialNumber\u003d, trackTrace\u003d, invoiceIds\u003d, reportId\u003d, termsType\u003d, contentType\u003d, attachmentId\u003d, currRefundAmt\u003d, documentIds\u003d, messageIdList1\u003d, updatemessagestatus\u003d, documentIdList\u003d, markRead\u003d, createuser_allianceCode\u003d, createuser_emailAddress\u003d, createuser_firstName\u003d, createuser_languageCode\u003d, createuser_lastName\u003d, createuser_merchantIds\u003d, createuser_migratedUsrFlag\u003d, createuser_mobileNumber\u003d, createuser_phoneNumber\u003d, createuser_profiles\u003d, createuser_userName\u003d, createuser_boUserManagementFlag\u003d, createuser_userType\u003d, updateUser_allianceCode\u003d, updateUser_boUserManagementFlag\u003d, updateUser_emailAddress\u003d, updateUser_firstName\u003d, updateUser_languageCode\u003d, updateUser_lastName\u003d, updateUser_merchantList\u003d, updateUser_mobileNumber\u003d, updateUser_phoneNumber\u003d, updateUser_profiles\u003d, updateUser_sendEmailNotification\u003d, updateUser_sendNewsletter\u003d, updateUser_userName\u003d, cashadvanceoffers_accountManager\u003d, cashadvanceoffers_address\u003d, cashadvanceoffers_agreementNumber\u003d, cashadvanceoffers_commisionPercentage\u003d, cashadvanceoffers_dailyRepaymentPercentage\u003d, cashadvanceoffers_emails\u003d, cashadvanceoffers_endDate\u003d, cashadvanceoffers_fdpDepartment\u003d, cashadvanceoffers_maxLoanAmount\u003d, cashadvanceoffers_merchantName\u003d, cashadvanceoffers_minLoanAmount\u003d, cashadvanceoffers_phoneNumbers\u003d, cashadvanceoffers_repaymentPeriod\u003d, cashadvanceoffers_startDate\u003d, cashadvanceoffers_taxId\u003d, cashadvanceoffers_fileName\u003d, migrateUsers_allianceCode\u003d, migrateUsers_answer1\u003d, migrateUsers_answer2\u003d, migrateUsers_answer3\u003d, migrateUsers_emailAddress\u003d, migrateUsers_firstName\u003d, migrateUsers_languageCode\u003d, migrateUsers_lastName\u003d, migrateUsers_merchantIds\u003d, migrateUsers_mobileNumber\u003d, migrateUsers_phoneNumber\u003d, migrateUsers_profiles\u003d, migrateUsers_userName\u003d, migrateUsers_userType\u003d, migrateUsers_uploadTimestamp\u003d}","duration":4880,"startTime":1514551879592,"result":"SUCCESS","children":[{"number":39,"description":"Given load request for user authentication \"/MerchantApiWeb/authenticateUser\" and \"TC08\"","duration":97,"startTime":1514551879607,"result":"SUCCESS","children":[{"number":40,"description":"Loadgetrequestdata: https://uat1.merchantportal.firstdata.eu/MerchantApiWeb/authenticateUser","duration":1,"startTime":1514551879679,"result":"SUCCESS"}]},{"number":41,"description":"When post request for user authentication \"TestAutomation20\" and \"Password@1\" and \"EMS\" and \"null\" and \"0\"","duration":4675,"startTime":1514551879705,"result":"SUCCESS","children":[{"number":42,"description":"Postrequest authenticate user: https://uat1.merchantportal.firstdata.eu/MerchantApiWeb/authenticateUser, TestAutomation20, Password@1, EMS","duration":4617,"startTime":1514551879717,"result":"SUCCESS"}]},{"number":43,"description":"Then verify user authentication response \"success\" and \"null\" and \"\" and \"\" and \"\" and \"\"","duration":92,"startTime":1514551884380,"result":"SUCCESS","children":[{"number":44,"description":"Verify Response","duration":28,"startTime":1514551884396,"result":"SUCCESS"}]}]}],"userStory":{"id":"merchant-portal-application-api-validation","storyName":"Merchant Portal application API validation","path":"Testupdate.feature","type":"feature"},"featureTag":{"name":"Merchant Portal application API validation","type":"feature"},"title":"Verify the authentication of the merchant user to merchant portal","description":"","tags":[{"name":"authenticateUser","type":"tag"}],"startTime":1514551849208,"duration":35264,"testFailureCause":{"errorType":"org.junit.ComparisonFailure","message":"expected:\u003c[success]\u003e but was:\u003c[error]\u003e","stackTrace":[{"declaringClass":"api.ValidateRequest","methodName":"verifyresponse","fileName":"ValidateRequest.java","lineNumber":307},{"declaringClass":"stepdefinitions.Apidefinitions","methodName":"verify_user_authentication_response","fileName":"Apidefinitions.java","lineNumber":195}]},"testFailureClassname":"java.lang.AssertionError","testFailureMessage":"expected:\u003c[success]\u003e but was:\u003c[error]\u003e\r\nexpected:\u003c[success]\u003e but was:\u003c[error]\u003e","dataTable":{"headers":["report","logindomain","domainurl","Migrationanswersdomain","sendpasscodedomain","logisticslockurl","status","Message","ErrorCode","userName","password","allianceCode","AuthErrMessage","Authaccessdenied","AuthErrCause","currency","userType","pageNumber","accountStatus","profile","firstName","lastName","itrcount","validateuserName","pseudoUserName","messageId","terminalBatchNumId","reasonForBlock","blockusername","fromDate","toDate","userNameresetPin","period","bikTermsId","caTermsId","loanAmount","encUserId","languagePreference","passcode","registerpassword","tcHasAccepted","pin","fileType","fundId","merchId","delimiter","invoiceId","timeZone","fromAmount","toAmount","fundDate","startDate","endDate","gsmTopUpFromDate","gsmTopUpToDate","invoiceLineItemId","mobileNumber","answer1","answer2","answer3","authId","amount","smsType","sendPasscodeencUserId","clearingId","refundallianceCode","source","merchantType","posSubType","posCode","getuserlist_userName","SubAccountDetailsuserName","profiles_Accessdata","Dictionary_category","Dictionary_code","Dictionary_languagecode","documentfolder","currencyCode","paymentType1","days","documentId","messageType","termsId","allianceCode_request","languageCode","encryptedUserName","encryptedEmailType","verifypasscodeencUserId","resetpasswordencUserId","resetpassword","deleteusername","ResetpassworduserName","ResettriggerallianceCode","SendEmailuserName","SendEmailallianceCode","emailType","newPassword","oldPassword","oldPin","newPin","saveCriteria","shippingRequestId","lockUnlockInput","archiveComments","requestCode","terminalPartNumber","terminalSerialNumber","trackTrace","invoiceIds","reportId","termsType","contentType","attachmentId","currRefundAmt","documentIds","messageIdList1","updatemessagestatus","documentIdList","markRead","createuser_allianceCode","createuser_emailAddress","createuser_firstName","createuser_languageCode","createuser_lastName","createuser_merchantIds","createuser_migratedUsrFlag","createuser_mobileNumber","createuser_phoneNumber","createuser_profiles","createuser_userName","createuser_boUserManagementFlag","createuser_userType","updateUser_allianceCode","updateUser_boUserManagementFlag","updateUser_emailAddress","updateUser_firstName","updateUser_languageCode","updateUser_lastName","updateUser_merchantList","updateUser_mobileNumber","updateUser_phoneNumber","updateUser_profiles","updateUser_sendEmailNotification","updateUser_sendNewsletter","updateUser_userName","cashadvanceoffers_accountManager","cashadvanceoffers_address","cashadvanceoffers_agreementNumber","cashadvanceoffers_commisionPercentage","cashadvanceoffers_dailyRepaymentPercentage","cashadvanceoffers_emails","cashadvanceoffers_endDate","cashadvanceoffers_fdpDepartment","cashadvanceoffers_maxLoanAmount","cashadvanceoffers_merchantName","cashadvanceoffers_minLoanAmount","cashadvanceoffers_phoneNumbers","cashadvanceoffers_repaymentPeriod","cashadvanceoffers_startDate","cashadvanceoffers_taxId","cashadvanceoffers_fileName","migrateUsers_allianceCode","migrateUsers_answer1","migrateUsers_answer2","migrateUsers_answer3","migrateUsers_emailAddress","migrateUsers_firstName","migrateUsers_languageCode","migrateUsers_lastName","migrateUsers_merchantIds","migrateUsers_mobileNumber","migrateUsers_phoneNumber","migrateUsers_profiles","migrateUsers_userName","migrateUsers_userType","migrateUsers_uploadTimestamp"],"rows":[{"values":["TC01","","/MerchantApiWeb/authenticateUser","","","","error","Account locked Temporarily","MPERR03","TestAutomationEMS6","Password@1","EMS","","","","","","","","","","","3","","","","","","","","","","","","","","","","","","","","","","","","","","","","","","","","","","","","","","","","","","","","","","","","","","","","","","","","","","","","","","","","","","","","","","","","","","","","","","","","","","","","","","","","","","","","","","","","","","","","","","","","","","","","","","","","","","","","","","","","","","","","","","","","","","","","","","","","","","","","","","","","","","","","","","","","",""],"result":"FAILURE"},{"values":["TC04","","/MerchantApiWeb/authenticateUser","","","","error","Account has Expired","MPERR02","TestAutomation17","Password@1","EMS","","","","","","","","","","","0","","","","","","","","","","","","","","","","","","","","","","","","","","","","","","","","","","","","","","","","","","","","","","","","","","","","","","","","","","","","","","","","","","","","","","","","","","","","","","","","","","","","","","","","","","","","","","","","","","","","","","","","","","","","","","","","","","","","","","","","","","","","","","","","","","","","","","","","","","","","","","","","","","","","","","","","",""],"result":"SUCCESS"},{"values":["TC05","","/MerchantApiWeb/authenticateUser","","","","error","Account Blocked","MPERR06","TestAutomation12","Password@1","EMS","","","","","","","","","","","0","","","","","","","","","","","","","","","","","","","","","","","","","","","","","","","","","","","","","","","","","","","","","","","","","","","","","","","","","","","","","","","","","","","","","","","","","","","","","","","","","","","","","","","","","","","","","","","","","","","","","","","","","","","","","","","","","","","","","","","","","","","","","","","","","","","","","","","","","","","","","","","","","","","","","","","","",""],"result":"SUCCESS"},{"values":["TC06","","/MerchantApiWeb/authenticateUser","","","","error","Insufficient credentials","MPERR05","TestAutomation20","Password","EMS","","","","","","","","","","","0","","","","","","","","","","","","","","","","","","","","","","","","","","","","","","","","","","","","","","","","","","","","","","","","","","","","","","","","","","","","","","","","","","","","","","","","","","","","","","","","","","","","","","","","","","","","","","","","","","","","","","","","","","","","","","","","","","","","","","","","","","","","","","","","","","","","","","","","","","","","","","","","","","","","","","","","",""],"result":"SUCCESS"},{"values":["TC07","","/MerchantApiWeb/authenticateUser","","","","error","Account Terminated","MPERR07","TestAutomation19","Password@1","EMS","","","","","","","","","","","0","","","","","","","","","","","","","","","","","","","","","","","","","","","","","","","","","","","","","","","","","","","","","","","","","","","","","","","","","","","","","","","","","","","","","","","","","","","","","","","","","","","","","","","","","","","","","","","","","","","","","","","","","","","","","","","","","","","","","","","","","","","","","","","","","","","","","","","","","","","","","","","","","","","","","","","","",""],"result":"SUCCESS"},{"values":["TC08","","/MerchantApiWeb/authenticateUser","","","","success","","null","TestAutomation20","Password@1","EMS","","","","","","","","","","","0","","","","","","","","","","","","","","","","","","","","","","","","","","","","","","","","","","","","","","","","","","","","","","","","","","","","","","","","","","","","","","","","","","","","","","","","","","","","","","","","","","","","","","","","","","","","","","","","","","","","","","","","","","","","","","","","","","","","","","","","","","","","","","","","","","","","","","","","","","","","","","","","","","","","","","","","",""],"result":"SUCCESS"}],"predefinedRows":true,"dataSetDescriptors":[{"startRow":0,"rowCount":0,"name":"","description":""}]},"manual":false,"testSource":"Cucumber","result":"FAILURE"}