{"name":"Verify the api downloads the invoice files","testSteps":[{"number":1,"description":"[1] {report\u003dTC01, logindomain\u003d/MerchantApiWeb/authenticateUser, domainurl\u003d/MerchantApiWeb/rest/secure/user/invoice/download/downloadInvoiceFiles, status\u003dsuccess, Message\u003d, ErrorCode\u003d, userName\u003dTheBatman, password\u003dPass123!, allianceCode\u003dFDP, AuthErrMessage\u003d, Authaccessdenied\u003d, AuthErrCause\u003d, currency\u003dEUR, userType\u003d, pageNumber\u003d1, timeZone\u003d, invoiceIds\u003d4723680, fileType\u003dpdf}","duration":7349,"startTime":1514871817784,"result":"SUCCESS","children":[{"number":2,"description":"Given load request for downloadInvoiceFiles \"/MerchantApiWeb/authenticateUser\" and \"/MerchantApiWeb/rest/secure/user/invoice/download/downloadInvoiceFiles\" and \"TC01\" and \"TheBatman\" and \"Pass123!\" and \"FDP\"","duration":3811,"startTime":1514871817820,"result":"SUCCESS","children":[{"number":3,"description":"Loadgetrequestdata: https://uat1.merchantportal.firstdata.eu/MerchantApiWeb/authenticateUser","duration":2,"startTime":1514871818009,"result":"SUCCESS"},{"number":4,"description":"Postrequest authenticate user: https://uat1.merchantportal.firstdata.eu/MerchantApiWeb/authenticateUser, TheBatman, Pass123!, FDP","duration":3536,"startTime":1514871818013,"result":"SUCCESS"},{"number":5,"description":"Loadgetrequestdata export download: https://uat1.merchantportal.firstdata.eu/MerchantApiWeb/rest/secure/user/invoice/download/downloadInvoiceFiles","duration":0,"startTime":1514871821571,"result":"SUCCESS"}]},{"number":6,"description":"When post get request for downloadInvoiceFiles \"4723680\" and \"\" and \"pdf\"","duration":3339,"startTime":1514871821632,"result":"SUCCESS","children":[{"number":7,"description":"Post GET request download invoice files: https://uat1.merchantportal.firstdata.eu/MerchantApiWeb/rest/secure/user/invoice/download/downloadInvoiceFiles, 4723680, , pdf","duration":1735,"startTime":1514871821645,"result":"SUCCESS"}]},{"number":8,"description":"Then verify downloadInvoiceFiles response status \"success\" and \"\" and \"\" and \"\" and \"\" and \"\"","duration":161,"startTime":1514871824972,"result":"SUCCESS","children":[{"number":9,"description":"Verify Download file Response","duration":116,"startTime":1514871824984,"result":"SUCCESS"}]}]}],"userStory":{"id":"merchant-portal-application-api-validation","storyName":"Merchant Portal application API validation","path":"APIupdate.feature","type":"feature"},"featureTag":{"name":"Merchant Portal application API validation","type":"feature"},"title":"Verify the api downloads the invoice files","description":"","tags":[{"name":"downloadInvoiceFiles","type":"tag"}],"startTime":1514871817784,"duration":7349,"dataTable":{"headers":["report","logindomain","domainurl","status","Message","ErrorCode","userName","password","allianceCode","AuthErrMessage","Authaccessdenied","AuthErrCause","currency","userType","pageNumber","timeZone","invoiceIds","fileType"],"rows":[{"values":["TC01","/MerchantApiWeb/authenticateUser","/MerchantApiWeb/rest/secure/user/invoice/download/downloadInvoiceFiles","success","","","TheBatman","Pass123!","FDP","","","","EUR","","1","","4723680","pdf"],"result":"SUCCESS"}],"predefinedRows":true,"dataSetDescriptors":[{"startRow":0,"rowCount":0,"name":"","description":""}]},"manual":false,"testSource":"Cucumber","result":"SUCCESS"}