{"name":"Verify the api retrieves the details of the batches","testSteps":[{"number":1,"description":"[1] {report\u003dTC01, logindomain\u003d/MerchantApiWeb/authenticateUser, domainurl\u003d/MerchantApiWeb/rest/secure/user/financialData/batch/getBatchDetails, status\u003dsuccess, Message\u003d, ErrorCode\u003d, userName\u003dTheBatman, password\u003dPass123!, allianceCode\u003dFDP, AuthErrMessage\u003d, Authaccessdenied\u003d, AuthErrCause\u003d, currency\u003dPLN, userType\u003d, pageNumber\u003d1, accountStatus\u003d, profile\u003d, firstName\u003d, lastName\u003d, period\u003d, fileType\u003dCSV, delimiter\u003d,, terminalBatchNumId\u003d8366009}","duration":11679,"startTime":1514871049960,"result":"SUCCESS","children":[{"number":2,"description":"Given load request for getBatchDetails \"/MerchantApiWeb/authenticateUser\" and \"/MerchantApiWeb/rest/secure/user/financialData/batch/getBatchDetails\" and \"TC01\" and \"TheBatman\" and \"Pass123!\" and \"FDP\"","duration":4875,"startTime":1514871049974,"result":"SUCCESS","children":[{"number":3,"description":"Loadgetrequestdata: https://uat1.merchantportal.firstdata.eu/MerchantApiWeb/authenticateUser","duration":1,"startTime":1514871050171,"result":"SUCCESS"},{"number":4,"description":"Postrequest authenticate user: https://uat1.merchantportal.firstdata.eu/MerchantApiWeb/authenticateUser, TheBatman, Pass123!, FDP","duration":4619,"startTime":1514871050173,"result":"SUCCESS"},{"number":5,"description":"Loadgetrequestdata uniqueauthentication: https://uat1.merchantportal.firstdata.eu/MerchantApiWeb/rest/secure/user/financialData/batch/getBatchDetails","duration":0,"startTime":1514871054821,"result":"SUCCESS"}]},{"number":6,"description":"When post get request for getBatchDetails \"PLN\" and \"8366009\"","duration":6655,"startTime":1514871054849,"result":"SUCCESS","children":[{"number":7,"description":"Post GET request get batch details: https://uat1.merchantportal.firstdata.eu/MerchantApiWeb/rest/secure/user/financialData/batch/getBatchDetails, PLN, 8366009","duration":6588,"startTime":1514871054866,"result":"SUCCESS"}]},{"number":8,"description":"Then verify getBatchDetails response status \"success\" and \"\" and \"\" and \"\" and \"\" and \"\"","duration":134,"startTime":1514871061505,"result":"SUCCESS","children":[{"number":9,"description":"Verify Response","duration":31,"startTime":1514871061520,"result":"SUCCESS"}]}]},{"number":10,"description":"[1] {report\u003dTC02, logindomain\u003d/MerchantApiWeb/authenticateUser, domainurl\u003d/MerchantApiWeb/rest/secure/user/financialData/batch/getBatchDetails, status\u003derror, Message\u003dplease enter a valid currency, ErrorCode\u003dMPVE00075, userName\u003dTheBatman, password\u003dPass123!, allianceCode\u003dFDP, AuthErrMessage\u003d, Authaccessdenied\u003d, AuthErrCause\u003d, currency\u003dabc, userType\u003d, pageNumber\u003d1, accountStatus\u003d, profile\u003d, firstName\u003d, lastName\u003d, period\u003d, fileType\u003dCSV, delimiter\u003d,, terminalBatchNumId\u003d8366009}","duration":4969,"startTime":1514871066105,"result":"SUCCESS","children":[{"number":11,"description":"Given load request for getBatchDetails \"/MerchantApiWeb/authenticateUser\" and \"/MerchantApiWeb/rest/secure/user/financialData/batch/getBatchDetails\" and \"TC02\" and \"TheBatman\" and \"Pass123!\" and \"FDP\"","duration":3715,"startTime":1514871066121,"result":"SUCCESS","children":[{"number":12,"description":"Loadgetrequestdata: https://uat1.merchantportal.firstdata.eu/MerchantApiWeb/authenticateUser","duration":0,"startTime":1514871066222,"result":"SUCCESS"},{"number":13,"description":"Postrequest authenticate user: https://uat1.merchantportal.firstdata.eu/MerchantApiWeb/authenticateUser, TheBatman, Pass123!, FDP","duration":3538,"startTime":1514871066224,"result":"SUCCESS"},{"number":14,"description":"Loadgetrequestdata uniqueauthentication: https://uat1.merchantportal.firstdata.eu/MerchantApiWeb/rest/secure/user/financialData/batch/getBatchDetails","duration":1,"startTime":1514871069769,"result":"SUCCESS"}]},{"number":15,"description":"When post get request for getBatchDetails \"abc\" and \"8366009\"","duration":1028,"startTime":1514871069837,"result":"SUCCESS","children":[{"number":16,"description":"Post GET request get batch details: https://uat1.merchantportal.firstdata.eu/MerchantApiWeb/rest/secure/user/financialData/batch/getBatchDetails, abc, 8366009","duration":957,"startTime":1514871069851,"result":"SUCCESS"}]},{"number":17,"description":"Then verify getBatchDetails response status \"error\" and \"MPVE00075\" and \"please enter a valid currency\" and \"\" and \"\" and \"\"","duration":208,"startTime":1514871070866,"result":"SUCCESS","children":[{"number":18,"description":"Verify Response","duration":53,"startTime":1514871070877,"result":"SUCCESS"}]}]},{"number":19,"description":"[1] {report\u003dTC03, logindomain\u003d/MerchantApiWeb/authenticateUser, domainurl\u003d/MerchantApiWeb/rest/secure/user/financialData/batch/getBatchDetails, status\u003derror, Message\u003dCurrency can\u0027t be empty, ErrorCode\u003dMPVE00076, userName\u003dTheBatman, password\u003dPass123!, allianceCode\u003dFDP, AuthErrMessage\u003d, Authaccessdenied\u003d, AuthErrCause\u003d, currency\u003d, userType\u003d, pageNumber\u003d1, accountStatus\u003d, profile\u003d, firstName\u003d, lastName\u003d, period\u003d, fileType\u003dCSV, delimiter\u003d,, terminalBatchNumId\u003d8366009}","duration":2808,"startTime":1514871075185,"result":"SUCCESS","children":[{"number":20,"description":"Given load request for getBatchDetails \"/MerchantApiWeb/authenticateUser\" and \"/MerchantApiWeb/rest/secure/user/financialData/batch/getBatchDetails\" and \"TC03\" and \"TheBatman\" and \"Pass123!\" and \"FDP\"","duration":1509,"startTime":1514871075198,"result":"SUCCESS","children":[{"number":21,"description":"Loadgetrequestdata: https://uat1.merchantportal.firstdata.eu/MerchantApiWeb/authenticateUser","duration":1,"startTime":1514871075274,"result":"SUCCESS"},{"number":22,"description":"Postrequest authenticate user: https://uat1.merchantportal.firstdata.eu/MerchantApiWeb/authenticateUser, TheBatman, Pass123!, FDP","duration":1401,"startTime":1514871075276,"result":"SUCCESS"},{"number":23,"description":"Loadgetrequestdata uniqueauthentication: https://uat1.merchantportal.firstdata.eu/MerchantApiWeb/rest/secure/user/financialData/batch/getBatchDetails","duration":1,"startTime":1514871076683,"result":"SUCCESS"}]},{"number":24,"description":"When post get request for getBatchDetails \"\" and \"8366009\"","duration":908,"startTime":1514871076708,"result":"SUCCESS","children":[{"number":25,"description":"Post GET request get batch details: https://uat1.merchantportal.firstdata.eu/MerchantApiWeb/rest/secure/user/financialData/batch/getBatchDetails, , 8366009","duration":820,"startTime":1514871076724,"result":"SUCCESS"}]},{"number":26,"description":"Then verify getBatchDetails response status \"error\" and \"MPVE00076\" and \"Currency can\u0027t be empty\" and \"\" and \"\" and \"\"","duration":377,"startTime":1514871077616,"result":"SUCCESS","children":[{"number":27,"description":"Verify Response","duration":222,"startTime":1514871077635,"result":"SUCCESS"}]}]},{"number":28,"description":"[1] {report\u003dTC04, logindomain\u003d/MerchantApiWeb/authenticateUser, domainurl\u003d/MerchantApiWeb/rest/secure/user/financialData/batch/getBatchDetails, status\u003derror, Message\u003dBatch Id can\u0027t be empty, ErrorCode\u003dMPVE00095, userName\u003dTheBatman, password\u003dPass123!, allianceCode\u003dFDP, AuthErrMessage\u003d, Authaccessdenied\u003d, AuthErrCause\u003d, currency\u003dPLN, userType\u003d, pageNumber\u003d1, accountStatus\u003d, profile\u003d, firstName\u003d, lastName\u003d, period\u003d, fileType\u003dCSV, delimiter\u003d,, terminalBatchNumId\u003d}","duration":3106,"startTime":1514871081884,"result":"SUCCESS","children":[{"number":29,"description":"Given load request for getBatchDetails \"/MerchantApiWeb/authenticateUser\" and \"/MerchantApiWeb/rest/secure/user/financialData/batch/getBatchDetails\" and \"TC04\" and \"TheBatman\" and \"Pass123!\" and \"FDP\"","duration":1926,"startTime":1514871081944,"result":"SUCCESS","children":[{"number":30,"description":"Loadgetrequestdata: https://uat1.merchantportal.firstdata.eu/MerchantApiWeb/authenticateUser","duration":1,"startTime":1514871082020,"result":"SUCCESS"},{"number":31,"description":"Postrequest authenticate user: https://uat1.merchantportal.firstdata.eu/MerchantApiWeb/authenticateUser, TheBatman, Pass123!, FDP","duration":1812,"startTime":1514871082022,"result":"SUCCESS"},{"number":32,"description":"Loadgetrequestdata uniqueauthentication: https://uat1.merchantportal.firstdata.eu/MerchantApiWeb/rest/secure/user/financialData/batch/getBatchDetails","duration":0,"startTime":1514871083844,"result":"SUCCESS"}]},{"number":33,"description":"When post get request for getBatchDetails \"PLN\" and \"\"","duration":873,"startTime":1514871083870,"result":"SUCCESS","children":[{"number":34,"description":"Post GET request get batch details: https://uat1.merchantportal.firstdata.eu/MerchantApiWeb/rest/secure/user/financialData/batch/getBatchDetails, PLN, ","duration":806,"startTime":1514871083885,"result":"SUCCESS"}]},{"number":35,"description":"Then verify getBatchDetails response status \"error\" and \"MPVE00095\" and \"Batch Id can\u0027t be empty\" and \"\" and \"\" and \"\"","duration":246,"startTime":1514871084744,"result":"SUCCESS","children":[{"number":36,"description":"Verify Response","duration":96,"startTime":1514871084755,"result":"SUCCESS"}]}]}],"userStory":{"id":"merchant-portal-application-api-validation","storyName":"Merchant Portal application API validation","path":"APIupdate.feature","type":"feature"},"featureTag":{"name":"Merchant Portal application API validation","type":"feature"},"title":"Verify the api retrieves the details of the batches","description":"","tags":[{"name":"getBatchDetails","type":"tag"}],"startTime":1514871049960,"duration":35030,"dataTable":{"headers":["report","logindomain","domainurl","status","Message","ErrorCode","userName","password","allianceCode","AuthErrMessage","Authaccessdenied","AuthErrCause","currency","userType","pageNumber","accountStatus","profile","firstName","lastName","period","fileType","delimiter","terminalBatchNumId"],"rows":[{"values":["TC01","/MerchantApiWeb/authenticateUser","/MerchantApiWeb/rest/secure/user/financialData/batch/getBatchDetails","success","","","TheBatman","Pass123!","FDP","","","","PLN","","1","","","","","","CSV",",","8366009"],"result":"SUCCESS"},{"values":["TC02","/MerchantApiWeb/authenticateUser","/MerchantApiWeb/rest/secure/user/financialData/batch/getBatchDetails","error","please enter a valid currency","MPVE00075","TheBatman","Pass123!","FDP","","","","abc","","1","","","","","","CSV",",","8366009"],"result":"SUCCESS"},{"values":["TC03","/MerchantApiWeb/authenticateUser","/MerchantApiWeb/rest/secure/user/financialData/batch/getBatchDetails","error","Currency can\u0027t be empty","MPVE00076","TheBatman","Pass123!","FDP","","","","","","1","","","","","","CSV",",","8366009"],"result":"SUCCESS"},{"values":["TC04","/MerchantApiWeb/authenticateUser","/MerchantApiWeb/rest/secure/user/financialData/batch/getBatchDetails","error","Batch Id can\u0027t be empty","MPVE00095","TheBatman","Pass123!","FDP","","","","PLN","","1","","","","","","CSV",",",""],"result":"SUCCESS"}],"predefinedRows":true,"dataSetDescriptors":[{"startRow":0,"rowCount":0,"name":"","description":""}]},"manual":false,"testSource":"Cucumber","result":"SUCCESS"}