{"name":"Verify the api retrieves the details of the Funding list in the specified file format","testSteps":[{"number":1,"description":"[1] {report\u003dTC01, logindomain\u003d/MerchantApiWeb/authenticateUser, domainurl\u003d/MerchantApiWeb/rest/secure/user/financialData/export/exportFundingList, status\u003dsuccess, Message\u003d, ErrorCode\u003d, userName\u003dTheBatman, password\u003dPass123!, allianceCode\u003dFDP, AuthErrMessage\u003d, Authaccessdenied\u003d, AuthErrCause\u003d, currency\u003dPLN, userType\u003d, pageNumber\u003d1, accountStatus\u003d, profile\u003d, firstName\u003d, lastName\u003d, period\u003d, fromDate\u003d2016-11-02, toDate\u003d2017-11-02, invoiceId\u003d4723680, gsmTopUpFromDate\u003d, gsmTopUpToDate\u003d, invoiceLineItemId\u003d, fundId\u003d5121421, merchId\u003d65902182, fileType\u003dCSV, delimiter\u003d,}","duration":40600,"startTime":1514871195335,"result":"SUCCESS","children":[{"number":2,"description":"Given load request for exportFundingList \"/MerchantApiWeb/authenticateUser\" and \"/MerchantApiWeb/rest/secure/user/financialData/export/exportFundingList\" and \"TC01\" and \"TheBatman\" and \"Pass123!\" and \"FDP\"","duration":1714,"startTime":1514871195348,"result":"SUCCESS","children":[{"number":3,"description":"Loadgetrequestdata: https://uat1.merchantportal.firstdata.eu/MerchantApiWeb/authenticateUser","duration":0,"startTime":1514871195488,"result":"SUCCESS"},{"number":4,"description":"Postrequest authenticate user: https://uat1.merchantportal.firstdata.eu/MerchantApiWeb/authenticateUser, TheBatman, Pass123!, FDP","duration":1544,"startTime":1514871195489,"result":"SUCCESS"},{"number":5,"description":"Loadgetrequestdata export download: https://uat1.merchantportal.firstdata.eu/MerchantApiWeb/rest/secure/user/financialData/export/exportFundingList","duration":0,"startTime":1514871197040,"result":"SUCCESS"}]},{"number":6,"description":"When post get request for exportFundingList \"PLN\" and \"1\" and \"2016-11-02\" and \"2017-11-02\" and \"CSV\" and \",\"","duration":36094,"startTime":1514871197062,"result":"SUCCESS","children":[{"number":7,"description":"Post GET request export funding list: https://uat1.merchantportal.firstdata.eu/MerchantApiWeb/rest/secure/user/financialData/export/exportFundingList, PLN, 1, 2016-11-02, 2017-11-02, CSV, ,","duration":35992,"startTime":1514871197074,"result":"SUCCESS"}]},{"number":8,"description":"Then verify exportFundingList response status \"success\" and \"\" and \"\" and \"\" and \"\" and \"\"","duration":2777,"startTime":1514871233157,"result":"SUCCESS","children":[{"number":9,"description":"Verify Download file Response","duration":2694,"startTime":1514871233207,"result":"SUCCESS"}]}]},{"number":10,"description":"[1] {report\u003dTC02, logindomain\u003d/MerchantApiWeb/authenticateUser, domainurl\u003d/MerchantApiWeb/rest/secure/user/financialData/export/exportFundingList, status\u003dsuccess, Message\u003d, ErrorCode\u003d, userName\u003dTheBatman, password\u003dPass123!, allianceCode\u003dFDP, AuthErrMessage\u003d, Authaccessdenied\u003d, AuthErrCause\u003d, currency\u003dPLN, userType\u003d, pageNumber\u003d1, accountStatus\u003d, profile\u003d, firstName\u003d, lastName\u003d, period\u003d, fromDate\u003d2016-11-02, toDate\u003d2017-11-02, invoiceId\u003d4723680, gsmTopUpFromDate\u003d, gsmTopUpToDate\u003d, invoiceLineItemId\u003d, fundId\u003d5121421, merchId\u003d65902182, fileType\u003dXLS, delimiter\u003d,}","duration":8793,"startTime":1514871240073,"result":"SUCCESS","children":[{"number":11,"description":"Given load request for exportFundingList \"/MerchantApiWeb/authenticateUser\" and \"/MerchantApiWeb/rest/secure/user/financialData/export/exportFundingList\" and \"TC02\" and \"TheBatman\" and \"Pass123!\" and \"FDP\"","duration":1733,"startTime":1514871240153,"result":"SUCCESS","children":[{"number":12,"description":"Loadgetrequestdata: https://uat1.merchantportal.firstdata.eu/MerchantApiWeb/authenticateUser","duration":0,"startTime":1514871240265,"result":"SUCCESS"},{"number":13,"description":"Postrequest authenticate user: https://uat1.merchantportal.firstdata.eu/MerchantApiWeb/authenticateUser, TheBatman, Pass123!, FDP","duration":1590,"startTime":1514871240267,"result":"SUCCESS"},{"number":14,"description":"Loadgetrequestdata export download: https://uat1.merchantportal.firstdata.eu/MerchantApiWeb/rest/secure/user/financialData/export/exportFundingList","duration":1,"startTime":1514871241864,"result":"SUCCESS"}]},{"number":15,"description":"When post get request for exportFundingList \"PLN\" and \"1\" and \"2016-11-02\" and \"2017-11-02\" and \"XLS\" and \",\"","duration":6162,"startTime":1514871241887,"result":"SUCCESS","children":[{"number":16,"description":"Post GET request export funding list: https://uat1.merchantportal.firstdata.eu/MerchantApiWeb/rest/secure/user/financialData/export/exportFundingList, PLN, 1, 2016-11-02, 2017-11-02, XLS, ,","duration":6056,"startTime":1514871241900,"result":"SUCCESS"}]},{"number":17,"description":"Then verify exportFundingList response status \"success\" and \"\" and \"\" and \"\" and \"\" and \"\"","duration":817,"startTime":1514871248049,"result":"SUCCESS","children":[{"number":18,"description":"Verify Download file Response","duration":758,"startTime":1514871248065,"result":"SUCCESS"}]}]},{"number":19,"description":"[1] {report\u003dTC03, logindomain\u003d/MerchantApiWeb/authenticateUser, domainurl\u003d/MerchantApiWeb/rest/secure/user/financialData/export/exportFundingList, status\u003derror, Message\u003dInvalid Date format, ErrorCode\u003dMPVE00051, userName\u003dTheBatman, password\u003dPass123!, allianceCode\u003dFDP, AuthErrMessage\u003d, Authaccessdenied\u003d, AuthErrCause\u003d, currency\u003dPLN, userType\u003d, pageNumber\u003d1, accountStatus\u003d, profile\u003d, firstName\u003d, lastName\u003d, period\u003d, fromDate\u003d20161102, toDate\u003d2017-11-02, invoiceId\u003d4723680, gsmTopUpFromDate\u003d, gsmTopUpToDate\u003d, invoiceLineItemId\u003d, fundId\u003d5121421, merchId\u003d65902182, fileType\u003dtxt, delimiter\u003d,}","duration":3253,"startTime":1514871254741,"result":"SUCCESS","children":[{"number":20,"description":"Given load request for exportFundingList \"/MerchantApiWeb/authenticateUser\" and \"/MerchantApiWeb/rest/secure/user/financialData/export/exportFundingList\" and \"TC03\" and \"TheBatman\" and \"Pass123!\" and \"FDP\"","duration":1993,"startTime":1514871254754,"result":"SUCCESS","children":[{"number":21,"description":"Loadgetrequestdata: https://uat1.merchantportal.firstdata.eu/MerchantApiWeb/authenticateUser","duration":1,"startTime":1514871254844,"result":"SUCCESS"},{"number":22,"description":"Postrequest authenticate user: https://uat1.merchantportal.firstdata.eu/MerchantApiWeb/authenticateUser, TheBatman, Pass123!, FDP","duration":1716,"startTime":1514871254846,"result":"SUCCESS"},{"number":23,"description":"Loadgetrequestdata export download: https://uat1.merchantportal.firstdata.eu/MerchantApiWeb/rest/secure/user/financialData/export/exportFundingList","duration":0,"startTime":1514871256651,"result":"SUCCESS"}]},{"number":24,"description":"When post get request for exportFundingList \"PLN\" and \"1\" and \"20161102\" and \"2017-11-02\" and \"txt\" and \",\"","duration":982,"startTime":1514871256747,"result":"SUCCESS","children":[{"number":25,"description":"Post GET request export funding list: https://uat1.merchantportal.firstdata.eu/MerchantApiWeb/rest/secure/user/financialData/export/exportFundingList, PLN, 1, 20161102, 2017-11-02, txt, ,","duration":908,"startTime":1514871256771,"result":"SUCCESS"}]},{"number":26,"description":"Then verify exportFundingList response status \"error\" and \"MPVE00051\" and \"Invalid Date format\" and \"\" and \"\" and \"\"","duration":265,"startTime":1514871257729,"result":"SUCCESS","children":[{"number":27,"description":"Verify Download file Response","duration":113,"startTime":1514871257743,"result":"SUCCESS"}]}]},{"number":28,"description":"[1] {report\u003dTC04, logindomain\u003d/MerchantApiWeb/authenticateUser, domainurl\u003d/MerchantApiWeb/rest/secure/user/financialData/export/exportFundingList, status\u003derror, Message\u003dInvalid Date format, ErrorCode\u003dMPVE00051, userName\u003dTheBatman, password\u003dPass123!, allianceCode\u003dFDP, AuthErrMessage\u003d, Authaccessdenied\u003d, AuthErrCause\u003d, currency\u003dPLN, userType\u003d, pageNumber\u003d1, accountStatus\u003d, profile\u003d, firstName\u003d, lastName\u003d, period\u003d, fromDate\u003d2016-11-02, toDate\u003d20171102, invoiceId\u003d4723680, gsmTopUpFromDate\u003d, gsmTopUpToDate\u003d, invoiceLineItemId\u003d, fundId\u003d5121421, merchId\u003d65902182, fileType\u003dtxt, delimiter\u003d,}","duration":3004,"startTime":1514871261750,"result":"SUCCESS","children":[{"number":29,"description":"Given load request for exportFundingList \"/MerchantApiWeb/authenticateUser\" and \"/MerchantApiWeb/rest/secure/user/financialData/export/exportFundingList\" and \"TC04\" and \"TheBatman\" and \"Pass123!\" and \"FDP\"","duration":1830,"startTime":1514871261789,"result":"SUCCESS","children":[{"number":30,"description":"Loadgetrequestdata: https://uat1.merchantportal.firstdata.eu/MerchantApiWeb/authenticateUser","duration":1,"startTime":1514871261895,"result":"SUCCESS"},{"number":31,"description":"Postrequest authenticate user: https://uat1.merchantportal.firstdata.eu/MerchantApiWeb/authenticateUser, TheBatman, Pass123!, FDP","duration":1679,"startTime":1514871261897,"result":"SUCCESS"},{"number":32,"description":"Loadgetrequestdata export download: https://uat1.merchantportal.firstdata.eu/MerchantApiWeb/rest/secure/user/financialData/export/exportFundingList","duration":0,"startTime":1514871263584,"result":"SUCCESS"}]},{"number":33,"description":"When post get request for exportFundingList \"PLN\" and \"1\" and \"2016-11-02\" and \"20171102\" and \"txt\" and \",\"","duration":924,"startTime":1514871263619,"result":"SUCCESS","children":[{"number":34,"description":"Post GET request export funding list: https://uat1.merchantportal.firstdata.eu/MerchantApiWeb/rest/secure/user/financialData/export/exportFundingList, PLN, 1, 2016-11-02, 20171102, txt, ,","duration":831,"startTime":1514871263632,"result":"SUCCESS"}]},{"number":35,"description":"Then verify exportFundingList response status \"error\" and \"MPVE00051\" and \"Invalid Date format\" and \"\" and \"\" and \"\"","duration":211,"startTime":1514871264543,"result":"SUCCESS","children":[{"number":36,"description":"Verify Download file Response","duration":56,"startTime":1514871264558,"result":"SUCCESS"}]}]},{"number":37,"description":"[1] {report\u003dTC06, logindomain\u003d/MerchantApiWeb/authenticateUser, domainurl\u003d/MerchantApiWeb/rest/secure/user/financialData/export/exportFundingList, status\u003derror, Message\u003dfromDate should be less than toDate, ErrorCode\u003dMPVE00053, userName\u003dTheBatman, password\u003dPass123!, allianceCode\u003dFDP, AuthErrMessage\u003d, Authaccessdenied\u003d, AuthErrCause\u003d, currency\u003dPLN, userType\u003d, pageNumber\u003d1, accountStatus\u003d, profile\u003d, firstName\u003d, lastName\u003d, period\u003d, fromDate\u003d2018-11-02, toDate\u003d2017-11-02, invoiceId\u003d4723680, gsmTopUpFromDate\u003d, gsmTopUpToDate\u003d, invoiceLineItemId\u003d, fundId\u003d5121421, merchId\u003d65902182, fileType\u003dtxt, delimiter\u003d,}","duration":3102,"startTime":1514871271014,"result":"SUCCESS","children":[{"number":38,"description":"Given load request for exportFundingList \"/MerchantApiWeb/authenticateUser\" and \"/MerchantApiWeb/rest/secure/user/financialData/export/exportFundingList\" and \"TC06\" and \"TheBatman\" and \"Pass123!\" and \"FDP\"","duration":1853,"startTime":1514871271077,"result":"SUCCESS","children":[{"number":39,"description":"Loadgetrequestdata: https://uat1.merchantportal.firstdata.eu/MerchantApiWeb/authenticateUser","duration":0,"startTime":1514871271176,"result":"SUCCESS"},{"number":40,"description":"Postrequest authenticate user: https://uat1.merchantportal.firstdata.eu/MerchantApiWeb/authenticateUser, TheBatman, Pass123!, FDP","duration":1715,"startTime":1514871271178,"result":"SUCCESS"},{"number":41,"description":"Loadgetrequestdata export download: https://uat1.merchantportal.firstdata.eu/MerchantApiWeb/rest/secure/user/financialData/export/exportFundingList","duration":0,"startTime":1514871272902,"result":"SUCCESS"}]},{"number":42,"description":"When post get request for exportFundingList \"PLN\" and \"1\" and \"2018-11-02\" and \"2017-11-02\" and \"txt\" and \",\"","duration":987,"startTime":1514871272931,"result":"SUCCESS","children":[{"number":43,"description":"Post GET request export funding list: https://uat1.merchantportal.firstdata.eu/MerchantApiWeb/rest/secure/user/financialData/export/exportFundingList, PLN, 1, 2018-11-02, 2017-11-02, txt, ,","duration":914,"startTime":1514871272951,"result":"SUCCESS"}]},{"number":44,"description":"Then verify exportFundingList response status \"error\" and \"MPVE00053\" and \"fromDate should be less than toDate\" and \"\" and \"\" and \"\"","duration":197,"startTime":1514871273919,"result":"SUCCESS","children":[{"number":45,"description":"Verify Download file Response","duration":49,"startTime":1514871273931,"result":"SUCCESS"}]}]},{"number":46,"description":"[1] {report\u003dTC07, logindomain\u003d/MerchantApiWeb/authenticateUser, domainurl\u003d/MerchantApiWeb/rest/secure/user/financialData/export/exportFundingList, status\u003derror, Message\u003dtoDate is required, ErrorCode\u003dMPVE00061, userName\u003dTheBatman, password\u003dPass123!, allianceCode\u003dFDP, AuthErrMessage\u003d, Authaccessdenied\u003d, AuthErrCause\u003d, currency\u003dPLN, userType\u003d, pageNumber\u003d1, accountStatus\u003d, profile\u003d, firstName\u003d, lastName\u003d, period\u003d, fromDate\u003d2016-11-02, toDate\u003d, invoiceId\u003d4723680, gsmTopUpFromDate\u003d, gsmTopUpToDate\u003d, invoiceLineItemId\u003d, fundId\u003d5121421, merchId\u003d65902182, fileType\u003dtxt, delimiter\u003d,}","duration":2784,"startTime":1514871277659,"result":"SUCCESS","children":[{"number":47,"description":"Given load request for exportFundingList \"/MerchantApiWeb/authenticateUser\" and \"/MerchantApiWeb/rest/secure/user/financialData/export/exportFundingList\" and \"TC07\" and \"TheBatman\" and \"Pass123!\" and \"FDP\"","duration":1615,"startTime":1514871277677,"result":"SUCCESS","children":[{"number":48,"description":"Loadgetrequestdata: https://uat1.merchantportal.firstdata.eu/MerchantApiWeb/authenticateUser","duration":0,"startTime":1514871277759,"result":"SUCCESS"},{"number":49,"description":"Postrequest authenticate user: https://uat1.merchantportal.firstdata.eu/MerchantApiWeb/authenticateUser, TheBatman, Pass123!, FDP","duration":1499,"startTime":1514871277761,"result":"SUCCESS"},{"number":50,"description":"Loadgetrequestdata export download: https://uat1.merchantportal.firstdata.eu/MerchantApiWeb/rest/secure/user/financialData/export/exportFundingList","duration":1,"startTime":1514871279268,"result":"SUCCESS"}]},{"number":51,"description":"When post get request for exportFundingList \"PLN\" and \"1\" and \"2016-11-02\" and \"\" and \"txt\" and \",\"","duration":962,"startTime":1514871279293,"result":"SUCCESS","children":[{"number":52,"description":"Post GET request export funding list: https://uat1.merchantportal.firstdata.eu/MerchantApiWeb/rest/secure/user/financialData/export/exportFundingList, PLN, 1, 2016-11-02, , txt, ,","duration":903,"startTime":1514871279306,"result":"SUCCESS"}]},{"number":53,"description":"Then verify exportFundingList response status \"error\" and \"MPVE00061\" and \"toDate is required\" and \"\" and \"\" and \"\"","duration":187,"startTime":1514871280256,"result":"SUCCESS","children":[{"number":54,"description":"Verify Download file Response","duration":45,"startTime":1514871280266,"result":"SUCCESS"}]}]},{"number":55,"description":"[1] {report\u003dTC08, logindomain\u003d/MerchantApiWeb/authenticateUser, domainurl\u003d/MerchantApiWeb/rest/secure/user/financialData/export/exportFundingList, status\u003derror, Message\u003dfromDate is required, ErrorCode\u003dMPVE00063, userName\u003dTheBatman, password\u003dPass123!, allianceCode\u003dFDP, AuthErrMessage\u003d, Authaccessdenied\u003d, AuthErrCause\u003d, currency\u003dPLN, userType\u003d, pageNumber\u003d1, accountStatus\u003d, profile\u003d, firstName\u003d, lastName\u003d, period\u003d, fromDate\u003d, toDate\u003d2017-11-02, invoiceId\u003d4723680, gsmTopUpFromDate\u003d, gsmTopUpToDate\u003d, invoiceLineItemId\u003d, fundId\u003d5121421, merchId\u003d65902182, fileType\u003dtxt, delimiter\u003d,}","duration":2675,"startTime":1514871284056,"result":"SUCCESS","children":[{"number":56,"description":"Given load request for exportFundingList \"/MerchantApiWeb/authenticateUser\" and \"/MerchantApiWeb/rest/secure/user/financialData/export/exportFundingList\" and \"TC08\" and \"TheBatman\" and \"Pass123!\" and \"FDP\"","duration":1587,"startTime":1514871284068,"result":"SUCCESS","children":[{"number":57,"description":"Loadgetrequestdata: https://uat1.merchantportal.firstdata.eu/MerchantApiWeb/authenticateUser","duration":1,"startTime":1514871284148,"result":"SUCCESS"},{"number":58,"description":"Postrequest authenticate user: https://uat1.merchantportal.firstdata.eu/MerchantApiWeb/authenticateUser, TheBatman, Pass123!, FDP","duration":1478,"startTime":1514871284150,"result":"SUCCESS"},{"number":59,"description":"Loadgetrequestdata export download: https://uat1.merchantportal.firstdata.eu/MerchantApiWeb/rest/secure/user/financialData/export/exportFundingList","duration":1,"startTime":1514871285635,"result":"SUCCESS"}]},{"number":60,"description":"When post get request for exportFundingList \"PLN\" and \"1\" and \"\" and \"2017-11-02\" and \"txt\" and \",\"","duration":897,"startTime":1514871285656,"result":"SUCCESS","children":[{"number":61,"description":"Post GET request export funding list: https://uat1.merchantportal.firstdata.eu/MerchantApiWeb/rest/secure/user/financialData/export/exportFundingList, PLN, 1, , 2017-11-02, txt, ,","duration":801,"startTime":1514871285667,"result":"SUCCESS"}]},{"number":62,"description":"Then verify exportFundingList response status \"error\" and \"MPVE00063\" and \"fromDate is required\" and \"\" and \"\" and \"\"","duration":178,"startTime":1514871286553,"result":"SUCCESS","children":[{"number":63,"description":"Verify Download file Response","duration":46,"startTime":1514871286563,"result":"SUCCESS"}]}]},{"number":64,"description":"[1] {report\u003dTC09, logindomain\u003d/MerchantApiWeb/authenticateUser, domainurl\u003d/MerchantApiWeb/rest/secure/user/financialData/export/exportFundingList, status\u003derror, Message\u003dPage no should be numeric, ErrorCode\u003dMPVE00032, userName\u003dTheBatman, password\u003dPass123!, allianceCode\u003dFDP, AuthErrMessage\u003d, Authaccessdenied\u003d, AuthErrCause\u003d, currency\u003dPLN, userType\u003d, pageNumber\u003dA, accountStatus\u003d, profile\u003d, firstName\u003d, lastName\u003d, period\u003d, fromDate\u003d2016-11-02, toDate\u003d2017-11-02, invoiceId\u003d4723680, gsmTopUpFromDate\u003d, gsmTopUpToDate\u003d, invoiceLineItemId\u003d, fundId\u003d5121421, merchId\u003d65902182, fileType\u003dtxt, delimiter\u003d,}","duration":3336,"startTime":1514871290077,"result":"SUCCESS","children":[{"number":65,"description":"Given load request for exportFundingList \"/MerchantApiWeb/authenticateUser\" and \"/MerchantApiWeb/rest/secure/user/financialData/export/exportFundingList\" and \"TC09\" and \"TheBatman\" and \"Pass123!\" and \"FDP\"","duration":2188,"startTime":1514871290090,"result":"SUCCESS","children":[{"number":66,"description":"Loadgetrequestdata: https://uat1.merchantportal.firstdata.eu/MerchantApiWeb/authenticateUser","duration":0,"startTime":1514871290157,"result":"SUCCESS"},{"number":67,"description":"Postrequest authenticate user: https://uat1.merchantportal.firstdata.eu/MerchantApiWeb/authenticateUser, TheBatman, Pass123!, FDP","duration":2083,"startTime":1514871290160,"result":"SUCCESS"},{"number":68,"description":"Loadgetrequestdata export download: https://uat1.merchantportal.firstdata.eu/MerchantApiWeb/rest/secure/user/financialData/export/exportFundingList","duration":0,"startTime":1514871292251,"result":"SUCCESS"}]},{"number":69,"description":"When post get request for exportFundingList \"PLN\" and \"A\" and \"2016-11-02\" and \"2017-11-02\" and \"txt\" and \",\"","duration":892,"startTime":1514871292278,"result":"SUCCESS","children":[{"number":70,"description":"Post GET request export funding list: https://uat1.merchantportal.firstdata.eu/MerchantApiWeb/rest/secure/user/financialData/export/exportFundingList, PLN, A, 2016-11-02, 2017-11-02, txt, ,","duration":828,"startTime":1514871292290,"result":"SUCCESS"}]},{"number":71,"description":"Then verify exportFundingList response status \"error\" and \"MPVE00032\" and \"Page no should be numeric\" and \"\" and \"\" and \"\"","duration":242,"startTime":1514871293171,"result":"SUCCESS","children":[{"number":72,"description":"Verify Download file Response","duration":95,"startTime":1514871293183,"result":"SUCCESS"}]}]},{"number":73,"description":"[1] {report\u003dTC10, logindomain\u003d/MerchantApiWeb/authenticateUser, domainurl\u003d/MerchantApiWeb/rest/secure/user/financialData/export/exportFundingList, status\u003derror, Message\u003dplease enter a valid currency, ErrorCode\u003dMPVE00075, userName\u003dTheBatman, password\u003dPass123!, allianceCode\u003dFDP, AuthErrMessage\u003d, Authaccessdenied\u003d, AuthErrCause\u003d, currency\u003dabc, userType\u003d, pageNumber\u003d1, accountStatus\u003d, profile\u003d, firstName\u003d, lastName\u003d, period\u003d, fromDate\u003d2016-11-02, toDate\u003d2017-11-02, invoiceId\u003d4723680, gsmTopUpFromDate\u003d, gsmTopUpToDate\u003d, invoiceLineItemId\u003d, fundId\u003d5121421, merchId\u003d65902182, fileType\u003dtxt, delimiter\u003d,}","duration":3569,"startTime":1514871297841,"result":"SUCCESS","children":[{"number":74,"description":"Given load request for exportFundingList \"/MerchantApiWeb/authenticateUser\" and \"/MerchantApiWeb/rest/secure/user/financialData/export/exportFundingList\" and \"TC10\" and \"TheBatman\" and \"Pass123!\" and \"FDP\"","duration":2301,"startTime":1514871297858,"result":"SUCCESS","children":[{"number":75,"description":"Loadgetrequestdata: https://uat1.merchantportal.firstdata.eu/MerchantApiWeb/authenticateUser","duration":1,"startTime":1514871297944,"result":"SUCCESS"},{"number":76,"description":"Postrequest authenticate user: https://uat1.merchantportal.firstdata.eu/MerchantApiWeb/authenticateUser, TheBatman, Pass123!, FDP","duration":2173,"startTime":1514871297946,"result":"SUCCESS"},{"number":77,"description":"Loadgetrequestdata export download: https://uat1.merchantportal.firstdata.eu/MerchantApiWeb/rest/secure/user/financialData/export/exportFundingList","duration":1,"startTime":1514871300127,"result":"SUCCESS"}]},{"number":78,"description":"When post get request for exportFundingList \"abc\" and \"1\" and \"2016-11-02\" and \"2017-11-02\" and \"txt\" and \",\"","duration":992,"startTime":1514871300159,"result":"SUCCESS","children":[{"number":79,"description":"Post GET request export funding list: https://uat1.merchantportal.firstdata.eu/MerchantApiWeb/rest/secure/user/financialData/export/exportFundingList, abc, 1, 2016-11-02, 2017-11-02, txt, ,","duration":904,"startTime":1514871300172,"result":"SUCCESS"}]},{"number":80,"description":"Then verify exportFundingList response status \"error\" and \"MPVE00075\" and \"please enter a valid currency\" and \"\" and \"\" and \"\"","duration":256,"startTime":1514871301153,"result":"SUCCESS","children":[{"number":81,"description":"Verify Download file Response","duration":90,"startTime":1514871301188,"result":"SUCCESS"}]}]}],"userStory":{"id":"merchant-portal-application-api-validation","storyName":"Merchant Portal application API validation","path":"APIupdate.feature","type":"feature"},"featureTag":{"name":"Merchant Portal application API validation","type":"feature"},"title":"Verify the api retrieves the details of the Funding list in the specified file format","description":"","tags":[{"name":"exportFundingList","type":"tag"}],"startTime":1514871195335,"duration":106075,"dataTable":{"headers":["report","logindomain","domainurl","status","Message","ErrorCode","userName","password","allianceCode","AuthErrMessage","Authaccessdenied","AuthErrCause","currency","userType","pageNumber","accountStatus","profile","firstName","lastName","period","fromDate","toDate","invoiceId","gsmTopUpFromDate","gsmTopUpToDate","invoiceLineItemId","fundId","merchId","fileType","delimiter"],"rows":[{"values":["TC01","/MerchantApiWeb/authenticateUser","/MerchantApiWeb/rest/secure/user/financialData/export/exportFundingList","success","","","TheBatman","Pass123!","FDP","","","","PLN","","1","","","","","","2016-11-02","2017-11-02","4723680","","","","5121421","65902182","CSV",","],"result":"SUCCESS"},{"values":["TC02","/MerchantApiWeb/authenticateUser","/MerchantApiWeb/rest/secure/user/financialData/export/exportFundingList","success","","","TheBatman","Pass123!","FDP","","","","PLN","","1","","","","","","2016-11-02","2017-11-02","4723680","","","","5121421","65902182","XLS",","],"result":"SUCCESS"},{"values":["TC03","/MerchantApiWeb/authenticateUser","/MerchantApiWeb/rest/secure/user/financialData/export/exportFundingList","error","Invalid Date format","MPVE00051","TheBatman","Pass123!","FDP","","","","PLN","","1","","","","","","20161102","2017-11-02","4723680","","","","5121421","65902182","txt",","],"result":"SUCCESS"},{"values":["TC04","/MerchantApiWeb/authenticateUser","/MerchantApiWeb/rest/secure/user/financialData/export/exportFundingList","error","Invalid Date format","MPVE00051","TheBatman","Pass123!","FDP","","","","PLN","","1","","","","","","2016-11-02","20171102","4723680","","","","5121421","65902182","txt",","],"result":"SUCCESS"},{"values":["TC06","/MerchantApiWeb/authenticateUser","/MerchantApiWeb/rest/secure/user/financialData/export/exportFundingList","error","fromDate should be less than toDate","MPVE00053","TheBatman","Pass123!","FDP","","","","PLN","","1","","","","","","2018-11-02","2017-11-02","4723680","","","","5121421","65902182","txt",","],"result":"SUCCESS"},{"values":["TC07","/MerchantApiWeb/authenticateUser","/MerchantApiWeb/rest/secure/user/financialData/export/exportFundingList","error","toDate is required","MPVE00061","TheBatman","Pass123!","FDP","","","","PLN","","1","","","","","","2016-11-02","","4723680","","","","5121421","65902182","txt",","],"result":"SUCCESS"},{"values":["TC08","/MerchantApiWeb/authenticateUser","/MerchantApiWeb/rest/secure/user/financialData/export/exportFundingList","error","fromDate is required","MPVE00063","TheBatman","Pass123!","FDP","","","","PLN","","1","","","","","","","2017-11-02","4723680","","","","5121421","65902182","txt",","],"result":"SUCCESS"},{"values":["TC09","/MerchantApiWeb/authenticateUser","/MerchantApiWeb/rest/secure/user/financialData/export/exportFundingList","error","Page no should be numeric","MPVE00032","TheBatman","Pass123!","FDP","","","","PLN","","A","","","","","","2016-11-02","2017-11-02","4723680","","","","5121421","65902182","txt",","],"result":"SUCCESS"},{"values":["TC10","/MerchantApiWeb/authenticateUser","/MerchantApiWeb/rest/secure/user/financialData/export/exportFundingList","error","please enter a valid currency","MPVE00075","TheBatman","Pass123!","FDP","","","","abc","","1","","","","","","2016-11-02","2017-11-02","4723680","","","","5121421","65902182","txt",","],"result":"SUCCESS"}],"predefinedRows":true,"dataSetDescriptors":[{"startRow":0,"rowCount":0,"name":"","description":""}]},"manual":false,"testSource":"Cucumber","result":"SUCCESS"}