{"name":"Verify the details of the Pre Authorisation summary","testSteps":[{"number":1,"description":"[1] {report\u003dTC01, logindomain\u003d/MerchantApiWeb/authenticateUser, domainurl\u003d/MerchantApiWeb/rest/secure/user/financialData/authorisation/getPreAuthSummary, status\u003dsuccess, Message\u003d, ErrorCode\u003d, userName\u003dTestAutomation22, password\u003dPassword@1, allianceCode\u003dEMS, AuthErrMessage\u003d, Authaccessdenied\u003d, AuthErrCause\u003d, currency\u003dEUR, userType\u003d, pageNumber\u003d, accountStatus\u003d, profile\u003d, firstName\u003d, lastName\u003d, fromDate\u003d2016-11-02, toDate\u003d2017-11-02}","duration":4623,"startTime":1514870077809,"result":"SUCCESS","children":[{"number":2,"description":"Given load request for getPreAuthSummary \"/MerchantApiWeb/authenticateUser\" and \"/MerchantApiWeb/rest/secure/user/financialData/authorisation/getPreAuthSummary\" and \"TC01\" and \"TestAutomation22\" and \"Password@1\" and \"EMS\"","duration":1636,"startTime":1514870077860,"result":"SUCCESS","children":[{"number":3,"description":"Loadgetrequestdata: https://uat1.merchantportal.firstdata.eu/MerchantApiWeb/authenticateUser","duration":1,"startTime":1514870077995,"result":"SUCCESS"},{"number":4,"description":"Postrequest authenticate user: https://uat1.merchantportal.firstdata.eu/MerchantApiWeb/authenticateUser, TestAutomation22, Password@1, EMS","duration":1461,"startTime":1514870077998,"result":"SUCCESS"},{"number":5,"description":"Loadgetrequestdata authenticated: https://uat1.merchantportal.firstdata.eu/MerchantApiWeb/rest/secure/user/financialData/authorisation/getPreAuthSummary, 96c6ffbe-9632-4cb5-9e3f-d76882e83045","duration":1,"startTime":1514870079467,"result":"SUCCESS"}]},{"number":6,"description":"When post get request for getPreAuthSummary \"EUR\" and \"2016-11-02\" and \"2017-11-02\"","duration":2835,"startTime":1514870079497,"result":"SUCCESS","children":[{"number":7,"description":"Post GET request get pre auth summary: https://uat1.merchantportal.firstdata.eu/MerchantApiWeb/rest/secure/user/financialData/authorisation/getPreAuthSummary, EUR, 2016-11-02, 2017-11-02","duration":2767,"startTime":1514870079512,"result":"SUCCESS"}]},{"number":8,"description":"Then verify getPreAuthSummary response status \"success\" and \"\" and \"\" and \"\" and \"\" and \"\"","duration":99,"startTime":1514870082333,"result":"SUCCESS","children":[{"number":9,"description":"Verify Response","duration":38,"startTime":1514870082346,"result":"SUCCESS"}]}]},{"number":10,"description":"[1] {report\u003dTC02, logindomain\u003d/MerchantApiWeb/authenticateUser, domainurl\u003d/MerchantApiWeb/rest/secure/user/financialData/authorisation/getPreAuthSummary, status\u003derror, Message\u003dInvalid Date format, ErrorCode\u003dMPVE00051, userName\u003dTestAutomation22, password\u003dPassword@1, allianceCode\u003dEMS, AuthErrMessage\u003d, Authaccessdenied\u003d, AuthErrCause\u003d, currency\u003dEUR, userType\u003d, pageNumber\u003d, accountStatus\u003d, profile\u003d, firstName\u003d, lastName\u003d, fromDate\u003d201611-02, toDate\u003d2017-11-02}","duration":2598,"startTime":1514870086111,"result":"SUCCESS","children":[{"number":11,"description":"Given load request for getPreAuthSummary \"/MerchantApiWeb/authenticateUser\" and \"/MerchantApiWeb/rest/secure/user/financialData/authorisation/getPreAuthSummary\" and \"TC02\" and \"TestAutomation22\" and \"Password@1\" and \"EMS\"","duration":1412,"startTime":1514870086164,"result":"SUCCESS","children":[{"number":12,"description":"Loadgetrequestdata: https://uat1.merchantportal.firstdata.eu/MerchantApiWeb/authenticateUser","duration":0,"startTime":1514870086296,"result":"SUCCESS"},{"number":13,"description":"Postrequest authenticate user: https://uat1.merchantportal.firstdata.eu/MerchantApiWeb/authenticateUser, TestAutomation22, Password@1, EMS","duration":1244,"startTime":1514870086298,"result":"SUCCESS"},{"number":14,"description":"Loadgetrequestdata authenticated: https://uat1.merchantportal.firstdata.eu/MerchantApiWeb/rest/secure/user/financialData/authorisation/getPreAuthSummary, 96c6ffbe-9632-4cb5-9e3f-d76882e83045","duration":1,"startTime":1514870087553,"result":"SUCCESS"}]},{"number":15,"description":"When post get request for getPreAuthSummary \"EUR\" and \"201611-02\" and \"2017-11-02\"","duration":912,"startTime":1514870087577,"result":"SUCCESS","children":[{"number":16,"description":"Post GET request get pre auth summary: https://uat1.merchantportal.firstdata.eu/MerchantApiWeb/rest/secure/user/financialData/authorisation/getPreAuthSummary, EUR, 201611-02, 2017-11-02","duration":829,"startTime":1514870087588,"result":"SUCCESS"}]},{"number":17,"description":"Then verify getPreAuthSummary response status \"error\" and \"MPVE00051\" and \"Invalid Date format\" and \"\" and \"\" and \"\"","duration":219,"startTime":1514870088490,"result":"SUCCESS","children":[{"number":18,"description":"Verify Response","duration":95,"startTime":1514870088502,"result":"SUCCESS"}]}]},{"number":19,"description":"[1] {report\u003dTC03, logindomain\u003d/MerchantApiWeb/authenticateUser, domainurl\u003d/MerchantApiWeb/rest/secure/user/financialData/authorisation/getPreAuthSummary, status\u003derror, Message\u003dInvalid Date format, ErrorCode\u003dMPVE00051, userName\u003dTestAutomation22, password\u003dPassword@1, allianceCode\u003dEMS, AuthErrMessage\u003d, Authaccessdenied\u003d, AuthErrCause\u003d, currency\u003dEUR, userType\u003d, pageNumber\u003d, accountStatus\u003d, profile\u003d, firstName\u003d, lastName\u003d, fromDate\u003d2016-11-02, toDate\u003d20171102}","duration":2474,"startTime":1514870091860,"result":"SUCCESS","children":[{"number":20,"description":"Given load request for getPreAuthSummary \"/MerchantApiWeb/authenticateUser\" and \"/MerchantApiWeb/rest/secure/user/financialData/authorisation/getPreAuthSummary\" and \"TC03\" and \"TestAutomation22\" and \"Password@1\" and \"EMS\"","duration":1190,"startTime":1514870091927,"result":"SUCCESS","children":[{"number":21,"description":"Loadgetrequestdata: https://uat1.merchantportal.firstdata.eu/MerchantApiWeb/authenticateUser","duration":1,"startTime":1514870091998,"result":"SUCCESS"},{"number":22,"description":"Postrequest authenticate user: https://uat1.merchantportal.firstdata.eu/MerchantApiWeb/authenticateUser, TestAutomation22, Password@1, EMS","duration":1084,"startTime":1514870092000,"result":"SUCCESS"},{"number":23,"description":"Loadgetrequestdata authenticated: https://uat1.merchantportal.firstdata.eu/MerchantApiWeb/rest/secure/user/financialData/authorisation/getPreAuthSummary, 96c6ffbe-9632-4cb5-9e3f-d76882e83045","duration":0,"startTime":1514870093093,"result":"SUCCESS"}]},{"number":24,"description":"When post get request for getPreAuthSummary \"EUR\" and \"2016-11-02\" and \"20171102\"","duration":1027,"startTime":1514870093119,"result":"SUCCESS","children":[{"number":25,"description":"Post GET request get pre auth summary: https://uat1.merchantportal.firstdata.eu/MerchantApiWeb/rest/secure/user/financialData/authorisation/getPreAuthSummary, EUR, 2016-11-02, 20171102","duration":894,"startTime":1514870093132,"result":"SUCCESS"}]},{"number":26,"description":"Then verify getPreAuthSummary response status \"error\" and \"MPVE00051\" and \"Invalid Date format\" and \"\" and \"\" and \"\"","duration":188,"startTime":1514870094146,"result":"SUCCESS","children":[{"number":27,"description":"Verify Response","duration":55,"startTime":1514870094158,"result":"SUCCESS"}]}]}],"userStory":{"id":"merchant-portal-application-api-validation","storyName":"Merchant Portal application API validation","path":"APIupdate.feature","type":"feature"},"featureTag":{"name":"Merchant Portal application API validation","type":"feature"},"title":"Verify the details of the Pre Authorisation summary","description":"","tags":[{"name":"getPreAuthSummary","type":"tag"}],"startTime":1514870077809,"duration":16525,"dataTable":{"headers":["report","logindomain","domainurl","status","Message","ErrorCode","userName","password","allianceCode","AuthErrMessage","Authaccessdenied","AuthErrCause","currency","userType","pageNumber","accountStatus","profile","firstName","lastName","fromDate","toDate"],"rows":[{"values":["TC01","/MerchantApiWeb/authenticateUser","/MerchantApiWeb/rest/secure/user/financialData/authorisation/getPreAuthSummary","success","","","TestAutomation22","Password@1","EMS","","","","EUR","","","","","","","2016-11-02","2017-11-02"],"result":"SUCCESS"},{"values":["TC02","/MerchantApiWeb/authenticateUser","/MerchantApiWeb/rest/secure/user/financialData/authorisation/getPreAuthSummary","error","Invalid Date format","MPVE00051","TestAutomation22","Password@1","EMS","","","","EUR","","","","","","","201611-02","2017-11-02"],"result":"SUCCESS"},{"values":["TC03","/MerchantApiWeb/authenticateUser","/MerchantApiWeb/rest/secure/user/financialData/authorisation/getPreAuthSummary","error","Invalid Date format","MPVE00051","TestAutomation22","Password@1","EMS","","","","EUR","","","","","","","2016-11-02","20171102"],"result":"SUCCESS"}],"predefinedRows":true,"dataSetDescriptors":[{"startRow":0,"rowCount":0,"name":"","description":""}]},"manual":false,"testSource":"Cucumber","result":"SUCCESS"}