{"name":"Verify the api retrieves the message details as per input for the logged in user","testSteps":[{"number":1,"description":"[1] {report\u003dTC01, logindomain\u003d/MerchantApiWeb/authenticateUser, domainurl\u003d/MerchantApiWeb/rest/secure/user/message/readMessageDetails, status\u003dsuccess, Message\u003d, ErrorCode\u003d, userName\u003dTestAutomation22, password\u003dPassword@1, allianceCode\u003dEMS, AuthErrMessage\u003d, Authaccessdenied\u003d, AuthErrCause\u003d, currency\u003d, userType\u003d, pageNumber\u003d, accountStatus\u003d, profile\u003d, firstName\u003d, lastName\u003d, reasonForBlock\u003d, blockusername\u003d, termsId\u003d, messageId\u003d1023462}","duration":2703,"startTime":1514870819488,"result":"SUCCESS","children":[{"number":2,"description":"Given load request for readMessageDetails \"/MerchantApiWeb/authenticateUser\" and \"/MerchantApiWeb/rest/secure/user/message/readMessageDetails\" and \"TC01\" and \"TestAutomation22\" and \"Password@1\" and \"EMS\"","duration":1172,"startTime":1514870819505,"result":"SUCCESS","children":[{"number":3,"description":"Loadgetrequestdata: https://uat1.merchantportal.firstdata.eu/MerchantApiWeb/authenticateUser","duration":1,"startTime":1514870819589,"result":"SUCCESS"},{"number":4,"description":"Postrequest authenticate user: https://uat1.merchantportal.firstdata.eu/MerchantApiWeb/authenticateUser, TestAutomation22, Password@1, EMS","duration":1051,"startTime":1514870819591,"result":"SUCCESS"},{"number":5,"description":"Loadgetrequestdata requestwithbody: https://uat1.merchantportal.firstdata.eu/MerchantApiWeb/rest/secure/user/message/readMessageDetails","duration":0,"startTime":1514870820652,"result":"SUCCESS"}]},{"number":6,"description":"When post request for readMessageDetails \"1023462\"","duration":1424,"startTime":1514870820677,"result":"SUCCESS","children":[{"number":7,"description":"Postrequest read message details: https://uat1.merchantportal.firstdata.eu/MerchantApiWeb/rest/secure/user/message/readMessageDetails, 1023462","duration":1359,"startTime":1514870820690,"result":"SUCCESS"}]},{"number":8,"description":"Then verify readMessageDetails response status \"success\" and \"\" and \"\" and \"\" and \"\" and \"\"","duration":89,"startTime":1514870822102,"result":"SUCCESS","children":[{"number":9,"description":"Verify Response","duration":22,"startTime":1514870822121,"result":"SUCCESS"}]}]},{"number":10,"description":"[1] {report\u003dTC02, logindomain\u003d/MerchantApiWeb/authenticateUser, domainurl\u003d/MerchantApiWeb/rest/secure/user/message/readMessageDetails, status\u003derror, Message\u003dEnter a valid msgID, ErrorCode\u003dMPBE00028, userName\u003dTestAutomation22, password\u003dPassword@1, allianceCode\u003dEMS, AuthErrMessage\u003d, Authaccessdenied\u003d, AuthErrCause\u003d, currency\u003d, userType\u003d, pageNumber\u003d, accountStatus\u003d, profile\u003d, firstName\u003d, lastName\u003d, reasonForBlock\u003d, blockusername\u003d, termsId\u003d, messageId\u003d123}","duration":2390,"startTime":1514870825399,"result":"SUCCESS","children":[{"number":11,"description":"Given load request for readMessageDetails \"/MerchantApiWeb/authenticateUser\" and \"/MerchantApiWeb/rest/secure/user/message/readMessageDetails\" and \"TC02\" and \"TestAutomation22\" and \"Password@1\" and \"EMS\"","duration":1296,"startTime":1514870825425,"result":"SUCCESS","children":[{"number":12,"description":"Loadgetrequestdata: https://uat1.merchantportal.firstdata.eu/MerchantApiWeb/authenticateUser","duration":1,"startTime":1514870825600,"result":"SUCCESS"},{"number":13,"description":"Postrequest authenticate user: https://uat1.merchantportal.firstdata.eu/MerchantApiWeb/authenticateUser, TestAutomation22, Password@1, EMS","duration":1087,"startTime":1514870825602,"result":"SUCCESS"},{"number":14,"description":"Loadgetrequestdata requestwithbody: https://uat1.merchantportal.firstdata.eu/MerchantApiWeb/rest/secure/user/message/readMessageDetails","duration":0,"startTime":1514870826699,"result":"SUCCESS"}]},{"number":15,"description":"When post request for readMessageDetails \"123\"","duration":881,"startTime":1514870826721,"result":"SUCCESS","children":[{"number":16,"description":"Postrequest read message details: https://uat1.merchantportal.firstdata.eu/MerchantApiWeb/rest/secure/user/message/readMessageDetails, 123","duration":818,"startTime":1514870826731,"result":"SUCCESS"}]},{"number":17,"description":"Then verify readMessageDetails response status \"error\" and \"MPBE00028\" and \"Enter a valid msgID\" and \"\" and \"\" and \"\"","duration":187,"startTime":1514870827602,"result":"SUCCESS","children":[{"number":18,"description":"Verify Response","duration":60,"startTime":1514870827615,"result":"SUCCESS"}]}]},{"number":19,"description":"[1] {report\u003dTC03, logindomain\u003d/MerchantApiWeb/authenticateUser, domainurl\u003d/MerchantApiWeb/rest/secure/user/message/readMessageDetails, status\u003derror, Message\u003dMessage id should be Integer, ErrorCode\u003dMPVE00033, userName\u003dTestAutomation22, password\u003dPassword@1, allianceCode\u003dEMS, AuthErrMessage\u003d, Authaccessdenied\u003d, AuthErrCause\u003d, currency\u003d, userType\u003d, pageNumber\u003d, accountStatus\u003d, profile\u003d, firstName\u003d, lastName\u003d, reasonForBlock\u003d, blockusername\u003d, termsId\u003d, messageId\u003dabcd}","duration":2439,"startTime":1514870831518,"result":"SUCCESS","children":[{"number":20,"description":"Given load request for readMessageDetails \"/MerchantApiWeb/authenticateUser\" and \"/MerchantApiWeb/rest/secure/user/message/readMessageDetails\" and \"TC03\" and \"TestAutomation22\" and \"Password@1\" and \"EMS\"","duration":1313,"startTime":1514870831532,"result":"SUCCESS","children":[{"number":21,"description":"Loadgetrequestdata: https://uat1.merchantportal.firstdata.eu/MerchantApiWeb/authenticateUser","duration":0,"startTime":1514870831707,"result":"SUCCESS"},{"number":22,"description":"Postrequest authenticate user: https://uat1.merchantportal.firstdata.eu/MerchantApiWeb/authenticateUser, TestAutomation22, Password@1, EMS","duration":1094,"startTime":1514870831708,"result":"SUCCESS"},{"number":23,"description":"Loadgetrequestdata requestwithbody: https://uat1.merchantportal.firstdata.eu/MerchantApiWeb/rest/secure/user/message/readMessageDetails","duration":0,"startTime":1514870832820,"result":"SUCCESS"}]},{"number":24,"description":"When post request for readMessageDetails \"abcd\"","duration":893,"startTime":1514870832845,"result":"SUCCESS","children":[{"number":25,"description":"Postrequest read message details: https://uat1.merchantportal.firstdata.eu/MerchantApiWeb/rest/secure/user/message/readMessageDetails, abcd","duration":819,"startTime":1514870832858,"result":"SUCCESS"}]},{"number":26,"description":"Then verify readMessageDetails response status \"error\" and \"MPVE00033\" and \"Message id should be Integer\" and \"\" and \"\" and \"\"","duration":218,"startTime":1514870833739,"result":"SUCCESS","children":[{"number":27,"description":"Verify Response","duration":60,"startTime":1514870833755,"result":"SUCCESS"}]}]}],"userStory":{"id":"merchant-portal-application-api-validation","storyName":"Merchant Portal application API validation","path":"APIupdate.feature","type":"feature"},"featureTag":{"name":"Merchant Portal application API validation","type":"feature"},"title":"Verify the api retrieves the message details as per input for the logged in user","description":"","tags":[{"name":"readMessageDetails","type":"tag"}],"startTime":1514870819487,"duration":14470,"dataTable":{"headers":["report","logindomain","domainurl","status","Message","ErrorCode","userName","password","allianceCode","AuthErrMessage","Authaccessdenied","AuthErrCause","currency","userType","pageNumber","accountStatus","profile","firstName","lastName","reasonForBlock","blockusername","termsId","messageId"],"rows":[{"values":["TC01","/MerchantApiWeb/authenticateUser","/MerchantApiWeb/rest/secure/user/message/readMessageDetails","success","","","TestAutomation22","Password@1","EMS","","","","","","","","","","","","","","1023462"],"result":"SUCCESS"},{"values":["TC02","/MerchantApiWeb/authenticateUser","/MerchantApiWeb/rest/secure/user/message/readMessageDetails","error","Enter a valid msgID","MPBE00028","TestAutomation22","Password@1","EMS","","","","","","","","","","","","","","123"],"result":"SUCCESS"},{"values":["TC03","/MerchantApiWeb/authenticateUser","/MerchantApiWeb/rest/secure/user/message/readMessageDetails","error","Message id should be Integer","MPVE00033","TestAutomation22","Password@1","EMS","","","","","","","","","","","","","","abcd"],"result":"SUCCESS"}],"predefinedRows":true,"dataSetDescriptors":[{"startRow":0,"rowCount":0,"name":"","description":""}]},"manual":false,"testSource":"Cucumber","result":"SUCCESS"}