{"name":"Verify the api retrieves the summary of the logistics","testSteps":[{"number":1,"description":"[1] {report\u003dTC01, logindomain\u003d/MerchantApiWeb/V3/authenticateUser, domainurl\u003d/MerchantApiWeb/V3/rest/secure/user/logistics/summary, status\u003dsuccess, Message\u003d, ErrorCode\u003d, userName\u003dMoumitaSPUser123, password\u003dPassword@1, allianceCode\u003dEMS, AuthErrMessage\u003d, Authaccessdenied\u003d, AuthErrCause\u003d, currency\u003dEUR, userType\u003d, pageNumber\u003d1, accountStatus\u003d, profile\u003d, firstName\u003d, lastName\u003d, period\u003d, fromDate\u003d2016-11-02, toDate\u003d2017-11-02}","duration":6071,"startTime":1514871640939,"result":"SUCCESS","children":[{"number":2,"description":"Given load request for logisticssummary \"/MerchantApiWeb/V3/authenticateUser\" and \"/MerchantApiWeb/V3/rest/secure/user/logistics/summary\" and \"TC01\" and \"MoumitaSPUser123\" and \"Password@1\" and \"EMS\"","duration":4122,"startTime":1514871640958,"result":"SUCCESS","children":[{"number":3,"description":"Loadgetrequestdata: https://uat1.merchantportal.firstdata.eu/MerchantApiWeb/V3/authenticateUser","duration":1,"startTime":1514871641044,"result":"SUCCESS"},{"number":4,"description":"Postrequest authenticate user: https://uat1.merchantportal.firstdata.eu/MerchantApiWeb/V3/authenticateUser, MoumitaSPUser123, Password@1, EMS","duration":3999,"startTime":1514871641046,"result":"SUCCESS"},{"number":5,"description":"Loadgetrequestdata uniqueauthentication: https://uat1.merchantportal.firstdata.eu/MerchantApiWeb/V3/rest/secure/user/logistics/summary","duration":1,"startTime":1514871645058,"result":"SUCCESS"}]},{"number":6,"description":"When post get request for logisticssummary \"2016-11-02\" and \"2017-11-02\"","duration":1772,"startTime":1514871645080,"result":"SUCCESS","children":[{"number":7,"description":"Post GET request logisticssummary: https://uat1.merchantportal.firstdata.eu/MerchantApiWeb/V3/rest/secure/user/logistics/summary, 2016-11-02, 2017-11-02","duration":1698,"startTime":1514871645093,"result":"SUCCESS"}]},{"number":8,"description":"Then verify logisticssummary response status \"success\" and \"\" and \"\" and \"\" and \"\" and \"\"","duration":157,"startTime":1514871646853,"result":"SUCCESS","children":[{"number":9,"description":"Verify Response","duration":99,"startTime":1514871646865,"result":"SUCCESS"}]}]}],"userStory":{"id":"merchant-portal-application-api-validation","storyName":"Merchant Portal application API validation","path":"APIupdate.feature","type":"feature"},"featureTag":{"name":"Merchant Portal application API validation","type":"feature"},"title":"Verify the api retrieves the summary of the logistics","description":"","tags":[{"name":"logisticssummary","type":"tag"}],"startTime":1514871640934,"duration":6076,"dataTable":{"headers":["report","logindomain","domainurl","status","Message","ErrorCode","userName","password","allianceCode","AuthErrMessage","Authaccessdenied","AuthErrCause","currency","userType","pageNumber","accountStatus","profile","firstName","lastName","period","fromDate","toDate"],"rows":[{"values":["TC01","/MerchantApiWeb/V3/authenticateUser","/MerchantApiWeb/V3/rest/secure/user/logistics/summary","success","","","MoumitaSPUser123","Password@1","EMS","","","","EUR","","1","","","","","","2016-11-02","2017-11-02"],"result":"SUCCESS"}],"predefinedRows":true,"dataSetDescriptors":[{"startRow":0,"rowCount":0,"name":"","description":""}]},"manual":false,"testSource":"Cucumber","result":"SUCCESS"}