{"name":"Verify the api retrieves the message details as per input for the logged in user","testSteps":[{"number":1,"description":"[1] {report\u003dTC01, logindomain\u003d/MerchantApiWeb/authenticateUser, domainurl\u003d/MerchantApiWeb/rest/secure/user/message/readMessageDetails, status\u003dsuccess, Message\u003d, ErrorCode\u003d, userName\u003dTestAutomation22, password\u003dPassword@1, allianceCode\u003dEMS, AuthErrMessage\u003d, Authaccessdenied\u003d, AuthErrCause\u003d, currency\u003d, userType\u003d, pageNumber\u003d, accountStatus\u003d, profile\u003d, firstName\u003d, lastName\u003d, itrcount\u003d, validateuserName\u003d, pseudoUserName\u003d, merchId\u003d, messageId\u003d1023462, terminalBatchNumId\u003d, reasonForBlock\u003d, blockusername\u003d}","duration":8315,"startTime":1512029673731,"result":"SUCCESS","children":[{"number":2,"description":"Given load request for readMessageDetails \"/MerchantApiWeb/authenticateUser\" and \"/MerchantApiWeb/rest/secure/user/message/readMessageDetails\" and \"TC01\" and \"TestAutomation22\" and \"Password@1\" and \"EMS\"","duration":5170,"startTime":1512029674291,"result":"SUCCESS","children":[{"number":3,"description":"Loadgetrequestdata: https://uat1.merchantportal.firstdata.eu/MerchantApiWeb/authenticateUser","duration":20,"startTime":1512029674594,"result":"SUCCESS"},{"number":4,"description":"Postrequest authenticate user: https://uat1.merchantportal.firstdata.eu/MerchantApiWeb/authenticateUser, TestAutomation22, Password@1, EMS","duration":4786,"startTime":1512029674621,"result":"SUCCESS"},{"number":5,"description":"Loadgetrequestdata requestwithbody: https://uat1.merchantportal.firstdata.eu/MerchantApiWeb/rest/secure/user/message/readMessageDetails","duration":1,"startTime":1512029679428,"result":"SUCCESS"}]},{"number":6,"description":"When post request for readMessageDetails \"1023462\"","duration":1753,"startTime":1512029679462,"result":"SUCCESS","children":[{"number":7,"description":"Postrequest read message details: https://uat1.merchantportal.firstdata.eu/MerchantApiWeb/rest/secure/user/message/readMessageDetails, 1023462","duration":1669,"startTime":1512029679481,"result":"SUCCESS"}]},{"number":8,"description":"Then verify readMessageDetails response status \"success\" and \"\" and \"\" and \"\" and \"\" and \"\"","duration":830,"startTime":1512029681216,"result":"SUCCESS","children":[{"number":9,"description":"Verify Response","duration":754,"startTime":1512029681234,"result":"SUCCESS"}]}]},{"number":10,"description":"[1] {report\u003dTC02, logindomain\u003d/MerchantApiWeb/authenticateUser, domainurl\u003d/MerchantApiWeb/rest/secure/user/message/readMessageDetails, status\u003derror, Message\u003dEnter a valid msgID, ErrorCode\u003dMPBE00028, userName\u003dTestAutomation22, password\u003dPassword@1, allianceCode\u003dEMS, AuthErrMessage\u003d, Authaccessdenied\u003d, AuthErrCause\u003d, currency\u003d, userType\u003d, pageNumber\u003d, accountStatus\u003d, profile\u003d, firstName\u003d, lastName\u003d, itrcount\u003d, validateuserName\u003d, pseudoUserName\u003d, merchId\u003d, messageId\u003d123, terminalBatchNumId\u003d, reasonForBlock\u003d, blockusername\u003d}","duration":2287,"startTime":1512029682624,"result":"SUCCESS","children":[{"number":11,"description":"Given load request for readMessageDetails \"/MerchantApiWeb/authenticateUser\" and \"/MerchantApiWeb/rest/secure/user/message/readMessageDetails\" and \"TC02\" and \"TestAutomation22\" and \"Password@1\" and \"EMS\"","duration":1235,"startTime":1512029682660,"result":"SUCCESS","children":[{"number":12,"description":"Loadgetrequestdata: https://uat1.merchantportal.firstdata.eu/MerchantApiWeb/authenticateUser","duration":2,"startTime":1512029682754,"result":"SUCCESS"},{"number":13,"description":"Postrequest authenticate user: https://uat1.merchantportal.firstdata.eu/MerchantApiWeb/authenticateUser, TestAutomation22, Password@1, EMS","duration":1102,"startTime":1512029682758,"result":"SUCCESS"},{"number":14,"description":"Loadgetrequestdata requestwithbody: https://uat1.merchantportal.firstdata.eu/MerchantApiWeb/rest/secure/user/message/readMessageDetails","duration":1,"startTime":1512029683871,"result":"SUCCESS"}]},{"number":15,"description":"When post request for readMessageDetails \"123\"","duration":968,"startTime":1512029683896,"result":"SUCCESS","children":[{"number":16,"description":"Postrequest read message details: https://uat1.merchantportal.firstdata.eu/MerchantApiWeb/rest/secure/user/message/readMessageDetails, 123","duration":907,"startTime":1512029683908,"result":"SUCCESS"}]},{"number":17,"description":"Then verify readMessageDetails response status \"error\" and \"MPBE00028\" and \"Enter a valid msgID\" and \"\" and \"\" and \"\"","duration":47,"startTime":1512029684864,"exception":{"errorType":"java.lang.NullPointerException","stackTrace":[{"declaringClass":"api.ValidateRequest","methodName":"verifyresponse","fileName":"ValidateRequest.java","lineNumber":317},{"declaringClass":"stepdefinitions.Apidefinitions","methodName":"verify_readMessageDetails_response_status","fileName":"Apidefinitions.java","lineNumber":6578},{"declaringClass":"✽","methodName":"Then verify readMessageDetails response status \"error\" and \"MPBE00028\" and \"Enter a valid msgID\" and \"\" and \"\" and \"\"","fileName":"Testupdate.feature","lineNumber":68}]},"result":"ERROR","children":[{"number":18,"description":"Verify Response","duration":27,"startTime":1512029684876,"exception":{"errorType":"java.lang.NullPointerException","stackTrace":[{"declaringClass":"api.ValidateRequest","methodName":"verifyresponse","fileName":"ValidateRequest.java","lineNumber":317},{"declaringClass":"stepdefinitions.Apidefinitions","methodName":"verify_readMessageDetails_response_status","fileName":"Apidefinitions.java","lineNumber":6578},{"declaringClass":"org.eclipse.jdt.internal.junit4.runner.JUnit4TestReference","methodName":"run","fileName":"JUnit4TestReference.java","lineNumber":86},{"declaringClass":"org.eclipse.jdt.internal.junit.runner.TestExecution","methodName":"run","fileName":"TestExecution.java","lineNumber":38},{"declaringClass":"org.eclipse.jdt.internal.junit.runner.RemoteTestRunner","methodName":"runTests","fileName":"RemoteTestRunner.java","lineNumber":459},{"declaringClass":"org.eclipse.jdt.internal.junit.runner.RemoteTestRunner","methodName":"runTests","fileName":"RemoteTestRunner.java","lineNumber":675},{"declaringClass":"org.eclipse.jdt.internal.junit.runner.RemoteTestRunner","methodName":"run","fileName":"RemoteTestRunner.java","lineNumber":382},{"declaringClass":"org.eclipse.jdt.internal.junit.runner.RemoteTestRunner","methodName":"main","fileName":"RemoteTestRunner.java","lineNumber":192}]},"result":"ERROR"}]}]},{"number":19,"description":"[1] {report\u003dTC03, logindomain\u003d/MerchantApiWeb/authenticateUser, domainurl\u003d/MerchantApiWeb/rest/secure/user/message/readMessageDetails, status\u003derror, Message\u003dMessage id should be Integer, ErrorCode\u003dMPVE00033, userName\u003dTestAutomation22, password\u003dPassword@1, allianceCode\u003dEMS, AuthErrMessage\u003d, Authaccessdenied\u003d, AuthErrCause\u003d, currency\u003d, userType\u003d, pageNumber\u003d, accountStatus\u003d, profile\u003d, firstName\u003d, lastName\u003d, itrcount\u003d, validateuserName\u003d, pseudoUserName\u003d, merchId\u003d, messageId\u003dabcd, terminalBatchNumId\u003d, reasonForBlock\u003d, blockusername\u003d}","duration":2443,"startTime":1512029685200,"result":"SUCCESS","children":[{"number":20,"description":"Given load request for readMessageDetails \"/MerchantApiWeb/authenticateUser\" and \"/MerchantApiWeb/rest/secure/user/message/readMessageDetails\" and \"TC03\" and \"TestAutomation22\" and \"Password@1\" and \"EMS\"","duration":1227,"startTime":1512029685215,"result":"SUCCESS","children":[{"number":21,"description":"Loadgetrequestdata: https://uat1.merchantportal.firstdata.eu/MerchantApiWeb/authenticateUser","duration":0,"startTime":1512029685286,"result":"SUCCESS"},{"number":22,"description":"Postrequest authenticate user: https://uat1.merchantportal.firstdata.eu/MerchantApiWeb/authenticateUser, TestAutomation22, Password@1, EMS","duration":1091,"startTime":1512029685288,"result":"SUCCESS"},{"number":23,"description":"Loadgetrequestdata requestwithbody: https://uat1.merchantportal.firstdata.eu/MerchantApiWeb/rest/secure/user/message/readMessageDetails","duration":3,"startTime":1512029686409,"result":"SUCCESS"}]},{"number":24,"description":"When post request for readMessageDetails \"abcd\"","duration":926,"startTime":1512029686443,"result":"SUCCESS","children":[{"number":25,"description":"Postrequest read message details: https://uat1.merchantportal.firstdata.eu/MerchantApiWeb/rest/secure/user/message/readMessageDetails, abcd","duration":861,"startTime":1512029686458,"result":"SUCCESS"}]},{"number":26,"description":"Then verify readMessageDetails response status \"error\" and \"MPVE00033\" and \"Message id should be Integer\" and \"\" and \"\" and \"\"","duration":274,"startTime":1512029687369,"result":"SUCCESS","children":[{"number":27,"description":"Verify Response","duration":108,"startTime":1512029687382,"result":"SUCCESS"}]}]}],"userStory":{"id":"merchant-portal-application-api-validation","storyName":"Merchant Portal application API validation","path":"Testupdate.feature","type":"feature"},"featureTag":{"name":"Merchant Portal application API validation","type":"feature"},"title":"Verify the api retrieves the message details as per input for the logged in user","description":"","tags":[{"name":"readMessageDetails","type":"tag"}],"startTime":1512029673580,"duration":14063,"testFailureCause":{"errorType":"java.lang.NullPointerException","stackTrace":[{"declaringClass":"api.ValidateRequest","methodName":"verifyresponse","fileName":"ValidateRequest.java","lineNumber":317},{"declaringClass":"stepdefinitions.Apidefinitions","methodName":"verify_readMessageDetails_response_status","fileName":"Apidefinitions.java","lineNumber":6578},{"declaringClass":"org.eclipse.jdt.internal.junit4.runner.JUnit4TestReference","methodName":"run","fileName":"JUnit4TestReference.java","lineNumber":86},{"declaringClass":"org.eclipse.jdt.internal.junit.runner.TestExecution","methodName":"run","fileName":"TestExecution.java","lineNumber":38},{"declaringClass":"org.eclipse.jdt.internal.junit.runner.RemoteTestRunner","methodName":"runTests","fileName":"RemoteTestRunner.java","lineNumber":459},{"declaringClass":"org.eclipse.jdt.internal.junit.runner.RemoteTestRunner","methodName":"runTests","fileName":"RemoteTestRunner.java","lineNumber":675},{"declaringClass":"org.eclipse.jdt.internal.junit.runner.RemoteTestRunner","methodName":"run","fileName":"RemoteTestRunner.java","lineNumber":382},{"declaringClass":"org.eclipse.jdt.internal.junit.runner.RemoteTestRunner","methodName":"main","fileName":"RemoteTestRunner.java","lineNumber":192}]},"testFailureClassname":"java.lang.AssertionError","testFailureMessage":"null\r\nnull","dataTable":{"headers":["report","logindomain","domainurl","status","Message","ErrorCode","userName","password","allianceCode","AuthErrMessage","Authaccessdenied","AuthErrCause","currency","userType","pageNumber","accountStatus","profile","firstName","lastName","itrcount","validateuserName","pseudoUserName","merchId","messageId","terminalBatchNumId","reasonForBlock","blockusername"],"rows":[{"values":["TC01","/MerchantApiWeb/authenticateUser","/MerchantApiWeb/rest/secure/user/message/readMessageDetails","success","","","TestAutomation22","Password@1","EMS","","","","","","","","","","","","","","","1023462","","",""],"result":"SUCCESS"},{"values":["TC02","/MerchantApiWeb/authenticateUser","/MerchantApiWeb/rest/secure/user/message/readMessageDetails","error","Enter a valid msgID","MPBE00028","TestAutomation22","Password@1","EMS","","","","","","","","","","","","","","","123","","",""],"result":"ERROR"},{"values":["TC03","/MerchantApiWeb/authenticateUser","/MerchantApiWeb/rest/secure/user/message/readMessageDetails","error","Message id should be Integer","MPVE00033","TestAutomation22","Password@1","EMS","","","","","","","","","","","","","","","abcd","","",""],"result":"SUCCESS"}],"predefinedRows":true,"dataSetDescriptors":[{"startRow":0,"rowCount":0,"name":"","description":""}]},"manual":false,"testSource":"Cucumber","result":"FAILURE"}