{"name":"Verify the details of the Authorisation summary of impersonated user","testSteps":[{"number":1,"description":"[1] {report\u003dTC01, logindomain\u003d/MerchantApiWeb/authenticateUser, domainurl\u003d/MerchantApiWeb/rest/secure/impersonation/user/financialData/authorisation/getAuthorisationSummary, status\u003dsuccess, Message\u003d, ErrorCode\u003d, userName\u003dTestAutomation18, password\u003dPassword@1, allianceCode\u003dEMS, AuthErrMessage\u003d, Authaccessdenied\u003d, AuthErrCause\u003d, currency\u003dEUR, userType\u003d, pageNumber\u003d, accountStatus\u003d, profile\u003d, firstName\u003d, lastName\u003d, pseudoUserName\u003dTestAutomation22}","duration":5098,"startTime":1514870359951,"result":"SUCCESS","children":[{"number":2,"description":"Given load request for getAuthorisationSummaryImpersonation \"/MerchantApiWeb/authenticateUser\" and \"/MerchantApiWeb/rest/secure/impersonation/user/financialData/authorisation/getAuthorisationSummary\" and \"TC01\" and \"TestAutomation18\" and \"Password@1\" and \"EMS\"","duration":1305,"startTime":1514870359965,"result":"SUCCESS","children":[{"number":3,"description":"Loadgetrequestdata: https://uat1.merchantportal.firstdata.eu/MerchantApiWeb/authenticateUser","duration":1,"startTime":1514870360049,"result":"SUCCESS"},{"number":4,"description":"Postrequest authenticate user: https://uat1.merchantportal.firstdata.eu/MerchantApiWeb/authenticateUser, TestAutomation18, Password@1, EMS","duration":1184,"startTime":1514870360051,"result":"SUCCESS"},{"number":5,"description":"Loadgetrequestdata uniqueauthentication: https://uat1.merchantportal.firstdata.eu/MerchantApiWeb/rest/secure/impersonation/user/financialData/authorisation/getAuthorisationSummary","duration":0,"startTime":1514870361245,"result":"SUCCESS"}]},{"number":6,"description":"When post get request for getAuthorisationSummaryImpersonation \"EUR\" and \"TestAutomation22\"","duration":3672,"startTime":1514870361271,"result":"SUCCESS","children":[{"number":7,"description":"Post GET request get authorisation summary  impersonation: https://uat1.merchantportal.firstdata.eu/MerchantApiWeb/rest/secure/impersonation/user/financialData/authorisation/getAuthorisationSummary, EUR, TestAutomation22","duration":3611,"startTime":1514870361283,"result":"SUCCESS"}]},{"number":8,"description":"Then verify getAuthorisationSummaryImpersonation response status \"success\" and \"\" and \"\" and \"\" and \"\" and \"\"","duration":105,"startTime":1514870364944,"result":"SUCCESS","children":[{"number":9,"description":"Verify Response","duration":33,"startTime":1514870364957,"result":"SUCCESS"}]}]}],"userStory":{"id":"merchant-portal-application-api-validation","storyName":"Merchant Portal application API validation","path":"APIupdate.feature","type":"feature"},"featureTag":{"name":"Merchant Portal application API validation","type":"feature"},"title":"Verify the details of the Authorisation summary of impersonated user","description":"","tags":[{"name":"getAuthorisationSummaryImpersonation","type":"tag"}],"startTime":1514870359950,"duration":5099,"dataTable":{"headers":["report","logindomain","domainurl","status","Message","ErrorCode","userName","password","allianceCode","AuthErrMessage","Authaccessdenied","AuthErrCause","currency","userType","pageNumber","accountStatus","profile","firstName","lastName","pseudoUserName"],"rows":[{"values":["TC01","/MerchantApiWeb/authenticateUser","/MerchantApiWeb/rest/secure/impersonation/user/financialData/authorisation/getAuthorisationSummary","success","","","TestAutomation18","Password@1","EMS","","","","EUR","","","","","","","TestAutomation22"],"result":"SUCCESS"}],"predefinedRows":true,"dataSetDescriptors":[{"startRow":0,"rowCount":0,"name":"","description":""}]},"manual":false,"testSource":"Cucumber","result":"SUCCESS"}