{"name":"Verify the details of the Recurring Payment list","testSteps":[{"number":1,"description":"[1] {report\u003dTC01, logindomain\u003d/MerchantApiWeb/authenticateUser, domainurl\u003d/MerchantApiWeb/rest/secure/user/financialData/payment/recurringPaymentList, status\u003dsuccess, Message\u003d, ErrorCode\u003d, userName\u003dTestAutomationLBC1, password\u003dPassword@1, allianceCode\u003dLBC, AuthErrMessage\u003d, Authaccessdenied\u003d, AuthErrCause\u003d, currency\u003dEUR, userType\u003d, pageNumber\u003d, accountStatus\u003d, profile\u003d, firstName\u003d, lastName\u003d, fromDate\u003d2016-11-02, toDate\u003d2017-11-02}","duration":3697,"startTime":1514869980829,"result":"SUCCESS","children":[{"number":2,"description":"Given load request for getRecurringPaymentList \"/MerchantApiWeb/authenticateUser\" and \"/MerchantApiWeb/rest/secure/user/financialData/payment/recurringPaymentList\" and \"TC01\" and \"TestAutomationLBC1\" and \"Password@1\" and \"LBC\"","duration":1621,"startTime":1514869980863,"result":"SUCCESS","children":[{"number":3,"description":"Loadgetrequestdata: https://uat1.merchantportal.firstdata.eu/MerchantApiWeb/authenticateUser","duration":1,"startTime":1514869980964,"result":"SUCCESS"},{"number":4,"description":"Postrequest authenticate user: https://uat1.merchantportal.firstdata.eu/MerchantApiWeb/authenticateUser, TestAutomationLBC1, Password@1, LBC","duration":1490,"startTime":1514869980965,"result":"SUCCESS"},{"number":5,"description":"Loadgetrequestdata authenticated: https://uat1.merchantportal.firstdata.eu/MerchantApiWeb/rest/secure/user/financialData/payment/recurringPaymentList, ","duration":0,"startTime":1514869982464,"result":"SUCCESS"}]},{"number":6,"description":"When post get request for getRecurringPaymentList \"2016-11-02\" and \"2017-11-02\"","duration":1877,"startTime":1514869982484,"result":"SUCCESS","children":[{"number":7,"description":"Post GET request get recurring payment list: https://uat1.merchantportal.firstdata.eu/MerchantApiWeb/rest/secure/user/financialData/payment/recurringPaymentList, 2016-11-02, 2017-11-02","duration":1807,"startTime":1514869982500,"result":"SUCCESS"}]},{"number":8,"description":"Then verify getRecurringPaymentList response status \"success\" and \"\" and \"\" and \"\" and \"\" and \"\"","duration":162,"startTime":1514869984362,"result":"SUCCESS","children":[{"number":9,"description":"Verify Response","duration":45,"startTime":1514869984379,"result":"SUCCESS"}]}]},{"number":10,"description":"[1] {report\u003dTC02, logindomain\u003d/MerchantApiWeb/authenticateUser, domainurl\u003d/MerchantApiWeb/rest/secure/user/financialData/payment/recurringPaymentList, status\u003derror, Message\u003dInvalid Date format, ErrorCode\u003dMPVE00051, userName\u003dTestAutomationLBC1, password\u003dPassword@1, allianceCode\u003dLBC, AuthErrMessage\u003d, Authaccessdenied\u003d, AuthErrCause\u003d, currency\u003dEUR, userType\u003d, pageNumber\u003d, accountStatus\u003d, profile\u003d, firstName\u003d, lastName\u003d, fromDate\u003d201611-02, toDate\u003d2017-11-02}","duration":2693,"startTime":1514869988146,"result":"SUCCESS","children":[{"number":11,"description":"Given load request for getRecurringPaymentList \"/MerchantApiWeb/authenticateUser\" and \"/MerchantApiWeb/rest/secure/user/financialData/payment/recurringPaymentList\" and \"TC02\" and \"TestAutomationLBC1\" and \"Password@1\" and \"LBC\"","duration":1514,"startTime":1514869988174,"result":"SUCCESS","children":[{"number":12,"description":"Loadgetrequestdata: https://uat1.merchantportal.firstdata.eu/MerchantApiWeb/authenticateUser","duration":1,"startTime":1514869988276,"result":"SUCCESS"},{"number":13,"description":"Postrequest authenticate user: https://uat1.merchantportal.firstdata.eu/MerchantApiWeb/authenticateUser, TestAutomationLBC1, Password@1, LBC","duration":1374,"startTime":1514869988278,"result":"SUCCESS"},{"number":14,"description":"Loadgetrequestdata authenticated: https://uat1.merchantportal.firstdata.eu/MerchantApiWeb/rest/secure/user/financialData/payment/recurringPaymentList, ","duration":0,"startTime":1514869989663,"result":"SUCCESS"}]},{"number":15,"description":"When post get request for getRecurringPaymentList \"201611-02\" and \"2017-11-02\"","duration":935,"startTime":1514869989689,"result":"SUCCESS","children":[{"number":16,"description":"Post GET request get recurring payment list: https://uat1.merchantportal.firstdata.eu/MerchantApiWeb/rest/secure/user/financialData/payment/recurringPaymentList, 201611-02, 2017-11-02","duration":869,"startTime":1514869989704,"result":"SUCCESS"}]},{"number":17,"description":"Then verify getRecurringPaymentList response status \"error\" and \"MPVE00051\" and \"Invalid Date format\" and \"\" and \"\" and \"\"","duration":213,"startTime":1514869990625,"result":"SUCCESS","children":[{"number":18,"description":"Verify Response","duration":59,"startTime":1514869990642,"result":"SUCCESS"}]}]},{"number":19,"description":"[1] {report\u003dTC03, logindomain\u003d/MerchantApiWeb/authenticateUser, domainurl\u003d/MerchantApiWeb/rest/secure/user/financialData/payment/recurringPaymentList, status\u003derror, Message\u003dInvalid Date format, ErrorCode\u003dMPVE00051, userName\u003dTestAutomationLBC1, password\u003dPassword@1, allianceCode\u003dLBC, AuthErrMessage\u003d, Authaccessdenied\u003d, AuthErrCause\u003d, currency\u003dEUR, userType\u003d, pageNumber\u003d, accountStatus\u003d, profile\u003d, firstName\u003d, lastName\u003d, fromDate\u003d2016-11-02, toDate\u003d201711-02}","duration":2964,"startTime":1514869994401,"result":"SUCCESS","children":[{"number":20,"description":"Given load request for getRecurringPaymentList \"/MerchantApiWeb/authenticateUser\" and \"/MerchantApiWeb/rest/secure/user/financialData/payment/recurringPaymentList\" and \"TC03\" and \"TestAutomationLBC1\" and \"Password@1\" and \"LBC\"","duration":1633,"startTime":1514869994418,"result":"SUCCESS","children":[{"number":21,"description":"Loadgetrequestdata: https://uat1.merchantportal.firstdata.eu/MerchantApiWeb/authenticateUser","duration":1,"startTime":1514869994495,"result":"SUCCESS"},{"number":22,"description":"Postrequest authenticate user: https://uat1.merchantportal.firstdata.eu/MerchantApiWeb/authenticateUser, TestAutomationLBC1, Password@1, LBC","duration":1454,"startTime":1514869994497,"result":"SUCCESS"},{"number":23,"description":"Loadgetrequestdata authenticated: https://uat1.merchantportal.firstdata.eu/MerchantApiWeb/rest/secure/user/financialData/payment/recurringPaymentList, ","duration":1,"startTime":1514869995982,"result":"SUCCESS"}]},{"number":24,"description":"When post get request for getRecurringPaymentList \"2016-11-02\" and \"201711-02\"","duration":1037,"startTime":1514869996052,"result":"SUCCESS","children":[{"number":25,"description":"Post GET request get recurring payment list: https://uat1.merchantportal.firstdata.eu/MerchantApiWeb/rest/secure/user/financialData/payment/recurringPaymentList, 2016-11-02, 201711-02","duration":935,"startTime":1514869996075,"result":"SUCCESS"}]},{"number":26,"description":"Then verify getRecurringPaymentList response status \"error\" and \"MPVE00051\" and \"Invalid Date format\" and \"\" and \"\" and \"\"","duration":274,"startTime":1514869997090,"result":"SUCCESS","children":[{"number":27,"description":"Verify Response","duration":110,"startTime":1514869997105,"result":"SUCCESS"}]}]}],"userStory":{"id":"merchant-portal-application-api-validation","storyName":"Merchant Portal application API validation","path":"APIupdate.feature","type":"feature"},"featureTag":{"name":"Merchant Portal application API validation","type":"feature"},"title":"Verify the details of the Recurring Payment list","description":"","tags":[{"name":"getRecurringPaymentList","type":"tag"}],"startTime":1514869980828,"duration":16537,"dataTable":{"headers":["report","logindomain","domainurl","status","Message","ErrorCode","userName","password","allianceCode","AuthErrMessage","Authaccessdenied","AuthErrCause","currency","userType","pageNumber","accountStatus","profile","firstName","lastName","fromDate","toDate"],"rows":[{"values":["TC01","/MerchantApiWeb/authenticateUser","/MerchantApiWeb/rest/secure/user/financialData/payment/recurringPaymentList","success","","","TestAutomationLBC1","Password@1","LBC","","","","EUR","","","","","","","2016-11-02","2017-11-02"],"result":"SUCCESS"},{"values":["TC02","/MerchantApiWeb/authenticateUser","/MerchantApiWeb/rest/secure/user/financialData/payment/recurringPaymentList","error","Invalid Date format","MPVE00051","TestAutomationLBC1","Password@1","LBC","","","","EUR","","","","","","","201611-02","2017-11-02"],"result":"SUCCESS"},{"values":["TC03","/MerchantApiWeb/authenticateUser","/MerchantApiWeb/rest/secure/user/financialData/payment/recurringPaymentList","error","Invalid Date format","MPVE00051","TestAutomationLBC1","Password@1","LBC","","","","EUR","","","","","","","2016-11-02","201711-02"],"result":"SUCCESS"}],"predefinedRows":true,"dataSetDescriptors":[{"startRow":0,"rowCount":0,"name":"","description":""}]},"manual":false,"testSource":"Cucumber","result":"SUCCESS"}