{"name":"Verify the api retrieves the history of the logistics","testSteps":[{"number":1,"description":"[1] {report\u003dTC01, logindomain\u003d/MerchantApiWeb/V3/authenticateUser, domainurl\u003d/MerchantApiWeb/V3/rest/secure/user/logistics/history, status\u003dsuccess, Message\u003d, ErrorCode\u003d, userName\u003dMoumitaSPUser123, password\u003dPassword@1, allianceCode\u003dEMS, AuthErrMessage\u003d, Authaccessdenied\u003d, AuthErrCause\u003d, currency\u003dEUR, userType\u003d, pageNumber\u003d1, accountStatus\u003d, profile\u003d, firstName\u003d, lastName\u003d, period\u003d, fromDate\u003d2016-11-02, toDate\u003d2017-11-02, shippingRequestId\u003d5101115}","duration":3054,"startTime":1514871653698,"result":"SUCCESS","children":[{"number":2,"description":"Given load request for logisticshistory \"/MerchantApiWeb/V3/authenticateUser\" and \"/MerchantApiWeb/V3/rest/secure/user/logistics/history\" and \"TC01\" and \"MoumitaSPUser123\" and \"Password@1\" and \"EMS\"","duration":1363,"startTime":1514871653735,"result":"SUCCESS","children":[{"number":3,"description":"Loadgetrequestdata: https://uat1.merchantportal.firstdata.eu/MerchantApiWeb/V3/authenticateUser","duration":4,"startTime":1514871653956,"result":"SUCCESS"},{"number":4,"description":"Postrequest authenticate user: https://uat1.merchantportal.firstdata.eu/MerchantApiWeb/V3/authenticateUser, MoumitaSPUser123, Password@1, EMS","duration":1096,"startTime":1514871653961,"result":"SUCCESS"},{"number":5,"description":"Loadgetrequestdata uniqueauthentication: https://uat1.merchantportal.firstdata.eu/MerchantApiWeb/V3/rest/secure/user/logistics/history","duration":0,"startTime":1514871655073,"result":"SUCCESS"}]},{"number":6,"description":"When post get request for logisticshistory \"1\" and \"5101115\"","duration":1527,"startTime":1514871655098,"result":"SUCCESS","children":[{"number":7,"description":"Post GET request logisticshistory: https://uat1.merchantportal.firstdata.eu/MerchantApiWeb/V3/rest/secure/user/logistics/history, 1, 5101115","duration":1443,"startTime":1514871655111,"result":"SUCCESS"}]},{"number":8,"description":"Then verify logisticshistory response status \"success\" and \"\" and \"\" and \"\" and \"\" and \"\"","duration":126,"startTime":1514871656626,"result":"SUCCESS","children":[{"number":9,"description":"Verify Response","duration":52,"startTime":1514871656643,"result":"SUCCESS"}]}]},{"number":10,"description":"[1] {report\u003dTC02, logindomain\u003d/MerchantApiWeb/V3/authenticateUser, domainurl\u003d/MerchantApiWeb/V3/rest/secure/user/logistics/history, status\u003derror, Message\u003dShipping Request id is required, ErrorCode\u003dMPVE00122, userName\u003dMoumitaSPUser123, password\u003dPassword@1, allianceCode\u003dEMS, AuthErrMessage\u003d, Authaccessdenied\u003d, AuthErrCause\u003d, currency\u003dEUR, userType\u003d, pageNumber\u003d1, accountStatus\u003d, profile\u003d, firstName\u003d, lastName\u003d, period\u003d, fromDate\u003d20161102, toDate\u003d2017-11-02, shippingRequestId\u003d}","duration":3223,"startTime":1514871663227,"result":"SUCCESS","children":[{"number":11,"description":"Given load request for logisticshistory \"/MerchantApiWeb/V3/authenticateUser\" and \"/MerchantApiWeb/V3/rest/secure/user/logistics/history\" and \"TC02\" and \"MoumitaSPUser123\" and \"Password@1\" and \"EMS\"","duration":1773,"startTime":1514871663243,"result":"SUCCESS","children":[{"number":12,"description":"Loadgetrequestdata: https://uat1.merchantportal.firstdata.eu/MerchantApiWeb/V3/authenticateUser","duration":0,"startTime":1514871663320,"result":"SUCCESS"},{"number":13,"description":"Postrequest authenticate user: https://uat1.merchantportal.firstdata.eu/MerchantApiWeb/V3/authenticateUser, MoumitaSPUser123, Password@1, EMS","duration":1663,"startTime":1514871663322,"result":"SUCCESS"},{"number":14,"description":"Loadgetrequestdata uniqueauthentication: https://uat1.merchantportal.firstdata.eu/MerchantApiWeb/V3/rest/secure/user/logistics/history","duration":1,"startTime":1514871664994,"result":"SUCCESS"}]},{"number":15,"description":"When post get request for logisticshistory \"1\" and \"\"","duration":1215,"startTime":1514871665017,"result":"SUCCESS","children":[{"number":16,"description":"Post GET request logisticshistory: https://uat1.merchantportal.firstdata.eu/MerchantApiWeb/V3/rest/secure/user/logistics/history, 1, ","duration":1128,"startTime":1514871665030,"result":"SUCCESS"}]},{"number":17,"description":"Then verify logisticshistory response status \"error\" and \"MPVE00122\" and \"Shipping Request id is required\" and \"\" and \"\" and \"\"","duration":217,"startTime":1514871666233,"result":"SUCCESS","children":[{"number":18,"description":"Verify Response","duration":58,"startTime":1514871666246,"result":"SUCCESS"}]}]},{"number":19,"description":"[1] {report\u003dTC03, logindomain\u003d/MerchantApiWeb/V3/authenticateUser, domainurl\u003d/MerchantApiWeb/V3/rest/secure/user/logistics/history, status\u003derror, Message\u003dPage no should be numeric, ErrorCode\u003dMPVE00032, userName\u003dMoumitaSPUser123, password\u003dPassword@1, allianceCode\u003dEMS, AuthErrMessage\u003d, Authaccessdenied\u003d, AuthErrCause\u003d, currency\u003dEUR, userType\u003d, pageNumber\u003dab, accountStatus\u003d, profile\u003d, firstName\u003d, lastName\u003d, period\u003d, fromDate\u003d2016-11-02, toDate\u003d20171102, shippingRequestId\u003d5101115}","duration":2580,"startTime":1514871671270,"result":"SUCCESS","children":[{"number":20,"description":"Given load request for logisticshistory \"/MerchantApiWeb/V3/authenticateUser\" and \"/MerchantApiWeb/V3/rest/secure/user/logistics/history\" and \"TC03\" and \"MoumitaSPUser123\" and \"Password@1\" and \"EMS\"","duration":1229,"startTime":1514871671353,"result":"SUCCESS","children":[{"number":21,"description":"Loadgetrequestdata: https://uat1.merchantportal.firstdata.eu/MerchantApiWeb/V3/authenticateUser","duration":0,"startTime":1514871671468,"result":"SUCCESS"},{"number":22,"description":"Postrequest authenticate user: https://uat1.merchantportal.firstdata.eu/MerchantApiWeb/V3/authenticateUser, MoumitaSPUser123, Password@1, EMS","duration":1071,"startTime":1514871671469,"result":"SUCCESS"},{"number":23,"description":"Loadgetrequestdata uniqueauthentication: https://uat1.merchantportal.firstdata.eu/MerchantApiWeb/V3/rest/secure/user/logistics/history","duration":1,"startTime":1514871672552,"result":"SUCCESS"}]},{"number":24,"description":"When post get request for logisticshistory \"ab\" and \"5101115\"","duration":1057,"startTime":1514871672583,"result":"SUCCESS","children":[{"number":25,"description":"Post GET request logisticshistory: https://uat1.merchantportal.firstdata.eu/MerchantApiWeb/V3/rest/secure/user/logistics/history, ab, 5101115","duration":988,"startTime":1514871672596,"result":"SUCCESS"}]},{"number":26,"description":"Then verify logisticshistory response status \"error\" and \"MPVE00032\" and \"Page no should be numeric\" and \"\" and \"\" and \"\"","duration":209,"startTime":1514871673640,"result":"SUCCESS","children":[{"number":27,"description":"Verify Response","duration":63,"startTime":1514871673653,"result":"SUCCESS"}]}]}],"userStory":{"id":"merchant-portal-application-api-validation","storyName":"Merchant Portal application API validation","path":"APIupdate.feature","type":"feature"},"featureTag":{"name":"Merchant Portal application API validation","type":"feature"},"title":"Verify the api retrieves the history of the logistics","description":"","tags":[{"name":"logisticshistory","type":"tag"}],"startTime":1514871653697,"duration":20153,"dataTable":{"headers":["report","logindomain","domainurl","status","Message","ErrorCode","userName","password","allianceCode","AuthErrMessage","Authaccessdenied","AuthErrCause","currency","userType","pageNumber","accountStatus","profile","firstName","lastName","period","fromDate","toDate","shippingRequestId"],"rows":[{"values":["TC01","/MerchantApiWeb/V3/authenticateUser","/MerchantApiWeb/V3/rest/secure/user/logistics/history","success","","","MoumitaSPUser123","Password@1","EMS","","","","EUR","","1","","","","","","2016-11-02","2017-11-02","5101115"],"result":"SUCCESS"},{"values":["TC02","/MerchantApiWeb/V3/authenticateUser","/MerchantApiWeb/V3/rest/secure/user/logistics/history","error","Shipping Request id is required","MPVE00122","MoumitaSPUser123","Password@1","EMS","","","","EUR","","1","","","","","","20161102","2017-11-02",""],"result":"SUCCESS"},{"values":["TC03","/MerchantApiWeb/V3/authenticateUser","/MerchantApiWeb/V3/rest/secure/user/logistics/history","error","Page no should be numeric","MPVE00032","MoumitaSPUser123","Password@1","EMS","","","","EUR","","ab","","","","","","2016-11-02","20171102","5101115"],"result":"SUCCESS"}],"predefinedRows":true,"dataSetDescriptors":[{"startRow":0,"rowCount":0,"name":"","description":""}]},"manual":false,"testSource":"Cucumber","result":"SUCCESS"}