{"name":"Verify the api retrieves the dictionary of logistics","testSteps":[{"number":1,"description":"[1] {report\u003dTC01, logindomain\u003d/MerchantApiWeb/V3/authenticateUser, domainurl\u003d/MerchantApiWeb/V3/rest/secure/user/logistics/dictionary, status\u003dsuccess, Message\u003d, ErrorCode\u003d, userName\u003dMoumitaSPUser123, password\u003dPassword@1, allianceCode\u003dEMS, AuthErrMessage\u003d, Authaccessdenied\u003d, AuthErrCause\u003d, currency\u003dEUR, userType\u003d, pageNumber\u003d1, accountStatus\u003d, profile\u003d, firstName\u003d, lastName\u003d, period\u003d, fromDate\u003d, toDate\u003d, fileType\u003d, delimiter\u003d}","duration":2351,"startTime":1514871737324,"result":"SUCCESS","children":[{"number":2,"description":"Given load request for logisticsdictionary \"/MerchantApiWeb/V3/authenticateUser\" and \"/MerchantApiWeb/V3/rest/secure/user/logistics/dictionary\" and \"TC01\" and \"MoumitaSPUser123\" and \"Password@1\" and \"EMS\"","duration":1313,"startTime":1514871737367,"result":"SUCCESS","children":[{"number":3,"description":"Loadgetrequestdata: https://uat1.merchantportal.firstdata.eu/MerchantApiWeb/V3/authenticateUser","duration":1,"startTime":1514871737496,"result":"SUCCESS"},{"number":4,"description":"Postrequest authenticate user: https://uat1.merchantportal.firstdata.eu/MerchantApiWeb/V3/authenticateUser, MoumitaSPUser123, Password@1, EMS","duration":1151,"startTime":1514871737498,"result":"SUCCESS"},{"number":5,"description":"Loadgetrequestdata uniqueauthentication: https://uat1.merchantportal.firstdata.eu/MerchantApiWeb/V3/rest/secure/user/logistics/dictionary","duration":1,"startTime":1514871738657,"result":"SUCCESS"}]},{"number":6,"description":"When post get request for logisticsdictionary","duration":911,"startTime":1514871738680,"result":"SUCCESS","children":[{"number":7,"description":"Post GET request logisticsdictionary: https://uat1.merchantportal.firstdata.eu/MerchantApiWeb/V3/rest/secure/user/logistics/dictionary","duration":852,"startTime":1514871738693,"result":"SUCCESS"}]},{"number":8,"description":"Then verify logisticsdictionary response status \"success\" and \"\" and \"\" and \"\" and \"\" and \"\"","duration":83,"startTime":1514871739591,"result":"SUCCESS","children":[{"number":9,"description":"Verify Response","duration":25,"startTime":1514871739607,"result":"SUCCESS"}]}]}],"userStory":{"id":"merchant-portal-application-api-validation","storyName":"Merchant Portal application API validation","path":"APIupdate.feature","type":"feature"},"featureTag":{"name":"Merchant Portal application API validation","type":"feature"},"title":"Verify the api retrieves the dictionary of logistics","description":"","tags":[{"name":"logisticsdictionary","type":"tag"}],"startTime":1514871737324,"duration":2351,"dataTable":{"headers":["report","logindomain","domainurl","status","Message","ErrorCode","userName","password","allianceCode","AuthErrMessage","Authaccessdenied","AuthErrCause","currency","userType","pageNumber","accountStatus","profile","firstName","lastName","period","fromDate","toDate","fileType","delimiter"],"rows":[{"values":["TC01","/MerchantApiWeb/V3/authenticateUser","/MerchantApiWeb/V3/rest/secure/user/logistics/dictionary","success","","","MoumitaSPUser123","Password@1","EMS","","","","EUR","","1","","","","","","","","",""],"result":"SUCCESS"}],"predefinedRows":true,"dataSetDescriptors":[{"startRow":0,"rowCount":0,"name":"","description":""}]},"manual":false,"testSource":"Cucumber","result":"SUCCESS"}