{"name":"Verify the api exports the InvoiceReadReport","testSteps":[{"number":1,"description":"[1] {report\u003dTC01, logindomain\u003d/MerchantApiWeb/authenticateUser, domainurl\u003d/MerchantApiWeb/rest/secure/user/financialData/internalReport/exportInvoiceReadReport, status\u003dsuccess, Message\u003d, ErrorCode\u003d, userName\u003dAllianceFDP, password\u003dPassword@1, allianceCode\u003dFDP, AuthErrMessage\u003d, Authaccessdenied\u003d, AuthErrCause\u003d, currency\u003dPLN, userType\u003d, pageNumber\u003d, accountStatus\u003d, profile\u003d, firstName\u003d, lastName\u003d, period\u003d, fromDate\u003d2017-01-01, toDate\u003d2017-11-22, fileType\u003dCSV, delimiter\u003d,, timeZone\u003d}","duration":8543,"startTime":1514871611752,"result":"SUCCESS","children":[{"number":2,"description":"Given load request for exportInvoiceReadReport \"/MerchantApiWeb/authenticateUser\" and \"/MerchantApiWeb/rest/secure/user/financialData/internalReport/exportInvoiceReadReport\" and \"TC01\" and \"AllianceFDP\" and \"Password@1\" and \"FDP\"","duration":3996,"startTime":1514871611766,"result":"SUCCESS","children":[{"number":3,"description":"Loadgetrequestdata: https://uat1.merchantportal.firstdata.eu/MerchantApiWeb/authenticateUser","duration":1,"startTime":1514871611853,"result":"SUCCESS"},{"number":4,"description":"Postrequest authenticate user: https://uat1.merchantportal.firstdata.eu/MerchantApiWeb/authenticateUser, AllianceFDP, Password@1, FDP","duration":3871,"startTime":1514871611855,"result":"SUCCESS"},{"number":5,"description":"Loadgetrequestdata export download: https://uat1.merchantportal.firstdata.eu/MerchantApiWeb/rest/secure/user/financialData/internalReport/exportInvoiceReadReport","duration":1,"startTime":1514871615732,"result":"SUCCESS"}]},{"number":6,"description":"When post get request for exportInvoiceReadReport \"2017-01-01\" and \"2017-11-22\" and \"CSV\" and \",\" and \"\"","duration":4299,"startTime":1514871615763,"result":"SUCCESS","children":[{"number":7,"description":"Post GET request export invoice read report: https://uat1.merchantportal.firstdata.eu/MerchantApiWeb/rest/secure/user/financialData/internalReport/exportInvoiceReadReport, 2017-01-01, 2017-11-22, CSV, ,, ","duration":4233,"startTime":1514871615774,"result":"SUCCESS"}]},{"number":8,"description":"Then verify exportInvoiceReadReport response status \"success\" and \"\" and \"\" and \"\" and \"\" and \"\"","duration":231,"startTime":1514871620063,"result":"SUCCESS","children":[{"number":9,"description":"Verify Download file Response","duration":181,"startTime":1514871620073,"result":"SUCCESS"}]}]},{"number":10,"description":"[1] {report\u003dTC02, logindomain\u003d/MerchantApiWeb/authenticateUser, domainurl\u003d/MerchantApiWeb/rest/secure/user/financialData/internalReport/exportInvoiceReadReport, status\u003derror, Message\u003dInvalid Date format, ErrorCode\u003dMPVE00051, userName\u003dAllianceFDP, password\u003dPassword@1, allianceCode\u003dFDP, AuthErrMessage\u003d, Authaccessdenied\u003d, AuthErrCause\u003d, currency\u003dPLN, userType\u003d, pageNumber\u003d, accountStatus\u003d, profile\u003d, firstName\u003d, lastName\u003d, period\u003d, fromDate\u003d201701-01, toDate\u003d2017-11-22, fileType\u003dCSV, delimiter\u003d,, timeZone\u003d}","duration":3188,"startTime":1514871624427,"result":"SUCCESS","children":[{"number":11,"description":"Given load request for exportInvoiceReadReport \"/MerchantApiWeb/authenticateUser\" and \"/MerchantApiWeb/rest/secure/user/financialData/internalReport/exportInvoiceReadReport\" and \"TC02\" and \"AllianceFDP\" and \"Password@1\" and \"FDP\"","duration":1614,"startTime":1514871624440,"result":"SUCCESS","children":[{"number":12,"description":"Loadgetrequestdata: https://uat1.merchantportal.firstdata.eu/MerchantApiWeb/authenticateUser","duration":1,"startTime":1514871624589,"result":"SUCCESS"},{"number":13,"description":"Postrequest authenticate user: https://uat1.merchantportal.firstdata.eu/MerchantApiWeb/authenticateUser, AllianceFDP, Password@1, FDP","duration":1430,"startTime":1514871624591,"result":"SUCCESS"},{"number":14,"description":"Loadgetrequestdata export download: https://uat1.merchantportal.firstdata.eu/MerchantApiWeb/rest/secure/user/financialData/internalReport/exportInvoiceReadReport","duration":1,"startTime":1514871626029,"result":"SUCCESS"}]},{"number":15,"description":"When post get request for exportInvoiceReadReport \"201701-01\" and \"2017-11-22\" and \"CSV\" and \",\" and \"\"","duration":1321,"startTime":1514871626054,"result":"SUCCESS","children":[{"number":16,"description":"Post GET request export invoice read report: https://uat1.merchantportal.firstdata.eu/MerchantApiWeb/rest/secure/user/financialData/internalReport/exportInvoiceReadReport, 201701-01, 2017-11-22, CSV, ,, ","duration":1249,"startTime":1514871626066,"result":"SUCCESS"}]},{"number":17,"description":"Then verify exportInvoiceReadReport response status \"error\" and \"MPVE00051\" and \"Invalid Date format\" and \"\" and \"\" and \"\"","duration":239,"startTime":1514871627376,"result":"SUCCESS","children":[{"number":18,"description":"Verify Download file Response","duration":53,"startTime":1514871627390,"result":"SUCCESS"}]}]},{"number":19,"description":"[1] {report\u003dTC03, logindomain\u003d/MerchantApiWeb/authenticateUser, domainurl\u003d/MerchantApiWeb/rest/secure/user/financialData/internalReport/exportInvoiceReadReport, status\u003derror, Message\u003dInvalid Date format, ErrorCode\u003dMPVE00051, userName\u003dAllianceFDP, password\u003dPassword@1, allianceCode\u003dFDP, AuthErrMessage\u003d, Authaccessdenied\u003d, AuthErrCause\u003d, currency\u003dPLN, userType\u003d, pageNumber\u003d, accountStatus\u003d, profile\u003d, firstName\u003d, lastName\u003d, period\u003d, fromDate\u003d2017-01-01, toDate\u003d201711-22, fileType\u003dCSV, delimiter\u003d,, timeZone\u003d}","duration":2730,"startTime":1514871632284,"result":"SUCCESS","children":[{"number":20,"description":"Given load request for exportInvoiceReadReport \"/MerchantApiWeb/authenticateUser\" and \"/MerchantApiWeb/rest/secure/user/financialData/internalReport/exportInvoiceReadReport\" and \"TC03\" and \"AllianceFDP\" and \"Password@1\" and \"FDP\"","duration":1484,"startTime":1514871632297,"result":"SUCCESS","children":[{"number":21,"description":"Loadgetrequestdata: https://uat1.merchantportal.firstdata.eu/MerchantApiWeb/authenticateUser","duration":1,"startTime":1514871632395,"result":"SUCCESS"},{"number":22,"description":"Postrequest authenticate user: https://uat1.merchantportal.firstdata.eu/MerchantApiWeb/authenticateUser, AllianceFDP, Password@1, FDP","duration":1342,"startTime":1514871632397,"result":"SUCCESS"},{"number":23,"description":"Loadgetrequestdata export download: https://uat1.merchantportal.firstdata.eu/MerchantApiWeb/rest/secure/user/financialData/internalReport/exportInvoiceReadReport","duration":0,"startTime":1514871633749,"result":"SUCCESS"}]},{"number":24,"description":"When post get request for exportInvoiceReadReport \"2017-01-01\" and \"201711-22\" and \"CSV\" and \",\" and \"\"","duration":979,"startTime":1514871633782,"result":"SUCCESS","children":[{"number":25,"description":"Post GET request export invoice read report: https://uat1.merchantportal.firstdata.eu/MerchantApiWeb/rest/secure/user/financialData/internalReport/exportInvoiceReadReport, 2017-01-01, 201711-22, CSV, ,, ","duration":873,"startTime":1514871633819,"result":"SUCCESS"}]},{"number":26,"description":"Then verify exportInvoiceReadReport response status \"error\" and \"MPVE00051\" and \"Invalid Date format\" and \"\" and \"\" and \"\"","duration":253,"startTime":1514871634761,"result":"SUCCESS","children":[{"number":27,"description":"Verify Download file Response","duration":69,"startTime":1514871634772,"result":"SUCCESS"}]}]}],"userStory":{"id":"merchant-portal-application-api-validation","storyName":"Merchant Portal application API validation","path":"APIupdate.feature","type":"feature"},"featureTag":{"name":"Merchant Portal application API validation","type":"feature"},"title":"Verify the api exports the InvoiceReadReport","description":"","tags":[{"name":"exportInvoiceReadReport","type":"tag"}],"startTime":1514871611751,"duration":23263,"dataTable":{"headers":["report","logindomain","domainurl","status","Message","ErrorCode","userName","password","allianceCode","AuthErrMessage","Authaccessdenied","AuthErrCause","currency","userType","pageNumber","accountStatus","profile","firstName","lastName","period","fromDate","toDate","fileType","delimiter","timeZone"],"rows":[{"values":["TC01","/MerchantApiWeb/authenticateUser","/MerchantApiWeb/rest/secure/user/financialData/internalReport/exportInvoiceReadReport","success","","","AllianceFDP","Password@1","FDP","","","","PLN","","","","","","","","2017-01-01","2017-11-22","CSV",",",""],"result":"SUCCESS"},{"values":["TC02","/MerchantApiWeb/authenticateUser","/MerchantApiWeb/rest/secure/user/financialData/internalReport/exportInvoiceReadReport","error","Invalid Date format","MPVE00051","AllianceFDP","Password@1","FDP","","","","PLN","","","","","","","","201701-01","2017-11-22","CSV",",",""],"result":"SUCCESS"},{"values":["TC03","/MerchantApiWeb/authenticateUser","/MerchantApiWeb/rest/secure/user/financialData/internalReport/exportInvoiceReadReport","error","Invalid Date format","MPVE00051","AllianceFDP","Password@1","FDP","","","","PLN","","","","","","","","2017-01-01","201711-22","CSV",",",""],"result":"SUCCESS"}],"predefinedRows":true,"dataSetDescriptors":[{"startRow":0,"rowCount":0,"name":"","description":""}]},"manual":false,"testSource":"Cucumber","result":"SUCCESS"}