{"name":"Verify the api retrieves the document list by folder for the current logged in user","testSteps":[{"number":1,"description":"[1] {report\u003dTC01, logindomain\u003d/MerchantApiWeb/authenticateUser, domainurl\u003d/MerchantApiWeb/rest/secure/user/documents/getDocumentListByFolder, status\u003dsuccess, Message\u003d, ErrorCode\u003d, userName\u003dTestAutomation22, password\u003dPassword@1, allianceCode\u003dEMS, AuthErrMessage\u003d, Authaccessdenied\u003d, AuthErrCause\u003d, currency\u003d, userType\u003d, pageNumber\u003d, accountStatus\u003d, profile\u003d, firstName\u003d, lastName\u003d, profiles_Accessdata\u003d, Dictionary_category\u003d, Dictionary_code\u003d, Dictionary_languagecode\u003d, documentfolder\u003dEN Marketing Information}","duration":2704,"startTime":1514870669310,"result":"SUCCESS","children":[{"number":2,"description":"Given load request for getDocumentListByFolder \"/MerchantApiWeb/authenticateUser\" and \"/MerchantApiWeb/rest/secure/user/documents/getDocumentListByFolder\" and \"TC01\" and \"TestAutomation22\" and \"Password@1\" and \"EMS\"","duration":1360,"startTime":1514870669322,"result":"SUCCESS","children":[{"number":3,"description":"Loadgetrequestdata: https://uat1.merchantportal.firstdata.eu/MerchantApiWeb/authenticateUser","duration":1,"startTime":1514870669508,"result":"SUCCESS"},{"number":4,"description":"Postrequest authenticate user: https://uat1.merchantportal.firstdata.eu/MerchantApiWeb/authenticateUser, TestAutomation22, Password@1, EMS","duration":1112,"startTime":1514870669511,"result":"SUCCESS"},{"number":5,"description":"Loadgetrequestdata authenticated: https://uat1.merchantportal.firstdata.eu/MerchantApiWeb/rest/secure/user/documents/getDocumentListByFolder, 33bbe85a-5e10-430b-b9e7-7a2a74cf5595","duration":0,"startTime":1514870670639,"result":"SUCCESS"}]},{"number":6,"description":"When post get request for getDocumentListByFolder \"\" and \"EN Marketing Information\"","duration":1168,"startTime":1514870670683,"result":"SUCCESS","children":[{"number":7,"description":"Post GET request get document list by folder: https://uat1.merchantportal.firstdata.eu/MerchantApiWeb/rest/secure/user/documents/getDocumentListByFolder, EN Marketing Information, ","duration":1036,"startTime":1514870670696,"result":"SUCCESS"}]},{"number":8,"description":"Then verify getDocumentListByFolder response status \"success\" and \"\" and \"\" and \"\" and \"\" and \"\"","duration":162,"startTime":1514870671852,"result":"SUCCESS","children":[{"number":9,"description":"Verify Response","duration":105,"startTime":1514870671866,"result":"SUCCESS"}]}]},{"number":10,"description":"[1] {report\u003dTC01, logindomain\u003d/MerchantApiWeb/authenticateUser, domainurl\u003d/MerchantApiWeb/rest/secure/user/documents/getDocumentListByFolder, status\u003derror, Message\u003dPage no should be numeric, ErrorCode\u003dMPVE00032, userName\u003dTestAutomation22, password\u003dPassword@1, allianceCode\u003dEMS, AuthErrMessage\u003d, Authaccessdenied\u003d, AuthErrCause\u003d, currency\u003d, userType\u003d, pageNumber\u003daab, accountStatus\u003d, profile\u003d, firstName\u003d, lastName\u003d, profiles_Accessdata\u003d, Dictionary_category\u003d, Dictionary_code\u003d, Dictionary_languagecode\u003d, documentfolder\u003dEN Marketing Information}","duration":2816,"startTime":1514870676879,"result":"SUCCESS","children":[{"number":11,"description":"Given load request for getDocumentListByFolder \"/MerchantApiWeb/authenticateUser\" and \"/MerchantApiWeb/rest/secure/user/documents/getDocumentListByFolder\" and \"TC01\" and \"TestAutomation22\" and \"Password@1\" and \"EMS\"","duration":1461,"startTime":1514870676921,"result":"SUCCESS","children":[{"number":12,"description":"Loadgetrequestdata: https://uat1.merchantportal.firstdata.eu/MerchantApiWeb/authenticateUser","duration":1,"startTime":1514870677005,"result":"SUCCESS"},{"number":13,"description":"Postrequest authenticate user: https://uat1.merchantportal.firstdata.eu/MerchantApiWeb/authenticateUser, TestAutomation22, Password@1, EMS","duration":1346,"startTime":1514870677007,"result":"SUCCESS"},{"number":14,"description":"Loadgetrequestdata authenticated: https://uat1.merchantportal.firstdata.eu/MerchantApiWeb/rest/secure/user/documents/getDocumentListByFolder, 33bbe85a-5e10-430b-b9e7-7a2a74cf5595","duration":0,"startTime":1514870678360,"result":"SUCCESS"}]},{"number":15,"description":"When post get request for getDocumentListByFolder \"aab\" and \"EN Marketing Information\"","duration":1053,"startTime":1514870678383,"result":"SUCCESS","children":[{"number":16,"description":"Post GET request get document list by folder: https://uat1.merchantportal.firstdata.eu/MerchantApiWeb/rest/secure/user/documents/getDocumentListByFolder, EN Marketing Information, aab","duration":941,"startTime":1514870678398,"result":"SUCCESS"}]},{"number":17,"description":"Then verify getDocumentListByFolder response status \"error\" and \"MPVE00032\" and \"Page no should be numeric\" and \"\" and \"\" and \"\"","duration":258,"startTime":1514870679436,"result":"SUCCESS","children":[{"number":18,"description":"Verify Response","duration":80,"startTime":1514870679447,"result":"SUCCESS"}]}]}],"userStory":{"id":"merchant-portal-application-api-validation","storyName":"Merchant Portal application API validation","path":"APIupdate.feature","type":"feature"},"featureTag":{"name":"Merchant Portal application API validation","type":"feature"},"title":"Verify the api retrieves the document list by folder for the current logged in user","description":"","tags":[{"name":"getDocumentListByFolder","type":"tag"}],"startTime":1514870669309,"duration":10386,"dataTable":{"headers":["report","logindomain","domainurl","status","Message","ErrorCode","userName","password","allianceCode","AuthErrMessage","Authaccessdenied","AuthErrCause","currency","userType","pageNumber","accountStatus","profile","firstName","lastName","profiles_Accessdata","Dictionary_category","Dictionary_code","Dictionary_languagecode","documentfolder"],"rows":[{"values":["TC01","/MerchantApiWeb/authenticateUser","/MerchantApiWeb/rest/secure/user/documents/getDocumentListByFolder","success","","","TestAutomation22","Password@1","EMS","","","","","","","","","","","","","","","EN Marketing Information"],"result":"SUCCESS"},{"values":["TC01","/MerchantApiWeb/authenticateUser","/MerchantApiWeb/rest/secure/user/documents/getDocumentListByFolder","error","Page no should be numeric","MPVE00032","TestAutomation22","Password@1","EMS","","","","","","aab","","","","","","","","","EN Marketing Information"],"result":"SUCCESS"}],"predefinedRows":true,"dataSetDescriptors":[{"startRow":0,"rowCount":0,"name":"","description":""}]},"manual":false,"testSource":"Cucumber","result":"SUCCESS"}