{"name":"Verify the api performs the processRefund","testSteps":[{"number":1,"description":"[1] {report\u003dTC01, logindomain\u003d/MerchantApiWeb/authenticateUser, domainurl\u003d/MerchantApiWeb/rest/secure/user/financialData/transaction/refund/processRefund, sendpasscodedomain\u003d/MerchantApiWeb/rest/sendPasscode, status\u003derror, Message\u003dTransID can\u0027t be Empty/Zero, ErrorCode\u003dMPVE00080, userName\u003dTestAutomation22, password\u003dPassword@1, allianceCode\u003dEMS, AuthErrMessage\u003d, Authaccessdenied\u003d, AuthErrCause\u003d, currency\u003dEUR, userType\u003d, pageNumber\u003d1, accountStatus\u003d, profile\u003d, firstName\u003d, lastName\u003d, clearingId\u003d0, currRefundAmt\u003d0.01, passcode\u003d104112, smsType\u003dREFUND, sendPasscodeencUserId\u003d62657471357a7459395555643876614e306d553036513d3d}","duration":2407,"startTime":1514872024355,"result":"SUCCESS","children":[{"number":2,"description":"Given load request for processRefund \"/MerchantApiWeb/authenticateUser\" and \"/MerchantApiWeb/rest/secure/user/financialData/transaction/refund/processRefund\" and \"TC01\" and \"TestAutomation22\" and \"Password@1\" and \"EMS\" and \"/MerchantApiWeb/rest/sendPasscode\" and \"REFUND\" and \"62657471357a7459395555643876614e306d553036513d3d\"","duration":1308,"startTime":1514872024383,"result":"SUCCESS","children":[{"number":3,"description":"Loadgetrequestdata: https://uat1.merchantportal.firstdata.eu/MerchantApiWeb/authenticateUser","duration":1,"startTime":1514872024577,"result":"SUCCESS"},{"number":4,"description":"Postrequest authenticate user: https://uat1.merchantportal.firstdata.eu/MerchantApiWeb/authenticateUser, TestAutomation22, Password@1, EMS","duration":1077,"startTime":1514872024579,"result":"SUCCESS"},{"number":5,"description":"Loadgetrequestdata requestwithbody: https://uat1.merchantportal.firstdata.eu/MerchantApiWeb/rest/secure/user/financialData/transaction/refund/processRefund","duration":0,"startTime":1514872025670,"result":"SUCCESS"}]},{"number":6,"description":"When post request for processRefund \"0\" and \"0.01\" and \"104112\"","duration":906,"startTime":1514872025692,"result":"SUCCESS","children":[{"number":7,"description":"Postrequest process refund: https://uat1.merchantportal.firstdata.eu/MerchantApiWeb/rest/secure/user/financialData/transaction/refund/processRefund, 0, 0.01, 104112","duration":825,"startTime":1514872025704,"result":"SUCCESS"}]},{"number":8,"description":"Then verify processRefund response status \"error\" and \"MPVE00080\" and \"TransID can\u0027t be Empty/Zero\" and \"\" and \"\" and \"\"","duration":164,"startTime":1514872026598,"result":"SUCCESS","children":[{"number":9,"description":"Verify Response","duration":51,"startTime":1514872026609,"result":"SUCCESS"}]}]},{"number":10,"description":"[1] {report\u003dTC02, logindomain\u003d/MerchantApiWeb/authenticateUser, domainurl\u003d/MerchantApiWeb/rest/secure/user/financialData/transaction/refund/processRefund, sendpasscodedomain\u003d/MerchantApiWeb/rest/sendPasscode, status\u003derror, Message\u003dRefund Amount can\u0027t be Empty/Zero, ErrorCode\u003dMPVE00081, userName\u003dTestAutomation22, password\u003dPassword@1, allianceCode\u003dEMS, AuthErrMessage\u003d, Authaccessdenied\u003d, AuthErrCause\u003d, currency\u003dEUR, userType\u003d, pageNumber\u003d1, accountStatus\u003d, profile\u003d, firstName\u003d, lastName\u003d, clearingId\u003d1042724, currRefundAmt\u003d0, passcode\u003d104112, smsType\u003dREFUND, sendPasscodeencUserId\u003d62657471357a7459395555643876614e306d553036513d3d}","duration":2457,"startTime":1514872030888,"result":"SUCCESS","children":[{"number":11,"description":"Given load request for processRefund \"/MerchantApiWeb/authenticateUser\" and \"/MerchantApiWeb/rest/secure/user/financialData/transaction/refund/processRefund\" and \"TC02\" and \"TestAutomation22\" and \"Password@1\" and \"EMS\" and \"/MerchantApiWeb/rest/sendPasscode\" and \"REFUND\" and \"62657471357a7459395555643876614e306d553036513d3d\"","duration":1252,"startTime":1514872030951,"result":"SUCCESS","children":[{"number":12,"description":"Loadgetrequestdata: https://uat1.merchantportal.firstdata.eu/MerchantApiWeb/authenticateUser","duration":1,"startTime":1514872031049,"result":"SUCCESS"},{"number":13,"description":"Postrequest authenticate user: https://uat1.merchantportal.firstdata.eu/MerchantApiWeb/authenticateUser, TestAutomation22, Password@1, EMS","duration":1121,"startTime":1514872031051,"result":"SUCCESS"},{"number":14,"description":"Loadgetrequestdata requestwithbody: https://uat1.merchantportal.firstdata.eu/MerchantApiWeb/rest/secure/user/financialData/transaction/refund/processRefund","duration":1,"startTime":1514872032181,"result":"SUCCESS"}]},{"number":15,"description":"When post request for processRefund \"1042724\" and \"0\" and \"104112\"","duration":910,"startTime":1514872032204,"result":"SUCCESS","children":[{"number":16,"description":"Postrequest process refund: https://uat1.merchantportal.firstdata.eu/MerchantApiWeb/rest/secure/user/financialData/transaction/refund/processRefund, 1042724, 0, 104112","duration":849,"startTime":1514872032217,"result":"SUCCESS"}]},{"number":17,"description":"Then verify processRefund response status \"error\" and \"MPVE00081\" and \"Refund Amount can\u0027t be Empty/Zero\" and \"\" and \"\" and \"\"","duration":230,"startTime":1514872033115,"result":"SUCCESS","children":[{"number":18,"description":"Verify Response","duration":95,"startTime":1514872033125,"result":"SUCCESS"}]}]},{"number":19,"description":"[1] {report\u003dTC03, logindomain\u003d/MerchantApiWeb/authenticateUser, domainurl\u003d/MerchantApiWeb/rest/secure/user/financialData/transaction/refund/processRefund, sendpasscodedomain\u003d/MerchantApiWeb/rest/sendPasscode, status\u003derror, Message\u003dPlease enter a valid passcode, ErrorCode\u003dMPVE00024, userName\u003dTestAutomation22, password\u003dPassword@1, allianceCode\u003dEMS, AuthErrMessage\u003d, Authaccessdenied\u003d, AuthErrCause\u003d, currency\u003dEUR, userType\u003d, pageNumber\u003d1, accountStatus\u003d, profile\u003d, firstName\u003d, lastName\u003d, clearingId\u003d1042724, currRefundAmt\u003d0.01, passcode\u003dasdfds, smsType\u003dREFUND, sendPasscodeencUserId\u003d62657471357a7459395555643876614e306d553036513d3d}","duration":2294,"startTime":1514872038492,"result":"SUCCESS","children":[{"number":20,"description":"Given load request for processRefund \"/MerchantApiWeb/authenticateUser\" and \"/MerchantApiWeb/rest/secure/user/financialData/transaction/refund/processRefund\" and \"TC03\" and \"TestAutomation22\" and \"Password@1\" and \"EMS\" and \"/MerchantApiWeb/rest/sendPasscode\" and \"REFUND\" and \"62657471357a7459395555643876614e306d553036513d3d\"","duration":1136,"startTime":1514872038503,"result":"SUCCESS","children":[{"number":21,"description":"Loadgetrequestdata: https://uat1.merchantportal.firstdata.eu/MerchantApiWeb/authenticateUser","duration":1,"startTime":1514872038604,"result":"SUCCESS"},{"number":22,"description":"Postrequest authenticate user: https://uat1.merchantportal.firstdata.eu/MerchantApiWeb/authenticateUser, TestAutomation22, Password@1, EMS","duration":993,"startTime":1514872038606,"result":"SUCCESS"},{"number":23,"description":"Loadgetrequestdata requestwithbody: https://uat1.merchantportal.firstdata.eu/MerchantApiWeb/rest/secure/user/financialData/transaction/refund/processRefund","duration":1,"startTime":1514872039614,"result":"SUCCESS"}]},{"number":24,"description":"When post request for processRefund \"1042724\" and \"0.01\" and \"asdfds\"","duration":923,"startTime":1514872039640,"result":"SUCCESS","children":[{"number":25,"description":"Postrequest process refund: https://uat1.merchantportal.firstdata.eu/MerchantApiWeb/rest/secure/user/financialData/transaction/refund/processRefund, 1042724, 0.01, asdfds","duration":854,"startTime":1514872039652,"result":"SUCCESS"}]},{"number":26,"description":"Then verify processRefund response status \"error\" and \"MPVE00024\" and \"Please enter a valid passcode\" and \"\" and \"\" and \"\"","duration":221,"startTime":1514872040564,"result":"SUCCESS","children":[{"number":27,"description":"Verify Response","duration":74,"startTime":1514872040579,"result":"SUCCESS"}]}]},{"number":28,"description":"[1] {report\u003dTC04, logindomain\u003d/MerchantApiWeb/authenticateUser, domainurl\u003d/MerchantApiWeb/rest/secure/user/financialData/transaction/refund/processRefund, sendpasscodedomain\u003d/MerchantApiWeb/rest/sendPasscode, status\u003derror, Message\u003dPlease enter a valid passcode, ErrorCode\u003dMPVE00024, userName\u003dTestAutomation22, password\u003dPassword@1, allianceCode\u003dEMS, AuthErrMessage\u003d, Authaccessdenied\u003d, AuthErrCause\u003d, currency\u003dEUR, userType\u003d, pageNumber\u003d1, accountStatus\u003d, profile\u003d, firstName\u003d, lastName\u003d, clearingId\u003d1042724, currRefundAmt\u003d0.01, passcode\u003d@#$%^\u0026, smsType\u003dREFUND, sendPasscodeencUserId\u003d62657471357a7459395555643876614e306d553036513d3d}","duration":2318,"startTime":1514872045289,"result":"SUCCESS","children":[{"number":29,"description":"Given load request for processRefund \"/MerchantApiWeb/authenticateUser\" and \"/MerchantApiWeb/rest/secure/user/financialData/transaction/refund/processRefund\" and \"TC04\" and \"TestAutomation22\" and \"Password@1\" and \"EMS\" and \"/MerchantApiWeb/rest/sendPasscode\" and \"REFUND\" and \"62657471357a7459395555643876614e306d553036513d3d\"","duration":1206,"startTime":1514872045302,"result":"SUCCESS","children":[{"number":30,"description":"Loadgetrequestdata: https://uat1.merchantportal.firstdata.eu/MerchantApiWeb/authenticateUser","duration":0,"startTime":1514872045399,"result":"SUCCESS"},{"number":31,"description":"Postrequest authenticate user: https://uat1.merchantportal.firstdata.eu/MerchantApiWeb/authenticateUser, TestAutomation22, Password@1, EMS","duration":1077,"startTime":1514872045400,"result":"SUCCESS"},{"number":32,"description":"Loadgetrequestdata requestwithbody: https://uat1.merchantportal.firstdata.eu/MerchantApiWeb/rest/secure/user/financialData/transaction/refund/processRefund","duration":1,"startTime":1514872046485,"result":"SUCCESS"}]},{"number":33,"description":"When post request for processRefund \"1042724\" and \"0.01\" and \"@#$%^\u0026\"","duration":897,"startTime":1514872046508,"result":"SUCCESS","children":[{"number":34,"description":"Postrequest process refund: https://uat1.merchantportal.firstdata.eu/MerchantApiWeb/rest/secure/user/financialData/transaction/refund/processRefund, 1042724, 0.01, @#$%^\u0026","duration":836,"startTime":1514872046520,"result":"SUCCESS"}]},{"number":35,"description":"Then verify processRefund response status \"error\" and \"MPVE00024\" and \"Please enter a valid passcode\" and \"\" and \"\" and \"\"","duration":201,"startTime":1514872047406,"result":"SUCCESS","children":[{"number":36,"description":"Verify Response","duration":56,"startTime":1514872047418,"result":"SUCCESS"}]}]},{"number":37,"description":"[1] {report\u003dTC05, logindomain\u003d/MerchantApiWeb/authenticateUser, domainurl\u003d/MerchantApiWeb/rest/secure/user/financialData/transaction/refund/processRefund, sendpasscodedomain\u003d/MerchantApiWeb/rest/sendPasscode, status\u003derror, Message\u003dPlease enter a valid passcode, ErrorCode\u003dMPVE00024, userName\u003dTestAutomation22, password\u003dPassword@1, allianceCode\u003dEMS, AuthErrMessage\u003d, Authaccessdenied\u003d, AuthErrCause\u003d, currency\u003dEUR, userType\u003d, pageNumber\u003d1, accountStatus\u003d, profile\u003d, firstName\u003d, lastName\u003d, clearingId\u003d1042724, currRefundAmt\u003d0.01, passcode\u003dabc@#$, smsType\u003dREFUND, sendPasscodeencUserId\u003d62657471357a7459395555643876614e306d553036513d3d}","duration":2265,"startTime":1514872052213,"result":"SUCCESS","children":[{"number":38,"description":"Given load request for processRefund \"/MerchantApiWeb/authenticateUser\" and \"/MerchantApiWeb/rest/secure/user/financialData/transaction/refund/processRefund\" and \"TC05\" and \"TestAutomation22\" and \"Password@1\" and \"EMS\" and \"/MerchantApiWeb/rest/sendPasscode\" and \"REFUND\" and \"62657471357a7459395555643876614e306d553036513d3d\"","duration":1207,"startTime":1514872052225,"result":"SUCCESS","children":[{"number":39,"description":"Loadgetrequestdata: https://uat1.merchantportal.firstdata.eu/MerchantApiWeb/authenticateUser","duration":0,"startTime":1514872052302,"result":"SUCCESS"},{"number":40,"description":"Postrequest authenticate user: https://uat1.merchantportal.firstdata.eu/MerchantApiWeb/authenticateUser, TestAutomation22, Password@1, EMS","duration":1098,"startTime":1514872052304,"result":"SUCCESS"},{"number":41,"description":"Loadgetrequestdata requestwithbody: https://uat1.merchantportal.firstdata.eu/MerchantApiWeb/rest/secure/user/financialData/transaction/refund/processRefund","duration":0,"startTime":1514872053411,"result":"SUCCESS"}]},{"number":42,"description":"When post request for processRefund \"1042724\" and \"0.01\" and \"abc@#$\"","duration":864,"startTime":1514872053432,"result":"SUCCESS","children":[{"number":43,"description":"Postrequest process refund: https://uat1.merchantportal.firstdata.eu/MerchantApiWeb/rest/secure/user/financialData/transaction/refund/processRefund, 1042724, 0.01, abc@#$","duration":810,"startTime":1514872053443,"result":"SUCCESS"}]},{"number":44,"description":"Then verify processRefund response status \"error\" and \"MPVE00024\" and \"Please enter a valid passcode\" and \"\" and \"\" and \"\"","duration":182,"startTime":1514872054296,"result":"SUCCESS","children":[{"number":45,"description":"Verify Response","duration":45,"startTime":1514872054308,"result":"SUCCESS"}]}]},{"number":46,"description":"[1] {report\u003dTC06, logindomain\u003d/MerchantApiWeb/authenticateUser, domainurl\u003d/MerchantApiWeb/rest/secure/user/financialData/transaction/refund/processRefund, sendpasscodedomain\u003d/MerchantApiWeb/rest/sendPasscode, status\u003derror, Message\u003dPasscode must be of 6 digit, ErrorCode\u003dMPVE00025, userName\u003dTestAutomation22, password\u003dPassword@1, allianceCode\u003dEMS, AuthErrMessage\u003d, Authaccessdenied\u003d, AuthErrCause\u003d, currency\u003dEUR, userType\u003d, pageNumber\u003d1, accountStatus\u003d, profile\u003d, firstName\u003d, lastName\u003d, clearingId\u003d1042724, currRefundAmt\u003d0.01, passcode\u003d1041, smsType\u003dREFUND, sendPasscodeencUserId\u003d62657471357a7459395555643876614e306d553036513d3d}","duration":2316,"startTime":1514872058961,"result":"SUCCESS","children":[{"number":47,"description":"Given load request for processRefund \"/MerchantApiWeb/authenticateUser\" and \"/MerchantApiWeb/rest/secure/user/financialData/transaction/refund/processRefund\" and \"TC06\" and \"TestAutomation22\" and \"Password@1\" and \"EMS\" and \"/MerchantApiWeb/rest/sendPasscode\" and \"REFUND\" and \"62657471357a7459395555643876614e306d553036513d3d\"","duration":1147,"startTime":1514872058974,"result":"SUCCESS","children":[{"number":48,"description":"Loadgetrequestdata: https://uat1.merchantportal.firstdata.eu/MerchantApiWeb/authenticateUser","duration":0,"startTime":1514872059065,"result":"SUCCESS"},{"number":49,"description":"Postrequest authenticate user: https://uat1.merchantportal.firstdata.eu/MerchantApiWeb/authenticateUser, TestAutomation22, Password@1, EMS","duration":1013,"startTime":1514872059066,"result":"SUCCESS"},{"number":50,"description":"Loadgetrequestdata requestwithbody: https://uat1.merchantportal.firstdata.eu/MerchantApiWeb/rest/secure/user/financialData/transaction/refund/processRefund","duration":1,"startTime":1514872060093,"result":"SUCCESS"}]},{"number":51,"description":"When post request for processRefund \"1042724\" and \"0.01\" and \"1041\"","duration":947,"startTime":1514872060121,"result":"SUCCESS","children":[{"number":52,"description":"Postrequest process refund: https://uat1.merchantportal.firstdata.eu/MerchantApiWeb/rest/secure/user/financialData/transaction/refund/processRefund, 1042724, 0.01, 1041","duration":878,"startTime":1514872060131,"result":"SUCCESS"}]},{"number":53,"description":"Then verify processRefund response status \"error\" and \"MPVE00025\" and \"Passcode must be of 6 digit\" and \"\" and \"\" and \"\"","duration":208,"startTime":1514872061069,"result":"SUCCESS","children":[{"number":54,"description":"Verify Response","duration":80,"startTime":1514872061083,"result":"SUCCESS"}]}]}],"userStory":{"id":"merchant-portal-application-api-validation","storyName":"Merchant Portal application API validation","path":"APIupdate.feature","type":"feature"},"featureTag":{"name":"Merchant Portal application API validation","type":"feature"},"title":"Verify the api performs the processRefund","description":"","tags":[{"name":"processRefund","type":"tag"}],"startTime":1514872024354,"duration":36923,"dataTable":{"headers":["report","logindomain","domainurl","sendpasscodedomain","status","Message","ErrorCode","userName","password","allianceCode","AuthErrMessage","Authaccessdenied","AuthErrCause","currency","userType","pageNumber","accountStatus","profile","firstName","lastName","clearingId","currRefundAmt","passcode","smsType","sendPasscodeencUserId"],"rows":[{"values":["TC01","/MerchantApiWeb/authenticateUser","/MerchantApiWeb/rest/secure/user/financialData/transaction/refund/processRefund","/MerchantApiWeb/rest/sendPasscode","error","TransID can\u0027t be Empty/Zero","MPVE00080","TestAutomation22","Password@1","EMS","","","","EUR","","1","","","","","0","0.01","104112","REFUND","62657471357a7459395555643876614e306d553036513d3d"],"result":"SUCCESS"},{"values":["TC02","/MerchantApiWeb/authenticateUser","/MerchantApiWeb/rest/secure/user/financialData/transaction/refund/processRefund","/MerchantApiWeb/rest/sendPasscode","error","Refund Amount can\u0027t be Empty/Zero","MPVE00081","TestAutomation22","Password@1","EMS","","","","EUR","","1","","","","","1042724","0","104112","REFUND","62657471357a7459395555643876614e306d553036513d3d"],"result":"SUCCESS"},{"values":["TC03","/MerchantApiWeb/authenticateUser","/MerchantApiWeb/rest/secure/user/financialData/transaction/refund/processRefund","/MerchantApiWeb/rest/sendPasscode","error","Please enter a valid passcode","MPVE00024","TestAutomation22","Password@1","EMS","","","","EUR","","1","","","","","1042724","0.01","asdfds","REFUND","62657471357a7459395555643876614e306d553036513d3d"],"result":"SUCCESS"},{"values":["TC04","/MerchantApiWeb/authenticateUser","/MerchantApiWeb/rest/secure/user/financialData/transaction/refund/processRefund","/MerchantApiWeb/rest/sendPasscode","error","Please enter a valid passcode","MPVE00024","TestAutomation22","Password@1","EMS","","","","EUR","","1","","","","","1042724","0.01","@#$%^\u0026","REFUND","62657471357a7459395555643876614e306d553036513d3d"],"result":"SUCCESS"},{"values":["TC05","/MerchantApiWeb/authenticateUser","/MerchantApiWeb/rest/secure/user/financialData/transaction/refund/processRefund","/MerchantApiWeb/rest/sendPasscode","error","Please enter a valid passcode","MPVE00024","TestAutomation22","Password@1","EMS","","","","EUR","","1","","","","","1042724","0.01","abc@#$","REFUND","62657471357a7459395555643876614e306d553036513d3d"],"result":"SUCCESS"},{"values":["TC06","/MerchantApiWeb/authenticateUser","/MerchantApiWeb/rest/secure/user/financialData/transaction/refund/processRefund","/MerchantApiWeb/rest/sendPasscode","error","Passcode must be of 6 digit","MPVE00025","TestAutomation22","Password@1","EMS","","","","EUR","","1","","","","","1042724","0.01","1041","REFUND","62657471357a7459395555643876614e306d553036513d3d"],"result":"SUCCESS"}],"predefinedRows":true,"dataSetDescriptors":[{"startRow":0,"rowCount":0,"name":"","description":""}]},"manual":false,"testSource":"Cucumber","result":"SUCCESS"}