{"name":"Verify the api registers the Merchant user","testSteps":[{"number":1,"description":"[1] {report\u003dTC03, logindomain\u003d/MerchantApiWeb/authenticateUser, domainurl\u003d/MerchantApiWeb/rest/registerMerchantUser, status\u003derror, Message\u003dPlease enter a valid password, ErrorCode\u003dMPVE00006, userName\u003dTestAutomation22, password\u003dPassword@1, allianceCode\u003dEMS, AuthErrMessage\u003d, Authaccessdenied\u003d, AuthErrCause\u003d, currency\u003dEUR, userType\u003d, pageNumber\u003d1, accountStatus\u003d, profile\u003d, firstName\u003d, lastName\u003d, period\u003d, fromDate\u003d2016-11-02, toDate\u003d2017-11-02, invoiceId\u003d4723680, gsmTopUpFromDate\u003d, gsmTopUpToDate\u003d, invoiceLineItemId\u003d, fundId\u003d1026901, merchId\u003d65902182, fundDate\u003d2017-06-02, fileType\u003dCSV, delimiter\u003d,, bikTermsId\u003d1004321, caTermsId\u003d1004382, loanAmount\u003d100, encUserId\u003d38323057554b4656514572354b2f4e4a2b2b6d6164673d3d, languagePreference\u003dEN, passcode\u003d730194, registerpassword\u003dpassworda, tcHasAccepted\u003d1, pin\u003d}","duration":4992,"startTime":1514870001055,"result":"SUCCESS","children":[{"number":2,"description":"Given load request for registerMerchantUser \"/MerchantApiWeb/authenticateUser\" and \"/MerchantApiWeb/rest/registerMerchantUser\" and \"TC03\" and \"TestAutomation22\" and \"Password@1\" and \"EMS\"","duration":1483,"startTime":1514870001073,"result":"SUCCESS","children":[{"number":3,"description":"Loadgetrequestdata: https://uat1.merchantportal.firstdata.eu/MerchantApiWeb/authenticateUser","duration":1,"startTime":1514870001152,"result":"SUCCESS"},{"number":4,"description":"Postrequest authenticate user: https://uat1.merchantportal.firstdata.eu/MerchantApiWeb/authenticateUser, TestAutomation22, Password@1, EMS","duration":1353,"startTime":1514870001154,"result":"SUCCESS"},{"number":5,"description":"Loadgetrequestdata requestwithbody: https://uat1.merchantportal.firstdata.eu/MerchantApiWeb/rest/registerMerchantUser","duration":1,"startTime":1514870002517,"result":"SUCCESS"}]},{"number":6,"description":"When post request for registerMerchantUser \"EMS\" and \"38323057554b4656514572354b2f4e4a2b2b6d6164673d3d\" and \"EN\" and \"730194\" and \"passworda\" and \"1\" and \"\"","duration":3104,"startTime":1514870002557,"result":"SUCCESS","children":[{"number":7,"description":"Postrequest register merchant user: https://uat1.merchantportal.firstdata.eu/MerchantApiWeb/rest/registerMerchantUser, EMS, 38323057554b4656514572354b2f4e4a2b2b6d6164673d3d, EN, 730194, passworda, 1, ","duration":3041,"startTime":1514870002572,"result":"SUCCESS"}]},{"number":8,"description":"Then verify registerMerchantUser response status \"error\" and \"MPVE00006\" and \"Please enter a valid password\" and \"\" and \"\" and \"\"","duration":385,"startTime":1514870005662,"result":"SUCCESS","children":[{"number":9,"description":"Verify Response","duration":111,"startTime":1514870005672,"result":"SUCCESS"}]}]},{"number":10,"description":"[1] {report\u003dTC04, logindomain\u003d/MerchantApiWeb/authenticateUser, domainurl\u003d/MerchantApiWeb/rest/registerMerchantUser, status\u003derror, Message\u003dLanguage Preference cannot be more than 2 characters, ErrorCode\u003dMPVE00021, userName\u003dTestAutomation22, password\u003dPassword@1, allianceCode\u003dEMS, AuthErrMessage\u003d, Authaccessdenied\u003d, AuthErrCause\u003d, currency\u003dEUR, userType\u003d, pageNumber\u003d1, accountStatus\u003d, profile\u003d, firstName\u003d, lastName\u003d, period\u003d, fromDate\u003d2016-11-02, toDate\u003d2017-11-02, invoiceId\u003d4723680, gsmTopUpFromDate\u003d, gsmTopUpToDate\u003d, invoiceLineItemId\u003d, fundId\u003d1026901, merchId\u003d65902182, fundDate\u003d2017-06-02, fileType\u003dCSV, delimiter\u003d,, bikTermsId\u003d1004321, caTermsId\u003d1004382, loanAmount\u003d100, encUserId\u003d38323057554b4656514572354b2f4e4a2b2b6d6164673d3d, languagePreference\u003dENGLISH, passcode\u003d730194, registerpassword\u003dPassword@1, tcHasAccepted\u003d1, pin\u003d}","duration":2584,"startTime":1514870009843,"result":"SUCCESS","children":[{"number":11,"description":"Given load request for registerMerchantUser \"/MerchantApiWeb/authenticateUser\" and \"/MerchantApiWeb/rest/registerMerchantUser\" and \"TC04\" and \"TestAutomation22\" and \"Password@1\" and \"EMS\"","duration":1256,"startTime":1514870009861,"result":"SUCCESS","children":[{"number":12,"description":"Loadgetrequestdata: https://uat1.merchantportal.firstdata.eu/MerchantApiWeb/authenticateUser","duration":0,"startTime":1514870009942,"result":"SUCCESS"},{"number":13,"description":"Postrequest authenticate user: https://uat1.merchantportal.firstdata.eu/MerchantApiWeb/authenticateUser, TestAutomation22, Password@1, EMS","duration":1131,"startTime":1514870009944,"result":"SUCCESS"},{"number":14,"description":"Loadgetrequestdata requestwithbody: https://uat1.merchantportal.firstdata.eu/MerchantApiWeb/rest/registerMerchantUser","duration":1,"startTime":1514870011094,"result":"SUCCESS"}]},{"number":15,"description":"When post request for registerMerchantUser \"EMS\" and \"38323057554b4656514572354b2f4e4a2b2b6d6164673d3d\" and \"ENGLISH\" and \"730194\" and \"Password@1\" and \"1\" and \"\"","duration":1085,"startTime":1514870011117,"result":"SUCCESS","children":[{"number":16,"description":"Postrequest register merchant user: https://uat1.merchantportal.firstdata.eu/MerchantApiWeb/rest/registerMerchantUser, EMS, 38323057554b4656514572354b2f4e4a2b2b6d6164673d3d, ENGLISH, 730194, Password@1, 1, ","duration":1022,"startTime":1514870011131,"result":"SUCCESS"}]},{"number":17,"description":"Then verify registerMerchantUser response status \"error\" and \"MPVE00021\" and \"Language Preference cannot be more than 2 characters\" and \"\" and \"\" and \"\"","duration":225,"startTime":1514870012202,"result":"SUCCESS","children":[{"number":18,"description":"Verify Response","duration":92,"startTime":1514870012216,"result":"SUCCESS"}]}]},{"number":19,"description":"[1] {report\u003dTC05, logindomain\u003d/MerchantApiWeb/authenticateUser, domainurl\u003d/MerchantApiWeb/rest/registerMerchantUser, status\u003derror, Message\u003dLanguage Preference contain lowercase character , special characters ,empty spaces, ErrorCode\u003dMPVE00022, userName\u003dTestAutomation22, password\u003dPassword@1, allianceCode\u003dEMS, AuthErrMessage\u003d, Authaccessdenied\u003d, AuthErrCause\u003d, currency\u003dEUR, userType\u003d, pageNumber\u003d1, accountStatus\u003d, profile\u003d, firstName\u003d, lastName\u003d, period\u003d, fromDate\u003d2016-11-02, toDate\u003d2017-11-02, invoiceId\u003d4723680, gsmTopUpFromDate\u003d, gsmTopUpToDate\u003d, invoiceLineItemId\u003d, fundId\u003d1026901, merchId\u003d65902182, fundDate\u003d2017-06-02, fileType\u003dCSV, delimiter\u003d,, bikTermsId\u003d1004321, caTermsId\u003d1004382, loanAmount\u003d100, encUserId\u003d38323057554b4656514572354b2f4e4a2b2b6d6164673d3d, languagePreference\u003dEn, passcode\u003d730194, registerpassword\u003dPassword@1, tcHasAccepted\u003d1, pin\u003d}","duration":2526,"startTime":1514870020112,"result":"SUCCESS","children":[{"number":20,"description":"Given load request for registerMerchantUser \"/MerchantApiWeb/authenticateUser\" and \"/MerchantApiWeb/rest/registerMerchantUser\" and \"TC05\" and \"TestAutomation22\" and \"Password@1\" and \"EMS\"","duration":1224,"startTime":1514870020133,"result":"SUCCESS","children":[{"number":21,"description":"Loadgetrequestdata: https://uat1.merchantportal.firstdata.eu/MerchantApiWeb/authenticateUser","duration":0,"startTime":1514870020216,"result":"SUCCESS"},{"number":22,"description":"Postrequest authenticate user: https://uat1.merchantportal.firstdata.eu/MerchantApiWeb/authenticateUser, TestAutomation22, Password@1, EMS","duration":1103,"startTime":1514870020218,"result":"SUCCESS"},{"number":23,"description":"Loadgetrequestdata requestwithbody: https://uat1.merchantportal.firstdata.eu/MerchantApiWeb/rest/registerMerchantUser","duration":1,"startTime":1514870021329,"result":"SUCCESS"}]},{"number":24,"description":"When post request for registerMerchantUser \"EMS\" and \"38323057554b4656514572354b2f4e4a2b2b6d6164673d3d\" and \"En\" and \"730194\" and \"Password@1\" and \"1\" and \"\"","duration":1000,"startTime":1514870021357,"result":"SUCCESS","children":[{"number":25,"description":"Postrequest register merchant user: https://uat1.merchantportal.firstdata.eu/MerchantApiWeb/rest/registerMerchantUser, EMS, 38323057554b4656514572354b2f4e4a2b2b6d6164673d3d, En, 730194, Password@1, 1, ","duration":931,"startTime":1514870021369,"result":"SUCCESS"}]},{"number":26,"description":"Then verify registerMerchantUser response status \"error\" and \"MPVE00022\" and \"Language Preference contain lowercase character , special characters ,empty spaces\" and \"\" and \"\" and \"\"","duration":279,"startTime":1514870022358,"result":"SUCCESS","children":[{"number":27,"description":"Verify Response","duration":90,"startTime":1514870022372,"result":"SUCCESS"}]}]},{"number":28,"description":"[1] {report\u003dTC06, logindomain\u003d/MerchantApiWeb/authenticateUser, domainurl\u003d/MerchantApiWeb/rest/registerMerchantUser, status\u003derror, Message\u003dLanguage Preference contain lowercase character , special characters ,empty spaces, ErrorCode\u003dMPVE00022, userName\u003dTestAutomation22, password\u003dPassword@1, allianceCode\u003dEMS, AuthErrMessage\u003d, Authaccessdenied\u003d, AuthErrCause\u003d, currency\u003dEUR, userType\u003d, pageNumber\u003d1, accountStatus\u003d, profile\u003d, firstName\u003d, lastName\u003d, period\u003d, fromDate\u003d2016-11-02, toDate\u003d2017-11-02, invoiceId\u003d4723680, gsmTopUpFromDate\u003d, gsmTopUpToDate\u003d, invoiceLineItemId\u003d, fundId\u003d1026901, merchId\u003d65902182, fundDate\u003d2017-06-02, fileType\u003dCSV, delimiter\u003d,, bikTermsId\u003d1004321, caTermsId\u003d1004382, loanAmount\u003d100, encUserId\u003d38323057554b4656514572354b2f4e4a2b2b6d6164673d3d, languagePreference\u003dE@, passcode\u003d730194, registerpassword\u003dPassword@1, tcHasAccepted\u003d1, pin\u003d}","duration":2470,"startTime":1514870027080,"result":"SUCCESS","children":[{"number":29,"description":"Given load request for registerMerchantUser \"/MerchantApiWeb/authenticateUser\" and \"/MerchantApiWeb/rest/registerMerchantUser\" and \"TC06\" and \"TestAutomation22\" and \"Password@1\" and \"EMS\"","duration":1290,"startTime":1514870027097,"result":"SUCCESS","children":[{"number":30,"description":"Loadgetrequestdata: https://uat1.merchantportal.firstdata.eu/MerchantApiWeb/authenticateUser","duration":1,"startTime":1514870027185,"result":"SUCCESS"},{"number":31,"description":"Postrequest authenticate user: https://uat1.merchantportal.firstdata.eu/MerchantApiWeb/authenticateUser, TestAutomation22, Password@1, EMS","duration":1141,"startTime":1514870027189,"result":"SUCCESS"},{"number":32,"description":"Loadgetrequestdata requestwithbody: https://uat1.merchantportal.firstdata.eu/MerchantApiWeb/rest/registerMerchantUser","duration":1,"startTime":1514870028339,"result":"SUCCESS"}]},{"number":33,"description":"When post request for registerMerchantUser \"EMS\" and \"38323057554b4656514572354b2f4e4a2b2b6d6164673d3d\" and \"E@\" and \"730194\" and \"Password@1\" and \"1\" and \"\"","duration":929,"startTime":1514870028387,"result":"SUCCESS","children":[{"number":34,"description":"Postrequest register merchant user: https://uat1.merchantportal.firstdata.eu/MerchantApiWeb/rest/registerMerchantUser, EMS, 38323057554b4656514572354b2f4e4a2b2b6d6164673d3d, E@, 730194, Password@1, 1, ","duration":864,"startTime":1514870028399,"result":"SUCCESS"}]},{"number":35,"description":"Then verify registerMerchantUser response status \"error\" and \"MPVE00022\" and \"Language Preference contain lowercase character , special characters ,empty spaces\" and \"\" and \"\" and \"\"","duration":233,"startTime":1514870029317,"result":"SUCCESS","children":[{"number":36,"description":"Verify Response","duration":108,"startTime":1514870029328,"result":"SUCCESS"}]}]},{"number":37,"description":"[1] {report\u003dTC07, logindomain\u003d/MerchantApiWeb/authenticateUser, domainurl\u003d/MerchantApiWeb/rest/registerMerchantUser, status\u003derror, Message\u003dPlease enter a valid passcode, ErrorCode\u003dMPVE00024, userName\u003dTestAutomation22, password\u003dPassword@1, allianceCode\u003dEMS, AuthErrMessage\u003d, Authaccessdenied\u003d, AuthErrCause\u003d, currency\u003dEUR, userType\u003d, pageNumber\u003d1, accountStatus\u003d, profile\u003d, firstName\u003d, lastName\u003d, period\u003d, fromDate\u003d2016-11-02, toDate\u003d2017-11-02, invoiceId\u003d4723680, gsmTopUpFromDate\u003d, gsmTopUpToDate\u003d, invoiceLineItemId\u003d, fundId\u003d1026901, merchId\u003d65902182, fundDate\u003d2017-06-02, fileType\u003dCSV, delimiter\u003d,, bikTermsId\u003d1004321, caTermsId\u003d1004382, loanAmount\u003d100, encUserId\u003d38323057554b4656514572354b2f4e4a2b2b6d6164673d3d, languagePreference\u003dEN, passcode\u003d730abc, registerpassword\u003dPassword@1, tcHasAccepted\u003d1, pin\u003d}","duration":2395,"startTime":1514870032496,"result":"SUCCESS","children":[{"number":38,"description":"Given load request for registerMerchantUser \"/MerchantApiWeb/authenticateUser\" and \"/MerchantApiWeb/rest/registerMerchantUser\" and \"TC07\" and \"TestAutomation22\" and \"Password@1\" and \"EMS\"","duration":1152,"startTime":1514870032544,"result":"SUCCESS","children":[{"number":39,"description":"Loadgetrequestdata: https://uat1.merchantportal.firstdata.eu/MerchantApiWeb/authenticateUser","duration":1,"startTime":1514870032614,"result":"SUCCESS"},{"number":40,"description":"Postrequest authenticate user: https://uat1.merchantportal.firstdata.eu/MerchantApiWeb/authenticateUser, TestAutomation22, Password@1, EMS","duration":1048,"startTime":1514870032618,"result":"SUCCESS"},{"number":41,"description":"Loadgetrequestdata requestwithbody: https://uat1.merchantportal.firstdata.eu/MerchantApiWeb/rest/registerMerchantUser","duration":0,"startTime":1514870033675,"result":"SUCCESS"}]},{"number":42,"description":"When post request for registerMerchantUser \"EMS\" and \"38323057554b4656514572354b2f4e4a2b2b6d6164673d3d\" and \"EN\" and \"730abc\" and \"Password@1\" and \"1\" and \"\"","duration":927,"startTime":1514870033696,"result":"SUCCESS","children":[{"number":43,"description":"Postrequest register merchant user: https://uat1.merchantportal.firstdata.eu/MerchantApiWeb/rest/registerMerchantUser, EMS, 38323057554b4656514572354b2f4e4a2b2b6d6164673d3d, EN, 730abc, Password@1, 1, ","duration":862,"startTime":1514870033709,"result":"SUCCESS"}]},{"number":44,"description":"Then verify registerMerchantUser response status \"error\" and \"MPVE00024\" and \"Please enter a valid passcode\" and \"\" and \"\" and \"\"","duration":267,"startTime":1514870034624,"result":"SUCCESS","children":[{"number":45,"description":"Verify Response","duration":78,"startTime":1514870034663,"result":"SUCCESS"}]}]},{"number":46,"description":"[1] {report\u003dTC08, logindomain\u003d/MerchantApiWeb/authenticateUser, domainurl\u003d/MerchantApiWeb/rest/registerMerchantUser, status\u003derror, Message\u003dPlease enter a valid passcode, ErrorCode\u003dMPVE00024, userName\u003dTestAutomation22, password\u003dPassword@1, allianceCode\u003dEMS, AuthErrMessage\u003d, Authaccessdenied\u003d, AuthErrCause\u003d, currency\u003dEUR, userType\u003d, pageNumber\u003d1, accountStatus\u003d, profile\u003d, firstName\u003d, lastName\u003d, period\u003d, fromDate\u003d2016-11-02, toDate\u003d2017-11-02, invoiceId\u003d4723680, gsmTopUpFromDate\u003d, gsmTopUpToDate\u003d, invoiceLineItemId\u003d, fundId\u003d1026901, merchId\u003d65902182, fundDate\u003d2017-06-02, fileType\u003dCSV, delimiter\u003d,, bikTermsId\u003d1004321, caTermsId\u003d1004382, loanAmount\u003d100, encUserId\u003d38323057554b4656514572354b2f4e4a2b2b6d6164673d3d, languagePreference\u003dEN, passcode\u003d730@#$, registerpassword\u003dPassword@1, tcHasAccepted\u003d1, pin\u003d}","duration":2484,"startTime":1514870038146,"result":"SUCCESS","children":[{"number":47,"description":"Given load request for registerMerchantUser \"/MerchantApiWeb/authenticateUser\" and \"/MerchantApiWeb/rest/registerMerchantUser\" and \"TC08\" and \"TestAutomation22\" and \"Password@1\" and \"EMS\"","duration":1300,"startTime":1514870038178,"result":"SUCCESS","children":[{"number":48,"description":"Loadgetrequestdata: https://uat1.merchantportal.firstdata.eu/MerchantApiWeb/authenticateUser","duration":1,"startTime":1514870038299,"result":"SUCCESS"},{"number":49,"description":"Postrequest authenticate user: https://uat1.merchantportal.firstdata.eu/MerchantApiWeb/authenticateUser, TestAutomation22, Password@1, EMS","duration":1087,"startTime":1514870038301,"result":"SUCCESS"},{"number":50,"description":"Loadgetrequestdata requestwithbody: https://uat1.merchantportal.firstdata.eu/MerchantApiWeb/rest/registerMerchantUser","duration":0,"startTime":1514870039429,"result":"SUCCESS"}]},{"number":51,"description":"When post request for registerMerchantUser \"EMS\" and \"38323057554b4656514572354b2f4e4a2b2b6d6164673d3d\" and \"EN\" and \"730@#$\" and \"Password@1\" and \"1\" and \"\"","duration":925,"startTime":1514870039479,"result":"SUCCESS","children":[{"number":52,"description":"Postrequest register merchant user: https://uat1.merchantportal.firstdata.eu/MerchantApiWeb/rest/registerMerchantUser, EMS, 38323057554b4656514572354b2f4e4a2b2b6d6164673d3d, EN, 730@#$, Password@1, 1, ","duration":866,"startTime":1514870039492,"result":"SUCCESS"}]},{"number":53,"description":"Then verify registerMerchantUser response status \"error\" and \"MPVE00024\" and \"Please enter a valid passcode\" and \"\" and \"\" and \"\"","duration":225,"startTime":1514870040404,"result":"SUCCESS","children":[{"number":54,"description":"Verify Response","duration":78,"startTime":1514870040415,"result":"SUCCESS"}]}]},{"number":55,"description":"[1] {report\u003dTC09, logindomain\u003d/MerchantApiWeb/authenticateUser, domainurl\u003d/MerchantApiWeb/rest/registerMerchantUser, status\u003derror, Message\u003dUser not allowed to register, ErrorCode\u003dMPBE00014, userName\u003dTestAutomation22, password\u003dPassword@1, allianceCode\u003dEMS, AuthErrMessage\u003d, Authaccessdenied\u003d, AuthErrCause\u003d, currency\u003dEUR, userType\u003d, pageNumber\u003d1, accountStatus\u003d, profile\u003d, firstName\u003d, lastName\u003d, period\u003d, fromDate\u003d2016-11-02, toDate\u003d2017-11-02, invoiceId\u003d4723680, gsmTopUpFromDate\u003d, gsmTopUpToDate\u003d, invoiceLineItemId\u003d, fundId\u003d1026901, merchId\u003d65902182, fundDate\u003d2017-06-02, fileType\u003dCSV, delimiter\u003d,, bikTermsId\u003d1004321, caTermsId\u003d1004382, loanAmount\u003d100, encUserId\u003d38323057554b4656514572354b2f4e4a2b2b6d6164673d3d, languagePreference\u003dEN, passcode\u003d730194, registerpassword\u003dPassword@1, tcHasAccepted\u003d1, pin\u003d}","duration":2702,"startTime":1514870044903,"result":"SUCCESS","children":[{"number":56,"description":"Given load request for registerMerchantUser \"/MerchantApiWeb/authenticateUser\" and \"/MerchantApiWeb/rest/registerMerchantUser\" and \"TC09\" and \"TestAutomation22\" and \"Password@1\" and \"EMS\"","duration":1412,"startTime":1514870044924,"result":"SUCCESS","children":[{"number":57,"description":"Loadgetrequestdata: https://uat1.merchantportal.firstdata.eu/MerchantApiWeb/authenticateUser","duration":0,"startTime":1514870045020,"result":"SUCCESS"},{"number":58,"description":"Postrequest authenticate user: https://uat1.merchantportal.firstdata.eu/MerchantApiWeb/authenticateUser, TestAutomation22, Password@1, EMS","duration":1276,"startTime":1514870045022,"result":"SUCCESS"},{"number":59,"description":"Loadgetrequestdata requestwithbody: https://uat1.merchantportal.firstdata.eu/MerchantApiWeb/rest/registerMerchantUser","duration":0,"startTime":1514870046310,"result":"SUCCESS"}]},{"number":60,"description":"When post request for registerMerchantUser \"EMS\" and \"38323057554b4656514572354b2f4e4a2b2b6d6164673d3d\" and \"EN\" and \"730194\" and \"Password@1\" and \"1\" and \"\"","duration":987,"startTime":1514870046336,"result":"SUCCESS","children":[{"number":61,"description":"Postrequest register merchant user: https://uat1.merchantportal.firstdata.eu/MerchantApiWeb/rest/registerMerchantUser, EMS, 38323057554b4656514572354b2f4e4a2b2b6d6164673d3d, EN, 730194, Password@1, 1, ","duration":900,"startTime":1514870046349,"result":"SUCCESS"}]},{"number":62,"description":"Then verify registerMerchantUser response status \"error\" and \"MPBE00014\" and \"User not allowed to register\" and \"\" and \"\" and \"\"","duration":282,"startTime":1514870047323,"result":"SUCCESS","children":[{"number":63,"description":"Verify Response","duration":88,"startTime":1514870047371,"result":"SUCCESS"}]}]}],"userStory":{"id":"merchant-portal-application-api-validation","storyName":"Merchant Portal application API validation","path":"APIupdate.feature","type":"feature"},"featureTag":{"name":"Merchant Portal application API validation","type":"feature"},"title":"Verify the api registers the Merchant user","description":"","tags":[{"name":"registerMerchantUser","type":"tag"}],"startTime":1514870001054,"duration":46551,"dataTable":{"headers":["report","logindomain","domainurl","status","Message","ErrorCode","userName","password","allianceCode","AuthErrMessage","Authaccessdenied","AuthErrCause","currency","userType","pageNumber","accountStatus","profile","firstName","lastName","period","fromDate","toDate","invoiceId","gsmTopUpFromDate","gsmTopUpToDate","invoiceLineItemId","fundId","merchId","fundDate","fileType","delimiter","bikTermsId","caTermsId","loanAmount","encUserId","languagePreference","passcode","registerpassword","tcHasAccepted","pin"],"rows":[{"values":["TC03","/MerchantApiWeb/authenticateUser","/MerchantApiWeb/rest/registerMerchantUser","error","Please enter a valid password","MPVE00006","TestAutomation22","Password@1","EMS","","","","EUR","","1","","","","","","2016-11-02","2017-11-02","4723680","","","","1026901","65902182","2017-06-02","CSV",",","1004321","1004382","100","38323057554b4656514572354b2f4e4a2b2b6d6164673d3d","EN","730194","passworda","1",""],"result":"SUCCESS"},{"values":["TC04","/MerchantApiWeb/authenticateUser","/MerchantApiWeb/rest/registerMerchantUser","error","Language Preference cannot be more than 2 characters","MPVE00021","TestAutomation22","Password@1","EMS","","","","EUR","","1","","","","","","2016-11-02","2017-11-02","4723680","","","","1026901","65902182","2017-06-02","CSV",",","1004321","1004382","100","38323057554b4656514572354b2f4e4a2b2b6d6164673d3d","ENGLISH","730194","Password@1","1",""],"result":"SUCCESS"},{"values":["TC05","/MerchantApiWeb/authenticateUser","/MerchantApiWeb/rest/registerMerchantUser","error","Language Preference contain lowercase character , special characters ,empty spaces","MPVE00022","TestAutomation22","Password@1","EMS","","","","EUR","","1","","","","","","2016-11-02","2017-11-02","4723680","","","","1026901","65902182","2017-06-02","CSV",",","1004321","1004382","100","38323057554b4656514572354b2f4e4a2b2b6d6164673d3d","En","730194","Password@1","1",""],"result":"SUCCESS"},{"values":["TC06","/MerchantApiWeb/authenticateUser","/MerchantApiWeb/rest/registerMerchantUser","error","Language Preference contain lowercase character , special characters ,empty spaces","MPVE00022","TestAutomation22","Password@1","EMS","","","","EUR","","1","","","","","","2016-11-02","2017-11-02","4723680","","","","1026901","65902182","2017-06-02","CSV",",","1004321","1004382","100","38323057554b4656514572354b2f4e4a2b2b6d6164673d3d","E@","730194","Password@1","1",""],"result":"SUCCESS"},{"values":["TC07","/MerchantApiWeb/authenticateUser","/MerchantApiWeb/rest/registerMerchantUser","error","Please enter a valid passcode","MPVE00024","TestAutomation22","Password@1","EMS","","","","EUR","","1","","","","","","2016-11-02","2017-11-02","4723680","","","","1026901","65902182","2017-06-02","CSV",",","1004321","1004382","100","38323057554b4656514572354b2f4e4a2b2b6d6164673d3d","EN","730abc","Password@1","1",""],"result":"SUCCESS"},{"values":["TC08","/MerchantApiWeb/authenticateUser","/MerchantApiWeb/rest/registerMerchantUser","error","Please enter a valid passcode","MPVE00024","TestAutomation22","Password@1","EMS","","","","EUR","","1","","","","","","2016-11-02","2017-11-02","4723680","","","","1026901","65902182","2017-06-02","CSV",",","1004321","1004382","100","38323057554b4656514572354b2f4e4a2b2b6d6164673d3d","EN","730@#$","Password@1","1",""],"result":"SUCCESS"},{"values":["TC09","/MerchantApiWeb/authenticateUser","/MerchantApiWeb/rest/registerMerchantUser","error","User not allowed to register","MPBE00014","TestAutomation22","Password@1","EMS","","","","EUR","","1","","","","","","2016-11-02","2017-11-02","4723680","","","","1026901","65902182","2017-06-02","CSV",",","1004321","1004382","100","38323057554b4656514572354b2f4e4a2b2b6d6164673d3d","EN","730194","Password@1","1",""],"result":"SUCCESS"}],"predefinedRows":true,"dataSetDescriptors":[{"startRow":0,"rowCount":0,"name":"","description":""}]},"manual":false,"testSource":"Cucumber","result":"SUCCESS"}