{"name":"Verify the api resets the user\u0027s password as per the input","testSteps":[{"number":1,"description":"[1] {report\u003dTC03, logindomain\u003d/MerchantApiWeb/authenticateUser, domainurl\u003d/MerchantApiWeb/rest/resetPassword, sendpasscodedomain\u003d/MerchantApiWeb/rest/sendPasscode, status\u003derror, Message\u003dPlease enter a valid passcode, ErrorCode\u003dMPVE00024, userName\u003dTestAutomation22, password\u003dPassword@1, allianceCode\u003dEMS, AuthErrMessage\u003d, Authaccessdenied\u003d, AuthErrCause\u003d, currency\u003d, userType\u003d, pageNumber\u003d, accountStatus\u003d, profile\u003d, firstName\u003d, lastName\u003d, sendPasscodeencUserId\u003d6a387872426c5a647a662f77756a705932674b335a773d3d, passcode\u003dasdfeg, smsType\u003dRESET PASSWORD, resetpasswordencUserId\u003d6a387872426c5a647a662f77756a705932674b335a773d3d, resetpassword\u003dPassword@2, pin\u003d}","duration":2372,"startTime":1514870917176,"result":"SUCCESS","children":[{"number":2,"description":"Given load request for resetPassword \"/MerchantApiWeb/authenticateUser\" and \"/MerchantApiWeb/rest/resetPassword\" and \"TC03\" and \"TestAutomation22\" and \"Password@1\" and \"EMS\" and \"6a387872426c5a647a662f77756a705932674b335a773d3d\" and \"RESET PASSWORD\" and \"/MerchantApiWeb/rest/sendPasscode\"","duration":1234,"startTime":1514870917191,"result":"SUCCESS","children":[{"number":3,"description":"Loadgetrequestdata: https://uat1.merchantportal.firstdata.eu/MerchantApiWeb/authenticateUser","duration":2,"startTime":1514870917258,"result":"SUCCESS"},{"number":4,"description":"Postrequest authenticate user: https://uat1.merchantportal.firstdata.eu/MerchantApiWeb/authenticateUser, TestAutomation22, Password@1, EMS","duration":1123,"startTime":1514870917261,"result":"SUCCESS"},{"number":5,"description":"Loadgetrequestdata requestwithbody: https://uat1.merchantportal.firstdata.eu/MerchantApiWeb/rest/resetPassword","duration":1,"startTime":1514870918401,"result":"SUCCESS"}]},{"number":6,"description":"When post request for resetPassword \"EMS\" and \"asdfeg\" and \"6a387872426c5a647a662f77756a705932674b335a773d3d\" and \"Password@2\" and \"\"","duration":949,"startTime":1514870918426,"result":"SUCCESS","children":[{"number":7,"description":"Postrequest reset password: https://uat1.merchantportal.firstdata.eu/MerchantApiWeb/rest/resetPassword, EMS, asdfeg, 6a387872426c5a647a662f77756a705932674b335a773d3d, Password@2, ","duration":889,"startTime":1514870918438,"result":"SUCCESS"}]},{"number":8,"description":"Then verify resetPassword response status \"error\" and \"MPVE00024\" and \"Please enter a valid passcode\" and \"\" and \"\" and \"\"","duration":172,"startTime":1514870919376,"result":"SUCCESS","children":[{"number":9,"description":"Verify Response","duration":52,"startTime":1514870919386,"result":"SUCCESS"}]}]},{"number":10,"description":"[1] {report\u003dTC04, logindomain\u003d/MerchantApiWeb/authenticateUser, domainurl\u003d/MerchantApiWeb/rest/resetPassword, sendpasscodedomain\u003d/MerchantApiWeb/rest/sendPasscode, status\u003derror, Message\u003dPasscode must be of 6 digit, ErrorCode\u003dMPVE00025, userName\u003dTestAutomation22, password\u003dPassword@1, allianceCode\u003dEMS, AuthErrMessage\u003d, Authaccessdenied\u003d, AuthErrCause\u003d, currency\u003d, userType\u003d, pageNumber\u003d, accountStatus\u003d, profile\u003d, firstName\u003d, lastName\u003d, sendPasscodeencUserId\u003d6a387872426c5a647a662f77756a705932674b335a773d3d, passcode\u003d1234, smsType\u003dRESET PASSWORD, resetpasswordencUserId\u003d6a387872426c5a647a662f77756a705932674b335a773d3d, resetpassword\u003dPassword@2, pin\u003d}","duration":2369,"startTime":1514870922653,"result":"SUCCESS","children":[{"number":11,"description":"Given load request for resetPassword \"/MerchantApiWeb/authenticateUser\" and \"/MerchantApiWeb/rest/resetPassword\" and \"TC04\" and \"TestAutomation22\" and \"Password@1\" and \"EMS\" and \"6a387872426c5a647a662f77756a705932674b335a773d3d\" and \"RESET PASSWORD\" and \"/MerchantApiWeb/rest/sendPasscode\"","duration":1189,"startTime":1514870922669,"result":"SUCCESS","children":[{"number":12,"description":"Loadgetrequestdata: https://uat1.merchantportal.firstdata.eu/MerchantApiWeb/authenticateUser","duration":1,"startTime":1514870922743,"result":"SUCCESS"},{"number":13,"description":"Postrequest authenticate user: https://uat1.merchantportal.firstdata.eu/MerchantApiWeb/authenticateUser, TestAutomation22, Password@1, EMS","duration":1076,"startTime":1514870922745,"result":"SUCCESS"},{"number":14,"description":"Loadgetrequestdata requestwithbody: https://uat1.merchantportal.firstdata.eu/MerchantApiWeb/rest/resetPassword","duration":1,"startTime":1514870923829,"result":"SUCCESS"}]},{"number":15,"description":"When post request for resetPassword \"EMS\" and \"1234\" and \"6a387872426c5a647a662f77756a705932674b335a773d3d\" and \"Password@2\" and \"\"","duration":968,"startTime":1514870923859,"result":"SUCCESS","children":[{"number":16,"description":"Postrequest reset password: https://uat1.merchantportal.firstdata.eu/MerchantApiWeb/rest/resetPassword, EMS, 1234, 6a387872426c5a647a662f77756a705932674b335a773d3d, Password@2, ","duration":899,"startTime":1514870923876,"result":"SUCCESS"}]},{"number":17,"description":"Then verify resetPassword response status \"error\" and \"MPVE00025\" and \"Passcode must be of 6 digit\" and \"\" and \"\" and \"\"","duration":195,"startTime":1514870924827,"result":"SUCCESS","children":[{"number":18,"description":"Verify Response","duration":54,"startTime":1514870924839,"result":"SUCCESS"}]}]}],"userStory":{"id":"merchant-portal-application-api-validation","storyName":"Merchant Portal application API validation","path":"APIupdate.feature","type":"feature"},"featureTag":{"name":"Merchant Portal application API validation","type":"feature"},"title":"Verify the api resets the user\u0027s password as per the input","description":"","tags":[{"name":"resetPassword","type":"tag"}],"startTime":1514870917175,"duration":7847,"dataTable":{"headers":["report","logindomain","domainurl","sendpasscodedomain","status","Message","ErrorCode","userName","password","allianceCode","AuthErrMessage","Authaccessdenied","AuthErrCause","currency","userType","pageNumber","accountStatus","profile","firstName","lastName","sendPasscodeencUserId","passcode","smsType","resetpasswordencUserId","resetpassword","pin"],"rows":[{"values":["TC03","/MerchantApiWeb/authenticateUser","/MerchantApiWeb/rest/resetPassword","/MerchantApiWeb/rest/sendPasscode","error","Please enter a valid passcode","MPVE00024","TestAutomation22","Password@1","EMS","","","","","","","","","","","6a387872426c5a647a662f77756a705932674b335a773d3d","asdfeg","RESET PASSWORD","6a387872426c5a647a662f77756a705932674b335a773d3d","Password@2",""],"result":"SUCCESS"},{"values":["TC04","/MerchantApiWeb/authenticateUser","/MerchantApiWeb/rest/resetPassword","/MerchantApiWeb/rest/sendPasscode","error","Passcode must be of 6 digit","MPVE00025","TestAutomation22","Password@1","EMS","","","","","","","","","","","6a387872426c5a647a662f77756a705932674b335a773d3d","1234","RESET PASSWORD","6a387872426c5a647a662f77756a705932674b335a773d3d","Password@2",""],"result":"SUCCESS"}],"predefinedRows":true,"dataSetDescriptors":[{"startRow":0,"rowCount":0,"name":"","description":""}]},"manual":false,"testSource":"Cucumber","result":"SUCCESS"}