{"name":"Verify the api exports the details of the funding","testSteps":[{"number":1,"description":"[1] {report\u003dTC01, logindomain\u003d/MerchantApiWeb/authenticateUser, domainurl\u003d/MerchantApiWeb/rest/secure/user/financialData/export/exportFundingDetails, status\u003dsuccess, Message\u003d, ErrorCode\u003d, userName\u003dTestAutomation22, password\u003dPassword@1, allianceCode\u003dEMS, AuthErrMessage\u003d, Authaccessdenied\u003d, AuthErrCause\u003d, currency\u003dEUR, userType\u003d, pageNumber\u003d1, accountStatus\u003d, profile\u003d, firstName\u003d, lastName\u003d, period\u003d, fromDate\u003d2016-11-02, toDate\u003d2017-11-02, invoiceId\u003d4723680, gsmTopUpFromDate\u003d, gsmTopUpToDate\u003d, invoiceLineItemId\u003d, fundId\u003d1026901, merchId\u003d65902182, fundDate\u003d2017-06-02, fileType\u003dCSV, delimiter\u003d,}","duration":38778,"startTime":1514870774461,"result":"SUCCESS","children":[{"number":2,"description":"Given load request for exportFundingDetails \"/MerchantApiWeb/authenticateUser\" and \"/MerchantApiWeb/rest/secure/user/financialData/export/exportFundingDetails\" and \"TC01\" and \"TestAutomation22\" and \"Password@1\" and \"EMS\"","duration":1383,"startTime":1514870774481,"result":"SUCCESS","children":[{"number":3,"description":"Loadgetrequestdata: https://uat1.merchantportal.firstdata.eu/MerchantApiWeb/authenticateUser","duration":0,"startTime":1514870774594,"result":"SUCCESS"},{"number":4,"description":"Postrequest authenticate user: https://uat1.merchantportal.firstdata.eu/MerchantApiWeb/authenticateUser, TestAutomation22, Password@1, EMS","duration":1238,"startTime":1514870774595,"result":"SUCCESS"},{"number":5,"description":"Loadgetrequestdata export download: https://uat1.merchantportal.firstdata.eu/MerchantApiWeb/rest/secure/user/financialData/export/exportFundingDetails","duration":0,"startTime":1514870775842,"result":"SUCCESS"}]},{"number":6,"description":"When post get request for exportFundingDetails \"2017-06-02\" and \"1026901\" and \"CSV\" and \",\"","duration":37167,"startTime":1514870775865,"result":"SUCCESS","children":[{"number":7,"description":"Post GET request export funding details: https://uat1.merchantportal.firstdata.eu/MerchantApiWeb/rest/secure/user/financialData/export/exportFundingDetails, 2017-06-02, 1026901, CSV, ,","duration":37082,"startTime":1514870775878,"result":"SUCCESS"}]},{"number":8,"description":"Then verify exportFundingDetails response status \"success\" and \"\" and \"\" and \"\" and \"\" and \"\"","duration":205,"startTime":1514870813033,"result":"SUCCESS","children":[{"number":9,"description":"Verify Download file Response","duration":134,"startTime":1514870813045,"result":"SUCCESS"}]}]},{"number":10,"description":"[1] {report\u003dTC02, logindomain\u003d/MerchantApiWeb/authenticateUser, domainurl\u003d/MerchantApiWeb/rest/secure/user/financialData/export/exportFundingDetails, status\u003dsuccess, Message\u003d, ErrorCode\u003d, userName\u003dTestAutomation22, password\u003dPassword@1, allianceCode\u003dEMS, AuthErrMessage\u003d, Authaccessdenied\u003d, AuthErrCause\u003d, currency\u003dEUR, userType\u003d, pageNumber\u003d1, accountStatus\u003d, profile\u003d, firstName\u003d, lastName\u003d, period\u003d, fromDate\u003d2016-11-02, toDate\u003d2017-11-02, invoiceId\u003d4723680, gsmTopUpFromDate\u003d, gsmTopUpToDate\u003d, invoiceLineItemId\u003d, fundId\u003d1026901, merchId\u003d65902182, fundDate\u003d2017-06-02, fileType\u003dXML, delimiter\u003d,}","duration":11657,"startTime":1514870817228,"result":"SUCCESS","children":[{"number":11,"description":"Given load request for exportFundingDetails \"/MerchantApiWeb/authenticateUser\" and \"/MerchantApiWeb/rest/secure/user/financialData/export/exportFundingDetails\" and \"TC02\" and \"TestAutomation22\" and \"Password@1\" and \"EMS\"","duration":1291,"startTime":1514870817338,"result":"SUCCESS","children":[{"number":12,"description":"Loadgetrequestdata: https://uat1.merchantportal.firstdata.eu/MerchantApiWeb/authenticateUser","duration":1,"startTime":1514870817414,"result":"SUCCESS"},{"number":13,"description":"Postrequest authenticate user: https://uat1.merchantportal.firstdata.eu/MerchantApiWeb/authenticateUser, TestAutomation22, Password@1, EMS","duration":1174,"startTime":1514870817416,"result":"SUCCESS"},{"number":14,"description":"Loadgetrequestdata export download: https://uat1.merchantportal.firstdata.eu/MerchantApiWeb/rest/secure/user/financialData/export/exportFundingDetails","duration":0,"startTime":1514870818597,"result":"SUCCESS"}]},{"number":15,"description":"When post get request for exportFundingDetails \"2017-06-02\" and \"1026901\" and \"XML\" and \",\"","duration":10116,"startTime":1514870818629,"result":"SUCCESS","children":[{"number":16,"description":"Post GET request export funding details: https://uat1.merchantportal.firstdata.eu/MerchantApiWeb/rest/secure/user/financialData/export/exportFundingDetails, 2017-06-02, 1026901, XML, ,","duration":10040,"startTime":1514870818646,"result":"SUCCESS"}]},{"number":17,"description":"Then verify exportFundingDetails response status \"success\" and \"\" and \"\" and \"\" and \"\" and \"\"","duration":139,"startTime":1514870828746,"result":"SUCCESS","children":[{"number":18,"description":"Verify Download file Response","duration":91,"startTime":1514870828760,"result":"SUCCESS"}]}]},{"number":19,"description":"[1] {report\u003dTC03, logindomain\u003d/MerchantApiWeb/authenticateUser, domainurl\u003d/MerchantApiWeb/rest/secure/user/financialData/export/exportFundingDetails, status\u003dsuccess, Message\u003d, ErrorCode\u003d, userName\u003dTestAutomation22, password\u003dPassword@1, allianceCode\u003dEMS, AuthErrMessage\u003d, Authaccessdenied\u003d, AuthErrCause\u003d, currency\u003dEUR, userType\u003d, pageNumber\u003d1, accountStatus\u003d, profile\u003d, firstName\u003d, lastName\u003d, period\u003d, fromDate\u003d2016-11-02, toDate\u003d2017-11-02, invoiceId\u003d4723680, gsmTopUpFromDate\u003d, gsmTopUpToDate\u003d, invoiceLineItemId\u003d, fundId\u003d1026901, merchId\u003d65902182, fundDate\u003d2017-06-02, fileType\u003dXLS, delimiter\u003d,}","duration":6540,"startTime":1514870832963,"result":"SUCCESS","children":[{"number":20,"description":"Given load request for exportFundingDetails \"/MerchantApiWeb/authenticateUser\" and \"/MerchantApiWeb/rest/secure/user/financialData/export/exportFundingDetails\" and \"TC03\" and \"TestAutomation22\" and \"Password@1\" and \"EMS\"","duration":1194,"startTime":1514870832986,"result":"SUCCESS","children":[{"number":21,"description":"Loadgetrequestdata: https://uat1.merchantportal.firstdata.eu/MerchantApiWeb/authenticateUser","duration":0,"startTime":1514870833072,"result":"SUCCESS"},{"number":22,"description":"Postrequest authenticate user: https://uat1.merchantportal.firstdata.eu/MerchantApiWeb/authenticateUser, TestAutomation22, Password@1, EMS","duration":1072,"startTime":1514870833074,"result":"SUCCESS"},{"number":23,"description":"Loadgetrequestdata export download: https://uat1.merchantportal.firstdata.eu/MerchantApiWeb/rest/secure/user/financialData/export/exportFundingDetails","duration":0,"startTime":1514870834154,"result":"SUCCESS"}]},{"number":24,"description":"When post get request for exportFundingDetails \"2017-06-02\" and \"1026901\" and \"XLS\" and \",\"","duration":4598,"startTime":1514870834181,"result":"SUCCESS","children":[{"number":25,"description":"Post GET request export funding details: https://uat1.merchantportal.firstdata.eu/MerchantApiWeb/rest/secure/user/financialData/export/exportFundingDetails, 2017-06-02, 1026901, XLS, ,","duration":4217,"startTime":1514870834196,"result":"SUCCESS"}]},{"number":26,"description":"Then verify exportFundingDetails response status \"success\" and \"\" and \"\" and \"\" and \"\" and \"\"","duration":723,"startTime":1514870838780,"result":"SUCCESS","children":[{"number":27,"description":"Verify Download file Response","duration":636,"startTime":1514870838796,"result":"SUCCESS"}]}]},{"number":28,"description":"[1] {report\u003dTC04, logindomain\u003d/MerchantApiWeb/authenticateUser, domainurl\u003d/MerchantApiWeb/rest/secure/user/financialData/export/exportFundingDetails, status\u003derror, Message\u003dInvalid Date format, ErrorCode\u003dMPVE00051, userName\u003dTestAutomation22, password\u003dPassword@1, allianceCode\u003dEMS, AuthErrMessage\u003d, Authaccessdenied\u003d, AuthErrCause\u003d, currency\u003dEUR, userType\u003d, pageNumber\u003d1, accountStatus\u003d, profile\u003d, firstName\u003d, lastName\u003d, period\u003d, fromDate\u003d20161102, toDate\u003d2017-11-02, invoiceId\u003d4723680, gsmTopUpFromDate\u003d, gsmTopUpToDate\u003d, invoiceLineItemId\u003d, fundId\u003d1026901, merchId\u003d65902182, fundDate\u003d20171115, fileType\u003d, delimiter\u003d}","duration":2633,"startTime":1514870844698,"result":"SUCCESS","children":[{"number":29,"description":"Given load request for exportFundingDetails \"/MerchantApiWeb/authenticateUser\" and \"/MerchantApiWeb/rest/secure/user/financialData/export/exportFundingDetails\" and \"TC04\" and \"TestAutomation22\" and \"Password@1\" and \"EMS\"","duration":1210,"startTime":1514870844717,"result":"SUCCESS","children":[{"number":30,"description":"Loadgetrequestdata: https://uat1.merchantportal.firstdata.eu/MerchantApiWeb/authenticateUser","duration":0,"startTime":1514870844816,"result":"SUCCESS"},{"number":31,"description":"Postrequest authenticate user: https://uat1.merchantportal.firstdata.eu/MerchantApiWeb/authenticateUser, TestAutomation22, Password@1, EMS","duration":1071,"startTime":1514870844817,"result":"SUCCESS"},{"number":32,"description":"Loadgetrequestdata export download: https://uat1.merchantportal.firstdata.eu/MerchantApiWeb/rest/secure/user/financialData/export/exportFundingDetails","duration":1,"startTime":1514870845901,"result":"SUCCESS"}]},{"number":33,"description":"When post get request for exportFundingDetails \"20171115\" and \"1026901\" and \"\" and \"\"","duration":920,"startTime":1514870845928,"result":"SUCCESS","children":[{"number":34,"description":"Post GET request export funding details: https://uat1.merchantportal.firstdata.eu/MerchantApiWeb/rest/secure/user/financialData/export/exportFundingDetails, 20171115, 1026901, , ","duration":830,"startTime":1514870845944,"result":"SUCCESS"}]},{"number":35,"description":"Then verify exportFundingDetails response status \"error\" and \"MPVE00051\" and \"Invalid Date format\" and \"\" and \"\" and \"\"","duration":482,"startTime":1514870846849,"result":"SUCCESS","children":[{"number":36,"description":"Verify Download file Response","duration":236,"startTime":1514870846882,"result":"SUCCESS"}]}]}],"userStory":{"id":"merchant-portal-application-api-validation","storyName":"Merchant Portal application API validation","path":"APIupdate.feature","type":"feature"},"featureTag":{"name":"Merchant Portal application API validation","type":"feature"},"title":"Verify the api exports the details of the funding","description":"","tags":[{"name":"exportFundingDetails","type":"tag"}],"startTime":1514870774461,"duration":72870,"dataTable":{"headers":["report","logindomain","domainurl","status","Message","ErrorCode","userName","password","allianceCode","AuthErrMessage","Authaccessdenied","AuthErrCause","currency","userType","pageNumber","accountStatus","profile","firstName","lastName","period","fromDate","toDate","invoiceId","gsmTopUpFromDate","gsmTopUpToDate","invoiceLineItemId","fundId","merchId","fundDate","fileType","delimiter"],"rows":[{"values":["TC01","/MerchantApiWeb/authenticateUser","/MerchantApiWeb/rest/secure/user/financialData/export/exportFundingDetails","success","","","TestAutomation22","Password@1","EMS","","","","EUR","","1","","","","","","2016-11-02","2017-11-02","4723680","","","","1026901","65902182","2017-06-02","CSV",","],"result":"SUCCESS"},{"values":["TC02","/MerchantApiWeb/authenticateUser","/MerchantApiWeb/rest/secure/user/financialData/export/exportFundingDetails","success","","","TestAutomation22","Password@1","EMS","","","","EUR","","1","","","","","","2016-11-02","2017-11-02","4723680","","","","1026901","65902182","2017-06-02","XML",","],"result":"SUCCESS"},{"values":["TC03","/MerchantApiWeb/authenticateUser","/MerchantApiWeb/rest/secure/user/financialData/export/exportFundingDetails","success","","","TestAutomation22","Password@1","EMS","","","","EUR","","1","","","","","","2016-11-02","2017-11-02","4723680","","","","1026901","65902182","2017-06-02","XLS",","],"result":"SUCCESS"},{"values":["TC04","/MerchantApiWeb/authenticateUser","/MerchantApiWeb/rest/secure/user/financialData/export/exportFundingDetails","error","Invalid Date format","MPVE00051","TestAutomation22","Password@1","EMS","","","","EUR","","1","","","","","","20161102","2017-11-02","4723680","","","","1026901","65902182","20171115","",""],"result":"SUCCESS"}],"predefinedRows":true,"dataSetDescriptors":[{"startRow":0,"rowCount":0,"name":"","description":""}]},"manual":false,"testSource":"Cucumber","result":"SUCCESS"}