{"name":"Verify the api retrieves the user details of the current logged in user.","testSteps":[{"number":1,"description":"[1] {report\u003dTC01, logindomain\u003d/MerchantApiWeb/authenticateUser, domainurl\u003d/MerchantApiWeb/rest/secure/user/getUserDetails, status\u003dsuccess, Message\u003d, ErrorCode\u003d, userName\u003dTestAutomation22, password\u003dPassword@1, allianceCode\u003dEMS, AuthErrMessage\u003d, Authaccessdenied\u003d, AuthErrCause\u003d, currency\u003d, userType\u003d, pageNumber\u003d, accountStatus\u003d, profile\u003d, firstName\u003d, lastName\u003d}","duration":2701,"startTime":1514870424647,"result":"SUCCESS","children":[{"number":2,"description":"Given load request for getUserDetails \"/MerchantApiWeb/authenticateUser\" and \"/MerchantApiWeb/rest/secure/user/getUserDetails\" and \"TC01\" and \"TestAutomation22\" and \"Password@1\" and \"EMS\"","duration":1386,"startTime":1514870424663,"result":"SUCCESS","children":[{"number":3,"description":"Loadgetrequestdata: https://uat1.merchantportal.firstdata.eu/MerchantApiWeb/authenticateUser","duration":0,"startTime":1514870424793,"result":"SUCCESS"},{"number":4,"description":"Postrequest authenticate user: https://uat1.merchantportal.firstdata.eu/MerchantApiWeb/authenticateUser, TestAutomation22, Password@1, EMS","duration":1218,"startTime":1514870424795,"result":"SUCCESS"},{"number":5,"description":"Loadgetrequestdata authenticated: https://uat1.merchantportal.firstdata.eu/MerchantApiWeb/rest/secure/user/getUserDetails, 33bbe85a-5e10-430b-b9e7-7a2a74cf5595","duration":0,"startTime":1514870426022,"result":"SUCCESS"}]},{"number":6,"description":"When post get request for getUserDetails","duration":1111,"startTime":1514870426049,"result":"SUCCESS","children":[{"number":7,"description":"Post GET request get user details: https://uat1.merchantportal.firstdata.eu/MerchantApiWeb/rest/secure/user/getUserDetails","duration":964,"startTime":1514870426065,"result":"SUCCESS"}]},{"number":8,"description":"Then verify getUserDetails response status \"success\" and \"\" and \"\" and \"\" and \"\" and \"\"","duration":187,"startTime":1514870427161,"result":"SUCCESS","children":[{"number":9,"description":"Verify Response","duration":26,"startTime":1514870427222,"result":"SUCCESS"}]}]}],"userStory":{"id":"merchant-portal-application-api-validation","storyName":"Merchant Portal application API validation","path":"APIupdate.feature","type":"feature"},"featureTag":{"name":"Merchant Portal application API validation","type":"feature"},"title":"Verify the api retrieves the user details of the current logged in user.","description":"","tags":[{"name":"getUserDetails","type":"tag"}],"startTime":1514870424647,"duration":2702,"dataTable":{"headers":["report","logindomain","domainurl","status","Message","ErrorCode","userName","password","allianceCode","AuthErrMessage","Authaccessdenied","AuthErrCause","currency","userType","pageNumber","accountStatus","profile","firstName","lastName"],"rows":[{"values":["TC01","/MerchantApiWeb/authenticateUser","/MerchantApiWeb/rest/secure/user/getUserDetails","success","","","TestAutomation22","Password@1","EMS","","","","","","","","","",""],"result":"SUCCESS"}],"predefinedRows":true,"dataSetDescriptors":[{"startRow":0,"rowCount":0,"name":"","description":""}]},"manual":false,"testSource":"Cucumber","result":"SUCCESS"}