{"name":"Verify the api retrieves the summary of the funding AggDetail for the impersonated user","testSteps":[{"number":1,"description":"[1] {report\u003dTC01, logindomain\u003d/MerchantApiWeb/authenticateUser, domainurl\u003d/MerchantApiWeb/rest/secure/impersonation/user/financialData/funding/getFundingAggDetailSummary, status\u003dsuccess, Message\u003d, ErrorCode\u003d, userName\u003dTestAutomationFDP3, password\u003dPassword@1, allianceCode\u003dEMS, AuthErrMessage\u003d, Authaccessdenied\u003d, AuthErrCause\u003d, currency\u003dEUR, userType\u003d, pageNumber\u003d, accountStatus\u003d, profile\u003d, firstName\u003d, lastName\u003d, period\u003d, fromDate\u003d2016-11-02, toDate\u003d2017-11-02, invoiceId\u003d4723680, gsmTopUpFromDate\u003d2016-11-02, gsmTopUpToDate\u003d2017-11-02, invoiceLineItemId\u003d, fundId\u003d5121421, merchId\u003d65902182, pseudoUserName\u003dTheBatman}","duration":4062,"startTime":1514871450442,"result":"SUCCESS","children":[{"number":2,"description":"Given load request for getFundingAggDetailSummaryImpersonation \"/MerchantApiWeb/authenticateUser\" and \"/MerchantApiWeb/rest/secure/impersonation/user/financialData/funding/getFundingAggDetailSummary\" and \"TC01\" and \"TestAutomationFDP3\" and \"Password@1\" and \"EMS\"","duration":2862,"startTime":1514871450455,"result":"SUCCESS","children":[{"number":3,"description":"Loadgetrequestdata: https://uat1.merchantportal.firstdata.eu/MerchantApiWeb/authenticateUser","duration":0,"startTime":1514871450579,"result":"SUCCESS"},{"number":4,"description":"Postrequest authenticate user: https://uat1.merchantportal.firstdata.eu/MerchantApiWeb/authenticateUser, TestAutomationFDP3, Password@1, EMS","duration":2702,"startTime":1514871450580,"result":"SUCCESS"},{"number":5,"description":"Loadgetrequestdata uniqueauthentication: https://uat1.merchantportal.firstdata.eu/MerchantApiWeb/rest/secure/impersonation/user/financialData/funding/getFundingAggDetailSummary","duration":1,"startTime":1514871453290,"result":"SUCCESS"}]},{"number":6,"description":"When post get request for getFundingAggDetailSummaryImpersonation \"EUR\" and \"TheBatman\"","duration":1101,"startTime":1514871453318,"result":"SUCCESS","children":[{"number":7,"description":"Post GET request get funding agg detail summary impersonation: https://uat1.merchantportal.firstdata.eu/MerchantApiWeb/rest/secure/impersonation/user/financialData/funding/getFundingAggDetailSummary, EUR, TheBatman","duration":1035,"startTime":1514871453333,"result":"SUCCESS"}]},{"number":8,"description":"Then verify getFundingAggDetailSummaryImpersonation response status \"success\" and \"\" and \"\" and \"\" and \"\" and \"\"","duration":85,"startTime":1514871454419,"result":"SUCCESS","children":[{"number":9,"description":"Verify Response","duration":22,"startTime":1514871454433,"result":"SUCCESS"}]}]},{"number":10,"description":"[1] {report\u003dTC02, logindomain\u003d/MerchantApiWeb/authenticateUser, domainurl\u003d/MerchantApiWeb/rest/secure/impersonation/user/financialData/funding/getFundingAggDetailSummary, status\u003derror, Message\u003dUsername does not exist, ErrorCode\u003dMPBE00004, userName\u003dTestAutomationFDP3, password\u003dPassword@1, allianceCode\u003dEMS, AuthErrMessage\u003d, Authaccessdenied\u003d, AuthErrCause\u003d, currency\u003dEUR, userType\u003d, pageNumber\u003d, accountStatus\u003d, profile\u003d, firstName\u003d, lastName\u003d, period\u003d, fromDate\u003d2016-11-02, toDate\u003d2017-11-02, invoiceId\u003d4723680, gsmTopUpFromDate\u003d2016-11-02, gsmTopUpToDate\u003d2017-11-02, invoiceLineItemId\u003d, fundId\u003d5121421, merchId\u003d65902182, pseudoUserName\u003dTestabcd123}","duration":4980,"startTime":1514871458813,"result":"SUCCESS","children":[{"number":11,"description":"Given load request for getFundingAggDetailSummaryImpersonation \"/MerchantApiWeb/authenticateUser\" and \"/MerchantApiWeb/rest/secure/impersonation/user/financialData/funding/getFundingAggDetailSummary\" and \"TC02\" and \"TestAutomationFDP3\" and \"Password@1\" and \"EMS\"","duration":3638,"startTime":1514871458827,"result":"SUCCESS","children":[{"number":12,"description":"Loadgetrequestdata: https://uat1.merchantportal.firstdata.eu/MerchantApiWeb/authenticateUser","duration":1,"startTime":1514871458934,"result":"SUCCESS"},{"number":13,"description":"Postrequest authenticate user: https://uat1.merchantportal.firstdata.eu/MerchantApiWeb/authenticateUser, TestAutomationFDP3, Password@1, EMS","duration":3494,"startTime":1514871458936,"result":"SUCCESS"},{"number":14,"description":"Loadgetrequestdata uniqueauthentication: https://uat1.merchantportal.firstdata.eu/MerchantApiWeb/rest/secure/impersonation/user/financialData/funding/getFundingAggDetailSummary","duration":1,"startTime":1514871462443,"result":"SUCCESS"}]},{"number":15,"description":"When post get request for getFundingAggDetailSummaryImpersonation \"EUR\" and \"Testabcd123\"","duration":939,"startTime":1514871462466,"result":"SUCCESS","children":[{"number":16,"description":"Post GET request get funding agg detail summary impersonation: https://uat1.merchantportal.firstdata.eu/MerchantApiWeb/rest/secure/impersonation/user/financialData/funding/getFundingAggDetailSummary, EUR, Testabcd123","duration":837,"startTime":1514871462482,"result":"SUCCESS"}]},{"number":17,"description":"Then verify getFundingAggDetailSummaryImpersonation response status \"error\" and \"MPBE00004\" and \"Username does not exist\" and \"\" and \"\" and \"\"","duration":387,"startTime":1514871463406,"result":"SUCCESS","children":[{"number":18,"description":"Verify Response","duration":141,"startTime":1514871463419,"result":"SUCCESS"}]}]}],"userStory":{"id":"merchant-portal-application-api-validation","storyName":"Merchant Portal application API validation","path":"APIupdate.feature","type":"feature"},"featureTag":{"name":"Merchant Portal application API validation","type":"feature"},"title":"Verify the api retrieves the summary of the funding AggDetail for the impersonated user","description":"","tags":[{"name":"getFundingAggDetailSummaryImpersonation","type":"tag"}],"startTime":1514871450442,"duration":13351,"dataTable":{"headers":["report","logindomain","domainurl","status","Message","ErrorCode","userName","password","allianceCode","AuthErrMessage","Authaccessdenied","AuthErrCause","currency","userType","pageNumber","accountStatus","profile","firstName","lastName","period","fromDate","toDate","invoiceId","gsmTopUpFromDate","gsmTopUpToDate","invoiceLineItemId","fundId","merchId","pseudoUserName"],"rows":[{"values":["TC01","/MerchantApiWeb/authenticateUser","/MerchantApiWeb/rest/secure/impersonation/user/financialData/funding/getFundingAggDetailSummary","success","","","TestAutomationFDP3","Password@1","EMS","","","","EUR","","","","","","","","2016-11-02","2017-11-02","4723680","2016-11-02","2017-11-02","","5121421","65902182","TheBatman"],"result":"SUCCESS"},{"values":["TC02","/MerchantApiWeb/authenticateUser","/MerchantApiWeb/rest/secure/impersonation/user/financialData/funding/getFundingAggDetailSummary","error","Username does not exist","MPBE00004","TestAutomationFDP3","Password@1","EMS","","","","EUR","","","","","","","","2016-11-02","2017-11-02","4723680","2016-11-02","2017-11-02","","5121421","65902182","Testabcd123"],"result":"SUCCESS"}],"predefinedRows":true,"dataSetDescriptors":[{"startRow":0,"rowCount":0,"name":"","description":""}]},"manual":false,"testSource":"Cucumber","result":"SUCCESS"}