{"name":"Verify the api retrieves the User\u0027s list","testSteps":[{"number":1,"description":"[1] {report\u003dTC01, logindomain\u003d/MerchantApiWeb/authenticateUser, domainurl\u003d/MerchantApiWeb/rest/secure/user/getUserList, status\u003dsuccess, Message\u003d, ErrorCode\u003d, userName\u003dTestAutomation22, password\u003dPassword@1, allianceCode\u003dEMS, AuthErrMessage\u003d, Authaccessdenied\u003d, AuthErrCause\u003d, currency\u003d, userType\u003d, pageNumber\u003d1, accountStatus\u003dActive, profile\u003dBusinessOwner, firstName\u003dDemo, lastName\u003dDemo, getuserlist_userName\u003dTestAutomation22}","duration":2861,"startTime":1514870431342,"result":"SUCCESS","children":[{"number":2,"description":"Given load request for getUserList \"/MerchantApiWeb/authenticateUser\" and \"/MerchantApiWeb/rest/secure/user/getUserList\" and \"TC01\" and \"TestAutomation22\" and \"Password@1\" and \"EMS\"","duration":1274,"startTime":1514870431360,"result":"SUCCESS","children":[{"number":3,"description":"Loadgetrequestdata: https://uat1.merchantportal.firstdata.eu/MerchantApiWeb/authenticateUser","duration":1,"startTime":1514870431423,"result":"SUCCESS"},{"number":4,"description":"Postrequest authenticate user: https://uat1.merchantportal.firstdata.eu/MerchantApiWeb/authenticateUser, TestAutomation22, Password@1, EMS","duration":1166,"startTime":1514870431425,"result":"SUCCESS"},{"number":5,"description":"Loadgetrequestdata authenticated: https://uat1.merchantportal.firstdata.eu/MerchantApiWeb/rest/secure/user/getUserList, 33bbe85a-5e10-430b-b9e7-7a2a74cf5595","duration":0,"startTime":1514870432602,"result":"SUCCESS"}]},{"number":6,"description":"When post get request for getUserList \"1\" and \"Active\" and \"BusinessOwner\" and \"Demo\" and \"Demo\" and \"TestAutomation22\"","duration":1489,"startTime":1514870432635,"result":"SUCCESS","children":[{"number":7,"description":"Post GET request get user list: https://uat1.merchantportal.firstdata.eu/MerchantApiWeb/rest/secure/user/getUserList, 1, Active, BusinessOwner, Demo, Demo, TestAutomation22","duration":1427,"startTime":1514870432648,"result":"SUCCESS"}]},{"number":8,"description":"Then verify getUserList response status \"success\" and \"\" and \"\" and \"\" and \"\" and \"\"","duration":79,"startTime":1514870434124,"result":"SUCCESS","children":[{"number":9,"description":"Verify Response","duration":19,"startTime":1514870434141,"result":"SUCCESS"}]}]},{"number":10,"description":"[1] {report\u003dTC02, logindomain\u003d/MerchantApiWeb/authenticateUser, domainurl\u003d/MerchantApiWeb/rest/secure/user/getUserList, status\u003dsuccess, Message\u003d, ErrorCode\u003d, userName\u003dTestAutomation22, password\u003dPassword@1, allianceCode\u003dEMS, AuthErrMessage\u003d, Authaccessdenied\u003d, AuthErrCause\u003d, currency\u003d, userType\u003d, pageNumber\u003d1, accountStatus\u003dINACTIVE, profile\u003dBusinessOwner, firstName\u003dDemo, lastName\u003dDemo, getuserlist_userName\u003dTestAutomation22}","duration":2228,"startTime":1514870437335,"result":"SUCCESS","children":[{"number":11,"description":"Given load request for getUserList \"/MerchantApiWeb/authenticateUser\" and \"/MerchantApiWeb/rest/secure/user/getUserList\" and \"TC02\" and \"TestAutomation22\" and \"Password@1\" and \"EMS\"","duration":1194,"startTime":1514870437350,"result":"SUCCESS","children":[{"number":12,"description":"Loadgetrequestdata: https://uat1.merchantportal.firstdata.eu/MerchantApiWeb/authenticateUser","duration":1,"startTime":1514870437419,"result":"SUCCESS"},{"number":13,"description":"Postrequest authenticate user: https://uat1.merchantportal.firstdata.eu/MerchantApiWeb/authenticateUser, TestAutomation22, Password@1, EMS","duration":1093,"startTime":1514870437421,"result":"SUCCESS"},{"number":14,"description":"Loadgetrequestdata authenticated: https://uat1.merchantportal.firstdata.eu/MerchantApiWeb/rest/secure/user/getUserList, 33bbe85a-5e10-430b-b9e7-7a2a74cf5595","duration":0,"startTime":1514870438522,"result":"SUCCESS"}]},{"number":15,"description":"When post get request for getUserList \"1\" and \"INACTIVE\" and \"BusinessOwner\" and \"Demo\" and \"Demo\" and \"TestAutomation22\"","duration":942,"startTime":1514870438544,"result":"SUCCESS","children":[{"number":16,"description":"Post GET request get user list: https://uat1.merchantportal.firstdata.eu/MerchantApiWeb/rest/secure/user/getUserList, 1, INACTIVE, BusinessOwner, Demo, Demo, TestAutomation22","duration":889,"startTime":1514870438555,"result":"SUCCESS"}]},{"number":17,"description":"Then verify getUserList response status \"success\" and \"\" and \"\" and \"\" and \"\" and \"\"","duration":76,"startTime":1514870439487,"result":"SUCCESS","children":[{"number":18,"description":"Verify Response","duration":20,"startTime":1514870439499,"result":"SUCCESS"}]}]},{"number":19,"description":"[1] {report\u003dTC03, logindomain\u003d/MerchantApiWeb/authenticateUser, domainurl\u003d/MerchantApiWeb/rest/secure/user/getUserList, status\u003dsuccess, Message\u003d, ErrorCode\u003d, userName\u003dTestAutomation22, password\u003dPassword@1, allianceCode\u003dEMS, AuthErrMessage\u003d, Authaccessdenied\u003d, AuthErrCause\u003d, currency\u003d, userType\u003d, pageNumber\u003d1, accountStatus\u003dBLOCKED, profile\u003dBusinessOwner, firstName\u003dDemo, lastName\u003dDemo, getuserlist_userName\u003dTestAutomation22}","duration":2409,"startTime":1514870442935,"result":"SUCCESS","children":[{"number":20,"description":"Given load request for getUserList \"/MerchantApiWeb/authenticateUser\" and \"/MerchantApiWeb/rest/secure/user/getUserList\" and \"TC03\" and \"TestAutomation22\" and \"Password@1\" and \"EMS\"","duration":1342,"startTime":1514870442949,"result":"SUCCESS","children":[{"number":21,"description":"Loadgetrequestdata: https://uat1.merchantportal.firstdata.eu/MerchantApiWeb/authenticateUser","duration":1,"startTime":1514870443032,"result":"SUCCESS"},{"number":22,"description":"Postrequest authenticate user: https://uat1.merchantportal.firstdata.eu/MerchantApiWeb/authenticateUser, TestAutomation22, Password@1, EMS","duration":1222,"startTime":1514870443034,"result":"SUCCESS"},{"number":23,"description":"Loadgetrequestdata authenticated: https://uat1.merchantportal.firstdata.eu/MerchantApiWeb/rest/secure/user/getUserList, 33bbe85a-5e10-430b-b9e7-7a2a74cf5595","duration":0,"startTime":1514870444265,"result":"SUCCESS"}]},{"number":24,"description":"When post get request for getUserList \"1\" and \"BLOCKED\" and \"BusinessOwner\" and \"Demo\" and \"Demo\" and \"TestAutomation22\"","duration":937,"startTime":1514870444292,"result":"SUCCESS","children":[{"number":25,"description":"Post GET request get user list: https://uat1.merchantportal.firstdata.eu/MerchantApiWeb/rest/secure/user/getUserList, 1, BLOCKED, BusinessOwner, Demo, Demo, TestAutomation22","duration":876,"startTime":1514870444307,"result":"SUCCESS"}]},{"number":26,"description":"Then verify getUserList response status \"success\" and \"\" and \"\" and \"\" and \"\" and \"\"","duration":114,"startTime":1514870445230,"result":"SUCCESS","children":[{"number":27,"description":"Verify Response","duration":29,"startTime":1514870445246,"result":"SUCCESS"}]}]},{"number":28,"description":"[1] {report\u003dTC04, logindomain\u003d/MerchantApiWeb/authenticateUser, domainurl\u003d/MerchantApiWeb/rest/secure/user/getUserList, status\u003derror, Message\u003dUser does not have priviledge to any Merchants data, ErrorCode\u003dMPBE00034, userName\u003dTestAutomationEMS3, password\u003dPassword@1, allianceCode\u003dEMS, AuthErrMessage\u003d, Authaccessdenied\u003d, AuthErrCause\u003d, currency\u003d, userType\u003d, pageNumber\u003d1, accountStatus\u003dBLOCKED, profile\u003dBusinessOwner, firstName\u003dDemo, lastName\u003dDemo, getuserlist_userName\u003dTestAutomationEMS3}","duration":5453,"startTime":1514870448360,"result":"SUCCESS","children":[{"number":29,"description":"Given load request for getUserList \"/MerchantApiWeb/authenticateUser\" and \"/MerchantApiWeb/rest/secure/user/getUserList\" and \"TC04\" and \"TestAutomationEMS3\" and \"Password@1\" and \"EMS\"","duration":4284,"startTime":1514870448388,"result":"SUCCESS","children":[{"number":30,"description":"Loadgetrequestdata: https://uat1.merchantportal.firstdata.eu/MerchantApiWeb/authenticateUser","duration":0,"startTime":1514870448553,"result":"SUCCESS"},{"number":31,"description":"Postrequest authenticate user: https://uat1.merchantportal.firstdata.eu/MerchantApiWeb/authenticateUser, TestAutomationEMS3, Password@1, EMS","duration":4088,"startTime":1514870448554,"result":"SUCCESS"},{"number":32,"description":"Loadgetrequestdata authenticated: https://uat1.merchantportal.firstdata.eu/MerchantApiWeb/rest/secure/user/getUserList, 33bbe85a-5e10-430b-b9e7-7a2a74cf5595","duration":1,"startTime":1514870452651,"result":"SUCCESS"}]},{"number":33,"description":"When post get request for getUserList \"1\" and \"BLOCKED\" and \"BusinessOwner\" and \"Demo\" and \"Demo\" and \"TestAutomationEMS3\"","duration":907,"startTime":1514870452672,"result":"SUCCESS","children":[{"number":34,"description":"Post GET request get user list: https://uat1.merchantportal.firstdata.eu/MerchantApiWeb/rest/secure/user/getUserList, 1, BLOCKED, BusinessOwner, Demo, Demo, TestAutomationEMS3","duration":847,"startTime":1514870452685,"result":"SUCCESS"}]},{"number":35,"description":"Then verify getUserList response status \"error\" and \"MPBE00034\" and \"User does not have priviledge to any Merchants data\" and \"\" and \"\" and \"\"","duration":233,"startTime":1514870453580,"result":"SUCCESS","children":[{"number":36,"description":"Verify Response","duration":100,"startTime":1514870453595,"result":"SUCCESS"}]}]}],"userStory":{"id":"merchant-portal-application-api-validation","storyName":"Merchant Portal application API validation","path":"APIupdate.feature","type":"feature"},"featureTag":{"name":"Merchant Portal application API validation","type":"feature"},"title":"Verify the api retrieves the User\u0027s list","description":"","tags":[{"name":"getUserList","type":"tag"}],"startTime":1514870431341,"duration":22472,"dataTable":{"headers":["report","logindomain","domainurl","status","Message","ErrorCode","userName","password","allianceCode","AuthErrMessage","Authaccessdenied","AuthErrCause","currency","userType","pageNumber","accountStatus","profile","firstName","lastName","getuserlist_userName"],"rows":[{"values":["TC01","/MerchantApiWeb/authenticateUser","/MerchantApiWeb/rest/secure/user/getUserList","success","","","TestAutomation22","Password@1","EMS","","","","","","1","Active","BusinessOwner","Demo","Demo","TestAutomation22"],"result":"SUCCESS"},{"values":["TC02","/MerchantApiWeb/authenticateUser","/MerchantApiWeb/rest/secure/user/getUserList","success","","","TestAutomation22","Password@1","EMS","","","","","","1","INACTIVE","BusinessOwner","Demo","Demo","TestAutomation22"],"result":"SUCCESS"},{"values":["TC03","/MerchantApiWeb/authenticateUser","/MerchantApiWeb/rest/secure/user/getUserList","success","","","TestAutomation22","Password@1","EMS","","","","","","1","BLOCKED","BusinessOwner","Demo","Demo","TestAutomation22"],"result":"SUCCESS"},{"values":["TC04","/MerchantApiWeb/authenticateUser","/MerchantApiWeb/rest/secure/user/getUserList","error","User does not have priviledge to any Merchants data","MPBE00034","TestAutomationEMS3","Password@1","EMS","","","","","","1","BLOCKED","BusinessOwner","Demo","Demo","TestAutomationEMS3"],"result":"SUCCESS"}],"predefinedRows":true,"dataSetDescriptors":[{"startRow":0,"rowCount":0,"name":"","description":""}]},"manual":false,"testSource":"Cucumber","result":"SUCCESS"}