{"name":"Verify the api retrieves the details of the cashadvances for the impersonated user","testSteps":[{"number":1,"description":"[1] {report\u003dTC01, logindomain\u003d/MerchantApiWeb/authenticateUser, domainurl\u003d/MerchantApiWeb/rest/secure/impersonation/user/cashadvances, status\u003dsuccess, Message\u003d, ErrorCode\u003d, userName\u003dBetterCallFDP, password\u003dPassword@3, allianceCode\u003dFDP, AuthErrMessage\u003d, Authaccessdenied\u003d, AuthErrCause\u003d, currency\u003dPLN, userType\u003d, pageNumber\u003d1, accountStatus\u003d, profile\u003d, firstName\u003d, lastName\u003d, period\u003d, fileType\u003dCSV, delimiter\u003d,, terminalBatchNumId\u003d8366009, startDate\u003d, endDate\u003d, pseudoUserName\u003dTheBatman}","duration":2338,"startTime":1511890581840,"result":"SUCCESS","children":[{"number":2,"description":"Given load request for cashadvancesImpersonation \"/MerchantApiWeb/authenticateUser\" and \"/MerchantApiWeb/rest/secure/impersonation/user/cashadvances\" and \"TC01\" and \"BetterCallFDP\" and \"Password@3\" and \"FDP\"","duration":1248,"startTime":1511890581857,"result":"SUCCESS","children":[{"number":3,"description":"Loadgetrequestdata: https://uat1.merchantportal.firstdata.eu/MerchantApiWeb/authenticateUser","duration":1,"startTime":1511890582000,"result":"SUCCESS"},{"number":4,"description":"Postrequest authenticate user: https://uat1.merchantportal.firstdata.eu/MerchantApiWeb/authenticateUser, BetterCallFDP, Password@3, FDP","duration":1050,"startTime":1511890582001,"result":"SUCCESS"},{"number":5,"description":"Loadgetrequestdata uniqueauthentication: https://uat1.merchantportal.firstdata.eu/MerchantApiWeb/rest/secure/impersonation/user/cashadvances","duration":0,"startTime":1511890583061,"result":"SUCCESS"}]},{"number":6,"description":"When post get request for cashadvancesImpersonation \"\" and \"\" and \"TheBatman\"","duration":1021,"startTime":1511890583105,"result":"SUCCESS","children":[{"number":7,"description":"Post GET request cashadvances impersonation: https://uat1.merchantportal.firstdata.eu/MerchantApiWeb/rest/secure/impersonation/user/cashadvances, , , TheBatman","duration":876,"startTime":1511890583133,"result":"SUCCESS"}]},{"number":8,"description":"Then verify cashadvancesImpersonation response status \"success\" and \"\" and \"\" and \"\" and \"\" and \"\"","duration":51,"startTime":1511890584126,"exception":{"errorType":"java.lang.AssertionError","message":"expected:\u003c[error]\u003e but was:\u003c[success]\u003e","stackTrace":[{"declaringClass":"api.ValidateRequest","methodName":"verifyresponse","fileName":"ValidateRequest.java","lineNumber":313},{"declaringClass":"stepdefinitions.Apidefinitions","methodName":"verify_cashadvancesImpersonation_response_status","fileName":"Apidefinitions.java","lineNumber":3285},{"declaringClass":"✽","methodName":"Then verify cashadvancesImpersonation response status \"success\" and \"\" and \"\" and \"\" and \"\" and \"\"","fileName":"APIupdate.feature","lineNumber":491}]},"result":"FAILURE","children":[{"number":9,"description":"Verify Response","duration":27,"startTime":1511890584147,"exception":{"errorType":"org.junit.ComparisonFailure","message":"expected:\u003c[error]\u003e but was:\u003c[success]\u003e","stackTrace":[{"declaringClass":"api.ValidateRequest","methodName":"verifyresponse","fileName":"ValidateRequest.java","lineNumber":313},{"declaringClass":"stepdefinitions.Apidefinitions","methodName":"verify_cashadvancesImpersonation_response_status","fileName":"Apidefinitions.java","lineNumber":3285},{"declaringClass":"org.eclipse.jdt.internal.junit4.runner.JUnit4TestReference","methodName":"run","fileName":"JUnit4TestReference.java","lineNumber":86},{"declaringClass":"org.eclipse.jdt.internal.junit.runner.TestExecution","methodName":"run","fileName":"TestExecution.java","lineNumber":38},{"declaringClass":"org.eclipse.jdt.internal.junit.runner.RemoteTestRunner","methodName":"runTests","fileName":"RemoteTestRunner.java","lineNumber":459},{"declaringClass":"org.eclipse.jdt.internal.junit.runner.RemoteTestRunner","methodName":"runTests","fileName":"RemoteTestRunner.java","lineNumber":675},{"declaringClass":"org.eclipse.jdt.internal.junit.runner.RemoteTestRunner","methodName":"run","fileName":"RemoteTestRunner.java","lineNumber":382},{"declaringClass":"org.eclipse.jdt.internal.junit.runner.RemoteTestRunner","methodName":"main","fileName":"RemoteTestRunner.java","lineNumber":192}]},"result":"FAILURE"}]}]},{"number":10,"description":"[1] {report\u003dTC02, logindomain\u003d/MerchantApiWeb/authenticateUser, domainurl\u003d/MerchantApiWeb/rest/secure/impersonation/user/cashadvances, status\u003derror, Message\u003dInvalid date, ErrorCode\u003dMPBE00037, userName\u003dBetterCallFDP, password\u003dPassword@3, allianceCode\u003dFDP, AuthErrMessage\u003d, Authaccessdenied\u003d, AuthErrCause\u003d, currency\u003dabc, userType\u003d, pageNumber\u003d1, accountStatus\u003d, profile\u003d, firstName\u003d, lastName\u003d, period\u003d, fileType\u003dCSV, delimiter\u003d,, terminalBatchNumId\u003d8366009, startDate\u003d20161102, endDate\u003d2017-11-02, pseudoUserName\u003dTheBatman}","duration":2445,"startTime":1511890584804,"result":"SUCCESS","children":[{"number":11,"description":"Given load request for cashadvancesImpersonation \"/MerchantApiWeb/authenticateUser\" and \"/MerchantApiWeb/rest/secure/impersonation/user/cashadvances\" and \"TC02\" and \"BetterCallFDP\" and \"Password@3\" and \"FDP\"","duration":1288,"startTime":1511890584818,"result":"SUCCESS","children":[{"number":12,"description":"Loadgetrequestdata: https://uat1.merchantportal.firstdata.eu/MerchantApiWeb/authenticateUser","duration":1,"startTime":1511890584952,"result":"SUCCESS"},{"number":13,"description":"Postrequest authenticate user: https://uat1.merchantportal.firstdata.eu/MerchantApiWeb/authenticateUser, BetterCallFDP, Password@3, FDP","duration":1082,"startTime":1511890584954,"result":"SUCCESS"},{"number":14,"description":"Loadgetrequestdata uniqueauthentication: https://uat1.merchantportal.firstdata.eu/MerchantApiWeb/rest/secure/impersonation/user/cashadvances","duration":1,"startTime":1511890586046,"result":"SUCCESS"}]},{"number":15,"description":"When post get request for cashadvancesImpersonation \"20161102\" and \"2017-11-02\" and \"TheBatman\"","duration":1008,"startTime":1511890586106,"result":"SUCCESS","children":[{"number":16,"description":"Post GET request cashadvances impersonation: https://uat1.merchantportal.firstdata.eu/MerchantApiWeb/rest/secure/impersonation/user/cashadvances, 20161102, 2017-11-02, TheBatman","duration":877,"startTime":1511890586133,"result":"SUCCESS"}]},{"number":17,"description":"Then verify cashadvancesImpersonation response status \"error\" and \"MPBE00037\" and \"Invalid date\" and \"\" and \"\" and \"\"","duration":135,"startTime":1511890587114,"exception":{"errorType":"java.lang.AssertionError","message":"expected:\u003cMP[VE00051]\u003e but was:\u003cMP[BE00037]\u003e","stackTrace":[{"declaringClass":"api.ValidateRequest","methodName":"verifyresponse","fileName":"ValidateRequest.java","lineNumber":314},{"declaringClass":"stepdefinitions.Apidefinitions","methodName":"verify_cashadvancesImpersonation_response_status","fileName":"Apidefinitions.java","lineNumber":3285},{"declaringClass":"✽","methodName":"Then verify cashadvancesImpersonation response status \"error\" and \"MPBE00037\" and \"Invalid date\" and \"\" and \"\" and \"\"","fileName":"APIupdate.feature","lineNumber":491}]},"result":"FAILURE","children":[{"number":18,"description":"Verify Response","duration":106,"startTime":1511890587141,"exception":{"errorType":"org.junit.ComparisonFailure","message":"expected:\u003cMP[VE00051]\u003e but was:\u003cMP[BE00037]\u003e","stackTrace":[{"declaringClass":"api.ValidateRequest","methodName":"verifyresponse","fileName":"ValidateRequest.java","lineNumber":314},{"declaringClass":"stepdefinitions.Apidefinitions","methodName":"verify_cashadvancesImpersonation_response_status","fileName":"Apidefinitions.java","lineNumber":3285},{"declaringClass":"org.eclipse.jdt.internal.junit4.runner.JUnit4TestReference","methodName":"run","fileName":"JUnit4TestReference.java","lineNumber":86},{"declaringClass":"org.eclipse.jdt.internal.junit.runner.TestExecution","methodName":"run","fileName":"TestExecution.java","lineNumber":38},{"declaringClass":"org.eclipse.jdt.internal.junit.runner.RemoteTestRunner","methodName":"runTests","fileName":"RemoteTestRunner.java","lineNumber":459},{"declaringClass":"org.eclipse.jdt.internal.junit.runner.RemoteTestRunner","methodName":"runTests","fileName":"RemoteTestRunner.java","lineNumber":675},{"declaringClass":"org.eclipse.jdt.internal.junit.runner.RemoteTestRunner","methodName":"run","fileName":"RemoteTestRunner.java","lineNumber":382},{"declaringClass":"org.eclipse.jdt.internal.junit.runner.RemoteTestRunner","methodName":"main","fileName":"RemoteTestRunner.java","lineNumber":192}]},"result":"FAILURE"}]}]},{"number":19,"description":"[1] {report\u003dTC03, logindomain\u003d/MerchantApiWeb/authenticateUser, domainurl\u003d/MerchantApiWeb/rest/secure/impersonation/user/cashadvances, status\u003derror, Message\u003dInvalid date, ErrorCode\u003dMPBE00037, userName\u003dBetterCallFDP, password\u003dPassword@3, allianceCode\u003dFDP, AuthErrMessage\u003d, Authaccessdenied\u003d, AuthErrCause\u003d, currency\u003d, userType\u003d, pageNumber\u003d1, accountStatus\u003d, profile\u003d, firstName\u003d, lastName\u003d, period\u003d, fileType\u003dCSV, delimiter\u003d,, terminalBatchNumId\u003d8366009, startDate\u003d2016-11-02, endDate\u003d20171102, pseudoUserName\u003dTheBatman}","duration":2608,"startTime":1511890587993,"result":"SUCCESS","children":[{"number":20,"description":"Given load request for cashadvancesImpersonation \"/MerchantApiWeb/authenticateUser\" and \"/MerchantApiWeb/rest/secure/impersonation/user/cashadvances\" and \"TC03\" and \"BetterCallFDP\" and \"Password@3\" and \"FDP\"","duration":1447,"startTime":1511890588033,"result":"SUCCESS","children":[{"number":21,"description":"Loadgetrequestdata: https://uat1.merchantportal.firstdata.eu/MerchantApiWeb/authenticateUser","duration":1,"startTime":1511890588175,"result":"SUCCESS"},{"number":22,"description":"Postrequest authenticate user: https://uat1.merchantportal.firstdata.eu/MerchantApiWeb/authenticateUser, BetterCallFDP, Password@3, FDP","duration":1250,"startTime":1511890588177,"result":"SUCCESS"},{"number":23,"description":"Loadgetrequestdata uniqueauthentication: https://uat1.merchantportal.firstdata.eu/MerchantApiWeb/rest/secure/impersonation/user/cashadvances","duration":1,"startTime":1511890589440,"result":"SUCCESS"}]},{"number":24,"description":"When post get request for cashadvancesImpersonation \"2016-11-02\" and \"20171102\" and \"TheBatman\"","duration":1045,"startTime":1511890589481,"result":"SUCCESS","children":[{"number":25,"description":"Post GET request cashadvances impersonation: https://uat1.merchantportal.firstdata.eu/MerchantApiWeb/rest/secure/impersonation/user/cashadvances, 2016-11-02, 20171102, TheBatman","duration":927,"startTime":1511890589506,"result":"SUCCESS"}]},{"number":26,"description":"Then verify cashadvancesImpersonation response status \"error\" and \"MPBE00037\" and \"Invalid date\" and \"\" and \"\" and \"\"","duration":75,"startTime":1511890590526,"exception":{"errorType":"java.lang.AssertionError","message":"expected:\u003cMP[VE00051]\u003e but was:\u003cMP[BE00037]\u003e","stackTrace":[{"declaringClass":"api.ValidateRequest","methodName":"verifyresponse","fileName":"ValidateRequest.java","lineNumber":314},{"declaringClass":"stepdefinitions.Apidefinitions","methodName":"verify_cashadvancesImpersonation_response_status","fileName":"Apidefinitions.java","lineNumber":3285},{"declaringClass":"✽","methodName":"Then verify cashadvancesImpersonation response status \"error\" and \"MPBE00037\" and \"Invalid date\" and \"\" and \"\" and \"\"","fileName":"APIupdate.feature","lineNumber":491}]},"result":"FAILURE","children":[{"number":27,"description":"Verify Response","duration":44,"startTime":1511890590555,"exception":{"errorType":"org.junit.ComparisonFailure","message":"expected:\u003cMP[VE00051]\u003e but was:\u003cMP[BE00037]\u003e","stackTrace":[{"declaringClass":"api.ValidateRequest","methodName":"verifyresponse","fileName":"ValidateRequest.java","lineNumber":314},{"declaringClass":"stepdefinitions.Apidefinitions","methodName":"verify_cashadvancesImpersonation_response_status","fileName":"Apidefinitions.java","lineNumber":3285},{"declaringClass":"org.eclipse.jdt.internal.junit4.runner.JUnit4TestReference","methodName":"run","fileName":"JUnit4TestReference.java","lineNumber":86},{"declaringClass":"org.eclipse.jdt.internal.junit.runner.TestExecution","methodName":"run","fileName":"TestExecution.java","lineNumber":38},{"declaringClass":"org.eclipse.jdt.internal.junit.runner.RemoteTestRunner","methodName":"runTests","fileName":"RemoteTestRunner.java","lineNumber":459},{"declaringClass":"org.eclipse.jdt.internal.junit.runner.RemoteTestRunner","methodName":"runTests","fileName":"RemoteTestRunner.java","lineNumber":675},{"declaringClass":"org.eclipse.jdt.internal.junit.runner.RemoteTestRunner","methodName":"run","fileName":"RemoteTestRunner.java","lineNumber":382},{"declaringClass":"org.eclipse.jdt.internal.junit.runner.RemoteTestRunner","methodName":"main","fileName":"RemoteTestRunner.java","lineNumber":192}]},"result":"FAILURE"}]}]}],"userStory":{"id":"merchant-portal-application-api-validation","storyName":"Merchant Portal application API validation","path":"APIupdate.feature","type":"feature"},"featureTag":{"name":"Merchant Portal application API validation","type":"feature"},"title":"Verify the api retrieves the details of the cashadvances for the impersonated user","description":"","tags":[{"name":"cashadvancesImpersonation","type":"tag"}],"startTime":1511890581839,"duration":8762,"testFailureCause":{"errorType":"org.junit.ComparisonFailure","message":"expected:\u003c[error]\u003e but was:\u003c[success]\u003e","stackTrace":[{"declaringClass":"api.ValidateRequest","methodName":"verifyresponse","fileName":"ValidateRequest.java","lineNumber":313},{"declaringClass":"stepdefinitions.Apidefinitions","methodName":"verify_cashadvancesImpersonation_response_status","fileName":"Apidefinitions.java","lineNumber":3285},{"declaringClass":"org.eclipse.jdt.internal.junit4.runner.JUnit4TestReference","methodName":"run","fileName":"JUnit4TestReference.java","lineNumber":86},{"declaringClass":"org.eclipse.jdt.internal.junit.runner.TestExecution","methodName":"run","fileName":"TestExecution.java","lineNumber":38},{"declaringClass":"org.eclipse.jdt.internal.junit.runner.RemoteTestRunner","methodName":"runTests","fileName":"RemoteTestRunner.java","lineNumber":459},{"declaringClass":"org.eclipse.jdt.internal.junit.runner.RemoteTestRunner","methodName":"runTests","fileName":"RemoteTestRunner.java","lineNumber":675},{"declaringClass":"org.eclipse.jdt.internal.junit.runner.RemoteTestRunner","methodName":"run","fileName":"RemoteTestRunner.java","lineNumber":382},{"declaringClass":"org.eclipse.jdt.internal.junit.runner.RemoteTestRunner","methodName":"main","fileName":"RemoteTestRunner.java","lineNumber":192}]},"testFailureClassname":"java.lang.AssertionError","testFailureMessage":"expected:\u003c[error]\u003e but was:\u003c[success]\u003e\r\nexpected:\u003c[error]\u003e but was:\u003c[success]\u003e\r\nexpected:\u003cMP[VE00051]\u003e but was:\u003cMP[BE00037]\u003e\r\nexpected:\u003cMP[VE00051]\u003e but was:\u003cMP[BE00037]\u003e\r\nexpected:\u003cMP[VE00051]\u003e but was:\u003cMP[BE00037]\u003e\r\nexpected:\u003cMP[VE00051]\u003e but was:\u003cMP[BE00037]\u003e","annotatedResult":"FAILURE","dataTable":{"headers":["report","logindomain","domainurl","status","Message","ErrorCode","userName","password","allianceCode","AuthErrMessage","Authaccessdenied","AuthErrCause","currency","userType","pageNumber","accountStatus","profile","firstName","lastName","period","fileType","delimiter","terminalBatchNumId","startDate","endDate","pseudoUserName"],"rows":[{"values":["TC01","/MerchantApiWeb/authenticateUser","/MerchantApiWeb/rest/secure/impersonation/user/cashadvances","success","","","BetterCallFDP","Password@3","FDP","","","","PLN","","1","","","","","","CSV",",","8366009","","","TheBatman"],"result":"FAILURE"},{"values":["TC02","/MerchantApiWeb/authenticateUser","/MerchantApiWeb/rest/secure/impersonation/user/cashadvances","error","Invalid date","MPBE00037","BetterCallFDP","Password@3","FDP","","","","abc","","1","","","","","","CSV",",","8366009","20161102","2017-11-02","TheBatman"],"result":"FAILURE"},{"values":["TC03","/MerchantApiWeb/authenticateUser","/MerchantApiWeb/rest/secure/impersonation/user/cashadvances","error","Invalid date","MPBE00037","BetterCallFDP","Password@3","FDP","","","","","","1","","","","","","CSV",",","8366009","2016-11-02","20171102","TheBatman"],"result":"FAILURE"}],"predefinedRows":true,"dataSetDescriptors":[{"startRow":0,"rowCount":0,"name":"","description":""}]},"manual":false,"testSource":"Cucumber","result":"FAILURE"}