{"name":"Verify the api retrieves the details of the device list in the specified file format","testSteps":[{"number":1,"description":"[1] {report\u003dTC02, logindomain\u003d/MerchantApiWeb/authenticateUser, domainurl\u003d/MerchantApiWeb/rest/secure/user/devices/exportDeviceList, status\u003dsuccess, Message\u003d, ErrorCode\u003d, userName\u003dTheBatman, password\u003dPass123!, allianceCode\u003dFDP, AuthErrMessage\u003d, Authaccessdenied\u003d, AuthErrCause\u003d, currency\u003d, userType\u003d, pageNumber\u003d1, accountStatus\u003d, profile\u003d, firstName\u003d, lastName\u003d, period\u003d, fileType\u003dXML, delimiter\u003d,}","duration":14640,"startTime":1511435080868,"result":"SUCCESS","children":[{"number":2,"description":"Given load request for exportDeviceList \"/MerchantApiWeb/authenticateUser\" and \"/MerchantApiWeb/rest/secure/user/devices/exportDeviceList\" and \"TC02\" and \"TheBatman\" and \"Pass123!\" and \"FDP\"","duration":9154,"startTime":1511435081456,"result":"SUCCESS","children":[{"number":3,"description":"Loadgetrequestdata: https://uat1.merchantportal.firstdata.eu/MerchantApiWeb/authenticateUser","duration":15,"startTime":1511435081747,"result":"SUCCESS"},{"number":4,"description":"Postrequest authenticate user: https://uat1.merchantportal.firstdata.eu/MerchantApiWeb/authenticateUser, TheBatman, Pass123!, FDP","duration":8769,"startTime":1511435081768,"result":"SUCCESS"},{"number":5,"description":"Loadgetrequestdata export device list: https://uat1.merchantportal.firstdata.eu/MerchantApiWeb/rest/secure/user/devices/exportDeviceList","duration":3,"startTime":1511435090555,"result":"SUCCESS"}]},{"number":6,"description":"When post get request for exportDeviceList \"XML\" and \",\" and \"1\"","duration":4672,"startTime":1511435090613,"result":"SUCCESS","children":[{"number":7,"description":"Post GET request export device list: https://uat1.merchantportal.firstdata.eu/MerchantApiWeb/rest/secure/user/devices/exportDeviceList, XML, ,, 1","duration":4557,"startTime":1511435090633,"result":"SUCCESS"}]},{"number":8,"description":"Then verify exportDeviceList response status \"success\" and \"\" and \"\" and \"\" and \"\" and \"\"","duration":222,"startTime":1511435095286,"exception":{"errorType":"groovy.json.JsonException","message":"Lexing failed on line: 1, column: 1, while reading \u0027\u003c\u0027, no possible valid JSON value or punctuation could be recognized.","stackTrace":[{"declaringClass":"groovy.json.JsonLexer","methodName":"nextToken","fileName":"JsonLexer.java","lineNumber":82},{"declaringClass":"api.ValidateRequest","methodName":"verifyresponse","fileName":"ValidateRequest.java","lineNumber":305},{"declaringClass":"stepdefinitions.Apidefinitions","methodName":"verify_exportDeviceList_response_status","fileName":"Apidefinitions.java","lineNumber":2224},{"declaringClass":"org.eclipse.jdt.internal.junit4.runner.JUnit4TestReference","methodName":"run","fileName":"JUnit4TestReference.java","lineNumber":86},{"declaringClass":"org.eclipse.jdt.internal.junit.runner.TestExecution","methodName":"run","fileName":"TestExecution.java","lineNumber":38},{"declaringClass":"org.eclipse.jdt.internal.junit.runner.RemoteTestRunner","methodName":"runTests","fileName":"RemoteTestRunner.java","lineNumber":459},{"declaringClass":"org.eclipse.jdt.internal.junit.runner.RemoteTestRunner","methodName":"runTests","fileName":"RemoteTestRunner.java","lineNumber":675},{"declaringClass":"org.eclipse.jdt.internal.junit.runner.RemoteTestRunner","methodName":"run","fileName":"RemoteTestRunner.java","lineNumber":382},{"declaringClass":"org.eclipse.jdt.internal.junit.runner.RemoteTestRunner","methodName":"main","fileName":"RemoteTestRunner.java","lineNumber":192}]},"result":"ERROR","children":[{"number":9,"description":"Verify Response","duration":164,"startTime":1511435095323,"exception":{"errorType":"com.jayway.restassured.path.json.exception.JsonPathException","message":"Failed to parse the JSON document","stackTrace":[{"declaringClass":"api.ValidateRequest","methodName":"verifyresponse","fileName":"ValidateRequest.java","lineNumber":305},{"declaringClass":"stepdefinitions.Apidefinitions","methodName":"verify_exportDeviceList_response_status","fileName":"Apidefinitions.java","lineNumber":2224},{"declaringClass":"org.eclipse.jdt.internal.junit4.runner.JUnit4TestReference","methodName":"run","fileName":"JUnit4TestReference.java","lineNumber":86},{"declaringClass":"org.eclipse.jdt.internal.junit.runner.TestExecution","methodName":"run","fileName":"TestExecution.java","lineNumber":38},{"declaringClass":"org.eclipse.jdt.internal.junit.runner.RemoteTestRunner","methodName":"runTests","fileName":"RemoteTestRunner.java","lineNumber":459},{"declaringClass":"org.eclipse.jdt.internal.junit.runner.RemoteTestRunner","methodName":"runTests","fileName":"RemoteTestRunner.java","lineNumber":675},{"declaringClass":"org.eclipse.jdt.internal.junit.runner.RemoteTestRunner","methodName":"run","fileName":"RemoteTestRunner.java","lineNumber":382},{"declaringClass":"org.eclipse.jdt.internal.junit.runner.RemoteTestRunner","methodName":"main","fileName":"RemoteTestRunner.java","lineNumber":192}]},"result":"ERROR"}]}]}],"userStory":{"id":"merchant-portal-application-api-validation","storyName":"Merchant Portal application API validation","path":"Testupdate.feature","type":"feature"},"featureTag":{"name":"Merchant Portal application API validation","type":"feature"},"title":"Verify the api retrieves the details of the device list in the specified file format","description":"","tags":[{"name":"exportDeviceList","type":"tag"}],"startTime":1511435080741,"duration":14767,"testFailureCause":{"errorType":"groovy.json.JsonException","message":"Lexing failed on line: 1, column: 1, while reading \u0027\u003c\u0027, no possible valid JSON value or punctuation could be recognized.","stackTrace":[{"declaringClass":"groovy.json.JsonLexer","methodName":"nextToken","fileName":"JsonLexer.java","lineNumber":82},{"declaringClass":"api.ValidateRequest","methodName":"verifyresponse","fileName":"ValidateRequest.java","lineNumber":305},{"declaringClass":"stepdefinitions.Apidefinitions","methodName":"verify_exportDeviceList_response_status","fileName":"Apidefinitions.java","lineNumber":2224},{"declaringClass":"org.eclipse.jdt.internal.junit4.runner.JUnit4TestReference","methodName":"run","fileName":"JUnit4TestReference.java","lineNumber":86},{"declaringClass":"org.eclipse.jdt.internal.junit.runner.TestExecution","methodName":"run","fileName":"TestExecution.java","lineNumber":38},{"declaringClass":"org.eclipse.jdt.internal.junit.runner.RemoteTestRunner","methodName":"runTests","fileName":"RemoteTestRunner.java","lineNumber":459},{"declaringClass":"org.eclipse.jdt.internal.junit.runner.RemoteTestRunner","methodName":"runTests","fileName":"RemoteTestRunner.java","lineNumber":675},{"declaringClass":"org.eclipse.jdt.internal.junit.runner.RemoteTestRunner","methodName":"run","fileName":"RemoteTestRunner.java","lineNumber":382},{"declaringClass":"org.eclipse.jdt.internal.junit.runner.RemoteTestRunner","methodName":"main","fileName":"RemoteTestRunner.java","lineNumber":192}]},"testFailureClassname":"java.lang.AssertionError","testFailureMessage":"Lexing failed on line: 1, column: 1, while reading \u0027\u003c\u0027, no possible valid JSON value or punctuation could be recognized.\r\nLexing failed on line: 1, column: 1, while reading \u0027\u003c\u0027, no possible valid JSON value or punctuation could be recognized.","annotatedResult":"ERROR","dataTable":{"headers":["report","logindomain","domainurl","status","Message","ErrorCode","userName","password","allianceCode","AuthErrMessage","Authaccessdenied","AuthErrCause","currency","userType","pageNumber","accountStatus","profile","firstName","lastName","period","fileType","delimiter"],"rows":[{"values":["TC02","/MerchantApiWeb/authenticateUser","/MerchantApiWeb/rest/secure/user/devices/exportDeviceList","success","","","TheBatman","Pass123!","FDP","","","","","","1","","","","","","XML",","],"result":"ERROR"}],"predefinedRows":true,"dataSetDescriptors":[{"startRow":0,"rowCount":0,"name":"","description":""}]},"manual":false,"testSource":"Cucumber","result":"ERROR"}