{"name":"Verify the api validates the userName","testSteps":[{"number":1,"description":"[1] {report\u003dTC01, logindomain\u003d/MerchantApiWeb/authenticateUser, domainurl\u003d/MerchantApiWeb/rest/secure/user/validateUserName, status\u003dsuccess, Message\u003d, ErrorCode\u003d, userName\u003dTestAutomation22, password\u003dPassword@1, allianceCode\u003dEMS, AuthErrMessage\u003d, Authaccessdenied\u003d, AuthErrCause\u003d, currency\u003d, userType\u003d, pageNumber\u003d, accountStatus\u003d, profile\u003d, firstName\u003d, lastName\u003d, itrcount\u003d, validateuserName\u003dTestAccount1, pseudoUserName\u003d, merchId\u003d, messageId\u003d, terminalBatchNumId\u003d, reasonForBlock\u003d, blockusername\u003d, fromDate\u003d, toDate\u003d}","duration":2584,"startTime":1512037252360,"result":"SUCCESS","children":[{"number":2,"description":"Given load request for validateUserName \"/MerchantApiWeb/authenticateUser\" and \"/MerchantApiWeb/rest/secure/user/validateUserName\" and \"TC01\" and \"TestAutomation22\" and \"Password@1\" and \"EMS\"","duration":1416,"startTime":1512037252383,"result":"SUCCESS","children":[{"number":3,"description":"Loadgetrequestdata: https://uat1.merchantportal.firstdata.eu/MerchantApiWeb/authenticateUser","duration":1,"startTime":1512037252465,"result":"SUCCESS"},{"number":4,"description":"Postrequest authenticate user: https://uat1.merchantportal.firstdata.eu/MerchantApiWeb/authenticateUser, TestAutomation22, Password@1, EMS","duration":1286,"startTime":1512037252466,"result":"SUCCESS"},{"number":5,"description":"Loadgetrequestdata: https://uat1.merchantportal.firstdata.eu/MerchantApiWeb/rest/secure/user/validateUserName","duration":8,"startTime":1512037253769,"result":"SUCCESS"}]},{"number":6,"description":"When post get request for validateUserName \"TestAccount1\"","duration":1021,"startTime":1512037253799,"result":"SUCCESS","children":[{"number":7,"description":"Post GET request validate user name: https://uat1.merchantportal.firstdata.eu/MerchantApiWeb/rest/secure/user/validateUserName, TestAccount1","duration":942,"startTime":1512037253822,"result":"SUCCESS"}]},{"number":8,"description":"Then verify validateUserName response status \"success\" and \"\" and \"\" and \"\" and \"\" and \"\"","duration":122,"startTime":1512037254821,"result":"SUCCESS","children":[{"number":9,"description":"Verify Response","duration":36,"startTime":1512037254853,"result":"SUCCESS"}]}]},{"number":10,"description":"[1] {report\u003dTC02, logindomain\u003d/MerchantApiWeb/authenticateUser, domainurl\u003d/MerchantApiWeb/rest/secure/user/validateUserName, status\u003derror, Message\u003dUsername already registered, ErrorCode\u003dMPBE00007, userName\u003dTestAutomation22, password\u003dPassword@1, allianceCode\u003dEMS, AuthErrMessage\u003d, Authaccessdenied\u003d, AuthErrCause\u003d, currency\u003d, userType\u003d, pageNumber\u003d, accountStatus\u003d, profile\u003d, firstName\u003d, lastName\u003d, itrcount\u003d, validateuserName\u003dDemoAccount1, pseudoUserName\u003d, merchId\u003d, messageId\u003d, terminalBatchNumId\u003d, reasonForBlock\u003d, blockusername\u003d, fromDate\u003d, toDate\u003d}","duration":2547,"startTime":1512037255217,"result":"SUCCESS","children":[{"number":11,"description":"Given load request for validateUserName \"/MerchantApiWeb/authenticateUser\" and \"/MerchantApiWeb/rest/secure/user/validateUserName\" and \"TC02\" and \"TestAutomation22\" and \"Password@1\" and \"EMS\"","duration":1263,"startTime":1512037255232,"result":"SUCCESS","children":[{"number":12,"description":"Loadgetrequestdata: https://uat1.merchantportal.firstdata.eu/MerchantApiWeb/authenticateUser","duration":0,"startTime":1512037255297,"result":"SUCCESS"},{"number":13,"description":"Postrequest authenticate user: https://uat1.merchantportal.firstdata.eu/MerchantApiWeb/authenticateUser, TestAutomation22, Password@1, EMS","duration":1150,"startTime":1512037255298,"result":"SUCCESS"},{"number":14,"description":"Loadgetrequestdata: https://uat1.merchantportal.firstdata.eu/MerchantApiWeb/rest/secure/user/validateUserName","duration":2,"startTime":1512037256460,"result":"SUCCESS"}]},{"number":15,"description":"When post get request for validateUserName \"DemoAccount1\"","duration":979,"startTime":1512037256495,"result":"SUCCESS","children":[{"number":16,"description":"Post GET request validate user name: https://uat1.merchantportal.firstdata.eu/MerchantApiWeb/rest/secure/user/validateUserName, DemoAccount1","duration":918,"startTime":1512037256507,"result":"SUCCESS"}]},{"number":17,"description":"Then verify validateUserName response status \"error\" and \"MPBE00007\" and \"Username already registered\" and \"\" and \"\" and \"\"","duration":290,"startTime":1512037257474,"result":"SUCCESS","children":[{"number":18,"description":"Verify Response","duration":118,"startTime":1512037257489,"result":"SUCCESS"}]}]}],"userStory":{"id":"merchant-portal-application-api-validation","storyName":"Merchant Portal application API validation","path":"Testupdate.feature","type":"feature"},"featureTag":{"name":"Merchant Portal application API validation","type":"feature"},"title":"Verify the api validates the userName","description":"","tags":[{"name":"validateUserName","type":"tag"}],"startTime":1512037252359,"duration":5405,"dataTable":{"headers":["report","logindomain","domainurl","status","Message","ErrorCode","userName","password","allianceCode","AuthErrMessage","Authaccessdenied","AuthErrCause","currency","userType","pageNumber","accountStatus","profile","firstName","lastName","itrcount","validateuserName","pseudoUserName","merchId","messageId","terminalBatchNumId","reasonForBlock","blockusername","fromDate","toDate"],"rows":[{"values":["TC01","/MerchantApiWeb/authenticateUser","/MerchantApiWeb/rest/secure/user/validateUserName","success","","","TestAutomation22","Password@1","EMS","","","","","","","","","","","","TestAccount1","","","","","","","",""],"result":"SUCCESS"},{"values":["TC02","/MerchantApiWeb/authenticateUser","/MerchantApiWeb/rest/secure/user/validateUserName","error","Username already registered","MPBE00007","TestAutomation22","Password@1","EMS","","","","","","","","","","","","DemoAccount1","","","","","","","",""],"result":"SUCCESS"}],"predefinedRows":true,"dataSetDescriptors":[{"startRow":0,"rowCount":0,"name":"","description":""}]},"manual":false,"testSource":"Cucumber","result":"SUCCESS"}