{"name":"Verify the api retrieves the dictionary details","testSteps":[{"number":1,"description":"[1] {report\u003dTC01, logindomain\u003d/MerchantApiWeb/authenticateUser, domainurl\u003d/MerchantApiWeb/rest/getDictionaryData, status\u003dsuccess, Message\u003d, ErrorCode\u003d, userName\u003dTestAutomation22, password\u003dPassword@1, allianceCode\u003dEMS, AuthErrMessage\u003d, Authaccessdenied\u003d, AuthErrCause\u003d, currency\u003d, userType\u003d, pageNumber\u003d, accountStatus\u003d, profile\u003d, firstName\u003d, lastName\u003d, profiles_Accessdata\u003d, Dictionary_category\u003dINSTRUMENT_SUBTYPE_CODE, Dictionary_code\u003dMPX, Dictionary_languagecode\u003dEN}","duration":119110,"startTime":1514870520395,"result":"SUCCESS","children":[{"number":2,"description":"Given load request for getDictionaryData \"/MerchantApiWeb/authenticateUser\" and \"/MerchantApiWeb/rest/getDictionaryData\" and \"TC01\" and \"TestAutomation22\" and \"Password@1\" and \"EMS\"","duration":1372,"startTime":1514870520414,"result":"SUCCESS","children":[{"number":3,"description":"Loadgetrequestdata: https://uat1.merchantportal.firstdata.eu/MerchantApiWeb/authenticateUser","duration":1,"startTime":1514870520556,"result":"SUCCESS"},{"number":4,"description":"Postrequest authenticate user: https://uat1.merchantportal.firstdata.eu/MerchantApiWeb/authenticateUser, TestAutomation22, Password@1, EMS","duration":1189,"startTime":1514870520557,"result":"SUCCESS"},{"number":5,"description":"Loadgetrequestdata authenticated: https://uat1.merchantportal.firstdata.eu/MerchantApiWeb/rest/getDictionaryData, 33bbe85a-5e10-430b-b9e7-7a2a74cf5595","duration":1,"startTime":1514870521756,"result":"SUCCESS"}]},{"number":6,"description":"When post get request for getDictionaryData \"EMS\" and \"INSTRUMENT_SUBTYPE_CODE\" and \"MPX\" and \"EN\"","duration":110024,"startTime":1514870521786,"result":"SUCCESS","children":[{"number":7,"description":"Post GET request get dictionary data: https://uat1.merchantportal.firstdata.eu/MerchantApiWeb/rest/getDictionaryData, EMS, INSTRUMENT_SUBTYPE_CODE, MPX, EN","duration":109827,"startTime":1514870521804,"result":"SUCCESS"}]},{"number":8,"description":"Then verify getDictionaryData response status \"success\" and \"\" and \"\" and \"\" and \"\" and \"\"","duration":7694,"startTime":1514870631810,"result":"SUCCESS","children":[{"number":9,"description":"Verify Response","duration":5594,"startTime":1514870631879,"result":"SUCCESS"}]}]}],"userStory":{"id":"merchant-portal-application-api-validation","storyName":"Merchant Portal application API validation","path":"APIupdate.feature","type":"feature"},"featureTag":{"name":"Merchant Portal application API validation","type":"feature"},"title":"Verify the api retrieves the dictionary details","description":"","tags":[{"name":"getDictionaryData","type":"tag"}],"startTime":1514870520395,"duration":119110,"dataTable":{"headers":["report","logindomain","domainurl","status","Message","ErrorCode","userName","password","allianceCode","AuthErrMessage","Authaccessdenied","AuthErrCause","currency","userType","pageNumber","accountStatus","profile","firstName","lastName","profiles_Accessdata","Dictionary_category","Dictionary_code","Dictionary_languagecode"],"rows":[{"values":["TC01","/MerchantApiWeb/authenticateUser","/MerchantApiWeb/rest/getDictionaryData","success","","","TestAutomation22","Password@1","EMS","","","","","","","","","","","","INSTRUMENT_SUBTYPE_CODE","MPX","EN"],"result":"SUCCESS"}],"predefinedRows":true,"dataSetDescriptors":[{"startRow":0,"rowCount":0,"name":"","description":""}]},"manual":false,"testSource":"Cucumber","result":"SUCCESS"}