{"name":"Verify the api updates the status of a Document list","testSteps":[{"number":1,"description":"[1] {report\u003dTC01, logindomain\u003d/MerchantApiWeb/authenticateUser, domainurl\u003d/MerchantApiWeb/rest/secure/user/documents/updateDocumentList, status\u003dsuccess, Message\u003d, ErrorCode\u003d, userName\u003dTestAutomation22, password\u003dPassword@1, allianceCode\u003dEMS, AuthErrMessage\u003d, Authaccessdenied\u003d, AuthErrCause\u003d, currency\u003d, userType\u003d, pageNumber\u003d, accountStatus\u003d, profile\u003d, firstName\u003d, lastName\u003d, period\u003d, fromDate\u003d, toDate\u003d, invoiceId\u003d, gsmTopUpFromDate\u003d, gsmTopUpToDate\u003d, documentIdList\u003d1014602, markRead\u003d0}","duration":2550,"startTime":1514872181013,"result":"SUCCESS","children":[{"number":2,"description":"Given load request for updateDocumentList \"/MerchantApiWeb/authenticateUser\" and \"/MerchantApiWeb/rest/secure/user/documents/updateDocumentList\" and \"TC01\" and \"TestAutomation22\" and \"Password@1\" and \"EMS\"","duration":1154,"startTime":1514872181030,"result":"SUCCESS","children":[{"number":3,"description":"Loadgetrequestdata: https://uat1.merchantportal.firstdata.eu/MerchantApiWeb/authenticateUser","duration":0,"startTime":1514872181111,"result":"SUCCESS"},{"number":4,"description":"Postrequest authenticate user: https://uat1.merchantportal.firstdata.eu/MerchantApiWeb/authenticateUser, TestAutomation22, Password@1, EMS","duration":1039,"startTime":1514872181112,"result":"SUCCESS"},{"number":5,"description":"Loadgetrequestdata requestwithbody: https://uat1.merchantportal.firstdata.eu/MerchantApiWeb/rest/secure/user/documents/updateDocumentList","duration":0,"startTime":1514872182158,"result":"SUCCESS"}]},{"number":6,"description":"When post request for updateDocumentList \"1014602\" and \"0\"","duration":1301,"startTime":1514872182185,"result":"SUCCESS","children":[{"number":7,"description":"Postrequest update document list: https://uat1.merchantportal.firstdata.eu/MerchantApiWeb/rest/secure/user/documents/updateDocumentList, 1014602, 0","duration":1244,"startTime":1514872182200,"result":"SUCCESS"}]},{"number":8,"description":"Then verify updateDocumentList response status \"success\" and \"\" and \"\" and \"\" and \"\" and \"\"","duration":76,"startTime":1514872183487,"result":"SUCCESS","children":[{"number":9,"description":"Verify Response","duration":24,"startTime":1514872183496,"result":"SUCCESS"}]}]},{"number":10,"description":"[1] {report\u003dTC02, logindomain\u003d/MerchantApiWeb/authenticateUser, domainurl\u003d/MerchantApiWeb/rest/secure/user/documents/updateDocumentList, status\u003dsuccess, Message\u003d, ErrorCode\u003d, userName\u003dTestAutomation22, password\u003dPassword@1, allianceCode\u003dEMS, AuthErrMessage\u003d, Authaccessdenied\u003d, AuthErrCause\u003d, currency\u003d, userType\u003d, pageNumber\u003d, accountStatus\u003d, profile\u003d, firstName\u003d, lastName\u003d, period\u003d, fromDate\u003d, toDate\u003d, invoiceId\u003d, gsmTopUpFromDate\u003d, gsmTopUpToDate\u003d, documentIdList\u003d1014602, markRead\u003d1}","duration":2109,"startTime":1514872187519,"result":"SUCCESS","children":[{"number":11,"description":"Given load request for updateDocumentList \"/MerchantApiWeb/authenticateUser\" and \"/MerchantApiWeb/rest/secure/user/documents/updateDocumentList\" and \"TC02\" and \"TestAutomation22\" and \"Password@1\" and \"EMS\"","duration":1128,"startTime":1514872187532,"result":"SUCCESS","children":[{"number":12,"description":"Loadgetrequestdata: https://uat1.merchantportal.firstdata.eu/MerchantApiWeb/authenticateUser","duration":0,"startTime":1514872187601,"result":"SUCCESS"},{"number":13,"description":"Postrequest authenticate user: https://uat1.merchantportal.firstdata.eu/MerchantApiWeb/authenticateUser, TestAutomation22, Password@1, EMS","duration":1026,"startTime":1514872187602,"result":"SUCCESS"},{"number":14,"description":"Loadgetrequestdata requestwithbody: https://uat1.merchantportal.firstdata.eu/MerchantApiWeb/rest/secure/user/documents/updateDocumentList","duration":0,"startTime":1514872188637,"result":"SUCCESS"}]},{"number":15,"description":"When post request for updateDocumentList \"1014602\" and \"1\"","duration":886,"startTime":1514872188661,"result":"SUCCESS","children":[{"number":16,"description":"Postrequest update document list: https://uat1.merchantportal.firstdata.eu/MerchantApiWeb/rest/secure/user/documents/updateDocumentList, 1014602, 1","duration":818,"startTime":1514872188671,"result":"SUCCESS"}]},{"number":17,"description":"Then verify updateDocumentList response status \"success\" and \"\" and \"\" and \"\" and \"\" and \"\"","duration":81,"startTime":1514872189547,"result":"SUCCESS","children":[{"number":18,"description":"Verify Response","duration":20,"startTime":1514872189561,"result":"SUCCESS"}]}]},{"number":19,"description":"[1] {report\u003dTC03, logindomain\u003d/MerchantApiWeb/authenticateUser, domainurl\u003d/MerchantApiWeb/rest/secure/user/documents/updateDocumentList, status\u003derror, Message\u003dInvalid flag input, ErrorCode\u003dMPVE00078, userName\u003dTestAutomation22, password\u003dPassword@1, allianceCode\u003dEMS, AuthErrMessage\u003d, Authaccessdenied\u003d, AuthErrCause\u003d, currency\u003d, userType\u003d, pageNumber\u003d, accountStatus\u003d, profile\u003d, firstName\u003d, lastName\u003d, period\u003d, fromDate\u003d, toDate\u003d, invoiceId\u003d, gsmTopUpFromDate\u003d, gsmTopUpToDate\u003d, documentIdList\u003d1014602, markRead\u003d3}","duration":2546,"startTime":1514872193169,"result":"SUCCESS","children":[{"number":20,"description":"Given load request for updateDocumentList \"/MerchantApiWeb/authenticateUser\" and \"/MerchantApiWeb/rest/secure/user/documents/updateDocumentList\" and \"TC03\" and \"TestAutomation22\" and \"Password@1\" and \"EMS\"","duration":1206,"startTime":1514872193180,"result":"SUCCESS","children":[{"number":21,"description":"Loadgetrequestdata: https://uat1.merchantportal.firstdata.eu/MerchantApiWeb/authenticateUser","duration":1,"startTime":1514872193251,"result":"SUCCESS"},{"number":22,"description":"Postrequest authenticate user: https://uat1.merchantportal.firstdata.eu/MerchantApiWeb/authenticateUser, TestAutomation22, Password@1, EMS","duration":1101,"startTime":1514872193253,"result":"SUCCESS"},{"number":23,"description":"Loadgetrequestdata requestwithbody: https://uat1.merchantportal.firstdata.eu/MerchantApiWeb/rest/secure/user/documents/updateDocumentList","duration":1,"startTime":1514872194363,"result":"SUCCESS"}]},{"number":24,"description":"When post request for updateDocumentList \"1014602\" and \"3\"","duration":1065,"startTime":1514872194386,"result":"SUCCESS","children":[{"number":25,"description":"Postrequest update document list: https://uat1.merchantportal.firstdata.eu/MerchantApiWeb/rest/secure/user/documents/updateDocumentList, 1014602, 3","duration":986,"startTime":1514872194399,"result":"SUCCESS"}]},{"number":26,"description":"Then verify updateDocumentList response status \"error\" and \"MPVE00078\" and \"Invalid flag input\" and \"\" and \"\" and \"\"","duration":263,"startTime":1514872195452,"result":"SUCCESS","children":[{"number":27,"description":"Verify Response","duration":120,"startTime":1514872195466,"result":"SUCCESS"}]}]}],"userStory":{"id":"merchant-portal-application-api-validation","storyName":"Merchant Portal application API validation","path":"APIupdate.feature","type":"feature"},"featureTag":{"name":"Merchant Portal application API validation","type":"feature"},"title":"Verify the api updates the status of a Document list","description":"","tags":[{"name":"updateDocumentList","type":"tag"}],"startTime":1514872181013,"duration":14703,"dataTable":{"headers":["report","logindomain","domainurl","status","Message","ErrorCode","userName","password","allianceCode","AuthErrMessage","Authaccessdenied","AuthErrCause","currency","userType","pageNumber","accountStatus","profile","firstName","lastName","period","fromDate","toDate","invoiceId","gsmTopUpFromDate","gsmTopUpToDate","documentIdList","markRead"],"rows":[{"values":["TC01","/MerchantApiWeb/authenticateUser","/MerchantApiWeb/rest/secure/user/documents/updateDocumentList","success","","","TestAutomation22","Password@1","EMS","","","","","","","","","","","","","","","","","1014602","0"],"result":"SUCCESS"},{"values":["TC02","/MerchantApiWeb/authenticateUser","/MerchantApiWeb/rest/secure/user/documents/updateDocumentList","success","","","TestAutomation22","Password@1","EMS","","","","","","","","","","","","","","","","","1014602","1"],"result":"SUCCESS"},{"values":["TC03","/MerchantApiWeb/authenticateUser","/MerchantApiWeb/rest/secure/user/documents/updateDocumentList","error","Invalid flag input","MPVE00078","TestAutomation22","Password@1","EMS","","","","","","","","","","","","","","","","","1014602","3"],"result":"SUCCESS"}],"predefinedRows":true,"dataSetDescriptors":[{"startRow":0,"rowCount":0,"name":"","description":""}]},"manual":false,"testSource":"Cucumber","result":"SUCCESS"}