{"name":"Verify the API retrieves the order summary of the logged in user","testSteps":[{"number":1,"description":"[1] {report\u003dTC01, logindomain\u003d/MerchantApiWeb/authenticateUser, domainurl\u003d/MerchantApiWeb/rest/secure/user/order/summary, status\u003dsuccess, Message\u003d, ErrorCode\u003d, userName\u003dTestAutomationBCO7, password\u003dPassword@1, allianceCode\u003dBCN, AuthErrMessage\u003d, Authaccessdenied\u003d, AuthErrCause\u003d, currency\u003dEUR, userType\u003d, pageNumber\u003d, accountStatus\u003d, profile\u003d, firstName\u003d, lastName\u003d, fromDate\u003d2016-11-02, toDate\u003d2017-11-02}","duration":11113,"startTime":1514878215743,"result":"SUCCESS","children":[{"number":2,"description":"Given load request for ordersummary \"/MerchantApiWeb/authenticateUser\" and \"/MerchantApiWeb/rest/secure/user/order/summary\" and \"TC01\" and \"TestAutomationBCO7\" and \"Password@1\" and \"BCN\"","duration":8167,"startTime":1514878216435,"result":"SUCCESS","children":[{"number":3,"description":"Loadgetrequestdata: https://uat1.merchantportal.firstdata.eu/MerchantApiWeb/authenticateUser","duration":11,"startTime":1514878216677,"result":"SUCCESS"},{"number":4,"description":"Postrequest authenticate user: https://uat1.merchantportal.firstdata.eu/MerchantApiWeb/authenticateUser, TestAutomationBCO7, Password@1, BCN","duration":7804,"startTime":1514878216692,"result":"SUCCESS"},{"number":5,"description":"Loadgetrequestdata uniqueauthentication: https://uat1.merchantportal.firstdata.eu/MerchantApiWeb/rest/secure/user/order/summary","duration":1,"startTime":1514878224538,"result":"SUCCESS"}]},{"number":6,"description":"When post get request for ordersummary \"2016-11-02\" and \"2017-11-02\"","duration":1295,"startTime":1514878224606,"result":"SUCCESS","children":[{"number":7,"description":"Post GET request ordersummary: https://uat1.merchantportal.firstdata.eu/MerchantApiWeb/rest/secure/user/order/summary, 2016-11-02, 2017-11-02","duration":1164,"startTime":1514878224636,"result":"SUCCESS"}]},{"number":8,"description":"Then verify ordersummary response status \"success\" and \"\" and \"\" and \"\" and \"\" and \"\"","duration":953,"startTime":1514878225902,"result":"SUCCESS","children":[{"number":9,"description":"Verify Response","duration":588,"startTime":1514878225927,"result":"SUCCESS"}]}]},{"number":10,"description":"[1] {report\u003dTC02, logindomain\u003d/MerchantApiWeb/authenticateUser, domainurl\u003d/MerchantApiWeb/rest/secure/user/order/summary, status\u003derror, Message\u003dInvalid Date format, ErrorCode\u003dMPVE00051, userName\u003dTestAutomationBCO7, password\u003dPassword@1, allianceCode\u003dBCN, AuthErrMessage\u003d, Authaccessdenied\u003d, AuthErrCause\u003d, currency\u003d, userType\u003d, pageNumber\u003d, accountStatus\u003d, profile\u003d, firstName\u003d, lastName\u003d, fromDate\u003d201611-02, toDate\u003d2017-11-02}","duration":2793,"startTime":1514878232477,"result":"SUCCESS","children":[{"number":11,"description":"Given load request for ordersummary \"/MerchantApiWeb/authenticateUser\" and \"/MerchantApiWeb/rest/secure/user/order/summary\" and \"TC02\" and \"TestAutomationBCO7\" and \"Password@1\" and \"BCN\"","duration":1411,"startTime":1514878232530,"result":"SUCCESS","children":[{"number":12,"description":"Loadgetrequestdata: https://uat1.merchantportal.firstdata.eu/MerchantApiWeb/authenticateUser","duration":1,"startTime":1514878232661,"result":"SUCCESS"},{"number":13,"description":"Postrequest authenticate user: https://uat1.merchantportal.firstdata.eu/MerchantApiWeb/authenticateUser, TestAutomationBCO7, Password@1, BCN","duration":1186,"startTime":1514878232691,"result":"SUCCESS"},{"number":14,"description":"Loadgetrequestdata uniqueauthentication: https://uat1.merchantportal.firstdata.eu/MerchantApiWeb/rest/secure/user/order/summary","duration":0,"startTime":1514878233890,"result":"SUCCESS"}]},{"number":15,"description":"When post get request for ordersummary \"201611-02\" and \"2017-11-02\"","duration":957,"startTime":1514878233942,"result":"SUCCESS","children":[{"number":16,"description":"Post GET request ordersummary: https://uat1.merchantportal.firstdata.eu/MerchantApiWeb/rest/secure/user/order/summary, 201611-02, 2017-11-02","duration":839,"startTime":1514878233966,"result":"SUCCESS"}]},{"number":17,"description":"Then verify ordersummary response status \"error\" and \"MPVE00051\" and \"Invalid Date format\" and \"\" and \"\" and \"\"","duration":368,"startTime":1514878234900,"result":"SUCCESS","children":[{"number":18,"description":"Verify Response","duration":152,"startTime":1514878234923,"result":"SUCCESS"}]}]},{"number":19,"description":"[1] {report\u003dTC03, logindomain\u003d/MerchantApiWeb/authenticateUser, domainurl\u003d/MerchantApiWeb/rest/secure/user/order/summary, status\u003derror, Message\u003dInvalid Date format, ErrorCode\u003dMPVE00051, userName\u003dTestAutomationBCO7, password\u003dPassword@1, allianceCode\u003dBCN, AuthErrMessage\u003d, Authaccessdenied\u003d, AuthErrCause\u003d, currency\u003d, userType\u003d, pageNumber\u003d, accountStatus\u003d, profile\u003d, firstName\u003d, lastName\u003d, fromDate\u003d2016-11-02, toDate\u003d201711-02}","duration":3150,"startTime":1514878239709,"result":"SUCCESS","children":[{"number":20,"description":"Given load request for ordersummary \"/MerchantApiWeb/authenticateUser\" and \"/MerchantApiWeb/rest/secure/user/order/summary\" and \"TC03\" and \"TestAutomationBCO7\" and \"Password@1\" and \"BCN\"","duration":1720,"startTime":1514878239803,"result":"SUCCESS","children":[{"number":21,"description":"Loadgetrequestdata: https://uat1.merchantportal.firstdata.eu/MerchantApiWeb/authenticateUser","duration":0,"startTime":1514878239950,"result":"SUCCESS"},{"number":22,"description":"Postrequest authenticate user: https://uat1.merchantportal.firstdata.eu/MerchantApiWeb/authenticateUser, TestAutomationBCO7, Password@1, BCN","duration":1517,"startTime":1514878239951,"result":"SUCCESS"},{"number":23,"description":"Loadgetrequestdata uniqueauthentication: https://uat1.merchantportal.firstdata.eu/MerchantApiWeb/rest/secure/user/order/summary","duration":3,"startTime":1514878241479,"result":"SUCCESS"}]},{"number":24,"description":"When post get request for ordersummary \"2016-11-02\" and \"201711-02\"","duration":978,"startTime":1514878241526,"result":"SUCCESS","children":[{"number":25,"description":"Post GET request ordersummary: https://uat1.merchantportal.firstdata.eu/MerchantApiWeb/rest/secure/user/order/summary, 2016-11-02, 201711-02","duration":868,"startTime":1514878241550,"result":"SUCCESS"}]},{"number":26,"description":"Then verify ordersummary response status \"error\" and \"MPVE00051\" and \"Invalid Date format\" and \"\" and \"\" and \"\"","duration":353,"startTime":1514878242506,"result":"SUCCESS","children":[{"number":27,"description":"Verify Response","duration":134,"startTime":1514878242527,"result":"SUCCESS"}]}]},{"number":28,"description":"[1] {report\u003dTC04, logindomain\u003d/MerchantApiWeb/authenticateUser, domainurl\u003d/MerchantApiWeb/rest/secure/user/order/summary, status\u003derror, Message\u003dtoDate is required, ErrorCode\u003dMPVE00061, userName\u003dTestAutomationBCO7, password\u003dPassword@1, allianceCode\u003dBCN, AuthErrMessage\u003d, Authaccessdenied\u003d, AuthErrCause\u003d, currency\u003d, userType\u003d, pageNumber\u003d, accountStatus\u003d, profile\u003d, firstName\u003d, lastName\u003d, fromDate\u003d2016-11-02, toDate\u003d}","duration":2960,"startTime":1514878247005,"result":"SUCCESS","children":[{"number":29,"description":"Given load request for ordersummary \"/MerchantApiWeb/authenticateUser\" and \"/MerchantApiWeb/rest/secure/user/order/summary\" and \"TC04\" and \"TestAutomationBCO7\" and \"Password@1\" and \"BCN\"","duration":1369,"startTime":1514878247033,"result":"SUCCESS","children":[{"number":30,"description":"Loadgetrequestdata: https://uat1.merchantportal.firstdata.eu/MerchantApiWeb/authenticateUser","duration":1,"startTime":1514878247153,"result":"SUCCESS"},{"number":31,"description":"Postrequest authenticate user: https://uat1.merchantportal.firstdata.eu/MerchantApiWeb/authenticateUser, TestAutomationBCO7, Password@1, BCN","duration":1193,"startTime":1514878247155,"result":"SUCCESS"},{"number":32,"description":"Loadgetrequestdata uniqueauthentication: https://uat1.merchantportal.firstdata.eu/MerchantApiWeb/rest/secure/user/order/summary","duration":1,"startTime":1514878248360,"result":"SUCCESS"}]},{"number":33,"description":"When post get request for ordersummary \"2016-11-02\" and \"\"","duration":902,"startTime":1514878248403,"result":"SUCCESS","children":[{"number":34,"description":"Post GET request ordersummary: https://uat1.merchantportal.firstdata.eu/MerchantApiWeb/rest/secure/user/order/summary, 2016-11-02, ","duration":801,"startTime":1514878248423,"result":"SUCCESS"}]},{"number":35,"description":"Then verify ordersummary response status \"error\" and \"MPVE00061\" and \"toDate is required\" and \"\" and \"\" and \"\"","duration":659,"startTime":1514878249306,"result":"SUCCESS","children":[{"number":36,"description":"Verify Response","duration":269,"startTime":1514878249332,"result":"SUCCESS"}]}]},{"number":37,"description":"[1] {report\u003dTC05, logindomain\u003d/MerchantApiWeb/authenticateUser, domainurl\u003d/MerchantApiWeb/rest/secure/user/order/summary, status\u003derror, Message\u003dfromDate is required, ErrorCode\u003dMPVE00063, userName\u003dTestAutomationBCO7, password\u003dPassword@1, allianceCode\u003dBCN, AuthErrMessage\u003d, Authaccessdenied\u003d, AuthErrCause\u003d, currency\u003d, userType\u003d, pageNumber\u003d, accountStatus\u003d, profile\u003d, firstName\u003d, lastName\u003d, fromDate\u003d, toDate\u003d2017-11-02}","duration":2678,"startTime":1514878254151,"result":"SUCCESS","children":[{"number":38,"description":"Given load request for ordersummary \"/MerchantApiWeb/authenticateUser\" and \"/MerchantApiWeb/rest/secure/user/order/summary\" and \"TC05\" and \"TestAutomationBCO7\" and \"Password@1\" and \"BCN\"","duration":1330,"startTime":1514878254195,"result":"SUCCESS","children":[{"number":39,"description":"Loadgetrequestdata: https://uat1.merchantportal.firstdata.eu/MerchantApiWeb/authenticateUser","duration":0,"startTime":1514878254311,"result":"SUCCESS"},{"number":40,"description":"Postrequest authenticate user: https://uat1.merchantportal.firstdata.eu/MerchantApiWeb/authenticateUser, TestAutomationBCO7, Password@1, BCN","duration":1157,"startTime":1514878254312,"result":"SUCCESS"},{"number":41,"description":"Loadgetrequestdata uniqueauthentication: https://uat1.merchantportal.firstdata.eu/MerchantApiWeb/rest/secure/user/order/summary","duration":1,"startTime":1514878255481,"result":"SUCCESS"}]},{"number":42,"description":"When post get request for ordersummary \"\" and \"2017-11-02\"","duration":952,"startTime":1514878255527,"result":"SUCCESS","children":[{"number":43,"description":"Post GET request ordersummary: https://uat1.merchantportal.firstdata.eu/MerchantApiWeb/rest/secure/user/order/summary, , 2017-11-02","duration":821,"startTime":1514878255560,"result":"SUCCESS"}]},{"number":44,"description":"Then verify ordersummary response status \"error\" and \"MPVE00063\" and \"fromDate is required\" and \"\" and \"\" and \"\"","duration":348,"startTime":1514878256480,"result":"SUCCESS","children":[{"number":45,"description":"Verify Response","duration":93,"startTime":1514878256514,"result":"SUCCESS"}]}]}],"userStory":{"id":"merchant-portal-application-api-validation","storyName":"Merchant Portal application API validation","path":"APIupdate.feature","type":"feature"},"featureTag":{"name":"Merchant Portal application API validation","type":"feature"},"title":"Verify the API retrieves the order summary of the logged in user","description":"","tags":[{"name":"ordersummary","type":"tag"}],"startTime":1514878215612,"duration":41217,"dataTable":{"headers":["report","logindomain","domainurl","status","Message","ErrorCode","userName","password","allianceCode","AuthErrMessage","Authaccessdenied","AuthErrCause","currency","userType","pageNumber","accountStatus","profile","firstName","lastName","fromDate","toDate"],"rows":[{"values":["TC01","/MerchantApiWeb/authenticateUser","/MerchantApiWeb/rest/secure/user/order/summary","success","","","TestAutomationBCO7","Password@1","BCN","","","","EUR","","","","","","","2016-11-02","2017-11-02"],"result":"SUCCESS"},{"values":["TC02","/MerchantApiWeb/authenticateUser","/MerchantApiWeb/rest/secure/user/order/summary","error","Invalid Date format","MPVE00051","TestAutomationBCO7","Password@1","BCN","","","","","","","","","","","201611-02","2017-11-02"],"result":"SUCCESS"},{"values":["TC03","/MerchantApiWeb/authenticateUser","/MerchantApiWeb/rest/secure/user/order/summary","error","Invalid Date format","MPVE00051","TestAutomationBCO7","Password@1","BCN","","","","","","","","","","","2016-11-02","201711-02"],"result":"SUCCESS"},{"values":["TC04","/MerchantApiWeb/authenticateUser","/MerchantApiWeb/rest/secure/user/order/summary","error","toDate is required","MPVE00061","TestAutomationBCO7","Password@1","BCN","","","","","","","","","","","2016-11-02",""],"result":"SUCCESS"},{"values":["TC05","/MerchantApiWeb/authenticateUser","/MerchantApiWeb/rest/secure/user/order/summary","error","fromDate is required","MPVE00063","TestAutomationBCO7","Password@1","BCN","","","","","","","","","","","","2017-11-02"],"result":"SUCCESS"}],"predefinedRows":true,"dataSetDescriptors":[{"startRow":0,"rowCount":0,"name":"","description":""}]},"manual":false,"testSource":"Cucumber","result":"SUCCESS"}