{"name":"Verify the api accepts the Terms and Conditions for the logged in user","testSteps":[{"number":1,"description":"[1] {report\u003dTC01, logindomain\u003d/MerchantApiWeb/authenticateUser, domainurl\u003d/MerchantApiWeb/rest/secure/user/tandc/acceptTermsAndConditions, status\u003dsuccess, Message\u003d, ErrorCode\u003d, userName\u003dTestAutomation22, password\u003dPassword@1, allianceCode\u003dEMS, AuthErrMessage\u003d, Authaccessdenied\u003d, AuthErrCause\u003d, currency\u003d, userType\u003d, pageNumber\u003d, accountStatus\u003d, profile\u003d, firstName\u003d, lastName\u003d, reasonForBlock\u003d, blockusername\u003d, termsId\u003d1005561}","duration":2457,"startTime":1514870789524,"result":"SUCCESS","children":[{"number":2,"description":"Given load request for acceptTermsAndConditions \"/MerchantApiWeb/authenticateUser\" and \"/MerchantApiWeb/rest/secure/user/tandc/acceptTermsAndConditions\" and \"TC01\" and \"TestAutomation22\" and \"Password@1\" and \"EMS\"","duration":1221,"startTime":1514870789539,"result":"SUCCESS","children":[{"number":3,"description":"Loadgetrequestdata: https://uat1.merchantportal.firstdata.eu/MerchantApiWeb/authenticateUser","duration":1,"startTime":1514870789609,"result":"SUCCESS"},{"number":4,"description":"Postrequest authenticate user: https://uat1.merchantportal.firstdata.eu/MerchantApiWeb/authenticateUser, TestAutomation22, Password@1, EMS","duration":1118,"startTime":1514870789611,"result":"SUCCESS"},{"number":5,"description":"Loadgetrequestdata requestwithbody: https://uat1.merchantportal.firstdata.eu/MerchantApiWeb/rest/secure/user/tandc/acceptTermsAndConditions","duration":0,"startTime":1514870790737,"result":"SUCCESS"}]},{"number":6,"description":"When post request for acceptTermsAndConditions \"1005561\"","duration":1136,"startTime":1514870790760,"result":"SUCCESS","children":[{"number":7,"description":"Postrequest accept terms and conditions: https://uat1.merchantportal.firstdata.eu/MerchantApiWeb/rest/secure/user/tandc/acceptTermsAndConditions, 1005561","duration":1070,"startTime":1514870790775,"result":"SUCCESS"}]},{"number":8,"description":"Then verify acceptTermsAndConditions response status \"success\" and \"\" and \"\" and \"\" and \"\" and \"\"","duration":85,"startTime":1514870791896,"result":"SUCCESS","children":[{"number":9,"description":"Verify Response","duration":21,"startTime":1514870791911,"result":"SUCCESS"}]}]},{"number":10,"description":"[1] {report\u003dTC02, logindomain\u003d/MerchantApiWeb/authenticateUser, domainurl\u003d/MerchantApiWeb/rest/secure/user/tandc/acceptTermsAndConditions, status\u003derror, Message\u003dInvalid Terms Id, ErrorCode\u003dMPBE00030, userName\u003dTestAutomation22, password\u003dPassword@1, allianceCode\u003dEMS, AuthErrMessage\u003d, Authaccessdenied\u003d, AuthErrCause\u003d, currency\u003d, userType\u003d, pageNumber\u003d, accountStatus\u003d, profile\u003d, firstName\u003d, lastName\u003d, reasonForBlock\u003d, blockusername\u003d, termsId\u003d15}","duration":2625,"startTime":1514870795079,"result":"SUCCESS","children":[{"number":11,"description":"Given load request for acceptTermsAndConditions \"/MerchantApiWeb/authenticateUser\" and \"/MerchantApiWeb/rest/secure/user/tandc/acceptTermsAndConditions\" and \"TC02\" and \"TestAutomation22\" and \"Password@1\" and \"EMS\"","duration":1428,"startTime":1514870795099,"result":"SUCCESS","children":[{"number":12,"description":"Loadgetrequestdata: https://uat1.merchantportal.firstdata.eu/MerchantApiWeb/authenticateUser","duration":1,"startTime":1514870795183,"result":"SUCCESS"},{"number":13,"description":"Postrequest authenticate user: https://uat1.merchantportal.firstdata.eu/MerchantApiWeb/authenticateUser, TestAutomation22, Password@1, EMS","duration":1303,"startTime":1514870795185,"result":"SUCCESS"},{"number":14,"description":"Loadgetrequestdata requestwithbody: https://uat1.merchantportal.firstdata.eu/MerchantApiWeb/rest/secure/user/tandc/acceptTermsAndConditions","duration":0,"startTime":1514870796500,"result":"SUCCESS"}]},{"number":15,"description":"When post request for acceptTermsAndConditions \"15\"","duration":964,"startTime":1514870796528,"result":"SUCCESS","children":[{"number":16,"description":"Postrequest accept terms and conditions: https://uat1.merchantportal.firstdata.eu/MerchantApiWeb/rest/secure/user/tandc/acceptTermsAndConditions, 15","duration":885,"startTime":1514870796542,"result":"SUCCESS"}]},{"number":17,"description":"Then verify acceptTermsAndConditions response status \"error\" and \"MPBE00030\" and \"Invalid Terms Id\" and \"\" and \"\" and \"\"","duration":211,"startTime":1514870797493,"result":"SUCCESS","children":[{"number":18,"description":"Verify Response","duration":61,"startTime":1514870797519,"result":"SUCCESS"}]}]},{"number":19,"description":"[1] {report\u003dTC04, logindomain\u003d/MerchantApiWeb/authenticateUser, domainurl\u003d/MerchantApiWeb/rest/secure/user/tandc/acceptTermsAndConditions, status\u003derror, Message\u003dTermsId should be greater than 1 and less than 19 characters, ErrorCode\u003dMPVE00030, userName\u003dTestAutomation22, password\u003dPassword@1, allianceCode\u003dEMS, AuthErrMessage\u003d, Authaccessdenied\u003d, AuthErrCause\u003d, currency\u003d, userType\u003d, pageNumber\u003d, accountStatus\u003d, profile\u003d, firstName\u003d, lastName\u003d, reasonForBlock\u003d, blockusername\u003d, termsId\u003d100561456897456879546879456789}","duration":2343,"startTime":1514870801218,"result":"SUCCESS","children":[{"number":20,"description":"Given load request for acceptTermsAndConditions \"/MerchantApiWeb/authenticateUser\" and \"/MerchantApiWeb/rest/secure/user/tandc/acceptTermsAndConditions\" and \"TC04\" and \"TestAutomation22\" and \"Password@1\" and \"EMS\"","duration":1212,"startTime":1514870801269,"result":"SUCCESS","children":[{"number":21,"description":"Loadgetrequestdata: https://uat1.merchantportal.firstdata.eu/MerchantApiWeb/authenticateUser","duration":1,"startTime":1514870801354,"result":"SUCCESS"},{"number":22,"description":"Postrequest authenticate user: https://uat1.merchantportal.firstdata.eu/MerchantApiWeb/authenticateUser, TestAutomation22, Password@1, EMS","duration":1094,"startTime":1514870801357,"result":"SUCCESS"},{"number":23,"description":"Loadgetrequestdata requestwithbody: https://uat1.merchantportal.firstdata.eu/MerchantApiWeb/rest/secure/user/tandc/acceptTermsAndConditions","duration":1,"startTime":1514870802459,"result":"SUCCESS"}]},{"number":24,"description":"When post request for acceptTermsAndConditions \"100561456897456879546879456789\"","duration":906,"startTime":1514870802482,"result":"SUCCESS","children":[{"number":25,"description":"Postrequest accept terms and conditions: https://uat1.merchantportal.firstdata.eu/MerchantApiWeb/rest/secure/user/tandc/acceptTermsAndConditions, 100561456897456879546879456789","duration":852,"startTime":1514870802493,"result":"SUCCESS"}]},{"number":26,"description":"Then verify acceptTermsAndConditions response status \"error\" and \"MPVE00030\" and \"TermsId should be greater than 1 and less than 19 characters\" and \"\" and \"\" and \"\"","duration":172,"startTime":1514870803389,"result":"SUCCESS","children":[{"number":27,"description":"Verify Response","duration":45,"startTime":1514870803398,"result":"SUCCESS"}]}]},{"number":28,"description":"[1] {report\u003dTC06, logindomain\u003d/MerchantApiWeb/authenticateUser, domainurl\u003d/MerchantApiWeb/rest/secure/user/tandc/acceptTermsAndConditions, status\u003derror, Message\u003dTermsId contain special characters or empty spaces, ErrorCode\u003dMPVE00031, userName\u003dTestAutomation22, password\u003dPassword@1, allianceCode\u003dEMS, AuthErrMessage\u003d, Authaccessdenied\u003d, AuthErrCause\u003d, currency\u003d, userType\u003d, pageNumber\u003d, accountStatus\u003d, profile\u003d, firstName\u003d, lastName\u003d, reasonForBlock\u003d, blockusername\u003d, termsId\u003d1005@#561}","duration":2364,"startTime":1514870806603,"result":"SUCCESS","children":[{"number":29,"description":"Given load request for acceptTermsAndConditions \"/MerchantApiWeb/authenticateUser\" and \"/MerchantApiWeb/rest/secure/user/tandc/acceptTermsAndConditions\" and \"TC06\" and \"TestAutomation22\" and \"Password@1\" and \"EMS\"","duration":1173,"startTime":1514870806618,"result":"SUCCESS","children":[{"number":30,"description":"Loadgetrequestdata: https://uat1.merchantportal.firstdata.eu/MerchantApiWeb/authenticateUser","duration":0,"startTime":1514870806691,"result":"SUCCESS"},{"number":31,"description":"Postrequest authenticate user: https://uat1.merchantportal.firstdata.eu/MerchantApiWeb/authenticateUser, TestAutomation22, Password@1, EMS","duration":1069,"startTime":1514870806692,"result":"SUCCESS"},{"number":32,"description":"Loadgetrequestdata requestwithbody: https://uat1.merchantportal.firstdata.eu/MerchantApiWeb/rest/secure/user/tandc/acceptTermsAndConditions","duration":0,"startTime":1514870807770,"result":"SUCCESS"}]},{"number":33,"description":"When post request for acceptTermsAndConditions \"1005@#561\"","duration":905,"startTime":1514870807791,"result":"SUCCESS","children":[{"number":34,"description":"Postrequest accept terms and conditions: https://uat1.merchantportal.firstdata.eu/MerchantApiWeb/rest/secure/user/tandc/acceptTermsAndConditions, 1005@#561","duration":846,"startTime":1514870807803,"result":"SUCCESS"}]},{"number":35,"description":"Then verify acceptTermsAndConditions response status \"error\" and \"MPVE00031\" and \"TermsId contain special characters or empty spaces\" and \"\" and \"\" and \"\"","duration":270,"startTime":1514870808697,"result":"SUCCESS","children":[{"number":36,"description":"Verify Response","duration":134,"startTime":1514870808707,"result":"SUCCESS"}]}]},{"number":37,"description":"[1] {report\u003dTC07, logindomain\u003d/MerchantApiWeb/authenticateUser, domainurl\u003d/MerchantApiWeb/rest/secure/user/tandc/acceptTermsAndConditions, status\u003derror, Message\u003dTermsId contain special characters or empty spaces, ErrorCode\u003dMPVE00031, userName\u003dTestAutomation22, password\u003dPassword@1, allianceCode\u003dEMS, AuthErrMessage\u003d, Authaccessdenied\u003d, AuthErrCause\u003d, currency\u003d, userType\u003d, pageNumber\u003d, accountStatus\u003d, profile\u003d, firstName\u003d, lastName\u003d, reasonForBlock\u003d, blockusername\u003d, termsId\u003d1005 561}","duration":2532,"startTime":1514870812010,"result":"SUCCESS","children":[{"number":38,"description":"Given load request for acceptTermsAndConditions \"/MerchantApiWeb/authenticateUser\" and \"/MerchantApiWeb/rest/secure/user/tandc/acceptTermsAndConditions\" and \"TC07\" and \"TestAutomation22\" and \"Password@1\" and \"EMS\"","duration":1233,"startTime":1514870812049,"result":"SUCCESS","children":[{"number":39,"description":"Loadgetrequestdata: https://uat1.merchantportal.firstdata.eu/MerchantApiWeb/authenticateUser","duration":0,"startTime":1514870812119,"result":"SUCCESS"},{"number":40,"description":"Postrequest authenticate user: https://uat1.merchantportal.firstdata.eu/MerchantApiWeb/authenticateUser, TestAutomation22, Password@1, EMS","duration":1120,"startTime":1514870812120,"result":"SUCCESS"},{"number":41,"description":"Loadgetrequestdata requestwithbody: https://uat1.merchantportal.firstdata.eu/MerchantApiWeb/rest/secure/user/tandc/acceptTermsAndConditions","duration":1,"startTime":1514870813247,"result":"SUCCESS"}]},{"number":42,"description":"When post request for acceptTermsAndConditions \"1005 561\"","duration":978,"startTime":1514870813283,"result":"SUCCESS","children":[{"number":43,"description":"Postrequest accept terms and conditions: https://uat1.merchantportal.firstdata.eu/MerchantApiWeb/rest/secure/user/tandc/acceptTermsAndConditions, 1005 561","duration":897,"startTime":1514870813296,"result":"SUCCESS"}]},{"number":44,"description":"Then verify acceptTermsAndConditions response status \"error\" and \"MPVE00031\" and \"TermsId contain special characters or empty spaces\" and \"\" and \"\" and \"\"","duration":280,"startTime":1514870814262,"result":"SUCCESS","children":[{"number":45,"description":"Verify Response","duration":71,"startTime":1514870814283,"result":"SUCCESS"}]}]}],"userStory":{"id":"merchant-portal-application-api-validation","storyName":"Merchant Portal application API validation","path":"APIupdate.feature","type":"feature"},"featureTag":{"name":"Merchant Portal application API validation","type":"feature"},"title":"Verify the api accepts the Terms and Conditions for the logged in user","description":"","tags":[{"name":"acceptTermsAndConditions","type":"tag"}],"startTime":1514870789523,"duration":25019,"dataTable":{"headers":["report","logindomain","domainurl","status","Message","ErrorCode","userName","password","allianceCode","AuthErrMessage","Authaccessdenied","AuthErrCause","currency","userType","pageNumber","accountStatus","profile","firstName","lastName","reasonForBlock","blockusername","termsId"],"rows":[{"values":["TC01","/MerchantApiWeb/authenticateUser","/MerchantApiWeb/rest/secure/user/tandc/acceptTermsAndConditions","success","","","TestAutomation22","Password@1","EMS","","","","","","","","","","","","","1005561"],"result":"SUCCESS"},{"values":["TC02","/MerchantApiWeb/authenticateUser","/MerchantApiWeb/rest/secure/user/tandc/acceptTermsAndConditions","error","Invalid Terms Id","MPBE00030","TestAutomation22","Password@1","EMS","","","","","","","","","","","","","15"],"result":"SUCCESS"},{"values":["TC04","/MerchantApiWeb/authenticateUser","/MerchantApiWeb/rest/secure/user/tandc/acceptTermsAndConditions","error","TermsId should be greater than 1 and less than 19 characters","MPVE00030","TestAutomation22","Password@1","EMS","","","","","","","","","","","","","100561456897456879546879456789"],"result":"SUCCESS"},{"values":["TC06","/MerchantApiWeb/authenticateUser","/MerchantApiWeb/rest/secure/user/tandc/acceptTermsAndConditions","error","TermsId contain special characters or empty spaces","MPVE00031","TestAutomation22","Password@1","EMS","","","","","","","","","","","","","1005@#561"],"result":"SUCCESS"},{"values":["TC07","/MerchantApiWeb/authenticateUser","/MerchantApiWeb/rest/secure/user/tandc/acceptTermsAndConditions","error","TermsId contain special characters or empty spaces","MPVE00031","TestAutomation22","Password@1","EMS","","","","","","","","","","","","","1005 561"],"result":"SUCCESS"}],"predefinedRows":true,"dataSetDescriptors":[{"startRow":0,"rowCount":0,"name":"","description":""}]},"manual":false,"testSource":"Cucumber","result":"SUCCESS"}