{"name":"Verify the api retrieves the details of the cashadvance offers for the impersonated user","testSteps":[{"number":1,"description":"[1] {report\u003dTC01, logindomain\u003d/MerchantApiWeb/authenticateUser, domainurl\u003d/MerchantApiWeb/rest/secure/impersonation/user/cashadvance/offer, status\u003dsuccess, Message\u003d, ErrorCode\u003d, userName\u003dTestAutomationFDP3, password\u003dPassword@1, allianceCode\u003dFDP, AuthErrMessage\u003d, Authaccessdenied\u003d, AuthErrCause\u003d, currency\u003dPLN, userType\u003d, pageNumber\u003d1, accountStatus\u003d, profile\u003d, firstName\u003d, lastName\u003d, period\u003d, fileType\u003dCSV, delimiter\u003d,, terminalBatchNumId\u003d8366009, startDate\u003d, endDate\u003d, pseudoUserName\u003dTheBatman}","duration":2202,"startTime":1514871133775,"result":"SUCCESS","children":[{"number":2,"description":"Given load request for cashadvanceofferImpersonation \"/MerchantApiWeb/authenticateUser\" and \"/MerchantApiWeb/rest/secure/impersonation/user/cashadvance/offer\" and \"TC01\" and \"TestAutomationFDP3\" and \"Password@1\" and \"FDP\"","duration":1141,"startTime":1514871133793,"result":"SUCCESS","children":[{"number":3,"description":"Loadgetrequestdata: https://uat1.merchantportal.firstdata.eu/MerchantApiWeb/authenticateUser","duration":1,"startTime":1514871133872,"result":"SUCCESS"},{"number":4,"description":"Postrequest authenticate user: https://uat1.merchantportal.firstdata.eu/MerchantApiWeb/authenticateUser, TestAutomationFDP3, Password@1, FDP","duration":1018,"startTime":1514871133873,"result":"SUCCESS"},{"number":5,"description":"Loadgetrequestdata uniqueauthentication: https://uat1.merchantportal.firstdata.eu/MerchantApiWeb/rest/secure/impersonation/user/cashadvance/offer","duration":0,"startTime":1514871134901,"result":"SUCCESS"}]},{"number":6,"description":"When post get request for cashadvanceofferImpersonation \"TheBatman\"","duration":985,"startTime":1514871134934,"result":"SUCCESS","children":[{"number":7,"description":"Post GET request cashadvanceoffer impersonation: https://uat1.merchantportal.firstdata.eu/MerchantApiWeb/rest/secure/impersonation/user/cashadvance/offer, TheBatman","duration":892,"startTime":1514871134947,"result":"SUCCESS"}]},{"number":8,"description":"Then verify cashadvanceofferImpersonation response status \"success\" and \"\" and \"\" and \"\" and \"\" and \"\"","duration":57,"startTime":1514871135920,"exception":{"errorType":"java.lang.AssertionError","message":"expected:\u003c[error]\u003e but was:\u003c[success]\u003e","stackTrace":[{"declaringClass":"api.ValidateRequest","methodName":"verifyresponse","fileName":"ValidateRequest.java","lineNumber":312},{"declaringClass":"stepdefinitions.Apidefinitions","methodName":"verify_cashadvanceofferImpersonation_response_status","fileName":"Apidefinitions.java","lineNumber":4382},{"declaringClass":"✽","methodName":"Then verify cashadvanceofferImpersonation response status \"success\" and \"\" and \"\" and \"\" and \"\" and \"\"","fileName":"APIupdate.feature","lineNumber":527}]},"result":"FAILURE","children":[{"number":9,"description":"Verify Response","duration":22,"startTime":1514871135954,"exception":{"errorType":"org.junit.ComparisonFailure","message":"expected:\u003c[error]\u003e but was:\u003c[success]\u003e","stackTrace":[{"declaringClass":"api.ValidateRequest","methodName":"verifyresponse","fileName":"ValidateRequest.java","lineNumber":312},{"declaringClass":"stepdefinitions.Apidefinitions","methodName":"verify_cashadvanceofferImpersonation_response_status","fileName":"Apidefinitions.java","lineNumber":4382}]},"result":"FAILURE"}]}]}],"userStory":{"id":"merchant-portal-application-api-validation","storyName":"Merchant Portal application API validation","path":"APIupdate.feature","type":"feature"},"featureTag":{"name":"Merchant Portal application API validation","type":"feature"},"title":"Verify the api retrieves the details of the cashadvance offers for the impersonated user","description":"","tags":[{"name":"cashadvanceofferImpersonation","type":"tag"}],"startTime":1514871133774,"duration":2203,"testFailureCause":{"errorType":"org.junit.ComparisonFailure","message":"expected:\u003c[error]\u003e but was:\u003c[success]\u003e","stackTrace":[{"declaringClass":"api.ValidateRequest","methodName":"verifyresponse","fileName":"ValidateRequest.java","lineNumber":312},{"declaringClass":"stepdefinitions.Apidefinitions","methodName":"verify_cashadvanceofferImpersonation_response_status","fileName":"Apidefinitions.java","lineNumber":4382}]},"testFailureClassname":"java.lang.AssertionError","testFailureMessage":"expected:\u003c[error]\u003e but was:\u003c[success]\u003e\r\nexpected:\u003c[error]\u003e but was:\u003c[success]\u003e","annotatedResult":"FAILURE","dataTable":{"headers":["report","logindomain","domainurl","status","Message","ErrorCode","userName","password","allianceCode","AuthErrMessage","Authaccessdenied","AuthErrCause","currency","userType","pageNumber","accountStatus","profile","firstName","lastName","period","fileType","delimiter","terminalBatchNumId","startDate","endDate","pseudoUserName"],"rows":[{"values":["TC01","/MerchantApiWeb/authenticateUser","/MerchantApiWeb/rest/secure/impersonation/user/cashadvance/offer","success","","","TestAutomationFDP3","Password@1","FDP","","","","PLN","","1","","","","","","CSV",",","8366009","","","TheBatman"],"result":"FAILURE"}],"predefinedRows":true,"dataSetDescriptors":[{"startRow":0,"rowCount":0,"name":"","description":""}]},"manual":false,"testSource":"Cucumber","result":"FAILURE"}