{"name":"Verify the API retrieves the orders of the logged in user","testSteps":[{"number":1,"description":"[1] {report\u003dTC01, logindomain\u003d/MerchantApiWeb/authenticateUser, domainurl\u003d/MerchantApiWeb/rest/secure/user/order, status\u003dsuccess, Message\u003d, ErrorCode\u003d, userName\u003dTestAutomationBCO7, password\u003dPassword@1, allianceCode\u003dBCN, AuthErrMessage\u003d, Authaccessdenied\u003d, AuthErrCause\u003d, currency\u003dEUR, userType\u003d, pageNumber\u003d, accountStatus\u003d, profile\u003d, firstName\u003d, lastName\u003d, fromDate\u003d2016-11-02, toDate\u003d2017-11-02}","duration":2954,"startTime":1514878263161,"result":"SUCCESS","children":[{"number":2,"description":"Given load request for getorder \"/MerchantApiWeb/authenticateUser\" and \"/MerchantApiWeb/rest/secure/user/order\" and \"TC01\" and \"TestAutomationBCO7\" and \"Password@1\" and \"BCN\"","duration":1483,"startTime":1514878263180,"result":"SUCCESS","children":[{"number":3,"description":"Loadgetrequestdata: https://uat1.merchantportal.firstdata.eu/MerchantApiWeb/authenticateUser","duration":1,"startTime":1514878263351,"result":"SUCCESS"},{"number":4,"description":"Postrequest authenticate user: https://uat1.merchantportal.firstdata.eu/MerchantApiWeb/authenticateUser, TestAutomationBCO7, Password@1, BCN","duration":1246,"startTime":1514878263353,"result":"SUCCESS"},{"number":5,"description":"Loadgetrequestdata authenticated: https://uat1.merchantportal.firstdata.eu/MerchantApiWeb/rest/secure/user/order, ","duration":1,"startTime":1514878264609,"result":"SUCCESS"}]},{"number":6,"description":"When post get request for getorder \"2016-11-02\" and \"2017-11-02\"","duration":1280,"startTime":1514878264664,"result":"SUCCESS","children":[{"number":7,"description":"Post GET request getorder: https://uat1.merchantportal.firstdata.eu/MerchantApiWeb/rest/secure/user/order, 2016-11-02, 2017-11-02","duration":1145,"startTime":1514878264694,"result":"SUCCESS"}]},{"number":8,"description":"Then verify getorder response status \"success\" and \"\" and \"\" and \"\" and \"\" and \"\"","duration":170,"startTime":1514878265945,"result":"SUCCESS","children":[{"number":9,"description":"Verify Response","duration":69,"startTime":1514878265963,"result":"SUCCESS"}]}]},{"number":10,"description":"[1] {report\u003dTC02, logindomain\u003d/MerchantApiWeb/authenticateUser, domainurl\u003d/MerchantApiWeb/rest/secure/user/order, status\u003derror, Message\u003dInvalid Date format, ErrorCode\u003dMPVE00051, userName\u003dTestAutomationBCO7, password\u003dPassword@1, allianceCode\u003dBCN, AuthErrMessage\u003d, Authaccessdenied\u003d, AuthErrCause\u003d, currency\u003d, userType\u003d, pageNumber\u003d, accountStatus\u003d, profile\u003d, firstName\u003d, lastName\u003d, fromDate\u003d201611-02, toDate\u003d2017-11-02}","duration":2809,"startTime":1514878270239,"result":"SUCCESS","children":[{"number":11,"description":"Given load request for getorder \"/MerchantApiWeb/authenticateUser\" and \"/MerchantApiWeb/rest/secure/user/order\" and \"TC02\" and \"TestAutomationBCO7\" and \"Password@1\" and \"BCN\"","duration":1419,"startTime":1514878270337,"result":"SUCCESS","children":[{"number":12,"description":"Loadgetrequestdata: https://uat1.merchantportal.firstdata.eu/MerchantApiWeb/authenticateUser","duration":0,"startTime":1514878270594,"result":"SUCCESS"},{"number":13,"description":"Postrequest authenticate user: https://uat1.merchantportal.firstdata.eu/MerchantApiWeb/authenticateUser, TestAutomationBCO7, Password@1, BCN","duration":1102,"startTime":1514878270596,"result":"SUCCESS"},{"number":14,"description":"Loadgetrequestdata authenticated: https://uat1.merchantportal.firstdata.eu/MerchantApiWeb/rest/secure/user/order, ","duration":0,"startTime":1514878271707,"result":"SUCCESS"}]},{"number":15,"description":"When post get request for getorder \"201611-02\" and \"2017-11-02\"","duration":962,"startTime":1514878271756,"result":"SUCCESS","children":[{"number":16,"description":"Post GET request getorder: https://uat1.merchantportal.firstdata.eu/MerchantApiWeb/rest/secure/user/order, 201611-02, 2017-11-02","duration":848,"startTime":1514878271775,"result":"SUCCESS"}]},{"number":17,"description":"Then verify getorder response status \"error\" and \"MPVE00051\" and \"Invalid Date format\" and \"\" and \"\" and \"\"","duration":330,"startTime":1514878272718,"result":"SUCCESS","children":[{"number":18,"description":"Verify Response","duration":142,"startTime":1514878272744,"result":"SUCCESS"}]}]},{"number":19,"description":"[1] {report\u003dTC03, logindomain\u003d/MerchantApiWeb/authenticateUser, domainurl\u003d/MerchantApiWeb/rest/secure/user/order, status\u003derror, Message\u003dInvalid Date format, ErrorCode\u003dMPVE00051, userName\u003dTestAutomationBCO7, password\u003dPassword@1, allianceCode\u003dBCN, AuthErrMessage\u003d, Authaccessdenied\u003d, AuthErrCause\u003d, currency\u003d, userType\u003d, pageNumber\u003d, accountStatus\u003d, profile\u003d, firstName\u003d, lastName\u003d, fromDate\u003d2016-11-02, toDate\u003d201711-02}","duration":2530,"startTime":1514878276875,"result":"SUCCESS","children":[{"number":20,"description":"Given load request for getorder \"/MerchantApiWeb/authenticateUser\" and \"/MerchantApiWeb/rest/secure/user/order\" and \"TC03\" and \"TestAutomationBCO7\" and \"Password@1\" and \"BCN\"","duration":1252,"startTime":1514878276895,"result":"SUCCESS","children":[{"number":21,"description":"Loadgetrequestdata: https://uat1.merchantportal.firstdata.eu/MerchantApiWeb/authenticateUser","duration":1,"startTime":1514878277015,"result":"SUCCESS"},{"number":22,"description":"Postrequest authenticate user: https://uat1.merchantportal.firstdata.eu/MerchantApiWeb/authenticateUser, TestAutomationBCO7, Password@1, BCN","duration":1069,"startTime":1514878277017,"result":"SUCCESS"},{"number":23,"description":"Loadgetrequestdata authenticated: https://uat1.merchantportal.firstdata.eu/MerchantApiWeb/rest/secure/user/order, ","duration":1,"startTime":1514878278104,"result":"SUCCESS"}]},{"number":24,"description":"When post get request for getorder \"2016-11-02\" and \"201711-02\"","duration":980,"startTime":1514878278147,"result":"SUCCESS","children":[{"number":25,"description":"Post GET request getorder: https://uat1.merchantportal.firstdata.eu/MerchantApiWeb/rest/secure/user/order, 2016-11-02, 201711-02","duration":869,"startTime":1514878278177,"result":"SUCCESS"}]},{"number":26,"description":"Then verify getorder response status \"error\" and \"MPVE00051\" and \"Invalid Date format\" and \"\" and \"\" and \"\"","duration":278,"startTime":1514878279127,"result":"SUCCESS","children":[{"number":27,"description":"Verify Response","duration":42,"startTime":1514878279143,"result":"SUCCESS"}]}]},{"number":28,"description":"[1] {report\u003dTC04, logindomain\u003d/MerchantApiWeb/authenticateUser, domainurl\u003d/MerchantApiWeb/rest/secure/user/order, status\u003derror, Message\u003dtoDate is required, ErrorCode\u003dMPVE00061, userName\u003dTestAutomationBCO7, password\u003dPassword@1, allianceCode\u003dBCN, AuthErrMessage\u003d, Authaccessdenied\u003d, AuthErrCause\u003d, currency\u003d, userType\u003d, pageNumber\u003d, accountStatus\u003d, profile\u003d, firstName\u003d, lastName\u003d, fromDate\u003d2016-11-02, toDate\u003d}","duration":2869,"startTime":1514878283231,"result":"SUCCESS","children":[{"number":29,"description":"Given load request for getorder \"/MerchantApiWeb/authenticateUser\" and \"/MerchantApiWeb/rest/secure/user/order\" and \"TC04\" and \"TestAutomationBCO7\" and \"Password@1\" and \"BCN\"","duration":1263,"startTime":1514878283248,"result":"SUCCESS","children":[{"number":30,"description":"Loadgetrequestdata: https://uat1.merchantportal.firstdata.eu/MerchantApiWeb/authenticateUser","duration":0,"startTime":1514878283408,"result":"SUCCESS"},{"number":31,"description":"Postrequest authenticate user: https://uat1.merchantportal.firstdata.eu/MerchantApiWeb/authenticateUser, TestAutomationBCO7, Password@1, BCN","duration":1050,"startTime":1514878283409,"result":"SUCCESS"},{"number":32,"description":"Loadgetrequestdata authenticated: https://uat1.merchantportal.firstdata.eu/MerchantApiWeb/rest/secure/user/order, ","duration":0,"startTime":1514878284469,"result":"SUCCESS"}]},{"number":33,"description":"When post get request for getorder \"2016-11-02\" and \"\"","duration":1319,"startTime":1514878284512,"result":"SUCCESS","children":[{"number":34,"description":"Post GET request getorder: https://uat1.merchantportal.firstdata.eu/MerchantApiWeb/rest/secure/user/order, 2016-11-02, ","duration":1216,"startTime":1514878284531,"result":"SUCCESS"}]},{"number":35,"description":"Then verify getorder response status \"error\" and \"MPVE00061\" and \"toDate is required\" and \"\" and \"\" and \"\"","duration":267,"startTime":1514878285832,"result":"SUCCESS","children":[{"number":36,"description":"Verify Response","duration":69,"startTime":1514878285852,"result":"SUCCESS"}]}]},{"number":37,"description":"[1] {report\u003dTC05, logindomain\u003d/MerchantApiWeb/authenticateUser, domainurl\u003d/MerchantApiWeb/rest/secure/user/order, status\u003derror, Message\u003dfromDate is required, ErrorCode\u003dMPVE00063, userName\u003dTestAutomationBCO7, password\u003dPassword@1, allianceCode\u003dBCN, AuthErrMessage\u003d, Authaccessdenied\u003d, AuthErrCause\u003d, currency\u003d, userType\u003d, pageNumber\u003d, accountStatus\u003d, profile\u003d, firstName\u003d, lastName\u003d, fromDate\u003d, toDate\u003d2017-11-02}","duration":3190,"startTime":1514878289918,"result":"SUCCESS","children":[{"number":38,"description":"Given load request for getorder \"/MerchantApiWeb/authenticateUser\" and \"/MerchantApiWeb/rest/secure/user/order\" and \"TC05\" and \"TestAutomationBCO7\" and \"Password@1\" and \"BCN\"","duration":1930,"startTime":1514878289946,"result":"SUCCESS","children":[{"number":39,"description":"Loadgetrequestdata: https://uat1.merchantportal.firstdata.eu/MerchantApiWeb/authenticateUser","duration":1,"startTime":1514878290064,"result":"SUCCESS"},{"number":40,"description":"Postrequest authenticate user: https://uat1.merchantportal.firstdata.eu/MerchantApiWeb/authenticateUser, TestAutomationBCO7, Password@1, BCN","duration":1762,"startTime":1514878290066,"result":"SUCCESS"},{"number":41,"description":"Loadgetrequestdata authenticated: https://uat1.merchantportal.firstdata.eu/MerchantApiWeb/rest/secure/user/order, ","duration":1,"startTime":1514878291839,"result":"SUCCESS"}]},{"number":42,"description":"When post get request for getorder \"\" and \"2017-11-02\"","duration":981,"startTime":1514878291876,"result":"SUCCESS","children":[{"number":43,"description":"Post GET request getorder: https://uat1.merchantportal.firstdata.eu/MerchantApiWeb/rest/secure/user/order, , 2017-11-02","duration":869,"startTime":1514878291895,"result":"SUCCESS"}]},{"number":44,"description":"Then verify getorder response status \"error\" and \"MPVE00063\" and \"fromDate is required\" and \"\" and \"\" and \"\"","duration":250,"startTime":1514878292858,"result":"SUCCESS","children":[{"number":45,"description":"Verify Response","duration":47,"startTime":1514878292877,"result":"SUCCESS"}]}]}],"userStory":{"id":"merchant-portal-application-api-validation","storyName":"Merchant Portal application API validation","path":"APIupdate.feature","type":"feature"},"featureTag":{"name":"Merchant Portal application API validation","type":"feature"},"title":"Verify the API retrieves the orders of the logged in user","description":"","tags":[{"name":"getorder","type":"tag"}],"startTime":1514878263160,"duration":29948,"dataTable":{"headers":["report","logindomain","domainurl","status","Message","ErrorCode","userName","password","allianceCode","AuthErrMessage","Authaccessdenied","AuthErrCause","currency","userType","pageNumber","accountStatus","profile","firstName","lastName","fromDate","toDate"],"rows":[{"values":["TC01","/MerchantApiWeb/authenticateUser","/MerchantApiWeb/rest/secure/user/order","success","","","TestAutomationBCO7","Password@1","BCN","","","","EUR","","","","","","","2016-11-02","2017-11-02"],"result":"SUCCESS"},{"values":["TC02","/MerchantApiWeb/authenticateUser","/MerchantApiWeb/rest/secure/user/order","error","Invalid Date format","MPVE00051","TestAutomationBCO7","Password@1","BCN","","","","","","","","","","","201611-02","2017-11-02"],"result":"SUCCESS"},{"values":["TC03","/MerchantApiWeb/authenticateUser","/MerchantApiWeb/rest/secure/user/order","error","Invalid Date format","MPVE00051","TestAutomationBCO7","Password@1","BCN","","","","","","","","","","","2016-11-02","201711-02"],"result":"SUCCESS"},{"values":["TC04","/MerchantApiWeb/authenticateUser","/MerchantApiWeb/rest/secure/user/order","error","toDate is required","MPVE00061","TestAutomationBCO7","Password@1","BCN","","","","","","","","","","","2016-11-02",""],"result":"SUCCESS"},{"values":["TC05","/MerchantApiWeb/authenticateUser","/MerchantApiWeb/rest/secure/user/order","error","fromDate is required","MPVE00063","TestAutomationBCO7","Password@1","BCN","","","","","","","","","","","","2017-11-02"],"result":"SUCCESS"}],"predefinedRows":true,"dataSetDescriptors":[{"startRow":0,"rowCount":0,"name":"","description":""}]},"manual":false,"testSource":"Cucumber","result":"SUCCESS"}