{"name":"Verify the api exports the transaction list of the impersonated user","testSteps":[{"number":1,"description":"[1] {report\u003dTC01, logindomain\u003d/MerchantApiWeb/authenticateUser, domainurl\u003d/MerchantApiWeb/rest/secure/impersonation/user/financialData/export/exportTransactionList, status\u003dsuccess, Message\u003d, ErrorCode\u003d, userName\u003dTestAutomation18, password\u003dPassword@1, allianceCode\u003dEMS, AuthrrMessage\u003d, Authaccessdenied\u003d, AuthErrCause\u003d, currency\u003d, userType\u003d, pageNumber\u003d1, accountStatus\u003d, profile\u003d, firstName\u003d, lastName\u003d, period\u003d, fromDate\u003d2016-11-02, toDate\u003d2017-11-02, invoiceId\u003d, gsmTopUpFromDate\u003d, gsmTopUpToDate\u003d, invoiceLineItemId\u003d, fundId\u003d, merchId\u003d, fromAmount\u003d, toAmount\u003d, source\u003d, fileType\u003dCSV, delimiter\u003d,, pseudoUserName\u003dTestAutomation22}","duration":10437,"startTime":1514871391152,"result":"SUCCESS","children":[{"number":2,"description":"Given load request for exportTransactionListImpersonation \"/MerchantApiWeb/authenticateUser\" and \"/MerchantApiWeb/rest/secure/impersonation/user/financialData/export/exportTransactionList\" and \"TC01\" and \"TestAutomation18\" and \"Password@1\" and \"EMS\"","duration":1787,"startTime":1514871391164,"result":"SUCCESS","children":[{"number":3,"description":"Loadgetrequestdata: https://uat1.merchantportal.firstdata.eu/MerchantApiWeb/authenticateUser","duration":0,"startTime":1514871391262,"result":"SUCCESS"},{"number":4,"description":"Postrequest authenticate user: https://uat1.merchantportal.firstdata.eu/MerchantApiWeb/authenticateUser, TestAutomation18, Password@1, EMS","duration":1651,"startTime":1514871391263,"result":"SUCCESS"},{"number":5,"description":"Loadgetrequestdata export download: https://uat1.merchantportal.firstdata.eu/MerchantApiWeb/rest/secure/impersonation/user/financialData/export/exportTransactionList","duration":0,"startTime":1514871392923,"result":"SUCCESS"}]},{"number":6,"description":"When post get request for exportTransactionListImpersonation \"2016-11-02\" and \"2017-11-02\" and \"\" and \"\" and \"\" and \"\" and \"CSV\" and \",\" and \"TestAutomation22\"","duration":8285,"startTime":1514871392951,"result":"SUCCESS","children":[{"number":7,"description":"Post GET request export transaction list impersonation: https://uat1.merchantportal.firstdata.eu/MerchantApiWeb/rest/secure/impersonation/user/financialData/export/exportTransactionList, 2016-11-02, 2017-11-02, , , , , CSV, ,, TestAutomation22","duration":8183,"startTime":1514871392968,"result":"SUCCESS"}]},{"number":8,"description":"Then verify exportTransactionListImpersonation response status \"success\" and \"\" and \"\" and \"\u003cAuthErrMessage\u003e\" and \"\" and \"\"","duration":352,"startTime":1514871401236,"result":"SUCCESS","children":[{"number":9,"description":"Verify Download file Response","duration":250,"startTime":1514871401250,"result":"SUCCESS"}]}]},{"number":10,"description":"[1] {report\u003dTC02, logindomain\u003d/MerchantApiWeb/authenticateUser, domainurl\u003d/MerchantApiWeb/rest/secure/impersonation/user/financialData/export/exportTransactionList, status\u003dsuccess, Message\u003d, ErrorCode\u003d, userName\u003dTestAutomation18, password\u003dPassword@1, allianceCode\u003dEMS, AuthrrMessage\u003d, Authaccessdenied\u003d, AuthErrCause\u003d, currency\u003d, userType\u003d, pageNumber\u003d1, accountStatus\u003d, profile\u003d, firstName\u003d, lastName\u003d, period\u003d, fromDate\u003d2016-11-02, toDate\u003d2017-11-02, invoiceId\u003d, gsmTopUpFromDate\u003d, gsmTopUpToDate\u003d, invoiceLineItemId\u003d, fundId\u003d, merchId\u003d, fromAmount\u003d, toAmount\u003d, source\u003d, fileType\u003dXML, delimiter\u003d,, pseudoUserName\u003dTestAutomation22}","duration":4274,"startTime":1514871407379,"result":"SUCCESS","children":[{"number":11,"description":"Given load request for exportTransactionListImpersonation \"/MerchantApiWeb/authenticateUser\" and \"/MerchantApiWeb/rest/secure/impersonation/user/financialData/export/exportTransactionList\" and \"TC02\" and \"TestAutomation18\" and \"Password@1\" and \"EMS\"","duration":1312,"startTime":1514871407525,"result":"SUCCESS","children":[{"number":12,"description":"Loadgetrequestdata: https://uat1.merchantportal.firstdata.eu/MerchantApiWeb/authenticateUser","duration":0,"startTime":1514871407606,"result":"SUCCESS"},{"number":13,"description":"Postrequest authenticate user: https://uat1.merchantportal.firstdata.eu/MerchantApiWeb/authenticateUser, TestAutomation18, Password@1, EMS","duration":1196,"startTime":1514871407608,"result":"SUCCESS"},{"number":14,"description":"Loadgetrequestdata export download: https://uat1.merchantportal.firstdata.eu/MerchantApiWeb/rest/secure/impersonation/user/financialData/export/exportTransactionList","duration":1,"startTime":1514871408812,"result":"SUCCESS"}]},{"number":15,"description":"When post get request for exportTransactionListImpersonation \"2016-11-02\" and \"2017-11-02\" and \"\" and \"\" and \"\" and \"\" and \"XML\" and \",\" and \"TestAutomation22\"","duration":2424,"startTime":1514871408838,"result":"SUCCESS","children":[{"number":16,"description":"Post GET request export transaction list impersonation: https://uat1.merchantportal.firstdata.eu/MerchantApiWeb/rest/secure/impersonation/user/financialData/export/exportTransactionList, 2016-11-02, 2017-11-02, , , , , XML, ,, TestAutomation22","duration":1871,"startTime":1514871408848,"result":"SUCCESS"}]},{"number":17,"description":"Then verify exportTransactionListImpersonation response status \"success\" and \"\" and \"\" and \"\u003cAuthErrMessage\u003e\" and \"\" and \"\"","duration":390,"startTime":1514871411263,"result":"SUCCESS","children":[{"number":18,"description":"Verify Download file Response","duration":215,"startTime":1514871411367,"result":"SUCCESS"}]}]},{"number":19,"description":"[1] {report\u003dTC03, logindomain\u003d/MerchantApiWeb/authenticateUser, domainurl\u003d/MerchantApiWeb/rest/secure/impersonation/user/financialData/export/exportTransactionList, status\u003dsuccess, Message\u003d, ErrorCode\u003d, userName\u003dTestAutomation18, password\u003dPassword@1, allianceCode\u003dEMS, AuthrrMessage\u003d, Authaccessdenied\u003d, AuthErrCause\u003d, currency\u003d, userType\u003d, pageNumber\u003d1, accountStatus\u003d, profile\u003d, firstName\u003d, lastName\u003d, period\u003d, fromDate\u003d2016-11-02, toDate\u003d2017-11-02, invoiceId\u003d, gsmTopUpFromDate\u003d, gsmTopUpToDate\u003d, invoiceLineItemId\u003d, fundId\u003d, merchId\u003d, fromAmount\u003d, toAmount\u003d, source\u003d, fileType\u003dXLS, delimiter\u003d,, pseudoUserName\u003dTestAutomation22}","duration":4107,"startTime":1514871415776,"result":"SUCCESS","children":[{"number":20,"description":"Given load request for exportTransactionListImpersonation \"/MerchantApiWeb/authenticateUser\" and \"/MerchantApiWeb/rest/secure/impersonation/user/financialData/export/exportTransactionList\" and \"TC03\" and \"TestAutomation18\" and \"Password@1\" and \"EMS\"","duration":1257,"startTime":1514871415790,"result":"SUCCESS","children":[{"number":21,"description":"Loadgetrequestdata: https://uat1.merchantportal.firstdata.eu/MerchantApiWeb/authenticateUser","duration":1,"startTime":1514871415868,"result":"SUCCESS"},{"number":22,"description":"Postrequest authenticate user: https://uat1.merchantportal.firstdata.eu/MerchantApiWeb/authenticateUser, TestAutomation18, Password@1, EMS","duration":1128,"startTime":1514871415870,"result":"SUCCESS"},{"number":23,"description":"Loadgetrequestdata export download: https://uat1.merchantportal.firstdata.eu/MerchantApiWeb/rest/secure/impersonation/user/financialData/export/exportTransactionList","duration":0,"startTime":1514871417011,"result":"SUCCESS"}]},{"number":24,"description":"When post get request for exportTransactionListImpersonation \"2016-11-02\" and \"2017-11-02\" and \"\" and \"\" and \"\" and \"\" and \"XLS\" and \",\" and \"TestAutomation22\"","duration":1930,"startTime":1514871417048,"result":"SUCCESS","children":[{"number":25,"description":"Post GET request export transaction list impersonation: https://uat1.merchantportal.firstdata.eu/MerchantApiWeb/rest/secure/impersonation/user/financialData/export/exportTransactionList, 2016-11-02, 2017-11-02, , , , , XLS, ,, TestAutomation22","duration":1778,"startTime":1514871417065,"result":"SUCCESS"}]},{"number":26,"description":"Then verify exportTransactionListImpersonation response status \"success\" and \"\" and \"\" and \"\u003cAuthErrMessage\u003e\" and \"\" and \"\"","duration":904,"startTime":1514871418979,"result":"SUCCESS","children":[{"number":27,"description":"Verify Download file Response","duration":774,"startTime":1514871419064,"result":"SUCCESS"}]}]},{"number":28,"description":"[1] {report\u003dTC04, logindomain\u003d/MerchantApiWeb/authenticateUser, domainurl\u003d/MerchantApiWeb/rest/secure/impersonation/user/financialData/export/exportTransactionList, status\u003derror, Message\u003dInvalid Date format, ErrorCode\u003dMPVE00051, userName\u003dTestAutomation18, password\u003dPassword@1, allianceCode\u003dEMS, AuthrrMessage\u003d, Authaccessdenied\u003d, AuthErrCause\u003d, currency\u003dEUR, userType\u003d, pageNumber\u003d1, accountStatus\u003d, profile\u003d, firstName\u003d, lastName\u003d, period\u003d, fromDate\u003d20161102, toDate\u003d2017-11-02, invoiceId\u003d, gsmTopUpFromDate\u003d, gsmTopUpToDate\u003d, invoiceLineItemId\u003d, fundId\u003d, merchId\u003d65902182, fromAmount\u003d, toAmount\u003d, source\u003d, fileType\u003dtxt, delimiter\u003d,, pseudoUserName\u003dTestAutomation22}","duration":2816,"startTime":1514871425720,"result":"SUCCESS","children":[{"number":29,"description":"Given load request for exportTransactionListImpersonation \"/MerchantApiWeb/authenticateUser\" and \"/MerchantApiWeb/rest/secure/impersonation/user/financialData/export/exportTransactionList\" and \"TC04\" and \"TestAutomation18\" and \"Password@1\" and \"EMS\"","duration":1236,"startTime":1514871425738,"result":"SUCCESS","children":[{"number":30,"description":"Loadgetrequestdata: https://uat1.merchantportal.firstdata.eu/MerchantApiWeb/authenticateUser","duration":0,"startTime":1514871425830,"result":"SUCCESS"},{"number":31,"description":"Postrequest authenticate user: https://uat1.merchantportal.firstdata.eu/MerchantApiWeb/authenticateUser, TestAutomation18, Password@1, EMS","duration":1101,"startTime":1514871425831,"result":"SUCCESS"},{"number":32,"description":"Loadgetrequestdata export download: https://uat1.merchantportal.firstdata.eu/MerchantApiWeb/rest/secure/impersonation/user/financialData/export/exportTransactionList","duration":1,"startTime":1514871426943,"result":"SUCCESS"}]},{"number":33,"description":"When post get request for exportTransactionListImpersonation \"20161102\" and \"2017-11-02\" and \"\" and \"\" and \"\" and \"\" and \"txt\" and \",\" and \"TestAutomation22\"","duration":974,"startTime":1514871426975,"result":"SUCCESS","children":[{"number":34,"description":"Post GET request export transaction list impersonation: https://uat1.merchantportal.firstdata.eu/MerchantApiWeb/rest/secure/impersonation/user/financialData/export/exportTransactionList, 20161102, 2017-11-02, , , , , txt, ,, TestAutomation22","duration":835,"startTime":1514871427007,"result":"SUCCESS"}]},{"number":35,"description":"Then verify exportTransactionListImpersonation response status \"error\" and \"MPVE00051\" and \"Invalid Date format\" and \"\u003cAuthErrMessage\u003e\" and \"\" and \"\"","duration":585,"startTime":1514871427950,"result":"SUCCESS","children":[{"number":36,"description":"Verify Download file Response","duration":289,"startTime":1514871427983,"result":"SUCCESS"}]}]},{"number":37,"description":"[1] {report\u003dTC05, logindomain\u003d/MerchantApiWeb/authenticateUser, domainurl\u003d/MerchantApiWeb/rest/secure/impersonation/user/financialData/export/exportTransactionList, status\u003derror, Message\u003dInvalid Date format, ErrorCode\u003dMPVE00051, userName\u003dTestAutomation18, password\u003dPassword@1, allianceCode\u003dEMS, AuthrrMessage\u003d, Authaccessdenied\u003d, AuthErrCause\u003d, currency\u003dEUR, userType\u003d, pageNumber\u003d1, accountStatus\u003d, profile\u003d, firstName\u003d, lastName\u003d, period\u003d, fromDate\u003d2016-11-02, toDate\u003d20171102, invoiceId\u003d, gsmTopUpFromDate\u003d, gsmTopUpToDate\u003d, invoiceLineItemId\u003d, fundId\u003d, merchId\u003d65902182, fromAmount\u003d, toAmount\u003d, source\u003d, fileType\u003dtxt, delimiter\u003d,, pseudoUserName\u003dTestAutomation22}","duration":2792,"startTime":1514871432481,"result":"SUCCESS","children":[{"number":38,"description":"Given load request for exportTransactionListImpersonation \"/MerchantApiWeb/authenticateUser\" and \"/MerchantApiWeb/rest/secure/impersonation/user/financialData/export/exportTransactionList\" and \"TC05\" and \"TestAutomation18\" and \"Password@1\" and \"EMS\"","duration":1162,"startTime":1514871432494,"result":"SUCCESS","children":[{"number":39,"description":"Loadgetrequestdata: https://uat1.merchantportal.firstdata.eu/MerchantApiWeb/authenticateUser","duration":0,"startTime":1514871432619,"result":"SUCCESS"},{"number":40,"description":"Postrequest authenticate user: https://uat1.merchantportal.firstdata.eu/MerchantApiWeb/authenticateUser, TestAutomation18, Password@1, EMS","duration":996,"startTime":1514871432620,"result":"SUCCESS"},{"number":41,"description":"Loadgetrequestdata export download: https://uat1.merchantportal.firstdata.eu/MerchantApiWeb/rest/secure/impersonation/user/financialData/export/exportTransactionList","duration":1,"startTime":1514871433623,"result":"SUCCESS"}]},{"number":42,"description":"When post get request for exportTransactionListImpersonation \"2016-11-02\" and \"20171102\" and \"\" and \"\" and \"\" and \"\" and \"txt\" and \",\" and \"TestAutomation22\"","duration":1055,"startTime":1514871433656,"result":"SUCCESS","children":[{"number":43,"description":"Post GET request export transaction list impersonation: https://uat1.merchantportal.firstdata.eu/MerchantApiWeb/rest/secure/impersonation/user/financialData/export/exportTransactionList, 2016-11-02, 20171102, , , , , txt, ,, TestAutomation22","duration":884,"startTime":1514871433669,"result":"SUCCESS"}]},{"number":44,"description":"Then verify exportTransactionListImpersonation response status \"error\" and \"MPVE00051\" and \"Invalid Date format\" and \"\u003cAuthErrMessage\u003e\" and \"\" and \"\"","duration":562,"startTime":1514871434711,"result":"SUCCESS","children":[{"number":45,"description":"Verify Download file Response","duration":69,"startTime":1514871434731,"result":"SUCCESS"}]}]},{"number":46,"description":"[1] {report\u003dTC07, logindomain\u003d/MerchantApiWeb/authenticateUser, domainurl\u003d/MerchantApiWeb/rest/secure/impersonation/user/financialData/export/exportTransactionList, status\u003derror, Message\u003dfromDate should be less than toDate, ErrorCode\u003dMPVE00053, userName\u003dTestAutomation18, password\u003dPassword@1, allianceCode\u003dEMS, AuthrrMessage\u003d, Authaccessdenied\u003d, AuthErrCause\u003d, currency\u003dEUR, userType\u003d, pageNumber\u003d1, accountStatus\u003d, profile\u003d, firstName\u003d, lastName\u003d, period\u003d, fromDate\u003d2018-11-02, toDate\u003d2017-11-02, invoiceId\u003d, gsmTopUpFromDate\u003d, gsmTopUpToDate\u003d, invoiceLineItemId\u003d, fundId\u003d, merchId\u003d, fromAmount\u003d, toAmount\u003d, source\u003d, fileType\u003dtxt, delimiter\u003d,, pseudoUserName\u003dTestAutomation22}","duration":2446,"startTime":1514871439909,"result":"SUCCESS","children":[{"number":47,"description":"Given load request for exportTransactionListImpersonation \"/MerchantApiWeb/authenticateUser\" and \"/MerchantApiWeb/rest/secure/impersonation/user/financialData/export/exportTransactionList\" and \"TC07\" and \"TestAutomation18\" and \"Password@1\" and \"EMS\"","duration":1204,"startTime":1514871439972,"result":"SUCCESS","children":[{"number":48,"description":"Loadgetrequestdata: https://uat1.merchantportal.firstdata.eu/MerchantApiWeb/authenticateUser","duration":1,"startTime":1514871440045,"result":"SUCCESS"},{"number":49,"description":"Postrequest authenticate user: https://uat1.merchantportal.firstdata.eu/MerchantApiWeb/authenticateUser, TestAutomation18, Password@1, EMS","duration":1093,"startTime":1514871440046,"result":"SUCCESS"},{"number":50,"description":"Loadgetrequestdata export download: https://uat1.merchantportal.firstdata.eu/MerchantApiWeb/rest/secure/impersonation/user/financialData/export/exportTransactionList","duration":0,"startTime":1514871441149,"result":"SUCCESS"}]},{"number":51,"description":"When post get request for exportTransactionListImpersonation \"2018-11-02\" and \"2017-11-02\" and \"\" and \"\" and \"\" and \"\" and \"txt\" and \",\" and \"TestAutomation22\"","duration":928,"startTime":1514871441177,"result":"SUCCESS","children":[{"number":52,"description":"Post GET request export transaction list impersonation: https://uat1.merchantportal.firstdata.eu/MerchantApiWeb/rest/secure/impersonation/user/financialData/export/exportTransactionList, 2018-11-02, 2017-11-02, , , , , txt, ,, TestAutomation22","duration":865,"startTime":1514871441188,"result":"SUCCESS"}]},{"number":53,"description":"Then verify exportTransactionListImpersonation response status \"error\" and \"MPVE00053\" and \"fromDate should be less than toDate\" and \"\u003cAuthErrMessage\u003e\" and \"\" and \"\"","duration":250,"startTime":1514871442105,"result":"SUCCESS","children":[{"number":54,"description":"Verify Download file Response","duration":94,"startTime":1514871442119,"result":"SUCCESS"}]}]},{"number":55,"description":"[1] {report\u003dTC08, logindomain\u003d/MerchantApiWeb/authenticateUser, domainurl\u003d/MerchantApiWeb/rest/secure/impersonation/user/financialData/export/exportTransactionList, status\u003derror, Message\u003dfromAmount is greater than toAmount, ErrorCode\u003dMPVE00054, userName\u003dTestAutomation18, password\u003dPassword@1, allianceCode\u003dEMS, AuthrrMessage\u003d, Authaccessdenied\u003d, AuthErrCause\u003d, currency\u003dEUR, userType\u003d, pageNumber\u003d1, accountStatus\u003d, profile\u003d, firstName\u003d, lastName\u003d, period\u003d, fromDate\u003d2016-11-02, toDate\u003d2017-11-02, invoiceId\u003d, gsmTopUpFromDate\u003d, gsmTopUpToDate\u003d, invoiceLineItemId\u003d, fundId\u003d, merchId\u003d, fromAmount\u003d200, toAmount\u003d5, source\u003d, fileType\u003dtxt, delimiter\u003d,, pseudoUserName\u003dTestAutomation22}","duration":2683,"startTime":1514871445874,"result":"SUCCESS","children":[{"number":56,"description":"Given load request for exportTransactionListImpersonation \"/MerchantApiWeb/authenticateUser\" and \"/MerchantApiWeb/rest/secure/impersonation/user/financialData/export/exportTransactionList\" and \"TC08\" and \"TestAutomation18\" and \"Password@1\" and \"EMS\"","duration":1297,"startTime":1514871445889,"result":"SUCCESS","children":[{"number":57,"description":"Loadgetrequestdata: https://uat1.merchantportal.firstdata.eu/MerchantApiWeb/authenticateUser","duration":0,"startTime":1514871445983,"result":"SUCCESS"},{"number":58,"description":"Postrequest authenticate user: https://uat1.merchantportal.firstdata.eu/MerchantApiWeb/authenticateUser, TestAutomation18, Password@1, EMS","duration":1164,"startTime":1514871445984,"result":"SUCCESS"},{"number":59,"description":"Loadgetrequestdata export download: https://uat1.merchantportal.firstdata.eu/MerchantApiWeb/rest/secure/impersonation/user/financialData/export/exportTransactionList","duration":1,"startTime":1514871447158,"result":"SUCCESS"}]},{"number":60,"description":"When post get request for exportTransactionListImpersonation \"2016-11-02\" and \"2017-11-02\" and \"200\" and \"5\" and \"\" and \"\" and \"txt\" and \",\" and \"TestAutomation22\"","duration":1032,"startTime":1514871447187,"result":"SUCCESS","children":[{"number":61,"description":"Post GET request export transaction list impersonation: https://uat1.merchantportal.firstdata.eu/MerchantApiWeb/rest/secure/impersonation/user/financialData/export/exportTransactionList, 2016-11-02, 2017-11-02, 200, 5, , , txt, ,, TestAutomation22","duration":923,"startTime":1514871447200,"result":"SUCCESS"}]},{"number":62,"description":"Then verify exportTransactionListImpersonation response status \"error\" and \"MPVE00054\" and \"fromAmount is greater than toAmount\" and \"\u003cAuthErrMessage\u003e\" and \"\" and \"\"","duration":337,"startTime":1514871448219,"result":"SUCCESS","children":[{"number":63,"description":"Verify Download file Response","duration":70,"startTime":1514871448232,"result":"SUCCESS"}]}]},{"number":64,"description":"[1] {report\u003dTC09, logindomain\u003d/MerchantApiWeb/authenticateUser, domainurl\u003d/MerchantApiWeb/rest/secure/impersonation/user/financialData/export/exportTransactionList, status\u003derror, Message\u003dtoDate is required, ErrorCode\u003dMPVE00061, userName\u003dTestAutomation18, password\u003dPassword@1, allianceCode\u003dEMS, AuthrrMessage\u003d, Authaccessdenied\u003d, AuthErrCause\u003d, currency\u003dEUR, userType\u003d, pageNumber\u003d1, accountStatus\u003d, profile\u003d, firstName\u003d, lastName\u003d, period\u003d, fromDate\u003d2016-11-02, toDate\u003d, invoiceId\u003d, gsmTopUpFromDate\u003d, gsmTopUpToDate\u003d, invoiceLineItemId\u003d, fundId\u003d, merchId\u003d65902182, fromAmount\u003d, toAmount\u003d, source\u003d, fileType\u003dtxt, delimiter\u003d,, pseudoUserName\u003dTestAutomation22}","duration":2256,"startTime":1514871453189,"result":"SUCCESS","children":[{"number":65,"description":"Given load request for exportTransactionListImpersonation \"/MerchantApiWeb/authenticateUser\" and \"/MerchantApiWeb/rest/secure/impersonation/user/financialData/export/exportTransactionList\" and \"TC09\" and \"TestAutomation18\" and \"Password@1\" and \"EMS\"","duration":1136,"startTime":1514871453202,"result":"SUCCESS","children":[{"number":66,"description":"Loadgetrequestdata: https://uat1.merchantportal.firstdata.eu/MerchantApiWeb/authenticateUser","duration":0,"startTime":1514871453271,"result":"SUCCESS"},{"number":67,"description":"Postrequest authenticate user: https://uat1.merchantportal.firstdata.eu/MerchantApiWeb/authenticateUser, TestAutomation18, Password@1, EMS","duration":1030,"startTime":1514871453272,"result":"SUCCESS"},{"number":68,"description":"Loadgetrequestdata export download: https://uat1.merchantportal.firstdata.eu/MerchantApiWeb/rest/secure/impersonation/user/financialData/export/exportTransactionList","duration":1,"startTime":1514871454311,"result":"SUCCESS"}]},{"number":69,"description":"When post get request for exportTransactionListImpersonation \"2016-11-02\" and \"\" and \"\" and \"\" and \"\" and \"\" and \"txt\" and \",\" and \"TestAutomation22\"","duration":898,"startTime":1514871454339,"result":"SUCCESS","children":[{"number":70,"description":"Post GET request export transaction list impersonation: https://uat1.merchantportal.firstdata.eu/MerchantApiWeb/rest/secure/impersonation/user/financialData/export/exportTransactionList, 2016-11-02, , , , , , txt, ,, TestAutomation22","duration":833,"startTime":1514871454353,"result":"SUCCESS"}]},{"number":71,"description":"Then verify exportTransactionListImpersonation response status \"error\" and \"MPVE00061\" and \"toDate is required\" and \"\u003cAuthErrMessage\u003e\" and \"\" and \"\"","duration":207,"startTime":1514871455238,"result":"SUCCESS","children":[{"number":72,"description":"Verify Download file Response","duration":46,"startTime":1514871455251,"result":"SUCCESS"}]}]},{"number":73,"description":"[1] {report\u003dTC11, logindomain\u003d/MerchantApiWeb/authenticateUser, domainurl\u003d/MerchantApiWeb/rest/secure/impersonation/user/financialData/export/exportTransactionList, status\u003derror, Message\u003dfromDate is required, ErrorCode\u003dMPVE00063, userName\u003dTestAutomation18, password\u003dPassword@1, allianceCode\u003dEMS, AuthrrMessage\u003d, Authaccessdenied\u003d, AuthErrCause\u003d, currency\u003dEUR, userType\u003d, pageNumber\u003d1, accountStatus\u003d, profile\u003d, firstName\u003d, lastName\u003d, period\u003d, fromDate\u003d, toDate\u003d2017-11-02, invoiceId\u003d, gsmTopUpFromDate\u003d, gsmTopUpToDate\u003d, invoiceLineItemId\u003d, fundId\u003d, merchId\u003d, fromAmount\u003d, toAmount\u003d, source\u003d, fileType\u003dtxt, delimiter\u003d,, pseudoUserName\u003dTestAutomation22}","duration":2380,"startTime":1514871459636,"result":"SUCCESS","children":[{"number":74,"description":"Given load request for exportTransactionListImpersonation \"/MerchantApiWeb/authenticateUser\" and \"/MerchantApiWeb/rest/secure/impersonation/user/financialData/export/exportTransactionList\" and \"TC11\" and \"TestAutomation18\" and \"Password@1\" and \"EMS\"","duration":1174,"startTime":1514871459647,"result":"SUCCESS","children":[{"number":75,"description":"Loadgetrequestdata: https://uat1.merchantportal.firstdata.eu/MerchantApiWeb/authenticateUser","duration":1,"startTime":1514871459717,"result":"SUCCESS"},{"number":76,"description":"Postrequest authenticate user: https://uat1.merchantportal.firstdata.eu/MerchantApiWeb/authenticateUser, TestAutomation18, Password@1, EMS","duration":1070,"startTime":1514871459718,"result":"SUCCESS"},{"number":77,"description":"Loadgetrequestdata export download: https://uat1.merchantportal.firstdata.eu/MerchantApiWeb/rest/secure/impersonation/user/financialData/export/exportTransactionList","duration":1,"startTime":1514871460797,"result":"SUCCESS"}]},{"number":78,"description":"When post get request for exportTransactionListImpersonation \"\" and \"2017-11-02\" and \"\" and \"\" and \"\" and \"\" and \"txt\" and \",\" and \"TestAutomation22\"","duration":952,"startTime":1514871460821,"result":"SUCCESS","children":[{"number":79,"description":"Post GET request export transaction list impersonation: https://uat1.merchantportal.firstdata.eu/MerchantApiWeb/rest/secure/impersonation/user/financialData/export/exportTransactionList, , 2017-11-02, , , , , txt, ,, TestAutomation22","duration":887,"startTime":1514871460834,"result":"SUCCESS"}]},{"number":80,"description":"Then verify exportTransactionListImpersonation response status \"error\" and \"MPVE00063\" and \"fromDate is required\" and \"\u003cAuthErrMessage\u003e\" and \"\" and \"\"","duration":242,"startTime":1514871461774,"result":"SUCCESS","children":[{"number":81,"description":"Verify Download file Response","duration":95,"startTime":1514871461791,"result":"SUCCESS"}]}]},{"number":82,"description":"[1] {report\u003dTC13, logindomain\u003d/MerchantApiWeb/authenticateUser, domainurl\u003d/MerchantApiWeb/rest/secure/impersonation/user/financialData/export/exportTransactionList, status\u003derror, Message\u003dInvalid Source, ErrorCode\u003dMPVE00090, userName\u003dTestAutomation18, password\u003dPassword@1, allianceCode\u003dEMS, AuthrrMessage\u003d, Authaccessdenied\u003d, AuthErrCause\u003d, currency\u003d, userType\u003d, pageNumber\u003d1, accountStatus\u003d, profile\u003d, firstName\u003d, lastName\u003d, period\u003d, fromDate\u003d2016-11-02, toDate\u003d2017-11-02, invoiceId\u003d, gsmTopUpFromDate\u003d, gsmTopUpToDate\u003d, invoiceLineItemId\u003d, fundId\u003d5121421, merchId\u003d, fromAmount\u003d, toAmount\u003d, source\u003d, fileType\u003dtxt, delimiter\u003d,, pseudoUserName\u003dTestAutomation22}","duration":2620,"startTime":1514871466148,"result":"SUCCESS","children":[{"number":83,"description":"Given load request for exportTransactionListImpersonation \"/MerchantApiWeb/authenticateUser\" and \"/MerchantApiWeb/rest/secure/impersonation/user/financialData/export/exportTransactionList\" and \"TC13\" and \"TestAutomation18\" and \"Password@1\" and \"EMS\"","duration":1319,"startTime":1514871466162,"result":"SUCCESS","children":[{"number":84,"description":"Loadgetrequestdata: https://uat1.merchantportal.firstdata.eu/MerchantApiWeb/authenticateUser","duration":0,"startTime":1514871466248,"result":"SUCCESS"},{"number":85,"description":"Postrequest authenticate user: https://uat1.merchantportal.firstdata.eu/MerchantApiWeb/authenticateUser, TestAutomation18, Password@1, EMS","duration":1196,"startTime":1514871466249,"result":"SUCCESS"},{"number":86,"description":"Loadgetrequestdata export download: https://uat1.merchantportal.firstdata.eu/MerchantApiWeb/rest/secure/impersonation/user/financialData/export/exportTransactionList","duration":0,"startTime":1514871467454,"result":"SUCCESS"}]},{"number":87,"description":"When post get request for exportTransactionListImpersonation \"2016-11-02\" and \"2017-11-02\" and \"\" and \"\" and \"5121421\" and \"\" and \"txt\" and \",\" and \"TestAutomation22\"","duration":903,"startTime":1514871467482,"result":"SUCCESS","children":[{"number":88,"description":"Post GET request export transaction list impersonation: https://uat1.merchantportal.firstdata.eu/MerchantApiWeb/rest/secure/impersonation/user/financialData/export/exportTransactionList, 2016-11-02, 2017-11-02, , , 5121421, , txt, ,, TestAutomation22","duration":827,"startTime":1514871467495,"result":"SUCCESS"}]},{"number":89,"description":"Then verify exportTransactionListImpersonation response status \"error\" and \"MPVE00090\" and \"Invalid Source\" and \"\u003cAuthErrMessage\u003e\" and \"\" and \"\"","duration":382,"startTime":1514871468386,"result":"SUCCESS","children":[{"number":90,"description":"Verify Download file Response","duration":122,"startTime":1514871468438,"result":"SUCCESS"}]}]},{"number":91,"description":"[1] {report\u003dTC15, logindomain\u003d/MerchantApiWeb/authenticateUser, domainurl\u003d/MerchantApiWeb/rest/secure/impersonation/user/financialData/export/exportTransactionList, status\u003derror, Message\u003dUsername can\u0027t be empty, ErrorCode\u003dMPVE00001, userName\u003dTestAutomation18, password\u003dPassword@1, allianceCode\u003dEMS, AuthrrMessage\u003d, Authaccessdenied\u003d, AuthErrCause\u003d, currency\u003d, userType\u003d, pageNumber\u003d1, accountStatus\u003d, profile\u003d, firstName\u003d, lastName\u003d, period\u003d, fromDate\u003d2016-11-02, toDate\u003d2017-11-02, invoiceId\u003d, gsmTopUpFromDate\u003d, gsmTopUpToDate\u003d, invoiceLineItemId\u003d, fundId\u003d, merchId\u003d, fromAmount\u003d, toAmount\u003d, source\u003d, fileType\u003dtxt, delimiter\u003d,, pseudoUserName\u003d}","duration":2586,"startTime":1514871478041,"result":"SUCCESS","children":[{"number":92,"description":"Given load request for exportTransactionListImpersonation \"/MerchantApiWeb/authenticateUser\" and \"/MerchantApiWeb/rest/secure/impersonation/user/financialData/export/exportTransactionList\" and \"TC15\" and \"TestAutomation18\" and \"Password@1\" and \"EMS\"","duration":1295,"startTime":1514871478120,"result":"SUCCESS","children":[{"number":93,"description":"Loadgetrequestdata: https://uat1.merchantportal.firstdata.eu/MerchantApiWeb/authenticateUser","duration":0,"startTime":1514871478195,"result":"SUCCESS"},{"number":94,"description":"Postrequest authenticate user: https://uat1.merchantportal.firstdata.eu/MerchantApiWeb/authenticateUser, TestAutomation18, Password@1, EMS","duration":1176,"startTime":1514871478196,"result":"SUCCESS"},{"number":95,"description":"Loadgetrequestdata export download: https://uat1.merchantportal.firstdata.eu/MerchantApiWeb/rest/secure/impersonation/user/financialData/export/exportTransactionList","duration":1,"startTime":1514871479380,"result":"SUCCESS"}]},{"number":96,"description":"When post get request for exportTransactionListImpersonation \"2016-11-02\" and \"2017-11-02\" and \"\" and \"\" and \"\" and \"\" and \"txt\" and \",\" and \"\"","duration":990,"startTime":1514871479416,"result":"SUCCESS","children":[{"number":97,"description":"Post GET request export transaction list impersonation: https://uat1.merchantportal.firstdata.eu/MerchantApiWeb/rest/secure/impersonation/user/financialData/export/exportTransactionList, 2016-11-02, 2017-11-02, , , , , txt, ,, ","duration":912,"startTime":1514871479432,"result":"SUCCESS"}]},{"number":98,"description":"Then verify exportTransactionListImpersonation response status \"error\" and \"MPVE00001\" and \"Username can\u0027t be empty\" and \"\u003cAuthErrMessage\u003e\" and \"\" and \"\"","duration":221,"startTime":1514871480406,"result":"SUCCESS","children":[{"number":99,"description":"Verify Download file Response","duration":61,"startTime":1514871480424,"result":"SUCCESS"}]}]},{"number":100,"description":"[1] {report\u003dTC16, logindomain\u003d/MerchantApiWeb/authenticateUser, domainurl\u003d/MerchantApiWeb/rest/secure/impersonation/user/financialData/export/exportTransactionList, status\u003derror, Message\u003dUsername should be greater than 8 and less than 50 characters, ErrorCode\u003dMPVE00002, userName\u003dTestAutomation18, password\u003dPassword@1, allianceCode\u003dEMS, AuthrrMessage\u003d, Authaccessdenied\u003d, AuthErrCause\u003d, currency\u003d, userType\u003d, pageNumber\u003d1, accountStatus\u003d, profile\u003d, firstName\u003d, lastName\u003d, period\u003d, fromDate\u003d2016-11-02, toDate\u003d2017-11-02, invoiceId\u003d, gsmTopUpFromDate\u003d, gsmTopUpToDate\u003d, invoiceLineItemId\u003d, fundId\u003d, merchId\u003d, fromAmount\u003d, toAmount\u003d, source\u003dFDP, fileType\u003dtxt, delimiter\u003d,, pseudoUserName\u003dTest}","duration":2382,"startTime":1514871484594,"result":"SUCCESS","children":[{"number":101,"description":"Given load request for exportTransactionListImpersonation \"/MerchantApiWeb/authenticateUser\" and \"/MerchantApiWeb/rest/secure/impersonation/user/financialData/export/exportTransactionList\" and \"TC16\" and \"TestAutomation18\" and \"Password@1\" and \"EMS\"","duration":1199,"startTime":1514871484683,"result":"SUCCESS","children":[{"number":102,"description":"Loadgetrequestdata: https://uat1.merchantportal.firstdata.eu/MerchantApiWeb/authenticateUser","duration":0,"startTime":1514871484801,"result":"SUCCESS"},{"number":103,"description":"Postrequest authenticate user: https://uat1.merchantportal.firstdata.eu/MerchantApiWeb/authenticateUser, TestAutomation18, Password@1, EMS","duration":1043,"startTime":1514871484802,"result":"SUCCESS"},{"number":104,"description":"Loadgetrequestdata export download: https://uat1.merchantportal.firstdata.eu/MerchantApiWeb/rest/secure/impersonation/user/financialData/export/exportTransactionList","duration":1,"startTime":1514871485857,"result":"SUCCESS"}]},{"number":105,"description":"When post get request for exportTransactionListImpersonation \"2016-11-02\" and \"2017-11-02\" and \"\" and \"\" and \"\" and \"FDP\" and \"txt\" and \",\" and \"Test\"","duration":902,"startTime":1514871485883,"result":"SUCCESS","children":[{"number":106,"description":"Post GET request export transaction list impersonation: https://uat1.merchantportal.firstdata.eu/MerchantApiWeb/rest/secure/impersonation/user/financialData/export/exportTransactionList, 2016-11-02, 2017-11-02, , , , FDP, txt, ,, Test","duration":840,"startTime":1514871485896,"result":"SUCCESS"}]},{"number":107,"description":"Then verify exportTransactionListImpersonation response status \"error\" and \"MPVE00002\" and \"Username should be greater than 8 and less than 50 characters\" and \"\u003cAuthErrMessage\u003e\" and \"\" and \"\"","duration":191,"startTime":1514871486785,"result":"SUCCESS","children":[{"number":108,"description":"Verify Download file Response","duration":49,"startTime":1514871486796,"result":"SUCCESS"}]}]},{"number":109,"description":"[1] {report\u003dTC17, logindomain\u003d/MerchantApiWeb/authenticateUser, domainurl\u003d/MerchantApiWeb/rest/secure/impersonation/user/financialData/export/exportTransactionList, status\u003derror, Message\u003dUsername should be greater than 8 and less than 50 characters, ErrorCode\u003dMPVE00002, userName\u003dTestAutomation18, password\u003dPassword@1, allianceCode\u003dEMS, AuthrrMessage\u003d, Authaccessdenied\u003d, AuthErrCause\u003d, currency\u003d, userType\u003d, pageNumber\u003d1, accountStatus\u003d, profile\u003d, firstName\u003d, lastName\u003d, period\u003d, fromDate\u003d2016-11-02, toDate\u003d2017-11-02, invoiceId\u003d, gsmTopUpFromDate\u003d, gsmTopUpToDate\u003d, invoiceLineItemId\u003d, fundId\u003d, merchId\u003d, fromAmount\u003d, toAmount\u003d, source\u003dFDP, fileType\u003dtxt, delimiter\u003d,, pseudoUserName\u003dTest12345678912456779812345648789123456789123456879456}","duration":2394,"startTime":1514871490727,"result":"SUCCESS","children":[{"number":110,"description":"Given load request for exportTransactionListImpersonation \"/MerchantApiWeb/authenticateUser\" and \"/MerchantApiWeb/rest/secure/impersonation/user/financialData/export/exportTransactionList\" and \"TC17\" and \"TestAutomation18\" and \"Password@1\" and \"EMS\"","duration":1176,"startTime":1514871490786,"result":"SUCCESS","children":[{"number":111,"description":"Loadgetrequestdata: https://uat1.merchantportal.firstdata.eu/MerchantApiWeb/authenticateUser","duration":0,"startTime":1514871490896,"result":"SUCCESS"},{"number":112,"description":"Postrequest authenticate user: https://uat1.merchantportal.firstdata.eu/MerchantApiWeb/authenticateUser, TestAutomation18, Password@1, EMS","duration":978,"startTime":1514871490897,"result":"SUCCESS"},{"number":113,"description":"Loadgetrequestdata export download: https://uat1.merchantportal.firstdata.eu/MerchantApiWeb/rest/secure/impersonation/user/financialData/export/exportTransactionList","duration":0,"startTime":1514871491930,"result":"SUCCESS"}]},{"number":114,"description":"When post get request for exportTransactionListImpersonation \"2016-11-02\" and \"2017-11-02\" and \"\" and \"\" and \"\" and \"FDP\" and \"txt\" and \",\" and \"Test12345678912456779812345648789123456789123456879456\"","duration":910,"startTime":1514871491963,"result":"SUCCESS","children":[{"number":115,"description":"Post GET request export transaction list impersonation: https://uat1.merchantportal.firstdata.eu/MerchantApiWeb/rest/secure/impersonation/user/financialData/export/exportTransactionList, 2016-11-02, 2017-11-02, , , , FDP, txt, ,, Test12345678912456779812345648789123456789123456879456","duration":842,"startTime":1514871491977,"result":"SUCCESS"}]},{"number":116,"description":"Then verify exportTransactionListImpersonation response status \"error\" and \"MPVE00002\" and \"Username should be greater than 8 and less than 50 characters\" and \"\u003cAuthErrMessage\u003e\" and \"\" and \"\"","duration":248,"startTime":1514871492873,"result":"SUCCESS","children":[{"number":117,"description":"Verify Download file Response","duration":98,"startTime":1514871492886,"result":"SUCCESS"}]}]},{"number":118,"description":"[1] {report\u003dTC18, logindomain\u003d/MerchantApiWeb/authenticateUser, domainurl\u003d/MerchantApiWeb/rest/secure/impersonation/user/financialData/export/exportTransactionList, status\u003derror, Message\u003dUsername contain special characters or empty spaces, ErrorCode\u003dMPVE00003, userName\u003dTestAutomation18, password\u003dPassword@1, allianceCode\u003dEMS, AuthrrMessage\u003d, Authaccessdenied\u003d, AuthErrCause\u003d, currency\u003d, userType\u003d, pageNumber\u003d1, accountStatus\u003d, profile\u003d, firstName\u003d, lastName\u003d, period\u003d, fromDate\u003d2016-11-02, toDate\u003d2017-11-02, invoiceId\u003d, gsmTopUpFromDate\u003d, gsmTopUpToDate\u003d, invoiceLineItemId\u003d, fundId\u003d, merchId\u003d, fromAmount\u003d, toAmount\u003d, source\u003dFDP, fileType\u003dtxt, delimiter\u003d,, pseudoUserName\u003dTest Automation}","duration":2233,"startTime":1514871497073,"result":"SUCCESS","children":[{"number":119,"description":"Given load request for exportTransactionListImpersonation \"/MerchantApiWeb/authenticateUser\" and \"/MerchantApiWeb/rest/secure/impersonation/user/financialData/export/exportTransactionList\" and \"TC18\" and \"TestAutomation18\" and \"Password@1\" and \"EMS\"","duration":1095,"startTime":1514871497084,"result":"SUCCESS","children":[{"number":120,"description":"Loadgetrequestdata: https://uat1.merchantportal.firstdata.eu/MerchantApiWeb/authenticateUser","duration":1,"startTime":1514871497170,"result":"SUCCESS"},{"number":121,"description":"Postrequest authenticate user: https://uat1.merchantportal.firstdata.eu/MerchantApiWeb/authenticateUser, TestAutomation18, Password@1, EMS","duration":978,"startTime":1514871497172,"result":"SUCCESS"},{"number":122,"description":"Loadgetrequestdata export download: https://uat1.merchantportal.firstdata.eu/MerchantApiWeb/rest/secure/impersonation/user/financialData/export/exportTransactionList","duration":0,"startTime":1514871498157,"result":"SUCCESS"}]},{"number":123,"description":"When post get request for exportTransactionListImpersonation \"2016-11-02\" and \"2017-11-02\" and \"\" and \"\" and \"\" and \"FDP\" and \"txt\" and \",\" and \"Test Automation\"","duration":912,"startTime":1514871498180,"result":"SUCCESS","children":[{"number":124,"description":"Post GET request export transaction list impersonation: https://uat1.merchantportal.firstdata.eu/MerchantApiWeb/rest/secure/impersonation/user/financialData/export/exportTransactionList, 2016-11-02, 2017-11-02, , , , FDP, txt, ,, Test Automation","duration":839,"startTime":1514871498193,"result":"SUCCESS"}]},{"number":125,"description":"Then verify exportTransactionListImpersonation response status \"error\" and \"MPVE00003\" and \"Username contain special characters or empty spaces\" and \"\u003cAuthErrMessage\u003e\" and \"\" and \"\"","duration":214,"startTime":1514871499092,"result":"SUCCESS","children":[{"number":126,"description":"Verify Download file Response","duration":55,"startTime":1514871499105,"result":"SUCCESS"}]}]},{"number":127,"description":"[1] {report\u003dTC19, logindomain\u003d/MerchantApiWeb/authenticateUser, domainurl\u003d/MerchantApiWeb/rest/secure/impersonation/user/financialData/export/exportTransactionList, status\u003derror, Message\u003dUsername contain special characters or empty spaces, ErrorCode\u003dMPVE00003, userName\u003dTestAutomation18, password\u003dPassword@1, allianceCode\u003dEMS, AuthrrMessage\u003d, Authaccessdenied\u003d, AuthErrCause\u003d, currency\u003d, userType\u003d, pageNumber\u003d1, accountStatus\u003d, profile\u003d, firstName\u003d, lastName\u003d, period\u003d, fromDate\u003d2016-11-02, toDate\u003d2017-11-02, invoiceId\u003d, gsmTopUpFromDate\u003d, gsmTopUpToDate\u003d, invoiceLineItemId\u003d, fundId\u003d, merchId\u003d, fromAmount\u003d, toAmount\u003d, source\u003dFDP, fileType\u003dtxt, delimiter\u003d,, pseudoUserName\u003dTest!@#$%}","duration":2479,"startTime":1514871502914,"result":"SUCCESS","children":[{"number":128,"description":"Given load request for exportTransactionListImpersonation \"/MerchantApiWeb/authenticateUser\" and \"/MerchantApiWeb/rest/secure/impersonation/user/financialData/export/exportTransactionList\" and \"TC19\" and \"TestAutomation18\" and \"Password@1\" and \"EMS\"","duration":1185,"startTime":1514871502931,"result":"SUCCESS","children":[{"number":129,"description":"Loadgetrequestdata: https://uat1.merchantportal.firstdata.eu/MerchantApiWeb/authenticateUser","duration":1,"startTime":1514871503016,"result":"SUCCESS"},{"number":130,"description":"Postrequest authenticate user: https://uat1.merchantportal.firstdata.eu/MerchantApiWeb/authenticateUser, TestAutomation18, Password@1, EMS","duration":1048,"startTime":1514871503017,"result":"SUCCESS"},{"number":131,"description":"Loadgetrequestdata export download: https://uat1.merchantportal.firstdata.eu/MerchantApiWeb/rest/secure/impersonation/user/financialData/export/exportTransactionList","duration":1,"startTime":1514871504083,"result":"SUCCESS"}]},{"number":132,"description":"When post get request for exportTransactionListImpersonation \"2016-11-02\" and \"2017-11-02\" and \"\" and \"\" and \"\" and \"FDP\" and \"txt\" and \",\" and \"Test!@#$%\"","duration":966,"startTime":1514871504116,"result":"SUCCESS","children":[{"number":133,"description":"Post GET request export transaction list impersonation: https://uat1.merchantportal.firstdata.eu/MerchantApiWeb/rest/secure/impersonation/user/financialData/export/exportTransactionList, 2016-11-02, 2017-11-02, , , , FDP, txt, ,, Test!@#$%","duration":839,"startTime":1514871504138,"result":"SUCCESS"}]},{"number":134,"description":"Then verify exportTransactionListImpersonation response status \"error\" and \"MPVE00003\" and \"Username contain special characters or empty spaces\" and \"\u003cAuthErrMessage\u003e\" and \"\" and \"\"","duration":311,"startTime":1514871505082,"result":"SUCCESS","children":[{"number":135,"description":"Verify Download file Response","duration":90,"startTime":1514871505120,"result":"SUCCESS"}]}]},{"number":136,"description":"[1] {report\u003dTC20, logindomain\u003d/MerchantApiWeb/authenticateUser, domainurl\u003d/MerchantApiWeb/rest/secure/impersonation/user/financialData/export/exportTransactionList, status\u003derror, Message\u003dUsername does not exist, ErrorCode\u003dMPBE00004, userName\u003dTestAutomation18, password\u003dPassword@1, allianceCode\u003dEMS, AuthrrMessage\u003d, Authaccessdenied\u003d, AuthErrCause\u003d, currency\u003d, userType\u003d, pageNumber\u003d1, accountStatus\u003d, profile\u003d, firstName\u003d, lastName\u003d, period\u003d, fromDate\u003d2016-11-02, toDate\u003d2017-11-02, invoiceId\u003d, gsmTopUpFromDate\u003d, gsmTopUpToDate\u003d, invoiceLineItemId\u003d, fundId\u003d, merchId\u003d, fromAmount\u003d, toAmount\u003d, source\u003dFDP, fileType\u003dtxt, delimiter\u003d,, pseudoUserName\u003dTestabdnchf}","duration":2684,"startTime":1514871509238,"result":"SUCCESS","children":[{"number":137,"description":"Given load request for exportTransactionListImpersonation \"/MerchantApiWeb/authenticateUser\" and \"/MerchantApiWeb/rest/secure/impersonation/user/financialData/export/exportTransactionList\" and \"TC20\" and \"TestAutomation18\" and \"Password@1\" and \"EMS\"","duration":1387,"startTime":1514871509323,"result":"SUCCESS","children":[{"number":138,"description":"Loadgetrequestdata: https://uat1.merchantportal.firstdata.eu/MerchantApiWeb/authenticateUser","duration":0,"startTime":1514871509410,"result":"SUCCESS"},{"number":139,"description":"Postrequest authenticate user: https://uat1.merchantportal.firstdata.eu/MerchantApiWeb/authenticateUser, TestAutomation18, Password@1, EMS","duration":1267,"startTime":1514871509411,"result":"SUCCESS"},{"number":140,"description":"Loadgetrequestdata export download: https://uat1.merchantportal.firstdata.eu/MerchantApiWeb/rest/secure/impersonation/user/financialData/export/exportTransactionList","duration":0,"startTime":1514871510685,"result":"SUCCESS"}]},{"number":141,"description":"When post get request for exportTransactionListImpersonation \"2016-11-02\" and \"2017-11-02\" and \"\" and \"\" and \"\" and \"FDP\" and \"txt\" and \",\" and \"Testabdnchf\"","duration":978,"startTime":1514871510711,"result":"SUCCESS","children":[{"number":142,"description":"Post GET request export transaction list impersonation: https://uat1.merchantportal.firstdata.eu/MerchantApiWeb/rest/secure/impersonation/user/financialData/export/exportTransactionList, 2016-11-02, 2017-11-02, , , , FDP, txt, ,, Testabdnchf","duration":895,"startTime":1514871510730,"result":"SUCCESS"}]},{"number":143,"description":"Then verify exportTransactionListImpersonation response status \"error\" and \"MPBE00004\" and \"Username does not exist\" and \"\u003cAuthErrMessage\u003e\" and \"\" and \"\"","duration":233,"startTime":1514871511689,"result":"SUCCESS","children":[{"number":144,"description":"Verify Download file Response","duration":53,"startTime":1514871511706,"result":"SUCCESS"}]}]},{"number":145,"description":"[1] {report\u003dTC21, logindomain\u003d/MerchantApiWeb/authenticateUser, domainurl\u003d/MerchantApiWeb/rest/secure/impersonation/user/financialData/export/exportTransactionList, status\u003derror, Message\u003dUser does not have privilege to any Merchants data, ErrorCode\u003dMPBE00034, userName\u003dTestAutomation18, password\u003dPassword@1, allianceCode\u003dEMS, AuthrrMessage\u003d, Authaccessdenied\u003d, AuthErrCause\u003d, currency\u003d, userType\u003d, pageNumber\u003d1, accountStatus\u003d, profile\u003d, firstName\u003d, lastName\u003d, period\u003d, fromDate\u003d2016-11-02, toDate\u003d2017-11-02, invoiceId\u003d, gsmTopUpFromDate\u003d, gsmTopUpToDate\u003d, invoiceLineItemId\u003d, fundId\u003d, merchId\u003d, fromAmount\u003d, toAmount\u003d, source\u003dFDP, fileType\u003dtxt, delimiter\u003d,, pseudoUserName\u003dTestAutomationEMS3}","duration":4663,"startTime":1514871515434,"result":"SUCCESS","children":[{"number":146,"description":"Given load request for exportTransactionListImpersonation \"/MerchantApiWeb/authenticateUser\" and \"/MerchantApiWeb/rest/secure/impersonation/user/financialData/export/exportTransactionList\" and \"TC21\" and \"TestAutomation18\" and \"Password@1\" and \"EMS\"","duration":1146,"startTime":1514871515446,"result":"SUCCESS","children":[{"number":147,"description":"Loadgetrequestdata: https://uat1.merchantportal.firstdata.eu/MerchantApiWeb/authenticateUser","duration":1,"startTime":1514871515520,"result":"SUCCESS"},{"number":148,"description":"Postrequest authenticate user: https://uat1.merchantportal.firstdata.eu/MerchantApiWeb/authenticateUser, TestAutomation18, Password@1, EMS","duration":1037,"startTime":1514871515521,"result":"SUCCESS"},{"number":149,"description":"Loadgetrequestdata export download: https://uat1.merchantportal.firstdata.eu/MerchantApiWeb/rest/secure/impersonation/user/financialData/export/exportTransactionList","duration":0,"startTime":1514871516565,"result":"SUCCESS"}]},{"number":150,"description":"When post get request for exportTransactionListImpersonation \"2016-11-02\" and \"2017-11-02\" and \"\" and \"\" and \"\" and \"FDP\" and \"txt\" and \",\" and \"TestAutomationEMS3\"","duration":3309,"startTime":1514871516593,"result":"SUCCESS","children":[{"number":151,"description":"Post GET request export transaction list impersonation: https://uat1.merchantportal.firstdata.eu/MerchantApiWeb/rest/secure/impersonation/user/financialData/export/exportTransactionList, 2016-11-02, 2017-11-02, , , , FDP, txt, ,, TestAutomationEMS3","duration":3246,"startTime":1514871516608,"result":"SUCCESS"}]},{"number":152,"description":"Then verify exportTransactionListImpersonation response status \"error\" and \"MPBE00034\" and \"User does not have privilege to any Merchants data\" and \"\u003cAuthErrMessage\u003e\" and \"\" and \"\"","duration":194,"startTime":1514871519903,"result":"SUCCESS","children":[{"number":153,"description":"Verify Download file Response","duration":148,"startTime":1514871519914,"result":"SUCCESS"}]}]}],"userStory":{"id":"merchant-portal-application-api-validation","storyName":"Merchant Portal application API validation","path":"APIupdate.feature","type":"feature"},"featureTag":{"name":"Merchant Portal application API validation","type":"feature"},"title":"Verify the api exports the transaction list of the impersonated user","description":"","tags":[{"name":"exportTransactionListImpersonation","type":"tag"}],"startTime":1514871391152,"duration":128945,"dataTable":{"headers":["report","logindomain","domainurl","status","Message","ErrorCode","userName","password","allianceCode","AuthrrMessage","Authaccessdenied","AuthErrCause","currency","userType","pageNumber","accountStatus","profile","firstName","lastName","period","fromDate","toDate","invoiceId","gsmTopUpFromDate","gsmTopUpToDate","invoiceLineItemId","fundId","merchId","fromAmount","toAmount","source","fileType","delimiter","pseudoUserName"],"rows":[{"values":["TC01","/MerchantApiWeb/authenticateUser","/MerchantApiWeb/rest/secure/impersonation/user/financialData/export/exportTransactionList","success","","","TestAutomation18","Password@1","EMS","","","","","","1","","","","","","2016-11-02","2017-11-02","","","","","","","","","","CSV",",","TestAutomation22"],"result":"SUCCESS"},{"values":["TC02","/MerchantApiWeb/authenticateUser","/MerchantApiWeb/rest/secure/impersonation/user/financialData/export/exportTransactionList","success","","","TestAutomation18","Password@1","EMS","","","","","","1","","","","","","2016-11-02","2017-11-02","","","","","","","","","","XML",",","TestAutomation22"],"result":"SUCCESS"},{"values":["TC03","/MerchantApiWeb/authenticateUser","/MerchantApiWeb/rest/secure/impersonation/user/financialData/export/exportTransactionList","success","","","TestAutomation18","Password@1","EMS","","","","","","1","","","","","","2016-11-02","2017-11-02","","","","","","","","","","XLS",",","TestAutomation22"],"result":"SUCCESS"},{"values":["TC04","/MerchantApiWeb/authenticateUser","/MerchantApiWeb/rest/secure/impersonation/user/financialData/export/exportTransactionList","error","Invalid Date format","MPVE00051","TestAutomation18","Password@1","EMS","","","","EUR","","1","","","","","","20161102","2017-11-02","","","","","","65902182","","","","txt",",","TestAutomation22"],"result":"SUCCESS"},{"values":["TC05","/MerchantApiWeb/authenticateUser","/MerchantApiWeb/rest/secure/impersonation/user/financialData/export/exportTransactionList","error","Invalid Date format","MPVE00051","TestAutomation18","Password@1","EMS","","","","EUR","","1","","","","","","2016-11-02","20171102","","","","","","65902182","","","","txt",",","TestAutomation22"],"result":"SUCCESS"},{"values":["TC07","/MerchantApiWeb/authenticateUser","/MerchantApiWeb/rest/secure/impersonation/user/financialData/export/exportTransactionList","error","fromDate should be less than toDate","MPVE00053","TestAutomation18","Password@1","EMS","","","","EUR","","1","","","","","","2018-11-02","2017-11-02","","","","","","","","","","txt",",","TestAutomation22"],"result":"SUCCESS"},{"values":["TC08","/MerchantApiWeb/authenticateUser","/MerchantApiWeb/rest/secure/impersonation/user/financialData/export/exportTransactionList","error","fromAmount is greater than toAmount","MPVE00054","TestAutomation18","Password@1","EMS","","","","EUR","","1","","","","","","2016-11-02","2017-11-02","","","","","","","200","5","","txt",",","TestAutomation22"],"result":"SUCCESS"},{"values":["TC09","/MerchantApiWeb/authenticateUser","/MerchantApiWeb/rest/secure/impersonation/user/financialData/export/exportTransactionList","error","toDate is required","MPVE00061","TestAutomation18","Password@1","EMS","","","","EUR","","1","","","","","","2016-11-02","","","","","","","65902182","","","","txt",",","TestAutomation22"],"result":"SUCCESS"},{"values":["TC11","/MerchantApiWeb/authenticateUser","/MerchantApiWeb/rest/secure/impersonation/user/financialData/export/exportTransactionList","error","fromDate is required","MPVE00063","TestAutomation18","Password@1","EMS","","","","EUR","","1","","","","","","","2017-11-02","","","","","","","","","","txt",",","TestAutomation22"],"result":"SUCCESS"},{"values":["TC13","/MerchantApiWeb/authenticateUser","/MerchantApiWeb/rest/secure/impersonation/user/financialData/export/exportTransactionList","error","Invalid Source","MPVE00090","TestAutomation18","Password@1","EMS","","","","","","1","","","","","","2016-11-02","2017-11-02","","","","","5121421","","","","","txt",",","TestAutomation22"],"result":"SUCCESS"},{"values":["TC15","/MerchantApiWeb/authenticateUser","/MerchantApiWeb/rest/secure/impersonation/user/financialData/export/exportTransactionList","error","Username can\u0027t be empty","MPVE00001","TestAutomation18","Password@1","EMS","","","","","","1","","","","","","2016-11-02","2017-11-02","","","","","","","","","","txt",",",""],"result":"SUCCESS"},{"values":["TC16","/MerchantApiWeb/authenticateUser","/MerchantApiWeb/rest/secure/impersonation/user/financialData/export/exportTransactionList","error","Username should be greater than 8 and less than 50 characters","MPVE00002","TestAutomation18","Password@1","EMS","","","","","","1","","","","","","2016-11-02","2017-11-02","","","","","","","","","FDP","txt",",","Test"],"result":"SUCCESS"},{"values":["TC17","/MerchantApiWeb/authenticateUser","/MerchantApiWeb/rest/secure/impersonation/user/financialData/export/exportTransactionList","error","Username should be greater than 8 and less than 50 characters","MPVE00002","TestAutomation18","Password@1","EMS","","","","","","1","","","","","","2016-11-02","2017-11-02","","","","","","","","","FDP","txt",",","Test12345678912456779812345648789123456789123456879456"],"result":"SUCCESS"},{"values":["TC18","/MerchantApiWeb/authenticateUser","/MerchantApiWeb/rest/secure/impersonation/user/financialData/export/exportTransactionList","error","Username contain special characters or empty spaces","MPVE00003","TestAutomation18","Password@1","EMS","","","","","","1","","","","","","2016-11-02","2017-11-02","","","","","","","","","FDP","txt",",","Test Automation"],"result":"SUCCESS"},{"values":["TC19","/MerchantApiWeb/authenticateUser","/MerchantApiWeb/rest/secure/impersonation/user/financialData/export/exportTransactionList","error","Username contain special characters or empty spaces","MPVE00003","TestAutomation18","Password@1","EMS","","","","","","1","","","","","","2016-11-02","2017-11-02","","","","","","","","","FDP","txt",",","Test!@#$%"],"result":"SUCCESS"},{"values":["TC20","/MerchantApiWeb/authenticateUser","/MerchantApiWeb/rest/secure/impersonation/user/financialData/export/exportTransactionList","error","Username does not exist","MPBE00004","TestAutomation18","Password@1","EMS","","","","","","1","","","","","","2016-11-02","2017-11-02","","","","","","","","","FDP","txt",",","Testabdnchf"],"result":"SUCCESS"},{"values":["TC21","/MerchantApiWeb/authenticateUser","/MerchantApiWeb/rest/secure/impersonation/user/financialData/export/exportTransactionList","error","User does not have privilege to any Merchants data","MPBE00034","TestAutomation18","Password@1","EMS","","","","","","1","","","","","","2016-11-02","2017-11-02","","","","","","","","","FDP","txt",",","TestAutomationEMS3"],"result":"SUCCESS"}],"predefinedRows":true,"dataSetDescriptors":[{"startRow":0,"rowCount":0,"name":"","description":""}]},"manual":false,"testSource":"Cucumber","result":"SUCCESS"}