{"name":"Verify the api update the logistics","testSteps":[{"number":1,"description":"[1] {report\u003dTC01, logindomain\u003d/MerchantApiWeb/V3/authenticateUser, domainurl\u003d/MerchantApiWeb/V3/rest/secure/user/logistics/{shippingRequestId}, logisticslockurl\u003d/MerchantApiWeb/V3/rest/secure/user/logistics/lock/{shippingRequestId}, status\u003derror, Message\u003dPlease enter archive comments, ErrorCode\u003dMPBE00081, userName\u003dMoumitaSPUser123, password\u003dPassword@1, allianceCode\u003dEMS, AuthErrMessage\u003d, Authaccessdenied\u003d, AuthErrCause\u003d, currency\u003dEUR, userType\u003d, pageNumber\u003d1, accountStatus\u003d, profile\u003d, firstName\u003d, lastName\u003d, period\u003d, fromDate\u003d2016-11-02, toDate\u003d2017-11-02, shippingRequestId\u003d5101012, lockUnlockInput\u003d1, archiveComments\u003d, requestCode\u003dARC, terminalPartNumber\u003d, terminalSerialNumber\u003d, trackTrace\u003dnull}","duration":3539,"startTime":1514871769812,"result":"SUCCESS","children":[{"number":2,"description":"Given load request for logisticsupdate \"/MerchantApiWeb/V3/authenticateUser\" and \"/MerchantApiWeb/V3/rest/secure/user/logistics/{shippingRequestId}\" and \"TC01\" and \"MoumitaSPUser123\" and \"Password@1\" and \"EMS\" and \"/MerchantApiWeb/V3/rest/secure/user/logistics/lock/{shippingRequestId}\" and \"5101012\" and \"1\"","duration":2296,"startTime":1514871769826,"result":"SUCCESS","children":[{"number":3,"description":"Loadgetrequestdata: https://uat1.merchantportal.firstdata.eu/MerchantApiWeb/V3/authenticateUser","duration":1,"startTime":1514871769910,"result":"SUCCESS"},{"number":4,"description":"Postrequest authenticate user: https://uat1.merchantportal.firstdata.eu/MerchantApiWeb/V3/authenticateUser, MoumitaSPUser123, Password@1, EMS","duration":1173,"startTime":1514871769912,"result":"SUCCESS"},{"number":5,"description":"Loadgetrequestdata requestwithbody: https://uat1.merchantportal.firstdata.eu/MerchantApiWeb/V3/authenticateUser","duration":0,"startTime":1514871771086,"result":"SUCCESS"},{"number":6,"description":"Post request logisticslock: https://uat1.merchantportal.firstdata.eu/MerchantApiWeb/V3/rest/secure/user/logistics/lock/{shippingRequestId}, 5101012, 1","duration":1000,"startTime":1514871771094,"result":"SUCCESS"},{"number":7,"description":"Loadgetrequestdata requestwithbody: https://uat1.merchantportal.firstdata.eu/MerchantApiWeb/V3/rest/secure/user/logistics/{shippingRequestId}","duration":0,"startTime":1514871772101,"result":"SUCCESS"}]},{"number":8,"description":"When post put request for logisticsupdate \"\" and \"ARC\" and \"5101012\" and \"\" and \"\" and \"null\"","duration":1059,"startTime":1514871772122,"result":"SUCCESS","children":[{"number":9,"description":"Post PUT request logisticsupdate: https://uat1.merchantportal.firstdata.eu/MerchantApiWeb/V3/rest/secure/user/logistics/{shippingRequestId}, , ARC, 5101012, , , null","duration":995,"startTime":1514871772135,"result":"SUCCESS"}]},{"number":10,"description":"Then verify logisticsupdate response status \"error\" and \"MPBE00081\" and \"Please enter archive comments\" and \"\" and \"\" and \"\"","duration":168,"startTime":1514871773182,"result":"SUCCESS","children":[{"number":11,"description":"Verify Response","duration":48,"startTime":1514871773192,"result":"SUCCESS"}]}]},{"number":12,"description":"[1] {report\u003dTC02, logindomain\u003d/MerchantApiWeb/V3/authenticateUser, domainurl\u003d/MerchantApiWeb/V3/rest/secure/user/logistics/{shippingRequestId}, logisticslockurl\u003d/MerchantApiWeb/V3/rest/secure/user/logistics/lock/{shippingRequestId}, status\u003derror, Message\u003dInvalid status update attempted, ErrorCode\u003dMPBE00083, userName\u003dMoumitaSPUser123, password\u003dPassword@1, allianceCode\u003dEMS, AuthErrMessage\u003d, Authaccessdenied\u003d, AuthErrCause\u003d, currency\u003dEUR, userType\u003d, pageNumber\u003d1, accountStatus\u003d, profile\u003d, firstName\u003d, lastName\u003d, period\u003d, fromDate\u003d2016-11-02, toDate\u003d2017-11-02, shippingRequestId\u003d5101012, lockUnlockInput\u003d1, archiveComments\u003d, requestCode\u003dORE, terminalPartNumber\u003d, terminalSerialNumber\u003d, trackTrace\u003dnull}","duration":3610,"startTime":1514871777124,"result":"SUCCESS","children":[{"number":13,"description":"Given load request for logisticsupdate \"/MerchantApiWeb/V3/authenticateUser\" and \"/MerchantApiWeb/V3/rest/secure/user/logistics/{shippingRequestId}\" and \"TC02\" and \"MoumitaSPUser123\" and \"Password@1\" and \"EMS\" and \"/MerchantApiWeb/V3/rest/secure/user/logistics/lock/{shippingRequestId}\" and \"5101012\" and \"1\"","duration":2126,"startTime":1514871777154,"result":"SUCCESS","children":[{"number":14,"description":"Loadgetrequestdata: https://uat1.merchantportal.firstdata.eu/MerchantApiWeb/V3/authenticateUser","duration":1,"startTime":1514871777252,"result":"SUCCESS"},{"number":15,"description":"Postrequest authenticate user: https://uat1.merchantportal.firstdata.eu/MerchantApiWeb/V3/authenticateUser, MoumitaSPUser123, Password@1, EMS","duration":1107,"startTime":1514871777254,"result":"SUCCESS"},{"number":16,"description":"Loadgetrequestdata requestwithbody: https://uat1.merchantportal.firstdata.eu/MerchantApiWeb/V3/authenticateUser","duration":1,"startTime":1514871778361,"result":"SUCCESS"},{"number":17,"description":"Post request logisticslock: https://uat1.merchantportal.firstdata.eu/MerchantApiWeb/V3/rest/secure/user/logistics/lock/{shippingRequestId}, 5101012, 1","duration":857,"startTime":1514871778381,"result":"SUCCESS"},{"number":18,"description":"Loadgetrequestdata requestwithbody: https://uat1.merchantportal.firstdata.eu/MerchantApiWeb/V3/rest/secure/user/logistics/{shippingRequestId}","duration":0,"startTime":1514871779251,"result":"SUCCESS"}]},{"number":19,"description":"When post put request for logisticsupdate \"\" and \"ORE\" and \"5101012\" and \"\" and \"\" and \"null\"","duration":1180,"startTime":1514871779281,"result":"SUCCESS","children":[{"number":20,"description":"Post PUT request logisticsupdate: https://uat1.merchantportal.firstdata.eu/MerchantApiWeb/V3/rest/secure/user/logistics/{shippingRequestId}, , ORE, 5101012, , , null","duration":1099,"startTime":1514871779296,"result":"SUCCESS"}]},{"number":21,"description":"Then verify logisticsupdate response status \"error\" and \"MPBE00083\" and \"Invalid status update attempted\" and \"\" and \"\" and \"\"","duration":272,"startTime":1514871780462,"result":"SUCCESS","children":[{"number":22,"description":"Verify Response","duration":54,"startTime":1514871780475,"result":"SUCCESS"}]}]},{"number":23,"description":"[1] {report\u003dTC03, logindomain\u003d/MerchantApiWeb/V3/authenticateUser, domainurl\u003d/MerchantApiWeb/V3/rest/secure/user/logistics/{shippingRequestId}, logisticslockurl\u003d/MerchantApiWeb/V3/rest/secure/user/logistics/lock/{shippingRequestId}, status\u003dsuccess, Message\u003d, ErrorCode\u003d, userName\u003dMoumitaSPUser123, password\u003dPassword@1, allianceCode\u003dEMS, AuthErrMessage\u003d, Authaccessdenied\u003d, AuthErrCause\u003d, currency\u003dEUR, userType\u003d, pageNumber\u003d1, accountStatus\u003d, profile\u003d, firstName\u003d, lastName\u003d, period\u003d, fromDate\u003d2016-11-02, toDate\u003d2017-11-02, shippingRequestId\u003d5101012, lockUnlockInput\u003d1, archiveComments\u003dArchieved, requestCode\u003dARC, terminalPartNumber\u003d, terminalSerialNumber\u003d, trackTrace\u003dnull}","duration":3674,"startTime":1514871785303,"result":"SUCCESS","children":[{"number":24,"description":"Given load request for logisticsupdate \"/MerchantApiWeb/V3/authenticateUser\" and \"/MerchantApiWeb/V3/rest/secure/user/logistics/{shippingRequestId}\" and \"TC03\" and \"MoumitaSPUser123\" and \"Password@1\" and \"EMS\" and \"/MerchantApiWeb/V3/rest/secure/user/logistics/lock/{shippingRequestId}\" and \"5101012\" and \"1\"","duration":2312,"startTime":1514871785337,"result":"SUCCESS","children":[{"number":25,"description":"Loadgetrequestdata: https://uat1.merchantportal.firstdata.eu/MerchantApiWeb/V3/authenticateUser","duration":0,"startTime":1514871785701,"result":"SUCCESS"},{"number":26,"description":"Postrequest authenticate user: https://uat1.merchantportal.firstdata.eu/MerchantApiWeb/V3/authenticateUser, MoumitaSPUser123, Password@1, EMS","duration":1060,"startTime":1514871785702,"result":"SUCCESS"},{"number":27,"description":"Loadgetrequestdata requestwithbody: https://uat1.merchantportal.firstdata.eu/MerchantApiWeb/V3/authenticateUser","duration":1,"startTime":1514871786762,"result":"SUCCESS"},{"number":28,"description":"Post request logisticslock: https://uat1.merchantportal.firstdata.eu/MerchantApiWeb/V3/rest/secure/user/logistics/lock/{shippingRequestId}, 5101012, 1","duration":841,"startTime":1514871786770,"result":"SUCCESS"},{"number":29,"description":"Loadgetrequestdata requestwithbody: https://uat1.merchantportal.firstdata.eu/MerchantApiWeb/V3/rest/secure/user/logistics/{shippingRequestId}","duration":1,"startTime":1514871787618,"result":"SUCCESS"}]},{"number":30,"description":"When post put request for logisticsupdate \"Archieved\" and \"ARC\" and \"5101012\" and \"\" and \"\" and \"null\"","duration":1118,"startTime":1514871787649,"result":"SUCCESS","children":[{"number":31,"description":"Post PUT request logisticsupdate: https://uat1.merchantportal.firstdata.eu/MerchantApiWeb/V3/rest/secure/user/logistics/{shippingRequestId}, Archieved, ARC, 5101012, , , null","duration":1038,"startTime":1514871787661,"result":"SUCCESS"}]},{"number":32,"description":"Then verify logisticsupdate response status \"success\" and \"\" and \"\" and \"\" and \"\" and \"\"","duration":209,"startTime":1514871788768,"result":"SUCCESS","children":[{"number":33,"description":"Verify Response","duration":106,"startTime":1514871788793,"result":"SUCCESS"}]}]},{"number":34,"description":"[1] {report\u003dTC04, logindomain\u003d/MerchantApiWeb/V3/authenticateUser, domainurl\u003d/MerchantApiWeb/V3/rest/secure/user/logistics/{shippingRequestId}, logisticslockurl\u003d/MerchantApiWeb/V3/rest/secure/user/logistics/lock/{shippingRequestId}, status\u003dsuccess, Message\u003d, ErrorCode\u003d, userName\u003dMoumitaSPUser123, password\u003dPassword@1, allianceCode\u003dEMS, AuthErrMessage\u003d, Authaccessdenied\u003d, AuthErrCause\u003d, currency\u003dEUR, userType\u003d, pageNumber\u003d1, accountStatus\u003d, profile\u003d, firstName\u003d, lastName\u003d, period\u003d, fromDate\u003d2016-11-02, toDate\u003d2017-11-02, shippingRequestId\u003d5101012, lockUnlockInput\u003d1, archiveComments\u003dReceived, requestCode\u003dORE, terminalPartNumber\u003d, terminalSerialNumber\u003d, trackTrace\u003dnull}","duration":3211,"startTime":1514871792913,"result":"SUCCESS","children":[{"number":35,"description":"Given load request for logisticsupdate \"/MerchantApiWeb/V3/authenticateUser\" and \"/MerchantApiWeb/V3/rest/secure/user/logistics/{shippingRequestId}\" and \"TC04\" and \"MoumitaSPUser123\" and \"Password@1\" and \"EMS\" and \"/MerchantApiWeb/V3/rest/secure/user/logistics/lock/{shippingRequestId}\" and \"5101012\" and \"1\"","duration":2148,"startTime":1514871792928,"result":"SUCCESS","children":[{"number":36,"description":"Loadgetrequestdata: https://uat1.merchantportal.firstdata.eu/MerchantApiWeb/V3/authenticateUser","duration":1,"startTime":1514871793004,"result":"SUCCESS"},{"number":37,"description":"Postrequest authenticate user: https://uat1.merchantportal.firstdata.eu/MerchantApiWeb/V3/authenticateUser, MoumitaSPUser123, Password@1, EMS","duration":1196,"startTime":1514871793006,"result":"SUCCESS"},{"number":38,"description":"Loadgetrequestdata requestwithbody: https://uat1.merchantportal.firstdata.eu/MerchantApiWeb/V3/authenticateUser","duration":0,"startTime":1514871794203,"result":"SUCCESS"},{"number":39,"description":"Post request logisticslock: https://uat1.merchantportal.firstdata.eu/MerchantApiWeb/V3/rest/secure/user/logistics/lock/{shippingRequestId}, 5101012, 1","duration":833,"startTime":1514871794212,"result":"SUCCESS"},{"number":40,"description":"Loadgetrequestdata requestwithbody: https://uat1.merchantportal.firstdata.eu/MerchantApiWeb/V3/rest/secure/user/logistics/{shippingRequestId}","duration":1,"startTime":1514871795054,"result":"SUCCESS"}]},{"number":41,"description":"When post put request for logisticsupdate \"Received\" and \"ORE\" and \"5101012\" and \"\" and \"\" and \"null\"","duration":976,"startTime":1514871795077,"result":"SUCCESS","children":[{"number":42,"description":"Post PUT request logisticsupdate: https://uat1.merchantportal.firstdata.eu/MerchantApiWeb/V3/rest/secure/user/logistics/{shippingRequestId}, Received, ORE, 5101012, , , null","duration":914,"startTime":1514871795090,"result":"SUCCESS"}]},{"number":43,"description":"Then verify logisticsupdate response status \"success\" and \"\" and \"\" and \"\" and \"\" and \"\"","duration":71,"startTime":1514871796053,"result":"SUCCESS","children":[{"number":44,"description":"Verify Response","duration":18,"startTime":1514871796063,"result":"SUCCESS"}]}]},{"number":45,"description":"[1] {report\u003dTC05, logindomain\u003d/MerchantApiWeb/V3/authenticateUser, domainurl\u003d/MerchantApiWeb/V3/rest/secure/user/logistics/{shippingRequestId}, logisticslockurl\u003d/MerchantApiWeb/V3/rest/secure/user/logistics/lock/{shippingRequestId}, status\u003derror, Message\u003dInvalid status update attempted, ErrorCode\u003dMPBE00083, userName\u003dMoumitaSPUser123, password\u003dPassword@1, allianceCode\u003dEMS, AuthErrMessage\u003d, Authaccessdenied\u003d, AuthErrCause\u003d, currency\u003dEUR, userType\u003d, pageNumber\u003d1, accountStatus\u003d, profile\u003d, firstName\u003d, lastName\u003d, period\u003d, fromDate\u003d2016-11-02, toDate\u003d2017-11-02, shippingRequestId\u003d5101012, lockUnlockInput\u003d1, archiveComments\u003d, requestCode\u003dORE, terminalPartNumber\u003d, terminalSerialNumber\u003d, trackTrace\u003dnull}","duration":3443,"startTime":1514871800785,"result":"SUCCESS","children":[{"number":46,"description":"Given load request for logisticsupdate \"/MerchantApiWeb/V3/authenticateUser\" and \"/MerchantApiWeb/V3/rest/secure/user/logistics/{shippingRequestId}\" and \"TC05\" and \"MoumitaSPUser123\" and \"Password@1\" and \"EMS\" and \"/MerchantApiWeb/V3/rest/secure/user/logistics/lock/{shippingRequestId}\" and \"5101012\" and \"1\"","duration":2167,"startTime":1514871800935,"result":"SUCCESS","children":[{"number":47,"description":"Loadgetrequestdata: https://uat1.merchantportal.firstdata.eu/MerchantApiWeb/V3/authenticateUser","duration":0,"startTime":1514871801096,"result":"SUCCESS"},{"number":48,"description":"Postrequest authenticate user: https://uat1.merchantportal.firstdata.eu/MerchantApiWeb/V3/authenticateUser, MoumitaSPUser123, Password@1, EMS","duration":1047,"startTime":1514871801097,"result":"SUCCESS"},{"number":49,"description":"Loadgetrequestdata requestwithbody: https://uat1.merchantportal.firstdata.eu/MerchantApiWeb/V3/authenticateUser","duration":0,"startTime":1514871802145,"result":"SUCCESS"},{"number":50,"description":"Post request logisticslock: https://uat1.merchantportal.firstdata.eu/MerchantApiWeb/V3/rest/secure/user/logistics/lock/{shippingRequestId}, 5101012, 1","duration":907,"startTime":1514871802153,"result":"SUCCESS"},{"number":51,"description":"Loadgetrequestdata requestwithbody: https://uat1.merchantportal.firstdata.eu/MerchantApiWeb/V3/rest/secure/user/logistics/{shippingRequestId}","duration":0,"startTime":1514871803071,"result":"SUCCESS"}]},{"number":52,"description":"When post put request for logisticsupdate \"\" and \"ORE\" and \"5101012\" and \"\" and \"\" and \"null\"","duration":948,"startTime":1514871803103,"result":"SUCCESS","children":[{"number":53,"description":"Post PUT request logisticsupdate: https://uat1.merchantportal.firstdata.eu/MerchantApiWeb/V3/rest/secure/user/logistics/{shippingRequestId}, , ORE, 5101012, , , null","duration":882,"startTime":1514871803117,"result":"SUCCESS"}]},{"number":54,"description":"Then verify logisticsupdate response status \"error\" and \"MPBE00083\" and \"Invalid status update attempted\" and \"\" and \"\" and \"\"","duration":176,"startTime":1514871804052,"result":"SUCCESS","children":[{"number":55,"description":"Verify Response","duration":52,"startTime":1514871804064,"result":"SUCCESS"}]}]},{"number":56,"description":"[1] {report\u003dTC06, logindomain\u003d/MerchantApiWeb/V3/authenticateUser, domainurl\u003d/MerchantApiWeb/V3/rest/secure/user/logistics/{shippingRequestId}, logisticslockurl\u003d/MerchantApiWeb/V3/rest/secure/user/logistics/lock/{shippingRequestId}, status\u003derror, Message\u003dRequest Code  is required, ErrorCode\u003dMPVE00132, userName\u003dMoumitaSPUser123, password\u003dPassword@1, allianceCode\u003dEMS, AuthErrMessage\u003d, Authaccessdenied\u003d, AuthErrCause\u003d, currency\u003dEUR, userType\u003d, pageNumber\u003d1, accountStatus\u003d, profile\u003d, firstName\u003d, lastName\u003d, period\u003d, fromDate\u003d2016-11-02, toDate\u003d2017-11-02, shippingRequestId\u003d5101012, lockUnlockInput\u003d1, archiveComments\u003dReceived, requestCode\u003d, terminalPartNumber\u003d, terminalSerialNumber\u003d, trackTrace\u003dnull}","duration":3487,"startTime":1514871807786,"result":"SUCCESS","children":[{"number":57,"description":"Given load request for logisticsupdate \"/MerchantApiWeb/V3/authenticateUser\" and \"/MerchantApiWeb/V3/rest/secure/user/logistics/{shippingRequestId}\" and \"TC06\" and \"MoumitaSPUser123\" and \"Password@1\" and \"EMS\" and \"/MerchantApiWeb/V3/rest/secure/user/logistics/lock/{shippingRequestId}\" and \"5101012\" and \"1\"","duration":2195,"startTime":1514871807801,"result":"SUCCESS","children":[{"number":58,"description":"Loadgetrequestdata: https://uat1.merchantportal.firstdata.eu/MerchantApiWeb/V3/authenticateUser","duration":0,"startTime":1514871807873,"result":"SUCCESS"},{"number":59,"description":"Postrequest authenticate user: https://uat1.merchantportal.firstdata.eu/MerchantApiWeb/V3/authenticateUser, MoumitaSPUser123, Password@1, EMS","duration":1108,"startTime":1514871807874,"result":"SUCCESS"},{"number":60,"description":"Loadgetrequestdata requestwithbody: https://uat1.merchantportal.firstdata.eu/MerchantApiWeb/V3/authenticateUser","duration":0,"startTime":1514871808983,"result":"SUCCESS"},{"number":61,"description":"Post request logisticslock: https://uat1.merchantportal.firstdata.eu/MerchantApiWeb/V3/rest/secure/user/logistics/lock/{shippingRequestId}, 5101012, 1","duration":932,"startTime":1514871809000,"result":"SUCCESS"},{"number":62,"description":"Loadgetrequestdata requestwithbody: https://uat1.merchantportal.firstdata.eu/MerchantApiWeb/V3/rest/secure/user/logistics/{shippingRequestId}","duration":1,"startTime":1514871809956,"result":"SUCCESS"}]},{"number":63,"description":"When post put request for logisticsupdate \"Received\" and \"\" and \"5101012\" and \"\" and \"\" and \"null\"","duration":1119,"startTime":1514871809997,"result":"SUCCESS","children":[{"number":64,"description":"Post PUT request logisticsupdate: https://uat1.merchantportal.firstdata.eu/MerchantApiWeb/V3/rest/secure/user/logistics/{shippingRequestId}, Received, , 5101012, , , null","duration":1044,"startTime":1514871810015,"result":"SUCCESS"}]},{"number":65,"description":"Then verify logisticsupdate response status \"error\" and \"MPVE00132\" and \"Request Code  is required\" and \"\" and \"\" and \"\"","duration":157,"startTime":1514871811116,"result":"SUCCESS","children":[{"number":66,"description":"Verify Response","duration":43,"startTime":1514871811129,"result":"SUCCESS"}]}]}],"userStory":{"id":"merchant-portal-application-api-validation","storyName":"Merchant Portal application API validation","path":"APIupdate.feature","type":"feature"},"featureTag":{"name":"Merchant Portal application API validation","type":"feature"},"title":"Verify the api update the logistics","description":"","tags":[{"name":"logisticsupdate","type":"tag"}],"startTime":1514871769812,"duration":41461,"dataTable":{"headers":["report","logindomain","domainurl","logisticslockurl","status","Message","ErrorCode","userName","password","allianceCode","AuthErrMessage","Authaccessdenied","AuthErrCause","currency","userType","pageNumber","accountStatus","profile","firstName","lastName","period","fromDate","toDate","shippingRequestId","lockUnlockInput","archiveComments","requestCode","terminalPartNumber","terminalSerialNumber","trackTrace"],"rows":[{"values":["TC01","/MerchantApiWeb/V3/authenticateUser","/MerchantApiWeb/V3/rest/secure/user/logistics/{shippingRequestId}","/MerchantApiWeb/V3/rest/secure/user/logistics/lock/{shippingRequestId}","error","Please enter archive comments","MPBE00081","MoumitaSPUser123","Password@1","EMS","","","","EUR","","1","","","","","","2016-11-02","2017-11-02","5101012","1","","ARC","","","null"],"result":"SUCCESS"},{"values":["TC02","/MerchantApiWeb/V3/authenticateUser","/MerchantApiWeb/V3/rest/secure/user/logistics/{shippingRequestId}","/MerchantApiWeb/V3/rest/secure/user/logistics/lock/{shippingRequestId}","error","Invalid status update attempted","MPBE00083","MoumitaSPUser123","Password@1","EMS","","","","EUR","","1","","","","","","2016-11-02","2017-11-02","5101012","1","","ORE","","","null"],"result":"SUCCESS"},{"values":["TC03","/MerchantApiWeb/V3/authenticateUser","/MerchantApiWeb/V3/rest/secure/user/logistics/{shippingRequestId}","/MerchantApiWeb/V3/rest/secure/user/logistics/lock/{shippingRequestId}","success","","","MoumitaSPUser123","Password@1","EMS","","","","EUR","","1","","","","","","2016-11-02","2017-11-02","5101012","1","Archieved","ARC","","","null"],"result":"SUCCESS"},{"values":["TC04","/MerchantApiWeb/V3/authenticateUser","/MerchantApiWeb/V3/rest/secure/user/logistics/{shippingRequestId}","/MerchantApiWeb/V3/rest/secure/user/logistics/lock/{shippingRequestId}","success","","","MoumitaSPUser123","Password@1","EMS","","","","EUR","","1","","","","","","2016-11-02","2017-11-02","5101012","1","Received","ORE","","","null"],"result":"SUCCESS"},{"values":["TC05","/MerchantApiWeb/V3/authenticateUser","/MerchantApiWeb/V3/rest/secure/user/logistics/{shippingRequestId}","/MerchantApiWeb/V3/rest/secure/user/logistics/lock/{shippingRequestId}","error","Invalid status update attempted","MPBE00083","MoumitaSPUser123","Password@1","EMS","","","","EUR","","1","","","","","","2016-11-02","2017-11-02","5101012","1","","ORE","","","null"],"result":"SUCCESS"},{"values":["TC06","/MerchantApiWeb/V3/authenticateUser","/MerchantApiWeb/V3/rest/secure/user/logistics/{shippingRequestId}","/MerchantApiWeb/V3/rest/secure/user/logistics/lock/{shippingRequestId}","error","Request Code  is required","MPVE00132","MoumitaSPUser123","Password@1","EMS","","","","EUR","","1","","","","","","2016-11-02","2017-11-02","5101012","1","Received","","","","null"],"result":"SUCCESS"}],"predefinedRows":true,"dataSetDescriptors":[{"startRow":0,"rowCount":0,"name":"","description":""}]},"manual":false,"testSource":"Cucumber","result":"SUCCESS"}