{"name":"Verify the api downloads the batch report","testSteps":[{"number":1,"description":"[1] {report\u003dTC01, logindomain\u003d/MerchantApiWeb/authenticateUser, domainurl\u003d/MerchantApiWeb/rest/secure/user/financialData/batch/downloadBatchReport, status\u003dsuccess, Message\u003d, ErrorCode\u003d, userName\u003dTheBatman, password\u003dPass123!, allianceCode\u003dFDP, AuthErrMessage\u003d, Authaccessdenied\u003d, AuthErrCause\u003d, currency\u003dPLN, userType\u003d, pageNumber\u003d1, accountStatus\u003d, profile\u003d, firstName\u003d, lastName\u003d, period\u003d, fileType\u003dXLS, delimiter\u003d,, terminalBatchNumId\u003d8366009}","duration":29219,"startTime":1514870345427,"result":"SUCCESS","children":[{"number":2,"description":"Given load request for downloadBatchReport \"/MerchantApiWeb/authenticateUser\" and \"/MerchantApiWeb/rest/secure/user/financialData/batch/downloadBatchReport\" and \"TC01\" and \"TheBatman\" and \"Pass123!\" and \"FDP\"","duration":4719,"startTime":1514870345440,"result":"SUCCESS","children":[{"number":3,"description":"Loadgetrequestdata: https://uat1.merchantportal.firstdata.eu/MerchantApiWeb/authenticateUser","duration":1,"startTime":1514870345558,"result":"SUCCESS"},{"number":4,"description":"Postrequest authenticate user: https://uat1.merchantportal.firstdata.eu/MerchantApiWeb/authenticateUser, TheBatman, Pass123!, FDP","duration":4561,"startTime":1514870345560,"result":"SUCCESS"},{"number":5,"description":"Loadgetrequestdata export download: https://uat1.merchantportal.firstdata.eu/MerchantApiWeb/rest/secure/user/financialData/batch/downloadBatchReport","duration":1,"startTime":1514870350132,"result":"SUCCESS"}]},{"number":6,"description":"When post get request for downloadBatchReport \"8366009\" and \"XLS\"","duration":16227,"startTime":1514870350160,"result":"SUCCESS","children":[{"number":7,"description":"Post GET request download batch report: https://uat1.merchantportal.firstdata.eu/MerchantApiWeb/rest/secure/user/financialData/batch/downloadBatchReport, 8366009, XLS","duration":16069,"startTime":1514870350174,"result":"SUCCESS"}]},{"number":8,"description":"Then verify downloadBatchReport response status \"success\" and \"\" and \"\" and \"\" and \"\" and \"\"","duration":8231,"startTime":1514870366415,"result":"SUCCESS","children":[{"number":9,"description":"Verify Download file Response","duration":8178,"startTime":1514870366430,"result":"SUCCESS"}]}]}],"userStory":{"id":"merchant-portal-application-api-validation","storyName":"Merchant Portal application API validation","path":"APIupdate.feature","type":"feature"},"featureTag":{"name":"Merchant Portal application API validation","type":"feature"},"title":"Verify the api downloads the batch report","description":"","tags":[{"name":"downloadBatchReport","type":"tag"}],"startTime":1514870345427,"duration":29219,"dataTable":{"headers":["report","logindomain","domainurl","status","Message","ErrorCode","userName","password","allianceCode","AuthErrMessage","Authaccessdenied","AuthErrCause","currency","userType","pageNumber","accountStatus","profile","firstName","lastName","period","fileType","delimiter","terminalBatchNumId"],"rows":[{"values":["TC01","/MerchantApiWeb/authenticateUser","/MerchantApiWeb/rest/secure/user/financialData/batch/downloadBatchReport","success","","","TheBatman","Pass123!","FDP","","","","PLN","","1","","","","","","XLS",",","8366009"],"result":"SUCCESS"}],"predefinedRows":true,"dataSetDescriptors":[{"startRow":0,"rowCount":0,"name":"","description":""}]},"manual":false,"testSource":"Cucumber","result":"SUCCESS"}