{"name":"Verify the details of the Sales summary","testSteps":[{"number":1,"description":"[1] {report\u003dTC01, \u003d, domainurl\u003d/MerchantApiWeb/rest/secure/user/financialData/sales/getSalesSummary, status\u003dsuccess, Message\u003d, ErrorCode\u003d, userName\u003d, password\u003d, allianceCode\u003d, AuthErrMessage\u003d, Authaccessdenied\u003d, AuthErrCause\u003d, currency\u003dEUR, userType\u003d, pageNumber\u003d, accountStatus\u003d, profile\u003d, firstName\u003d, lastName\u003d}","duration":2442,"startTime":1511418748491,"result":"SUCCESS","children":[{"number":2,"description":"Given load request for getSalesSummary \"/MerchantApiWeb/rest/secure/user/financialData/sales/getSalesSummary\" and \"TC01\"","duration":339,"startTime":1511418749072,"result":"SUCCESS","children":[{"number":3,"description":"Loadgetrequestdata authenticated: https://uat1.merchantportal.firstdata.eu/MerchantApiWeb/rest/secure/user/financialData/sales/getSalesSummary, ","duration":14,"startTime":1511418749347,"result":"SUCCESS"}]},{"number":4,"description":"When post get request for getSalesSummary \"EUR\"","duration":1514,"startTime":1511418749413,"exception":{"errorType":"java.lang.NullPointerException","message":"cookies","stackTrace":[{"declaringClass":"com.google.common.base.Preconditions","methodName":"checkNotNull","fileName":"Preconditions.java","lineNumber":228},{"declaringClass":"net.serenitybdd.rest.decorators.request.RequestSpecificationCookieConfigurations","methodName":"cookies","fileName":"RequestSpecificationCookieConfigurations.java","lineNumber":39},{"declaringClass":"net.serenitybdd.rest.decorators.request.RequestSpecificationDecorated","methodName":"cookies","fileName":"RequestSpecificationDecorated.java","lineNumber":25},{"declaringClass":"api.PostRequest","methodName":"postGETRequest_getsalessummary","fileName":"PostRequest.java","lineNumber":70},{"declaringClass":"stepdefinitions.Apidefinitions","methodName":"post_get_request_getSalesSummary","fileName":"Apidefinitions.java","lineNumber":210},{"declaringClass":"✽","methodName":"When post get request for getSalesSummary \"EUR\"","fileName":"Testupdate.feature","lineNumber":28}]},"result":"ERROR","children":[{"number":5,"description":"Post GET request getsalessummary: https://uat1.merchantportal.firstdata.eu/MerchantApiWeb/rest/secure/user/financialData/sales/getSalesSummary, EUR","duration":1467,"startTime":1511418749451,"exception":{"errorType":"java.lang.NullPointerException","message":"cookies","stackTrace":[{"declaringClass":"com.google.common.base.Preconditions","methodName":"checkNotNull","fileName":"Preconditions.java","lineNumber":228},{"declaringClass":"net.serenitybdd.rest.decorators.request.RequestSpecificationCookieConfigurations","methodName":"cookies","fileName":"RequestSpecificationCookieConfigurations.java","lineNumber":39},{"declaringClass":"net.serenitybdd.rest.decorators.request.RequestSpecificationDecorated","methodName":"cookies","fileName":"RequestSpecificationDecorated.java","lineNumber":25},{"declaringClass":"api.PostRequest","methodName":"postGETRequest_getsalessummary","fileName":"PostRequest.java","lineNumber":70},{"declaringClass":"stepdefinitions.Apidefinitions","methodName":"post_get_request_getSalesSummary","fileName":"Apidefinitions.java","lineNumber":210},{"declaringClass":"org.eclipse.jdt.internal.junit4.runner.JUnit4TestReference","methodName":"run","fileName":"JUnit4TestReference.java","lineNumber":86},{"declaringClass":"org.eclipse.jdt.internal.junit.runner.TestExecution","methodName":"run","fileName":"TestExecution.java","lineNumber":38},{"declaringClass":"org.eclipse.jdt.internal.junit.runner.RemoteTestRunner","methodName":"runTests","fileName":"RemoteTestRunner.java","lineNumber":459},{"declaringClass":"org.eclipse.jdt.internal.junit.runner.RemoteTestRunner","methodName":"runTests","fileName":"RemoteTestRunner.java","lineNumber":675},{"declaringClass":"org.eclipse.jdt.internal.junit.runner.RemoteTestRunner","methodName":"run","fileName":"RemoteTestRunner.java","lineNumber":382},{"declaringClass":"org.eclipse.jdt.internal.junit.runner.RemoteTestRunner","methodName":"main","fileName":"RemoteTestRunner.java","lineNumber":192}]},"result":"ERROR"}]},{"number":6,"description":"Then verify getSalesSummary response status \"success\" and \"\" and \"\" and \"\" and \"\" and \"\"","duration":5,"startTime":1511418750928,"result":"SKIPPED"}]}],"userStory":{"id":"merchant-portal-application-api-validation","storyName":"Merchant Portal application API validation","path":"Testupdate.feature","type":"feature"},"featureTag":{"name":"Merchant Portal application API validation","type":"feature"},"title":"Verify the details of the Sales summary","description":"","tags":[{"name":"getSalesSummary","type":"tag"}],"startTime":1511418748378,"duration":2555,"testFailureCause":{"errorType":"java.lang.NullPointerException","message":"cookies","stackTrace":[{"declaringClass":"com.google.common.base.Preconditions","methodName":"checkNotNull","fileName":"Preconditions.java","lineNumber":228},{"declaringClass":"net.serenitybdd.rest.decorators.request.RequestSpecificationCookieConfigurations","methodName":"cookies","fileName":"RequestSpecificationCookieConfigurations.java","lineNumber":39},{"declaringClass":"net.serenitybdd.rest.decorators.request.RequestSpecificationDecorated","methodName":"cookies","fileName":"RequestSpecificationDecorated.java","lineNumber":25},{"declaringClass":"api.PostRequest","methodName":"postGETRequest_getsalessummary","fileName":"PostRequest.java","lineNumber":70},{"declaringClass":"stepdefinitions.Apidefinitions","methodName":"post_get_request_getSalesSummary","fileName":"Apidefinitions.java","lineNumber":210},{"declaringClass":"org.eclipse.jdt.internal.junit4.runner.JUnit4TestReference","methodName":"run","fileName":"JUnit4TestReference.java","lineNumber":86},{"declaringClass":"org.eclipse.jdt.internal.junit.runner.TestExecution","methodName":"run","fileName":"TestExecution.java","lineNumber":38},{"declaringClass":"org.eclipse.jdt.internal.junit.runner.RemoteTestRunner","methodName":"runTests","fileName":"RemoteTestRunner.java","lineNumber":459},{"declaringClass":"org.eclipse.jdt.internal.junit.runner.RemoteTestRunner","methodName":"runTests","fileName":"RemoteTestRunner.java","lineNumber":675},{"declaringClass":"org.eclipse.jdt.internal.junit.runner.RemoteTestRunner","methodName":"run","fileName":"RemoteTestRunner.java","lineNumber":382},{"declaringClass":"org.eclipse.jdt.internal.junit.runner.RemoteTestRunner","methodName":"main","fileName":"RemoteTestRunner.java","lineNumber":192}]},"testFailureClassname":"java.lang.AssertionError","testFailureMessage":"cookies\r\ncookies","annotatedResult":"ERROR","dataTable":{"headers":["report","","domainurl","status","Message","ErrorCode","userName","password","allianceCode","AuthErrMessage","Authaccessdenied","AuthErrCause","currency","userType","pageNumber","accountStatus","profile","firstName","lastName"],"rows":[{"values":["TC01","","/MerchantApiWeb/rest/secure/user/financialData/sales/getSalesSummary","success","","","","","","","","","EUR","","","","","",""],"result":"ERROR"}],"predefinedRows":true,"dataSetDescriptors":[{"startRow":0,"rowCount":0,"name":"","description":""}]},"manual":false,"testSource":"Cucumber","result":"ERROR"}