{"name":"Verify the details of the Recurring Payment summary","testSteps":[{"number":1,"description":"[1] {report\u003dTC01, logindomain\u003d/MerchantApiWeb/authenticateUser, domainurl\u003d/MerchantApiWeb/rest/secure/user/financialData/authorisation/getRecPaySummary, status\u003dsuccess, Message\u003d, ErrorCode\u003d, userName\u003dTestAutomationLBC1, password\u003dPassword@1, allianceCode\u003dLBC, AuthErrMessage\u003d, Authaccessdenied\u003d, AuthErrCause\u003d, currency\u003dEUR, userType\u003d, pageNumber\u003d, accountStatus\u003d, profile\u003d, firstName\u003d, lastName\u003d, fromDate\u003d2016-11-02, toDate\u003d2017-11-02}","duration":18171,"startTime":1514869911161,"result":"SUCCESS","children":[{"number":2,"description":"Given load request for getRecPaySummary \"/MerchantApiWeb/authenticateUser\" and \"/MerchantApiWeb/rest/secure/user/financialData/authorisation/getRecPaySummary\" and \"TC01\" and \"TestAutomationLBC1\" and \"Password@1\" and \"LBC\"","duration":12091,"startTime":1514869913396,"result":"SUCCESS","children":[{"number":3,"description":"Loadgetrequestdata: https://uat1.merchantportal.firstdata.eu/MerchantApiWeb/authenticateUser","duration":24,"startTime":1514869914009,"result":"SUCCESS"},{"number":4,"description":"Postrequest authenticate user: https://uat1.merchantportal.firstdata.eu/MerchantApiWeb/authenticateUser, TestAutomationLBC1, Password@1, LBC","duration":11269,"startTime":1514869914150,"result":"SUCCESS"},{"number":5,"description":"Loadgetrequestdata authenticated: https://uat1.merchantportal.firstdata.eu/MerchantApiWeb/rest/secure/user/financialData/authorisation/getRecPaySummary, ","duration":3,"startTime":1514869925453,"result":"SUCCESS"}]},{"number":6,"description":"When post get request for getRecPaySummary \"EUR\" and \"2016-11-02\" and \"2017-11-02\"","duration":2333,"startTime":1514869925488,"result":"SUCCESS","children":[{"number":7,"description":"Post GET request get rec pay summary: https://uat1.merchantportal.firstdata.eu/MerchantApiWeb/rest/secure/user/financialData/authorisation/getRecPaySummary, EUR, 2016-11-02, 2017-11-02","duration":2238,"startTime":1514869925507,"result":"SUCCESS"}]},{"number":8,"description":"Then verify getRecPaySummary response status \"success\" and \"\" and \"\" and \"\" and \"\" and \"\"","duration":1510,"startTime":1514869927822,"result":"SUCCESS","children":[{"number":9,"description":"Verify Response","duration":1431,"startTime":1514869927842,"result":"SUCCESS"}]}]},{"number":10,"description":"[1] {report\u003dTC02, logindomain\u003d/MerchantApiWeb/authenticateUser, domainurl\u003d/MerchantApiWeb/rest/secure/user/financialData/authorisation/getRecPaySummary, status\u003derror, Message\u003dInvalid Date format, ErrorCode\u003dMPVE00051, userName\u003dTestAutomationLBC1, password\u003dPassword@1, allianceCode\u003dLBC, AuthErrMessage\u003d, Authaccessdenied\u003d, AuthErrCause\u003d, currency\u003dEUR, userType\u003d, pageNumber\u003d, accountStatus\u003d, profile\u003d, firstName\u003d, lastName\u003d, fromDate\u003d201611-02, toDate\u003d2017-11-02}","duration":5975,"startTime":1514869936942,"result":"SUCCESS","children":[{"number":11,"description":"Given load request for getRecPaySummary \"/MerchantApiWeb/authenticateUser\" and \"/MerchantApiWeb/rest/secure/user/financialData/authorisation/getRecPaySummary\" and \"TC02\" and \"TestAutomationLBC1\" and \"Password@1\" and \"LBC\"","duration":4460,"startTime":1514869937011,"result":"SUCCESS","children":[{"number":12,"description":"Loadgetrequestdata: https://uat1.merchantportal.firstdata.eu/MerchantApiWeb/authenticateUser","duration":1,"startTime":1514869937105,"result":"SUCCESS"},{"number":13,"description":"Postrequest authenticate user: https://uat1.merchantportal.firstdata.eu/MerchantApiWeb/authenticateUser, TestAutomationLBC1, Password@1, LBC","duration":4311,"startTime":1514869937111,"result":"SUCCESS"},{"number":14,"description":"Loadgetrequestdata authenticated: https://uat1.merchantportal.firstdata.eu/MerchantApiWeb/rest/secure/user/financialData/authorisation/getRecPaySummary, ","duration":1,"startTime":1514869941432,"result":"SUCCESS"}]},{"number":15,"description":"When post get request for getRecPaySummary \"EUR\" and \"201611-02\" and \"2017-11-02\"","duration":1093,"startTime":1514869941472,"result":"SUCCESS","children":[{"number":16,"description":"Post GET request get rec pay summary: https://uat1.merchantportal.firstdata.eu/MerchantApiWeb/rest/secure/user/financialData/authorisation/getRecPaySummary, EUR, 201611-02, 2017-11-02","duration":953,"startTime":1514869941495,"result":"SUCCESS"}]},{"number":17,"description":"Then verify getRecPaySummary response status \"error\" and \"MPVE00051\" and \"Invalid Date format\" and \"\" and \"\" and \"\"","duration":351,"startTime":1514869942566,"result":"SUCCESS","children":[{"number":18,"description":"Verify Response","duration":122,"startTime":1514869942581,"result":"SUCCESS"}]}]},{"number":19,"description":"[1] {report\u003dTC03, logindomain\u003d/MerchantApiWeb/authenticateUser, domainurl\u003d/MerchantApiWeb/rest/secure/user/financialData/authorisation/getRecPaySummary, status\u003derror, Message\u003dInvalid Date format, ErrorCode\u003dMPVE00051, userName\u003dTestAutomationLBC1, password\u003dPassword@1, allianceCode\u003dLBC, AuthErrMessage\u003d, Authaccessdenied\u003d, AuthErrCause\u003d, currency\u003dEUR, userType\u003d, pageNumber\u003d, accountStatus\u003d, profile\u003d, firstName\u003d, lastName\u003d, fromDate\u003d2016-11-02, toDate\u003d20171102}","duration":2888,"startTime":1514869947547,"result":"SUCCESS","children":[{"number":20,"description":"Given load request for getRecPaySummary \"/MerchantApiWeb/authenticateUser\" and \"/MerchantApiWeb/rest/secure/user/financialData/authorisation/getRecPaySummary\" and \"TC03\" and \"TestAutomationLBC1\" and \"Password@1\" and \"LBC\"","duration":1588,"startTime":1514869947575,"result":"SUCCESS","children":[{"number":21,"description":"Loadgetrequestdata: https://uat1.merchantportal.firstdata.eu/MerchantApiWeb/authenticateUser","duration":1,"startTime":1514869947675,"result":"SUCCESS"},{"number":22,"description":"Postrequest authenticate user: https://uat1.merchantportal.firstdata.eu/MerchantApiWeb/authenticateUser, TestAutomationLBC1, Password@1, LBC","duration":1451,"startTime":1514869947679,"result":"SUCCESS"},{"number":23,"description":"Loadgetrequestdata authenticated: https://uat1.merchantportal.firstdata.eu/MerchantApiWeb/rest/secure/user/financialData/authorisation/getRecPaySummary, ","duration":1,"startTime":1514869949139,"result":"SUCCESS"}]},{"number":24,"description":"When post get request for getRecPaySummary \"EUR\" and \"2016-11-02\" and \"20171102\"","duration":1034,"startTime":1514869949164,"result":"SUCCESS","children":[{"number":25,"description":"Post GET request get rec pay summary: https://uat1.merchantportal.firstdata.eu/MerchantApiWeb/rest/secure/user/financialData/authorisation/getRecPaySummary, EUR, 2016-11-02, 20171102","duration":971,"startTime":1514869949178,"result":"SUCCESS"}]},{"number":26,"description":"Then verify getRecPaySummary response status \"error\" and \"MPVE00051\" and \"Invalid Date format\" and \"\" and \"\" and \"\"","duration":233,"startTime":1514869950201,"result":"SUCCESS","children":[{"number":27,"description":"Verify Response","duration":85,"startTime":1514869950213,"result":"SUCCESS"}]}]}],"userStory":{"id":"merchant-portal-application-api-validation","storyName":"Merchant Portal application API validation","path":"APIupdate.feature","type":"feature"},"featureTag":{"name":"Merchant Portal application API validation","type":"feature"},"title":"Verify the details of the Recurring Payment summary","description":"","tags":[{"name":"getRecPaySummary","type":"tag"}],"startTime":1514869910564,"duration":39871,"dataTable":{"headers":["report","logindomain","domainurl","status","Message","ErrorCode","userName","password","allianceCode","AuthErrMessage","Authaccessdenied","AuthErrCause","currency","userType","pageNumber","accountStatus","profile","firstName","lastName","fromDate","toDate"],"rows":[{"values":["TC01","/MerchantApiWeb/authenticateUser","/MerchantApiWeb/rest/secure/user/financialData/authorisation/getRecPaySummary","success","","","TestAutomationLBC1","Password@1","LBC","","","","EUR","","","","","","","2016-11-02","2017-11-02"],"result":"SUCCESS"},{"values":["TC02","/MerchantApiWeb/authenticateUser","/MerchantApiWeb/rest/secure/user/financialData/authorisation/getRecPaySummary","error","Invalid Date format","MPVE00051","TestAutomationLBC1","Password@1","LBC","","","","EUR","","","","","","","201611-02","2017-11-02"],"result":"SUCCESS"},{"values":["TC03","/MerchantApiWeb/authenticateUser","/MerchantApiWeb/rest/secure/user/financialData/authorisation/getRecPaySummary","error","Invalid Date format","MPVE00051","TestAutomationLBC1","Password@1","LBC","","","","EUR","","","","","","","2016-11-02","20171102"],"result":"SUCCESS"}],"predefinedRows":true,"dataSetDescriptors":[{"startRow":0,"rowCount":0,"name":"","description":""}]},"manual":false,"testSource":"Cucumber","result":"SUCCESS"}