{"name":"Verify the api retrieves the details of the Pre Authorisation in the specified file format","testSteps":[{"number":1,"description":"[1] {report\u003dTC01, logindomain\u003d/MerchantApiWeb/authenticateUser, domainurl\u003d/MerchantApiWeb/rest/secure/user/financial/preauth/list/export/, status\u003dsuccess, Message\u003d, ErrorCode\u003d, userName\u003dTestAutomation22, password\u003dPassword@1, allianceCode\u003dEMS, AuthErrMessage\u003d, Authaccessdenied\u003d, AuthErrCause\u003d, currency\u003dEUR, userType\u003d, pageNumber\u003d, accountStatus\u003d, profile\u003d, firstName\u003d, lastName\u003d, fromDate\u003d2017-05-02, toDate\u003d2017-11-02, fromAmount\u003d, toAmount\u003d, fileType\u003dCSV, delimiter\u003d,}","duration":6844,"startTime":1514872726306,"result":"SUCCESS","children":[{"number":2,"description":"Given load request for exportPreauth \"/MerchantApiWeb/authenticateUser\" and \"/MerchantApiWeb/rest/secure/user/financial/preauth/list/export/\" and \"TC01\" and \"TestAutomation22\" and \"Password@1\" and \"EMS\"","duration":1299,"startTime":1514872726322,"result":"SUCCESS","children":[{"number":3,"description":"Loadgetrequestdata: https://uat1.merchantportal.firstdata.eu/MerchantApiWeb/authenticateUser","duration":0,"startTime":1514872726405,"result":"SUCCESS"},{"number":4,"description":"Postrequest authenticate user: https://uat1.merchantportal.firstdata.eu/MerchantApiWeb/authenticateUser, TestAutomation22, Password@1, EMS","duration":1184,"startTime":1514872726406,"result":"SUCCESS"},{"number":5,"description":"Loadgetrequestdata export download: https://uat1.merchantportal.firstdata.eu/MerchantApiWeb/rest/secure/user/financial/preauth/list/export/","duration":1,"startTime":1514872727598,"result":"SUCCESS"}]},{"number":6,"description":"When post get request for exportPreauth \"2017-05-02\" and \"2017-11-02\" and \"\" and \"\" and \"CSV\" and \",\"","duration":5373,"startTime":1514872727621,"result":"SUCCESS","children":[{"number":7,"description":"Post GET request export preauth: https://uat1.merchantportal.firstdata.eu/MerchantApiWeb/rest/secure/user/financial/preauth/list/export/, 2017-05-02, 2017-11-02, , , CSV, ,","duration":5304,"startTime":1514872727633,"result":"SUCCESS"}]},{"number":8,"description":"Then verify exportPreauth response status \"success\" and \"\" and \"\" and \"\" and \"\" and \"\"","duration":156,"startTime":1514872732994,"result":"SUCCESS","children":[{"number":9,"description":"Verify Download file Response","duration":108,"startTime":1514872733007,"result":"SUCCESS"}]}]},{"number":10,"description":"[1] {report\u003dTC02, logindomain\u003d/MerchantApiWeb/authenticateUser, domainurl\u003d/MerchantApiWeb/rest/secure/user/financial/preauth/list/export/, status\u003dsuccess, Message\u003d, ErrorCode\u003d, userName\u003dTestAutomation22, password\u003dPassword@1, allianceCode\u003dEMS, AuthErrMessage\u003d, Authaccessdenied\u003d, AuthErrCause\u003d, currency\u003dEUR, userType\u003d, pageNumber\u003d, accountStatus\u003d, profile\u003d, firstName\u003d, lastName\u003d, fromDate\u003d2017-05-02, toDate\u003d2017-11-02, fromAmount\u003d, toAmount\u003d, fileType\u003dXML, delimiter\u003d,}","duration":2693,"startTime":1514872736845,"result":"SUCCESS","children":[{"number":11,"description":"Given load request for exportPreauth \"/MerchantApiWeb/authenticateUser\" and \"/MerchantApiWeb/rest/secure/user/financial/preauth/list/export/\" and \"TC02\" and \"TestAutomation22\" and \"Password@1\" and \"EMS\"","duration":1278,"startTime":1514872736857,"result":"SUCCESS","children":[{"number":12,"description":"Loadgetrequestdata: https://uat1.merchantportal.firstdata.eu/MerchantApiWeb/authenticateUser","duration":1,"startTime":1514872736934,"result":"SUCCESS"},{"number":13,"description":"Postrequest authenticate user: https://uat1.merchantportal.firstdata.eu/MerchantApiWeb/authenticateUser, TestAutomation22, Password@1, EMS","duration":1170,"startTime":1514872736935,"result":"SUCCESS"},{"number":14,"description":"Loadgetrequestdata export download: https://uat1.merchantportal.firstdata.eu/MerchantApiWeb/rest/secure/user/financial/preauth/list/export/","duration":0,"startTime":1514872738112,"result":"SUCCESS"}]},{"number":15,"description":"When post get request for exportPreauth \"2017-05-02\" and \"2017-11-02\" and \"\" and \"\" and \"XML\" and \",\"","duration":1278,"startTime":1514872738135,"result":"SUCCESS","children":[{"number":16,"description":"Post GET request export preauth: https://uat1.merchantportal.firstdata.eu/MerchantApiWeb/rest/secure/user/financial/preauth/list/export/, 2017-05-02, 2017-11-02, , , XML, ,","duration":1221,"startTime":1514872738147,"result":"SUCCESS"}]},{"number":17,"description":"Then verify exportPreauth response status \"success\" and \"\" and \"\" and \"\" and \"\" and \"\"","duration":124,"startTime":1514872739414,"result":"SUCCESS","children":[{"number":18,"description":"Verify Download file Response","duration":76,"startTime":1514872739428,"result":"SUCCESS"}]}]},{"number":19,"description":"[1] {report\u003dTC03, logindomain\u003d/MerchantApiWeb/authenticateUser, domainurl\u003d/MerchantApiWeb/rest/secure/user/financial/preauth/list/export/, status\u003dsuccess, Message\u003d, ErrorCode\u003d, userName\u003dTestAutomation22, password\u003dPassword@1, allianceCode\u003dEMS, AuthErrMessage\u003d, Authaccessdenied\u003d, AuthErrCause\u003d, currency\u003dEUR, userType\u003d, pageNumber\u003d, accountStatus\u003d, profile\u003d, firstName\u003d, lastName\u003d, fromDate\u003d2017-05-02, toDate\u003d2017-11-02, fromAmount\u003d, toAmount\u003d, fileType\u003dXLS, delimiter\u003d,}","duration":2777,"startTime":1514872743282,"result":"SUCCESS","children":[{"number":20,"description":"Given load request for exportPreauth \"/MerchantApiWeb/authenticateUser\" and \"/MerchantApiWeb/rest/secure/user/financial/preauth/list/export/\" and \"TC03\" and \"TestAutomation22\" and \"Password@1\" and \"EMS\"","duration":1253,"startTime":1514872743295,"result":"SUCCESS","children":[{"number":21,"description":"Loadgetrequestdata: https://uat1.merchantportal.firstdata.eu/MerchantApiWeb/authenticateUser","duration":0,"startTime":1514872743370,"result":"SUCCESS"},{"number":22,"description":"Postrequest authenticate user: https://uat1.merchantportal.firstdata.eu/MerchantApiWeb/authenticateUser, TestAutomation22, Password@1, EMS","duration":1124,"startTime":1514872743371,"result":"SUCCESS"},{"number":23,"description":"Loadgetrequestdata export download: https://uat1.merchantportal.firstdata.eu/MerchantApiWeb/rest/secure/user/financial/preauth/list/export/","duration":0,"startTime":1514872744503,"result":"SUCCESS"}]},{"number":24,"description":"When post get request for exportPreauth \"2017-05-02\" and \"2017-11-02\" and \"\" and \"\" and \"XLS\" and \",\"","duration":1362,"startTime":1514872744549,"result":"SUCCESS","children":[{"number":25,"description":"Post GET request export preauth: https://uat1.merchantportal.firstdata.eu/MerchantApiWeb/rest/secure/user/financial/preauth/list/export/, 2017-05-02, 2017-11-02, , , XLS, ,","duration":1252,"startTime":1514872744562,"result":"SUCCESS"}]},{"number":26,"description":"Then verify exportPreauth response status \"success\" and \"\" and \"\" and \"\" and \"\" and \"\"","duration":147,"startTime":1514872745911,"result":"SUCCESS","children":[{"number":27,"description":"Verify Download file Response","duration":81,"startTime":1514872745942,"result":"SUCCESS"}]}]},{"number":28,"description":"[1] {report\u003dTC04, logindomain\u003d/MerchantApiWeb/authenticateUser, domainurl\u003d/MerchantApiWeb/rest/secure/user/financial/preauth/list/export/, status\u003derror, Message\u003dInvalid Date format, ErrorCode\u003dMPVE00051, userName\u003dTestAutomation22, password\u003dPassword@1, allianceCode\u003dEMS, AuthErrMessage\u003d, Authaccessdenied\u003d, AuthErrCause\u003d, currency\u003dEUR, userType\u003d, pageNumber\u003d, accountStatus\u003d, profile\u003d, firstName\u003d, lastName\u003d, fromDate\u003d20161102, toDate\u003d2017-11-02, fromAmount\u003d, toAmount\u003d, fileType\u003dtxt, delimiter\u003d,}","duration":2407,"startTime":1514872750115,"result":"SUCCESS","children":[{"number":29,"description":"Given load request for exportPreauth \"/MerchantApiWeb/authenticateUser\" and \"/MerchantApiWeb/rest/secure/user/financial/preauth/list/export/\" and \"TC04\" and \"TestAutomation22\" and \"Password@1\" and \"EMS\"","duration":1220,"startTime":1514872750154,"result":"SUCCESS","children":[{"number":30,"description":"Loadgetrequestdata: https://uat1.merchantportal.firstdata.eu/MerchantApiWeb/authenticateUser","duration":1,"startTime":1514872750232,"result":"SUCCESS"},{"number":31,"description":"Postrequest authenticate user: https://uat1.merchantportal.firstdata.eu/MerchantApiWeb/authenticateUser, TestAutomation22, Password@1, EMS","duration":1105,"startTime":1514872750234,"result":"SUCCESS"},{"number":32,"description":"Loadgetrequestdata export download: https://uat1.merchantportal.firstdata.eu/MerchantApiWeb/rest/secure/user/financial/preauth/list/export/","duration":0,"startTime":1514872751348,"result":"SUCCESS"}]},{"number":33,"description":"When post get request for exportPreauth \"20161102\" and \"2017-11-02\" and \"\" and \"\" and \"txt\" and \",\"","duration":906,"startTime":1514872751375,"result":"SUCCESS","children":[{"number":34,"description":"Post GET request export preauth: https://uat1.merchantportal.firstdata.eu/MerchantApiWeb/rest/secure/user/financial/preauth/list/export/, 20161102, 2017-11-02, , , txt, ,","duration":851,"startTime":1514872751386,"result":"SUCCESS"}]},{"number":35,"description":"Then verify exportPreauth response status \"error\" and \"MPVE00051\" and \"Invalid Date format\" and \"\" and \"\" and \"\"","duration":241,"startTime":1514872752281,"result":"SUCCESS","children":[{"number":36,"description":"Verify Download file Response","duration":102,"startTime":1514872752294,"result":"SUCCESS"}]}]},{"number":37,"description":"[1] {report\u003dTC05, logindomain\u003d/MerchantApiWeb/authenticateUser, domainurl\u003d/MerchantApiWeb/rest/secure/user/financial/preauth/list/export/, status\u003derror, Message\u003dInvalid Date format, ErrorCode\u003dMPVE00051, userName\u003dTestAutomation22, password\u003dPassword@1, allianceCode\u003dEMS, AuthErrMessage\u003d, Authaccessdenied\u003d, AuthErrCause\u003d, currency\u003dEUR, userType\u003d, pageNumber\u003d, accountStatus\u003d, profile\u003d, firstName\u003d, lastName\u003d, fromDate\u003d2016-11-02, toDate\u003d20171102, fromAmount\u003d, toAmount\u003d, fileType\u003dtxt, delimiter\u003d,}","duration":2227,"startTime":1514872756200,"result":"SUCCESS","children":[{"number":38,"description":"Given load request for exportPreauth \"/MerchantApiWeb/authenticateUser\" and \"/MerchantApiWeb/rest/secure/user/financial/preauth/list/export/\" and \"TC05\" and \"TestAutomation22\" and \"Password@1\" and \"EMS\"","duration":1129,"startTime":1514872756212,"result":"SUCCESS","children":[{"number":39,"description":"Loadgetrequestdata: https://uat1.merchantportal.firstdata.eu/MerchantApiWeb/authenticateUser","duration":0,"startTime":1514872756277,"result":"SUCCESS"},{"number":40,"description":"Postrequest authenticate user: https://uat1.merchantportal.firstdata.eu/MerchantApiWeb/authenticateUser, TestAutomation22, Password@1, EMS","duration":1023,"startTime":1514872756280,"result":"SUCCESS"},{"number":41,"description":"Loadgetrequestdata export download: https://uat1.merchantportal.firstdata.eu/MerchantApiWeb/rest/secure/user/financial/preauth/list/export/","duration":1,"startTime":1514872757319,"result":"SUCCESS"}]},{"number":42,"description":"When post get request for exportPreauth \"2016-11-02\" and \"20171102\" and \"\" and \"\" and \"txt\" and \",\"","duration":894,"startTime":1514872757341,"result":"SUCCESS","children":[{"number":43,"description":"Post GET request export preauth: https://uat1.merchantportal.firstdata.eu/MerchantApiWeb/rest/secure/user/financial/preauth/list/export/, 2016-11-02, 20171102, , , txt, ,","duration":836,"startTime":1514872757354,"result":"SUCCESS"}]},{"number":44,"description":"Then verify exportPreauth response status \"error\" and \"MPVE00051\" and \"Invalid Date format\" and \"\" and \"\" and \"\"","duration":192,"startTime":1514872758235,"result":"SUCCESS","children":[{"number":45,"description":"Verify Download file Response","duration":48,"startTime":1514872758248,"result":"SUCCESS"}]}]},{"number":46,"description":"[1] {report\u003dTC08, logindomain\u003d/MerchantApiWeb/authenticateUser, domainurl\u003d/MerchantApiWeb/rest/secure/user/financial/preauth/list/export/, status\u003derror, Message\u003dfromAmount is greater than toAmount, ErrorCode\u003dMPVE00054, userName\u003dTestAutomation22, password\u003dPassword@1, allianceCode\u003dEMS, AuthErrMessage\u003d, Authaccessdenied\u003d, AuthErrCause\u003d, currency\u003dEUR, userType\u003d, pageNumber\u003d, accountStatus\u003d, profile\u003d, firstName\u003d, lastName\u003d, fromDate\u003d2016-11-02, toDate\u003d2017-11-02, fromAmount\u003d10, toAmount\u003d5, fileType\u003dtxt, delimiter\u003d,}","duration":2461,"startTime":1514872762019,"result":"SUCCESS","children":[{"number":47,"description":"Given load request for exportPreauth \"/MerchantApiWeb/authenticateUser\" and \"/MerchantApiWeb/rest/secure/user/financial/preauth/list/export/\" and \"TC08\" and \"TestAutomation22\" and \"Password@1\" and \"EMS\"","duration":1315,"startTime":1514872762030,"result":"SUCCESS","children":[{"number":48,"description":"Loadgetrequestdata: https://uat1.merchantportal.firstdata.eu/MerchantApiWeb/authenticateUser","duration":0,"startTime":1514872762101,"result":"SUCCESS"},{"number":49,"description":"Postrequest authenticate user: https://uat1.merchantportal.firstdata.eu/MerchantApiWeb/authenticateUser, TestAutomation22, Password@1, EMS","duration":1209,"startTime":1514872762102,"result":"SUCCESS"},{"number":50,"description":"Loadgetrequestdata export download: https://uat1.merchantportal.firstdata.eu/MerchantApiWeb/rest/secure/user/financial/preauth/list/export/","duration":0,"startTime":1514872763320,"result":"SUCCESS"}]},{"number":51,"description":"When post get request for exportPreauth \"2016-11-02\" and \"2017-11-02\" and \"10\" and \"5\" and \"txt\" and \",\"","duration":918,"startTime":1514872763345,"result":"SUCCESS","children":[{"number":52,"description":"Post GET request export preauth: https://uat1.merchantportal.firstdata.eu/MerchantApiWeb/rest/secure/user/financial/preauth/list/export/, 2016-11-02, 2017-11-02, 10, 5, txt, ,","duration":847,"startTime":1514872763357,"result":"SUCCESS"}]},{"number":53,"description":"Then verify exportPreauth response status \"error\" and \"MPVE00054\" and \"fromAmount is greater than toAmount\" and \"\" and \"\" and \"\"","duration":216,"startTime":1514872764264,"result":"SUCCESS","children":[{"number":54,"description":"Verify Download file Response","duration":50,"startTime":1514872764275,"result":"SUCCESS"}]}]},{"number":55,"description":"[1] {report\u003dTC09, logindomain\u003d/MerchantApiWeb/authenticateUser, domainurl\u003d/MerchantApiWeb/rest/secure/user/financial/preauth/list/export/, status\u003derror, Message\u003dtoDate is required, ErrorCode\u003dMPVE00061, userName\u003dTestAutomation22, password\u003dPassword@1, allianceCode\u003dEMS, AuthErrMessage\u003d, Authaccessdenied\u003d, AuthErrCause\u003d, currency\u003dEUR, userType\u003d, pageNumber\u003d, accountStatus\u003d, profile\u003d, firstName\u003d, lastName\u003d, fromDate\u003d2016-11-02, toDate\u003d, fromAmount\u003d, toAmount\u003d, fileType\u003dtxt, delimiter\u003d,}","duration":2274,"startTime":1514872770111,"result":"SUCCESS","children":[{"number":56,"description":"Given load request for exportPreauth \"/MerchantApiWeb/authenticateUser\" and \"/MerchantApiWeb/rest/secure/user/financial/preauth/list/export/\" and \"TC09\" and \"TestAutomation22\" and \"Password@1\" and \"EMS\"","duration":1169,"startTime":1514872770130,"result":"SUCCESS","children":[{"number":57,"description":"Loadgetrequestdata: https://uat1.merchantportal.firstdata.eu/MerchantApiWeb/authenticateUser","duration":1,"startTime":1514872770232,"result":"SUCCESS"},{"number":58,"description":"Postrequest authenticate user: https://uat1.merchantportal.firstdata.eu/MerchantApiWeb/authenticateUser, TestAutomation22, Password@1, EMS","duration":1037,"startTime":1514872770233,"result":"SUCCESS"},{"number":59,"description":"Loadgetrequestdata export download: https://uat1.merchantportal.firstdata.eu/MerchantApiWeb/rest/secure/user/financial/preauth/list/export/","duration":1,"startTime":1514872771277,"result":"SUCCESS"}]},{"number":60,"description":"When post get request for exportPreauth \"2016-11-02\" and \"\" and \"\" and \"\" and \"txt\" and \",\"","duration":893,"startTime":1514872771299,"result":"SUCCESS","children":[{"number":61,"description":"Post GET request export preauth: https://uat1.merchantportal.firstdata.eu/MerchantApiWeb/rest/secure/user/financial/preauth/list/export/, 2016-11-02, , , , txt, ,","duration":827,"startTime":1514872771313,"result":"SUCCESS"}]},{"number":62,"description":"Then verify exportPreauth response status \"error\" and \"MPVE00061\" and \"toDate is required\" and \"\" and \"\" and \"\"","duration":193,"startTime":1514872772192,"result":"SUCCESS","children":[{"number":63,"description":"Verify Download file Response","duration":45,"startTime":1514872772203,"result":"SUCCESS"}]}]},{"number":64,"description":"[1] {report\u003dTC11, logindomain\u003d/MerchantApiWeb/authenticateUser, domainurl\u003d/MerchantApiWeb/rest/secure/user/financial/preauth/list/export/, status\u003derror, Message\u003dfromDate is required, ErrorCode\u003dMPVE00063, userName\u003dTestAutomation22, password\u003dPassword@1, allianceCode\u003dEMS, AuthErrMessage\u003d, Authaccessdenied\u003d, AuthErrCause\u003d, currency\u003dEUR, userType\u003d, pageNumber\u003d, accountStatus\u003d, profile\u003d, firstName\u003d, lastName\u003d, fromDate\u003d, toDate\u003d2017-11-02, fromAmount\u003d, toAmount\u003d, fileType\u003dtxt, delimiter\u003d,}","duration":2468,"startTime":1514872776025,"result":"SUCCESS","children":[{"number":65,"description":"Given load request for exportPreauth \"/MerchantApiWeb/authenticateUser\" and \"/MerchantApiWeb/rest/secure/user/financial/preauth/list/export/\" and \"TC11\" and \"TestAutomation22\" and \"Password@1\" and \"EMS\"","duration":1332,"startTime":1514872776036,"result":"SUCCESS","children":[{"number":66,"description":"Loadgetrequestdata: https://uat1.merchantportal.firstdata.eu/MerchantApiWeb/authenticateUser","duration":0,"startTime":1514872776101,"result":"SUCCESS"},{"number":67,"description":"Postrequest authenticate user: https://uat1.merchantportal.firstdata.eu/MerchantApiWeb/authenticateUser, TestAutomation22, Password@1, EMS","duration":1232,"startTime":1514872776102,"result":"SUCCESS"},{"number":68,"description":"Loadgetrequestdata export download: https://uat1.merchantportal.firstdata.eu/MerchantApiWeb/rest/secure/user/financial/preauth/list/export/","duration":1,"startTime":1514872777342,"result":"SUCCESS"}]},{"number":69,"description":"When post get request for exportPreauth \"\" and \"2017-11-02\" and \"\" and \"\" and \"txt\" and \",\"","duration":925,"startTime":1514872777369,"result":"SUCCESS","children":[{"number":70,"description":"Post GET request export preauth: https://uat1.merchantportal.firstdata.eu/MerchantApiWeb/rest/secure/user/financial/preauth/list/export/, , 2017-11-02, , , txt, ,","duration":844,"startTime":1514872777381,"result":"SUCCESS"}]},{"number":71,"description":"Then verify exportPreauth response status \"error\" and \"MPVE00063\" and \"fromDate is required\" and \"\" and \"\" and \"\"","duration":197,"startTime":1514872778295,"result":"SUCCESS","children":[{"number":72,"description":"Verify Download file Response","duration":52,"startTime":1514872778307,"result":"SUCCESS"}]}]}],"userStory":{"id":"merchant-portal-application-api-validation","storyName":"Merchant Portal application API validation","path":"APIupdate.feature","type":"feature"},"featureTag":{"name":"Merchant Portal application API validation","type":"feature"},"title":"Verify the api retrieves the details of the Pre Authorisation in the specified file format","description":"","tags":[{"name":"exportPreauth","type":"tag"}],"startTime":1514872726305,"duration":52188,"dataTable":{"headers":["report","logindomain","domainurl","status","Message","ErrorCode","userName","password","allianceCode","AuthErrMessage","Authaccessdenied","AuthErrCause","currency","userType","pageNumber","accountStatus","profile","firstName","lastName","fromDate","toDate","fromAmount","toAmount","fileType","delimiter"],"rows":[{"values":["TC01","/MerchantApiWeb/authenticateUser","/MerchantApiWeb/rest/secure/user/financial/preauth/list/export/","success","","","TestAutomation22","Password@1","EMS","","","","EUR","","","","","","","2017-05-02","2017-11-02","","","CSV",","],"result":"SUCCESS"},{"values":["TC02","/MerchantApiWeb/authenticateUser","/MerchantApiWeb/rest/secure/user/financial/preauth/list/export/","success","","","TestAutomation22","Password@1","EMS","","","","EUR","","","","","","","2017-05-02","2017-11-02","","","XML",","],"result":"SUCCESS"},{"values":["TC03","/MerchantApiWeb/authenticateUser","/MerchantApiWeb/rest/secure/user/financial/preauth/list/export/","success","","","TestAutomation22","Password@1","EMS","","","","EUR","","","","","","","2017-05-02","2017-11-02","","","XLS",","],"result":"SUCCESS"},{"values":["TC04","/MerchantApiWeb/authenticateUser","/MerchantApiWeb/rest/secure/user/financial/preauth/list/export/","error","Invalid Date format","MPVE00051","TestAutomation22","Password@1","EMS","","","","EUR","","","","","","","20161102","2017-11-02","","","txt",","],"result":"SUCCESS"},{"values":["TC05","/MerchantApiWeb/authenticateUser","/MerchantApiWeb/rest/secure/user/financial/preauth/list/export/","error","Invalid Date format","MPVE00051","TestAutomation22","Password@1","EMS","","","","EUR","","","","","","","2016-11-02","20171102","","","txt",","],"result":"SUCCESS"},{"values":["TC08","/MerchantApiWeb/authenticateUser","/MerchantApiWeb/rest/secure/user/financial/preauth/list/export/","error","fromAmount is greater than toAmount","MPVE00054","TestAutomation22","Password@1","EMS","","","","EUR","","","","","","","2016-11-02","2017-11-02","10","5","txt",","],"result":"SUCCESS"},{"values":["TC09","/MerchantApiWeb/authenticateUser","/MerchantApiWeb/rest/secure/user/financial/preauth/list/export/","error","toDate is required","MPVE00061","TestAutomation22","Password@1","EMS","","","","EUR","","","","","","","2016-11-02","","","","txt",","],"result":"SUCCESS"},{"values":["TC11","/MerchantApiWeb/authenticateUser","/MerchantApiWeb/rest/secure/user/financial/preauth/list/export/","error","fromDate is required","MPVE00063","TestAutomation22","Password@1","EMS","","","","EUR","","","","","","","","2017-11-02","","","txt",","],"result":"SUCCESS"}],"predefinedRows":true,"dataSetDescriptors":[{"startRow":0,"rowCount":0,"name":"","description":""}]},"manual":false,"testSource":"Cucumber","result":"SUCCESS"}