{"name":"Verify the api exports the conciliation report of funding for the user","testSteps":[{"number":1,"description":"[1] {report\u003dTC01, logindomain\u003d/MerchantApiWeb/authenticateUser, domainurl\u003d/MerchantApiWeb/rest/secure/user/financialData/report/conciliation/export, status\u003dsuccess, Message\u003d, ErrorCode\u003d, userName\u003dadamwarka69, password\u003dPassword@1, allianceCode\u003dFDP, AuthErrMessage\u003d, Authaccessdenied\u003d, AuthErrCause\u003d, fromDate\u003d2016-11-01, toDate\u003d2017-11-01, fileType\u003dCSV, delimiter\u003d,, currency\u003dCOP}","duration":6576,"startTime":1514872669734,"result":"SUCCESS","children":[{"number":2,"description":"Given load request for exportreportconciliation \"/MerchantApiWeb/authenticateUser\" and \"/MerchantApiWeb/rest/secure/user/financialData/report/conciliation/export\" and \"TC01\" and \"adamwarka69\" and \"Password@1\" and \"FDP\"","duration":2779,"startTime":1514872669750,"result":"SUCCESS","children":[{"number":3,"description":"Loadgetrequestdata: https://uat1.merchantportal.firstdata.eu/MerchantApiWeb/authenticateUser","duration":1,"startTime":1514872669823,"result":"SUCCESS"},{"number":4,"description":"Postrequest authenticate user: https://uat1.merchantportal.firstdata.eu/MerchantApiWeb/authenticateUser, adamwarka69, Password@1, FDP","duration":2674,"startTime":1514872669825,"result":"SUCCESS"},{"number":5,"description":"Loadgetrequestdata export download: https://uat1.merchantportal.firstdata.eu/MerchantApiWeb/rest/secure/user/financialData/report/conciliation/export","duration":1,"startTime":1514872672506,"result":"SUCCESS"}]},{"number":6,"description":"When post get request for exportreportconciliation \"2016-11-01\" and \"2017-11-01\" and \"CSV\" and \",\" and \"COP\"","duration":3607,"startTime":1514872672529,"result":"SUCCESS","children":[{"number":7,"description":"Post GET request exportreportconciliation: https://uat1.merchantportal.firstdata.eu/MerchantApiWeb/rest/secure/user/financialData/report/conciliation/export, 2016-11-01, 2017-11-01, CSV, ,, COP","duration":3551,"startTime":1514872672540,"result":"SUCCESS"}]},{"number":8,"description":"Then verify exportreportconciliation response status \"success\" and \"\" and \"\" and \"\" and \"\" and \"\"","duration":172,"startTime":1514872676137,"result":"SUCCESS","children":[{"number":9,"description":"Verify Download file Response","duration":127,"startTime":1514872676147,"result":"SUCCESS"}]}]},{"number":10,"description":"[1] {report\u003dTC02, logindomain\u003d/MerchantApiWeb/authenticateUser, domainurl\u003d/MerchantApiWeb/rest/secure/user/financialData/report/conciliation/export, status\u003dsuccess, Message\u003d, ErrorCode\u003d, userName\u003dadamwarka69, password\u003dPassword@1, allianceCode\u003dFDP, AuthErrMessage\u003d, Authaccessdenied\u003d, AuthErrCause\u003d, fromDate\u003d2016-11-01, toDate\u003d2017-11-01, fileType\u003dXML, delimiter\u003d,, currency\u003dCOP}","duration":3010,"startTime":1514872679949,"result":"SUCCESS","children":[{"number":11,"description":"Given load request for exportreportconciliation \"/MerchantApiWeb/authenticateUser\" and \"/MerchantApiWeb/rest/secure/user/financialData/report/conciliation/export\" and \"TC02\" and \"adamwarka69\" and \"Password@1\" and \"FDP\"","duration":1208,"startTime":1514872679961,"result":"SUCCESS","children":[{"number":12,"description":"Loadgetrequestdata: https://uat1.merchantportal.firstdata.eu/MerchantApiWeb/authenticateUser","duration":1,"startTime":1514872680036,"result":"SUCCESS"},{"number":13,"description":"Postrequest authenticate user: https://uat1.merchantportal.firstdata.eu/MerchantApiWeb/authenticateUser, adamwarka69, Password@1, FDP","duration":1101,"startTime":1514872680038,"result":"SUCCESS"},{"number":14,"description":"Loadgetrequestdata export download: https://uat1.merchantportal.firstdata.eu/MerchantApiWeb/rest/secure/user/financialData/report/conciliation/export","duration":0,"startTime":1514872681146,"result":"SUCCESS"}]},{"number":15,"description":"When post get request for exportreportconciliation \"2016-11-01\" and \"2017-11-01\" and \"XML\" and \",\" and \"COP\"","duration":1670,"startTime":1514872681170,"result":"SUCCESS","children":[{"number":16,"description":"Post GET request exportreportconciliation: https://uat1.merchantportal.firstdata.eu/MerchantApiWeb/rest/secure/user/financialData/report/conciliation/export, 2016-11-01, 2017-11-01, XML, ,, COP","duration":1604,"startTime":1514872681182,"result":"SUCCESS"}]},{"number":17,"description":"Then verify exportreportconciliation response status \"success\" and \"\" and \"\" and \"\" and \"\" and \"\"","duration":119,"startTime":1514872682840,"result":"SUCCESS","children":[{"number":18,"description":"Verify Download file Response","duration":68,"startTime":1514872682855,"result":"SUCCESS"}]}]},{"number":19,"description":"[1] {report\u003dTC03, logindomain\u003d/MerchantApiWeb/authenticateUser, domainurl\u003d/MerchantApiWeb/rest/secure/user/financialData/report/conciliation/export, status\u003dsuccess, Message\u003d, ErrorCode\u003d, userName\u003dadamwarka69, password\u003dPassword@1, allianceCode\u003dFDP, AuthErrMessage\u003d, Authaccessdenied\u003d, AuthErrCause\u003d, fromDate\u003d2016-11-01, toDate\u003d2017-11-01, fileType\u003dXLS, delimiter\u003d,, currency\u003dCOP}","duration":2409,"startTime":1514872686883,"result":"SUCCESS","children":[{"number":20,"description":"Given load request for exportreportconciliation \"/MerchantApiWeb/authenticateUser\" and \"/MerchantApiWeb/rest/secure/user/financialData/report/conciliation/export\" and \"TC03\" and \"adamwarka69\" and \"Password@1\" and \"FDP\"","duration":1144,"startTime":1514872686924,"result":"SUCCESS","children":[{"number":21,"description":"Loadgetrequestdata: https://uat1.merchantportal.firstdata.eu/MerchantApiWeb/authenticateUser","duration":0,"startTime":1514872686991,"result":"SUCCESS"},{"number":22,"description":"Postrequest authenticate user: https://uat1.merchantportal.firstdata.eu/MerchantApiWeb/authenticateUser, adamwarka69, Password@1, FDP","duration":1044,"startTime":1514872686992,"result":"SUCCESS"},{"number":23,"description":"Loadgetrequestdata export download: https://uat1.merchantportal.firstdata.eu/MerchantApiWeb/rest/secure/user/financialData/report/conciliation/export","duration":1,"startTime":1514872688045,"result":"SUCCESS"}]},{"number":24,"description":"When post get request for exportreportconciliation \"2016-11-01\" and \"2017-11-01\" and \"XLS\" and \",\" and \"COP\"","duration":1101,"startTime":1514872688069,"result":"SUCCESS","children":[{"number":25,"description":"Post GET request exportreportconciliation: https://uat1.merchantportal.firstdata.eu/MerchantApiWeb/rest/secure/user/financialData/report/conciliation/export, 2016-11-01, 2017-11-01, XLS, ,, COP","duration":1034,"startTime":1514872688084,"result":"SUCCESS"}]},{"number":26,"description":"Then verify exportreportconciliation response status \"success\" and \"\" and \"\" and \"\" and \"\" and \"\"","duration":122,"startTime":1514872689170,"result":"SUCCESS","children":[{"number":27,"description":"Verify Download file Response","duration":73,"startTime":1514872689184,"result":"SUCCESS"}]}]},{"number":28,"description":"[1] {report\u003dTC04, logindomain\u003d/MerchantApiWeb/authenticateUser, domainurl\u003d/MerchantApiWeb/rest/secure/user/financialData/report/conciliation/export, status\u003derror, Message\u003dInvalid Date format, ErrorCode\u003dMPVE00051, userName\u003dadamwarka69, password\u003dPassword@1, allianceCode\u003dFDP, AuthErrMessage\u003d, Authaccessdenied\u003d, AuthErrCause\u003d, fromDate\u003d20161101, toDate\u003d2017-11-01, fileType\u003dtxt, delimiter\u003d,, currency\u003dCOP}","duration":2466,"startTime":1514872693016,"result":"SUCCESS","children":[{"number":29,"description":"Given load request for exportreportconciliation \"/MerchantApiWeb/authenticateUser\" and \"/MerchantApiWeb/rest/secure/user/financialData/report/conciliation/export\" and \"TC04\" and \"adamwarka69\" and \"Password@1\" and \"FDP\"","duration":1289,"startTime":1514872693030,"result":"SUCCESS","children":[{"number":30,"description":"Loadgetrequestdata: https://uat1.merchantportal.firstdata.eu/MerchantApiWeb/authenticateUser","duration":0,"startTime":1514872693117,"result":"SUCCESS"},{"number":31,"description":"Postrequest authenticate user: https://uat1.merchantportal.firstdata.eu/MerchantApiWeb/authenticateUser, adamwarka69, Password@1, FDP","duration":1168,"startTime":1514872693118,"result":"SUCCESS"},{"number":32,"description":"Loadgetrequestdata export download: https://uat1.merchantportal.firstdata.eu/MerchantApiWeb/rest/secure/user/financialData/report/conciliation/export","duration":1,"startTime":1514872694295,"result":"SUCCESS"}]},{"number":33,"description":"When post get request for exportreportconciliation \"20161101\" and \"2017-11-01\" and \"txt\" and \",\" and \"COP\"","duration":886,"startTime":1514872694320,"result":"SUCCESS","children":[{"number":34,"description":"Post GET request exportreportconciliation: https://uat1.merchantportal.firstdata.eu/MerchantApiWeb/rest/secure/user/financialData/report/conciliation/export, 20161101, 2017-11-01, txt, ,, COP","duration":807,"startTime":1514872694333,"result":"SUCCESS"}]},{"number":35,"description":"Then verify exportreportconciliation response status \"error\" and \"MPVE00051\" and \"Invalid Date format\" and \"\" and \"\" and \"\"","duration":275,"startTime":1514872695207,"result":"SUCCESS","children":[{"number":36,"description":"Verify Download file Response","duration":108,"startTime":1514872695220,"result":"SUCCESS"}]}]},{"number":37,"description":"[1] {report\u003dTC05, logindomain\u003d/MerchantApiWeb/authenticateUser, domainurl\u003d/MerchantApiWeb/rest/secure/user/financialData/report/conciliation/export, status\u003derror, Message\u003dInvalid Date format, ErrorCode\u003dMPVE00051, userName\u003dadamwarka69, password\u003dPassword@1, allianceCode\u003dFDP, AuthErrMessage\u003d, Authaccessdenied\u003d, AuthErrCause\u003d, fromDate\u003d2016-11-01, toDate\u003d20171101, fileType\u003dtxt, delimiter\u003d,, currency\u003dCOP}","duration":2284,"startTime":1514872699373,"result":"SUCCESS","children":[{"number":38,"description":"Given load request for exportreportconciliation \"/MerchantApiWeb/authenticateUser\" and \"/MerchantApiWeb/rest/secure/user/financialData/report/conciliation/export\" and \"TC05\" and \"adamwarka69\" and \"Password@1\" and \"FDP\"","duration":1168,"startTime":1514872699387,"result":"SUCCESS","children":[{"number":39,"description":"Loadgetrequestdata: https://uat1.merchantportal.firstdata.eu/MerchantApiWeb/authenticateUser","duration":1,"startTime":1514872699464,"result":"SUCCESS"},{"number":40,"description":"Postrequest authenticate user: https://uat1.merchantportal.firstdata.eu/MerchantApiWeb/authenticateUser, adamwarka69, Password@1, FDP","duration":1051,"startTime":1514872699466,"result":"SUCCESS"},{"number":41,"description":"Loadgetrequestdata export download: https://uat1.merchantportal.firstdata.eu/MerchantApiWeb/rest/secure/user/financialData/report/conciliation/export","duration":0,"startTime":1514872700528,"result":"SUCCESS"}]},{"number":42,"description":"When post get request for exportreportconciliation \"2016-11-01\" and \"20171101\" and \"txt\" and \",\" and \"COP\"","duration":893,"startTime":1514872700556,"result":"SUCCESS","children":[{"number":43,"description":"Post GET request exportreportconciliation: https://uat1.merchantportal.firstdata.eu/MerchantApiWeb/rest/secure/user/financialData/report/conciliation/export, 2016-11-01, 20171101, txt, ,, COP","duration":830,"startTime":1514872700568,"result":"SUCCESS"}]},{"number":44,"description":"Then verify exportreportconciliation response status \"error\" and \"MPVE00051\" and \"Invalid Date format\" and \"\" and \"\" and \"\"","duration":208,"startTime":1514872701449,"result":"SUCCESS","children":[{"number":45,"description":"Verify Download file Response","duration":53,"startTime":1514872701461,"result":"SUCCESS"}]}]},{"number":46,"description":"[1] {report\u003dTC06, logindomain\u003d/MerchantApiWeb/authenticateUser, domainurl\u003d/MerchantApiWeb/rest/secure/user/financialData/report/conciliation/export, status\u003derror, Message\u003dInvalid Date format, ErrorCode\u003dMPVE00051, userName\u003dadamwarka69, password\u003dPassword@1, allianceCode\u003dFDP, AuthErrMessage\u003d, Authaccessdenied\u003d, AuthErrCause\u003d, fromDate\u003d20161101, toDate\u003d20171101, fileType\u003dtxt, delimiter\u003d,, currency\u003dCOP}","duration":2181,"startTime":1514872705486,"result":"SUCCESS","children":[{"number":47,"description":"Given load request for exportreportconciliation \"/MerchantApiWeb/authenticateUser\" and \"/MerchantApiWeb/rest/secure/user/financialData/report/conciliation/export\" and \"TC06\" and \"adamwarka69\" and \"Password@1\" and \"FDP\"","duration":1112,"startTime":1514872705499,"result":"SUCCESS","children":[{"number":48,"description":"Loadgetrequestdata: https://uat1.merchantportal.firstdata.eu/MerchantApiWeb/authenticateUser","duration":0,"startTime":1514872705570,"result":"SUCCESS"},{"number":49,"description":"Postrequest authenticate user: https://uat1.merchantportal.firstdata.eu/MerchantApiWeb/authenticateUser, adamwarka69, Password@1, FDP","duration":1007,"startTime":1514872705571,"result":"SUCCESS"},{"number":50,"description":"Loadgetrequestdata export download: https://uat1.merchantportal.firstdata.eu/MerchantApiWeb/rest/secure/user/financialData/report/conciliation/export","duration":1,"startTime":1514872706586,"result":"SUCCESS"}]},{"number":51,"description":"When post get request for exportreportconciliation \"20161101\" and \"20171101\" and \"txt\" and \",\" and \"COP\"","duration":856,"startTime":1514872706611,"result":"SUCCESS","children":[{"number":52,"description":"Post GET request exportreportconciliation: https://uat1.merchantportal.firstdata.eu/MerchantApiWeb/rest/secure/user/financialData/report/conciliation/export, 20161101, 20171101, txt, ,, COP","duration":796,"startTime":1514872706624,"result":"SUCCESS"}]},{"number":53,"description":"Then verify exportreportconciliation response status \"error\" and \"MPVE00051\" and \"Invalid Date format\" and \"\" and \"\" and \"\"","duration":200,"startTime":1514872707467,"result":"SUCCESS","children":[{"number":54,"description":"Verify Download file Response","duration":51,"startTime":1514872707480,"result":"SUCCESS"}]}]},{"number":55,"description":"[1] {report\u003dTC08, logindomain\u003d/MerchantApiWeb/authenticateUser, domainurl\u003d/MerchantApiWeb/rest/secure/user/financialData/report/conciliation/export, status\u003derror, Message\u003dtoDate is required, ErrorCode\u003dMPVE00061, userName\u003dadamwarka69, password\u003dPassword@1, allianceCode\u003dFDP, AuthErrMessage\u003d, Authaccessdenied\u003d, AuthErrCause\u003d, fromDate\u003d2016-11-01, toDate\u003d, fileType\u003dtxt, delimiter\u003d,, currency\u003dCOP}","duration":2456,"startTime":1514872711611,"result":"SUCCESS","children":[{"number":56,"description":"Given load request for exportreportconciliation \"/MerchantApiWeb/authenticateUser\" and \"/MerchantApiWeb/rest/secure/user/financialData/report/conciliation/export\" and \"TC08\" and \"adamwarka69\" and \"Password@1\" and \"FDP\"","duration":1303,"startTime":1514872711623,"result":"SUCCESS","children":[{"number":57,"description":"Loadgetrequestdata: https://uat1.merchantportal.firstdata.eu/MerchantApiWeb/authenticateUser","duration":1,"startTime":1514872711698,"result":"SUCCESS"},{"number":58,"description":"Postrequest authenticate user: https://uat1.merchantportal.firstdata.eu/MerchantApiWeb/authenticateUser, adamwarka69, Password@1, FDP","duration":1192,"startTime":1514872711699,"result":"SUCCESS"},{"number":59,"description":"Loadgetrequestdata export download: https://uat1.merchantportal.firstdata.eu/MerchantApiWeb/rest/secure/user/financialData/report/conciliation/export","duration":1,"startTime":1514872712899,"result":"SUCCESS"}]},{"number":60,"description":"When post get request for exportreportconciliation \"2016-11-01\" and \"\" and \"txt\" and \",\" and \"COP\"","duration":941,"startTime":1514872712926,"result":"SUCCESS","children":[{"number":61,"description":"Post GET request exportreportconciliation: https://uat1.merchantportal.firstdata.eu/MerchantApiWeb/rest/secure/user/financialData/report/conciliation/export, 2016-11-01, , txt, ,, COP","duration":877,"startTime":1514872712940,"result":"SUCCESS"}]},{"number":62,"description":"Then verify exportreportconciliation response status \"error\" and \"MPVE00061\" and \"toDate is required\" and \"\" and \"\" and \"\"","duration":199,"startTime":1514872713868,"result":"SUCCESS","children":[{"number":63,"description":"Verify Download file Response","duration":49,"startTime":1514872713881,"result":"SUCCESS"}]}]},{"number":64,"description":"[1] {report\u003dTC09, logindomain\u003d/MerchantApiWeb/authenticateUser, domainurl\u003d/MerchantApiWeb/rest/secure/user/financialData/report/conciliation/export, status\u003derror, Message\u003dfromDate is required, ErrorCode\u003dMPVE00063, userName\u003dadamwarka69, password\u003dPassword@1, allianceCode\u003dFDP, AuthErrMessage\u003d, Authaccessdenied\u003d, AuthErrCause\u003d, fromDate\u003d, toDate\u003d2017-11-01, fileType\u003dtxt, delimiter\u003d,, currency\u003dCOP}","duration":2335,"startTime":1514872717714,"result":"SUCCESS","children":[{"number":65,"description":"Given load request for exportreportconciliation \"/MerchantApiWeb/authenticateUser\" and \"/MerchantApiWeb/rest/secure/user/financialData/report/conciliation/export\" and \"TC09\" and \"adamwarka69\" and \"Password@1\" and \"FDP\"","duration":1201,"startTime":1514872717750,"result":"SUCCESS","children":[{"number":66,"description":"Loadgetrequestdata: https://uat1.merchantportal.firstdata.eu/MerchantApiWeb/authenticateUser","duration":1,"startTime":1514872717820,"result":"SUCCESS"},{"number":67,"description":"Postrequest authenticate user: https://uat1.merchantportal.firstdata.eu/MerchantApiWeb/authenticateUser, adamwarka69, Password@1, FDP","duration":1093,"startTime":1514872717822,"result":"SUCCESS"},{"number":68,"description":"Loadgetrequestdata export download: https://uat1.merchantportal.firstdata.eu/MerchantApiWeb/rest/secure/user/financialData/report/conciliation/export","duration":0,"startTime":1514872718925,"result":"SUCCESS"}]},{"number":69,"description":"When post get request for exportreportconciliation \"\" and \"2017-11-01\" and \"txt\" and \",\" and \"COP\"","duration":883,"startTime":1514872718951,"result":"SUCCESS","children":[{"number":70,"description":"Post GET request exportreportconciliation: https://uat1.merchantportal.firstdata.eu/MerchantApiWeb/rest/secure/user/financialData/report/conciliation/export, , 2017-11-01, txt, ,, COP","duration":823,"startTime":1514872718964,"result":"SUCCESS"}]},{"number":71,"description":"Then verify exportreportconciliation response status \"error\" and \"MPVE00063\" and \"fromDate is required\" and \"\" and \"\" and \"\"","duration":214,"startTime":1514872719835,"result":"SUCCESS","children":[{"number":72,"description":"Verify Download file Response","duration":55,"startTime":1514872719850,"result":"SUCCESS"}]}]}],"userStory":{"id":"merchant-portal-application-api-validation","storyName":"Merchant Portal application API validation","path":"APIupdate.feature","type":"feature"},"featureTag":{"name":"Merchant Portal application API validation","type":"feature"},"title":"Verify the api exports the conciliation report of funding for the user","description":"","tags":[{"name":"exportreportconciliation","type":"tag"}],"startTime":1514872669734,"duration":50315,"dataTable":{"headers":["report","logindomain","domainurl","status","Message","ErrorCode","userName","password","allianceCode","AuthErrMessage","Authaccessdenied","AuthErrCause","fromDate","toDate","fileType","delimiter","currency"],"rows":[{"values":["TC01","/MerchantApiWeb/authenticateUser","/MerchantApiWeb/rest/secure/user/financialData/report/conciliation/export","success","","","adamwarka69","Password@1","FDP","","","","2016-11-01","2017-11-01","CSV",",","COP"],"result":"SUCCESS"},{"values":["TC02","/MerchantApiWeb/authenticateUser","/MerchantApiWeb/rest/secure/user/financialData/report/conciliation/export","success","","","adamwarka69","Password@1","FDP","","","","2016-11-01","2017-11-01","XML",",","COP"],"result":"SUCCESS"},{"values":["TC03","/MerchantApiWeb/authenticateUser","/MerchantApiWeb/rest/secure/user/financialData/report/conciliation/export","success","","","adamwarka69","Password@1","FDP","","","","2016-11-01","2017-11-01","XLS",",","COP"],"result":"SUCCESS"},{"values":["TC04","/MerchantApiWeb/authenticateUser","/MerchantApiWeb/rest/secure/user/financialData/report/conciliation/export","error","Invalid Date format","MPVE00051","adamwarka69","Password@1","FDP","","","","20161101","2017-11-01","txt",",","COP"],"result":"SUCCESS"},{"values":["TC05","/MerchantApiWeb/authenticateUser","/MerchantApiWeb/rest/secure/user/financialData/report/conciliation/export","error","Invalid Date format","MPVE00051","adamwarka69","Password@1","FDP","","","","2016-11-01","20171101","txt",",","COP"],"result":"SUCCESS"},{"values":["TC06","/MerchantApiWeb/authenticateUser","/MerchantApiWeb/rest/secure/user/financialData/report/conciliation/export","error","Invalid Date format","MPVE00051","adamwarka69","Password@1","FDP","","","","20161101","20171101","txt",",","COP"],"result":"SUCCESS"},{"values":["TC08","/MerchantApiWeb/authenticateUser","/MerchantApiWeb/rest/secure/user/financialData/report/conciliation/export","error","toDate is required","MPVE00061","adamwarka69","Password@1","FDP","","","","2016-11-01","","txt",",","COP"],"result":"SUCCESS"},{"values":["TC09","/MerchantApiWeb/authenticateUser","/MerchantApiWeb/rest/secure/user/financialData/report/conciliation/export","error","fromDate is required","MPVE00063","adamwarka69","Password@1","FDP","","","","","2017-11-01","txt",",","COP"],"result":"SUCCESS"}],"predefinedRows":true,"dataSetDescriptors":[{"startRow":0,"rowCount":0,"name":"","description":""}]},"manual":false,"testSource":"Cucumber","result":"SUCCESS"}