{"name":"Verify the api retrieves the list of the transaction for the impersonated user","testSteps":[{"number":1,"description":"[1] {report\u003dTC01, logindomain\u003d/MerchantApiWeb/authenticateUser, domainurl\u003d/MerchantApiWeb/rest/secure/impersonation/user/financialData/transaction/getTransactionList, status\u003dsuccess, Message\u003d, ErrorCode\u003d, userName\u003dTestAutomation18, password\u003dPassword@1, allianceCode\u003dEMS, AuthErrMessage\u003d, Authaccessdenied\u003d, AuthErrCause\u003d, currency\u003d, userType\u003d, pageNumber\u003d1, accountStatus\u003d, profile\u003d, firstName\u003d, lastName\u003d, period\u003d, fromDate\u003d2017-05-02, toDate\u003d2017-11-02, invoiceId\u003d, gsmTopUpFromDate\u003d, gsmTopUpToDate\u003d, invoiceLineItemId\u003d, fundId\u003d, merchId\u003d, fromAmount\u003d, toAmount\u003d, source\u003d, pseudoUserName\u003dTestAutomation22}","duration":8487,"startTime":1514871876628,"result":"SUCCESS","children":[{"number":2,"description":"Given load request for getTransactionListImpersonation \"/MerchantApiWeb/authenticateUser\" and \"/MerchantApiWeb/rest/secure/impersonation/user/financialData/transaction/getTransactionList\" and \"TC01\" and \"TestAutomation18\" and \"Password@1\" and \"EMS\"","duration":3058,"startTime":1514871876641,"result":"SUCCESS","children":[{"number":3,"description":"Loadgetrequestdata: https://uat1.merchantportal.firstdata.eu/MerchantApiWeb/authenticateUser","duration":0,"startTime":1514871876826,"result":"SUCCESS"},{"number":4,"description":"Postrequest authenticate user: https://uat1.merchantportal.firstdata.eu/MerchantApiWeb/authenticateUser, TestAutomation18, Password@1, EMS","duration":2841,"startTime":1514871876827,"result":"SUCCESS"},{"number":5,"description":"Loadgetrequestdata uniqueauthentication: https://uat1.merchantportal.firstdata.eu/MerchantApiWeb/rest/secure/impersonation/user/financialData/transaction/getTransactionList","duration":0,"startTime":1514871879676,"result":"SUCCESS"}]},{"number":6,"description":"When post get request for getTransactionListImpersonation \"1\" and \"2017-05-02\" and \"2017-11-02\" and \"\" and \"\" and \"\" and \"\" and \"TestAutomation22\"","duration":5226,"startTime":1514871879700,"result":"SUCCESS","children":[{"number":7,"description":"Post GET request get transaction list impersonation: https://uat1.merchantportal.firstdata.eu/MerchantApiWeb/rest/secure/impersonation/user/financialData/transaction/getTransactionList, 1, 2017-05-02, 2017-11-02, , , , , TestAutomation22","duration":5155,"startTime":1514871879712,"result":"SUCCESS"}]},{"number":8,"description":"Then verify getTransactionListImpersonation response status \"success\" and \"\" and \"\" and \"\" and \"\" and \"\"","duration":188,"startTime":1514871884927,"result":"SUCCESS","children":[{"number":9,"description":"Verify Response","duration":127,"startTime":1514871884939,"result":"SUCCESS"}]}]},{"number":10,"description":"[1] {report\u003dTC02, logindomain\u003d/MerchantApiWeb/authenticateUser, domainurl\u003d/MerchantApiWeb/rest/secure/impersonation/user/financialData/transaction/getTransactionList, status\u003derror, Message\u003dInvalid Date format, ErrorCode\u003dMPVE00051, userName\u003dTestAutomation18, password\u003dPassword@1, allianceCode\u003dEMS, AuthErrMessage\u003d, Authaccessdenied\u003d, AuthErrCause\u003d, currency\u003dEUR, userType\u003d, pageNumber\u003d1, accountStatus\u003d, profile\u003d, firstName\u003d, lastName\u003d, period\u003d, fromDate\u003d20161102, toDate\u003d2017-11-02, invoiceId\u003d, gsmTopUpFromDate\u003d, gsmTopUpToDate\u003d, invoiceLineItemId\u003d, fundId\u003d, merchId\u003d65902182, fromAmount\u003d, toAmount\u003d, source\u003d, pseudoUserName\u003dDemoAccount1}","duration":2322,"startTime":1514871889103,"result":"SUCCESS","children":[{"number":11,"description":"Given load request for getTransactionListImpersonation \"/MerchantApiWeb/authenticateUser\" and \"/MerchantApiWeb/rest/secure/impersonation/user/financialData/transaction/getTransactionList\" and \"TC02\" and \"TestAutomation18\" and \"Password@1\" and \"EMS\"","duration":1211,"startTime":1514871889164,"result":"SUCCESS","children":[{"number":12,"description":"Loadgetrequestdata: https://uat1.merchantportal.firstdata.eu/MerchantApiWeb/authenticateUser","duration":0,"startTime":1514871889238,"result":"SUCCESS"},{"number":13,"description":"Postrequest authenticate user: https://uat1.merchantportal.firstdata.eu/MerchantApiWeb/authenticateUser, TestAutomation18, Password@1, EMS","duration":1100,"startTime":1514871889239,"result":"SUCCESS"},{"number":14,"description":"Loadgetrequestdata uniqueauthentication: https://uat1.merchantportal.firstdata.eu/MerchantApiWeb/rest/secure/impersonation/user/financialData/transaction/getTransactionList","duration":1,"startTime":1514871890345,"result":"SUCCESS"}]},{"number":15,"description":"When post get request for getTransactionListImpersonation \"1\" and \"20161102\" and \"2017-11-02\" and \"\" and \"\" and \"\" and \"\" and \"DemoAccount1\"","duration":860,"startTime":1514871890375,"result":"SUCCESS","children":[{"number":16,"description":"Post GET request get transaction list impersonation: https://uat1.merchantportal.firstdata.eu/MerchantApiWeb/rest/secure/impersonation/user/financialData/transaction/getTransactionList, 1, 20161102, 2017-11-02, , , , , DemoAccount1","duration":793,"startTime":1514871890389,"result":"SUCCESS"}]},{"number":17,"description":"Then verify getTransactionListImpersonation response status \"error\" and \"MPVE00051\" and \"Invalid Date format\" and \"\" and \"\" and \"\"","duration":189,"startTime":1514871891236,"result":"SUCCESS","children":[{"number":18,"description":"Verify Response","duration":48,"startTime":1514871891259,"result":"SUCCESS"}]}]},{"number":19,"description":"[1] {report\u003dTC03, logindomain\u003d/MerchantApiWeb/authenticateUser, domainurl\u003d/MerchantApiWeb/rest/secure/impersonation/user/financialData/transaction/getTransactionList, status\u003derror, Message\u003dInvalid Date format, ErrorCode\u003dMPVE00051, userName\u003dTestAutomation18, password\u003dPassword@1, allianceCode\u003dEMS, AuthErrMessage\u003d, Authaccessdenied\u003d, AuthErrCause\u003d, currency\u003dEUR, userType\u003d, pageNumber\u003d1, accountStatus\u003d, profile\u003d, firstName\u003d, lastName\u003d, period\u003d, fromDate\u003d2016-11-02, toDate\u003d20171102, invoiceId\u003d, gsmTopUpFromDate\u003d, gsmTopUpToDate\u003d, invoiceLineItemId\u003d, fundId\u003d, merchId\u003d65902182, fromAmount\u003d, toAmount\u003d, source\u003d, pseudoUserName\u003dDemoAccount1}","duration":2487,"startTime":1514871895863,"result":"SUCCESS","children":[{"number":20,"description":"Given load request for getTransactionListImpersonation \"/MerchantApiWeb/authenticateUser\" and \"/MerchantApiWeb/rest/secure/impersonation/user/financialData/transaction/getTransactionList\" and \"TC03\" and \"TestAutomation18\" and \"Password@1\" and \"EMS\"","duration":1210,"startTime":1514871895878,"result":"SUCCESS","children":[{"number":21,"description":"Loadgetrequestdata: https://uat1.merchantportal.firstdata.eu/MerchantApiWeb/authenticateUser","duration":0,"startTime":1514871895978,"result":"SUCCESS"},{"number":22,"description":"Postrequest authenticate user: https://uat1.merchantportal.firstdata.eu/MerchantApiWeb/authenticateUser, TestAutomation18, Password@1, EMS","duration":1065,"startTime":1514871895979,"result":"SUCCESS"},{"number":23,"description":"Loadgetrequestdata uniqueauthentication: https://uat1.merchantportal.firstdata.eu/MerchantApiWeb/rest/secure/impersonation/user/financialData/transaction/getTransactionList","duration":1,"startTime":1514871897053,"result":"SUCCESS"}]},{"number":24,"description":"When post get request for getTransactionListImpersonation \"1\" and \"2016-11-02\" and \"20171102\" and \"\" and \"\" and \"\" and \"\" and \"DemoAccount1\"","duration":938,"startTime":1514871897089,"result":"SUCCESS","children":[{"number":25,"description":"Post GET request get transaction list impersonation: https://uat1.merchantportal.firstdata.eu/MerchantApiWeb/rest/secure/impersonation/user/financialData/transaction/getTransactionList, 1, 2016-11-02, 20171102, , , , , DemoAccount1","duration":850,"startTime":1514871897105,"result":"SUCCESS"}]},{"number":26,"description":"Then verify getTransactionListImpersonation response status \"error\" and \"MPVE00051\" and \"Invalid Date format\" and \"\" and \"\" and \"\"","duration":323,"startTime":1514871898027,"result":"SUCCESS","children":[{"number":27,"description":"Verify Response","duration":151,"startTime":1514871898046,"result":"SUCCESS"}]}]},{"number":28,"description":"[1] {report\u003dTC05, logindomain\u003d/MerchantApiWeb/authenticateUser, domainurl\u003d/MerchantApiWeb/rest/secure/impersonation/user/financialData/transaction/getTransactionList, status\u003derror, Message\u003dfromDate should be less than toDate, ErrorCode\u003dMPVE00053, userName\u003dTestAutomation18, password\u003dPassword@1, allianceCode\u003dEMS, AuthErrMessage\u003d, Authaccessdenied\u003d, AuthErrCause\u003d, currency\u003dEUR, userType\u003d, pageNumber\u003d1, accountStatus\u003d, profile\u003d, firstName\u003d, lastName\u003d, period\u003d, fromDate\u003d2018-11-02, toDate\u003d2017-11-02, invoiceId\u003d, gsmTopUpFromDate\u003d, gsmTopUpToDate\u003d, invoiceLineItemId\u003d, fundId\u003d, merchId\u003d, fromAmount\u003d, toAmount\u003d, source\u003d, pseudoUserName\u003dDemoAccount1}","duration":2691,"startTime":1514871904731,"result":"SUCCESS","children":[{"number":29,"description":"Given load request for getTransactionListImpersonation \"/MerchantApiWeb/authenticateUser\" and \"/MerchantApiWeb/rest/secure/impersonation/user/financialData/transaction/getTransactionList\" and \"TC05\" and \"TestAutomation18\" and \"Password@1\" and \"EMS\"","duration":1217,"startTime":1514871904748,"result":"SUCCESS","children":[{"number":30,"description":"Loadgetrequestdata: https://uat1.merchantportal.firstdata.eu/MerchantApiWeb/authenticateUser","duration":1,"startTime":1514871904834,"result":"SUCCESS"},{"number":31,"description":"Postrequest authenticate user: https://uat1.merchantportal.firstdata.eu/MerchantApiWeb/authenticateUser, TestAutomation18, Password@1, EMS","duration":1087,"startTime":1514871904837,"result":"SUCCESS"},{"number":32,"description":"Loadgetrequestdata uniqueauthentication: https://uat1.merchantportal.firstdata.eu/MerchantApiWeb/rest/secure/impersonation/user/financialData/transaction/getTransactionList","duration":1,"startTime":1514871905934,"result":"SUCCESS"}]},{"number":33,"description":"When post get request for getTransactionListImpersonation \"1\" and \"2018-11-02\" and \"2017-11-02\" and \"\" and \"\" and \"\" and \"\" and \"DemoAccount1\"","duration":938,"startTime":1514871905965,"result":"SUCCESS","children":[{"number":34,"description":"Post GET request get transaction list impersonation: https://uat1.merchantportal.firstdata.eu/MerchantApiWeb/rest/secure/impersonation/user/financialData/transaction/getTransactionList, 1, 2018-11-02, 2017-11-02, , , , , DemoAccount1","duration":876,"startTime":1514871905979,"result":"SUCCESS"}]},{"number":35,"description":"Then verify getTransactionListImpersonation response status \"error\" and \"MPVE00053\" and \"fromDate should be less than toDate\" and \"\" and \"\" and \"\"","duration":518,"startTime":1514871906904,"result":"SUCCESS","children":[{"number":36,"description":"Verify Response","duration":139,"startTime":1514871906915,"result":"SUCCESS"}]}]},{"number":37,"description":"[1] {report\u003dTC06, logindomain\u003d/MerchantApiWeb/authenticateUser, domainurl\u003d/MerchantApiWeb/rest/secure/impersonation/user/financialData/transaction/getTransactionList, status\u003derror, Message\u003dfromAmount is greater than toAmount, ErrorCode\u003dMPVE00054, userName\u003dTestAutomation18, password\u003dPassword@1, allianceCode\u003dEMS, AuthErrMessage\u003d, Authaccessdenied\u003d, AuthErrCause\u003d, currency\u003dEUR, userType\u003d, pageNumber\u003d1, accountStatus\u003d, profile\u003d, firstName\u003d, lastName\u003d, period\u003d, fromDate\u003d2016-11-02, toDate\u003d2017-11-02, invoiceId\u003d, gsmTopUpFromDate\u003d, gsmTopUpToDate\u003d, invoiceLineItemId\u003d, fundId\u003d, merchId\u003d, fromAmount\u003d200, toAmount\u003d5, source\u003d, pseudoUserName\u003dDemoAccount1}","duration":2338,"startTime":1514871912161,"result":"SUCCESS","children":[{"number":38,"description":"Given load request for getTransactionListImpersonation \"/MerchantApiWeb/authenticateUser\" and \"/MerchantApiWeb/rest/secure/impersonation/user/financialData/transaction/getTransactionList\" and \"TC06\" and \"TestAutomation18\" and \"Password@1\" and \"EMS\"","duration":1222,"startTime":1514871912178,"result":"SUCCESS","children":[{"number":39,"description":"Loadgetrequestdata: https://uat1.merchantportal.firstdata.eu/MerchantApiWeb/authenticateUser","duration":1,"startTime":1514871912255,"result":"SUCCESS"},{"number":40,"description":"Postrequest authenticate user: https://uat1.merchantportal.firstdata.eu/MerchantApiWeb/authenticateUser, TestAutomation18, Password@1, EMS","duration":1105,"startTime":1514871912257,"result":"SUCCESS"},{"number":41,"description":"Loadgetrequestdata uniqueauthentication: https://uat1.merchantportal.firstdata.eu/MerchantApiWeb/rest/secure/impersonation/user/financialData/transaction/getTransactionList","duration":0,"startTime":1514871913371,"result":"SUCCESS"}]},{"number":42,"description":"When post get request for getTransactionListImpersonation \"1\" and \"2016-11-02\" and \"2017-11-02\" and \"200\" and \"5\" and \"\" and \"\" and \"DemoAccount1\"","duration":890,"startTime":1514871913400,"result":"SUCCESS","children":[{"number":43,"description":"Post GET request get transaction list impersonation: https://uat1.merchantportal.firstdata.eu/MerchantApiWeb/rest/secure/impersonation/user/financialData/transaction/getTransactionList, 1, 2016-11-02, 2017-11-02, 200, 5, , , DemoAccount1","duration":817,"startTime":1514871913413,"result":"SUCCESS"}]},{"number":44,"description":"Then verify getTransactionListImpersonation response status \"error\" and \"MPVE00054\" and \"fromAmount is greater than toAmount\" and \"\" and \"\" and \"\"","duration":209,"startTime":1514871914290,"result":"SUCCESS","children":[{"number":45,"description":"Verify Response","duration":71,"startTime":1514871914302,"result":"SUCCESS"}]}]},{"number":46,"description":"[1] {report\u003dTC07, logindomain\u003d/MerchantApiWeb/authenticateUser, domainurl\u003d/MerchantApiWeb/rest/secure/impersonation/user/financialData/transaction/getTransactionList, status\u003derror, Message\u003dtoDate is required, ErrorCode\u003dMPVE00061, userName\u003dTestAutomation18, password\u003dPassword@1, allianceCode\u003dEMS, AuthErrMessage\u003d, Authaccessdenied\u003d, AuthErrCause\u003d, currency\u003dEUR, userType\u003d, pageNumber\u003d1, accountStatus\u003d, profile\u003d, firstName\u003d, lastName\u003d, period\u003d, fromDate\u003d2016-11-02, toDate\u003d, invoiceId\u003d, gsmTopUpFromDate\u003d, gsmTopUpToDate\u003d, invoiceLineItemId\u003d, fundId\u003d, merchId\u003d65902182, fromAmount\u003d, toAmount\u003d, source\u003d, pseudoUserName\u003dDemoAccount1}","duration":2492,"startTime":1514871919510,"result":"SUCCESS","children":[{"number":47,"description":"Given load request for getTransactionListImpersonation \"/MerchantApiWeb/authenticateUser\" and \"/MerchantApiWeb/rest/secure/impersonation/user/financialData/transaction/getTransactionList\" and \"TC07\" and \"TestAutomation18\" and \"Password@1\" and \"EMS\"","duration":1218,"startTime":1514871919567,"result":"SUCCESS","children":[{"number":48,"description":"Loadgetrequestdata: https://uat1.merchantportal.firstdata.eu/MerchantApiWeb/authenticateUser","duration":1,"startTime":1514871919645,"result":"SUCCESS"},{"number":49,"description":"Postrequest authenticate user: https://uat1.merchantportal.firstdata.eu/MerchantApiWeb/authenticateUser, TestAutomation18, Password@1, EMS","duration":1109,"startTime":1514871919647,"result":"SUCCESS"},{"number":50,"description":"Loadgetrequestdata uniqueauthentication: https://uat1.merchantportal.firstdata.eu/MerchantApiWeb/rest/secure/impersonation/user/financialData/transaction/getTransactionList","duration":0,"startTime":1514871920763,"result":"SUCCESS"}]},{"number":51,"description":"When post get request for getTransactionListImpersonation \"1\" and \"2016-11-02\" and \"\" and \"\" and \"\" and \"\" and \"\" and \"DemoAccount1\"","duration":952,"startTime":1514871920786,"result":"SUCCESS","children":[{"number":52,"description":"Post GET request get transaction list impersonation: https://uat1.merchantportal.firstdata.eu/MerchantApiWeb/rest/secure/impersonation/user/financialData/transaction/getTransactionList, 1, 2016-11-02, , , , , , DemoAccount1","duration":864,"startTime":1514871920801,"result":"SUCCESS"}]},{"number":53,"description":"Then verify getTransactionListImpersonation response status \"error\" and \"MPVE00061\" and \"toDate is required\" and \"\" and \"\" and \"\"","duration":264,"startTime":1514871921738,"result":"SUCCESS","children":[{"number":54,"description":"Verify Response","duration":106,"startTime":1514871921754,"result":"SUCCESS"}]}]},{"number":55,"description":"[1] {report\u003dTC09, logindomain\u003d/MerchantApiWeb/authenticateUser, domainurl\u003d/MerchantApiWeb/rest/secure/impersonation/user/financialData/transaction/getTransactionList, status\u003derror, Message\u003dfromDate is required, ErrorCode\u003dMPVE00063, userName\u003dTestAutomation18, password\u003dPassword@1, allianceCode\u003dEMS, AuthErrMessage\u003d, Authaccessdenied\u003d, AuthErrCause\u003d, currency\u003dEUR, userType\u003d, pageNumber\u003d1, accountStatus\u003d, profile\u003d, firstName\u003d, lastName\u003d, period\u003d, fromDate\u003d, toDate\u003d2017-11-02, invoiceId\u003d, gsmTopUpFromDate\u003d, gsmTopUpToDate\u003d, invoiceLineItemId\u003d, fundId\u003d, merchId\u003d, fromAmount\u003d, toAmount\u003d, source\u003d, pseudoUserName\u003dDemoAccount1}","duration":2372,"startTime":1514871926609,"result":"SUCCESS","children":[{"number":56,"description":"Given load request for getTransactionListImpersonation \"/MerchantApiWeb/authenticateUser\" and \"/MerchantApiWeb/rest/secure/impersonation/user/financialData/transaction/getTransactionList\" and \"TC09\" and \"TestAutomation18\" and \"Password@1\" and \"EMS\"","duration":1159,"startTime":1514871926624,"result":"SUCCESS","children":[{"number":57,"description":"Loadgetrequestdata: https://uat1.merchantportal.firstdata.eu/MerchantApiWeb/authenticateUser","duration":1,"startTime":1514871926696,"result":"SUCCESS"},{"number":58,"description":"Postrequest authenticate user: https://uat1.merchantportal.firstdata.eu/MerchantApiWeb/authenticateUser, TestAutomation18, Password@1, EMS","duration":1053,"startTime":1514871926698,"result":"SUCCESS"},{"number":59,"description":"Loadgetrequestdata uniqueauthentication: https://uat1.merchantportal.firstdata.eu/MerchantApiWeb/rest/secure/impersonation/user/financialData/transaction/getTransactionList","duration":1,"startTime":1514871927759,"result":"SUCCESS"}]},{"number":60,"description":"When post get request for getTransactionListImpersonation \"1\" and \"\" and \"2017-11-02\" and \"\" and \"\" and \"\" and \"\" and \"DemoAccount1\"","duration":955,"startTime":1514871927785,"result":"SUCCESS","children":[{"number":61,"description":"Post GET request get transaction list impersonation: https://uat1.merchantportal.firstdata.eu/MerchantApiWeb/rest/secure/impersonation/user/financialData/transaction/getTransactionList, 1, , 2017-11-02, , , , , DemoAccount1","duration":879,"startTime":1514871927798,"result":"SUCCESS"}]},{"number":62,"description":"Then verify getTransactionListImpersonation response status \"error\" and \"MPVE00063\" and \"fromDate is required\" and \"\" and \"\" and \"\"","duration":240,"startTime":1514871928741,"result":"SUCCESS","children":[{"number":63,"description":"Verify Response","duration":71,"startTime":1514871928790,"result":"SUCCESS"}]}]},{"number":64,"description":"[1] {report\u003dTC11, logindomain\u003d/MerchantApiWeb/authenticateUser, domainurl\u003d/MerchantApiWeb/rest/secure/impersonation/user/financialData/transaction/getTransactionList, status\u003derror, Message\u003dPage no should be numeric, ErrorCode\u003dMPVE00032, userName\u003dTestAutomation18, password\u003dPassword@1, allianceCode\u003dEMS, AuthErrMessage\u003d, Authaccessdenied\u003d, AuthErrCause\u003d, currency\u003dEUR, userType\u003d, pageNumber\u003dA, accountStatus\u003d, profile\u003d, firstName\u003d, lastName\u003d, period\u003d, fromDate\u003d2016-11-02, toDate\u003d2017-11-02, invoiceId\u003d, gsmTopUpFromDate\u003d, gsmTopUpToDate\u003d, invoiceLineItemId\u003d, fundId\u003d, merchId\u003d, fromAmount\u003d, toAmount\u003d, source\u003d, pseudoUserName\u003dDemoAccount1}","duration":2271,"startTime":1514871933855,"result":"SUCCESS","children":[{"number":65,"description":"Given load request for getTransactionListImpersonation \"/MerchantApiWeb/authenticateUser\" and \"/MerchantApiWeb/rest/secure/impersonation/user/financialData/transaction/getTransactionList\" and \"TC11\" and \"TestAutomation18\" and \"Password@1\" and \"EMS\"","duration":1144,"startTime":1514871933872,"result":"SUCCESS","children":[{"number":66,"description":"Loadgetrequestdata: https://uat1.merchantportal.firstdata.eu/MerchantApiWeb/authenticateUser","duration":0,"startTime":1514871933956,"result":"SUCCESS"},{"number":67,"description":"Postrequest authenticate user: https://uat1.merchantportal.firstdata.eu/MerchantApiWeb/authenticateUser, TestAutomation18, Password@1, EMS","duration":1023,"startTime":1514871933957,"result":"SUCCESS"},{"number":68,"description":"Loadgetrequestdata uniqueauthentication: https://uat1.merchantportal.firstdata.eu/MerchantApiWeb/rest/secure/impersonation/user/financialData/transaction/getTransactionList","duration":0,"startTime":1514871934989,"result":"SUCCESS"}]},{"number":69,"description":"When post get request for getTransactionListImpersonation \"A\" and \"2016-11-02\" and \"2017-11-02\" and \"\" and \"\" and \"\" and \"\" and \"DemoAccount1\"","duration":883,"startTime":1514871935017,"result":"SUCCESS","children":[{"number":70,"description":"Post GET request get transaction list impersonation: https://uat1.merchantportal.firstdata.eu/MerchantApiWeb/rest/secure/impersonation/user/financialData/transaction/getTransactionList, A, 2016-11-02, 2017-11-02, , , , , DemoAccount1","duration":814,"startTime":1514871935032,"result":"SUCCESS"}]},{"number":71,"description":"Then verify getTransactionListImpersonation response status \"error\" and \"MPVE00032\" and \"Page no should be numeric\" and \"\" and \"\" and \"\"","duration":225,"startTime":1514871935901,"result":"SUCCESS","children":[{"number":72,"description":"Verify Response","duration":50,"startTime":1514871935954,"result":"SUCCESS"}]}]},{"number":73,"description":"[1] {report\u003dTC12, logindomain\u003d/MerchantApiWeb/authenticateUser, domainurl\u003d/MerchantApiWeb/rest/secure/impersonation/user/financialData/transaction/getTransactionList, status\u003derror, Message\u003dInvalid Source, ErrorCode\u003dMPVE00090, userName\u003dTestAutomation18, password\u003dPassword@1, allianceCode\u003dEMS, AuthErrMessage\u003d, Authaccessdenied\u003d, AuthErrCause\u003d, currency\u003d, userType\u003d, pageNumber\u003d1, accountStatus\u003d, profile\u003d, firstName\u003d, lastName\u003d, period\u003d, fromDate\u003d2016-11-02, toDate\u003d2017-11-02, invoiceId\u003d, gsmTopUpFromDate\u003d, gsmTopUpToDate\u003d, invoiceLineItemId\u003d, fundId\u003d5121421, merchId\u003d, fromAmount\u003d, toAmount\u003d, source\u003d, pseudoUserName\u003dDemoAccount1}","duration":2236,"startTime":1514871940650,"result":"SUCCESS","children":[{"number":74,"description":"Given load request for getTransactionListImpersonation \"/MerchantApiWeb/authenticateUser\" and \"/MerchantApiWeb/rest/secure/impersonation/user/financialData/transaction/getTransactionList\" and \"TC12\" and \"TestAutomation18\" and \"Password@1\" and \"EMS\"","duration":1138,"startTime":1514871940669,"result":"SUCCESS","children":[{"number":75,"description":"Loadgetrequestdata: https://uat1.merchantportal.firstdata.eu/MerchantApiWeb/authenticateUser","duration":0,"startTime":1514871940763,"result":"SUCCESS"},{"number":76,"description":"Postrequest authenticate user: https://uat1.merchantportal.firstdata.eu/MerchantApiWeb/authenticateUser, TestAutomation18, Password@1, EMS","duration":1006,"startTime":1514871940764,"result":"SUCCESS"},{"number":77,"description":"Loadgetrequestdata uniqueauthentication: https://uat1.merchantportal.firstdata.eu/MerchantApiWeb/rest/secure/impersonation/user/financialData/transaction/getTransactionList","duration":1,"startTime":1514871941778,"result":"SUCCESS"}]},{"number":78,"description":"When post get request for getTransactionListImpersonation \"1\" and \"2016-11-02\" and \"2017-11-02\" and \"\" and \"\" and \"5121421\" and \"\" and \"DemoAccount1\"","duration":870,"startTime":1514871941807,"result":"SUCCESS","children":[{"number":79,"description":"Post GET request get transaction list impersonation: https://uat1.merchantportal.firstdata.eu/MerchantApiWeb/rest/secure/impersonation/user/financialData/transaction/getTransactionList, 1, 2016-11-02, 2017-11-02, , , 5121421, , DemoAccount1","duration":799,"startTime":1514871941821,"result":"SUCCESS"}]},{"number":80,"description":"Then verify getTransactionListImpersonation response status \"error\" and \"MPVE00090\" and \"Invalid Source\" and \"\" and \"\" and \"\"","duration":208,"startTime":1514871942678,"result":"SUCCESS","children":[{"number":81,"description":"Verify Response","duration":52,"startTime":1514871942689,"result":"SUCCESS"}]}]},{"number":82,"description":"[1] {report\u003dTC14, logindomain\u003d/MerchantApiWeb/authenticateUser, domainurl\u003d/MerchantApiWeb/rest/secure/impersonation/user/financialData/transaction/getTransactionList, status\u003derror, Message\u003dUsername can\u0027t be empty, ErrorCode\u003dMPVE00001, userName\u003dTestAutomation18, password\u003dPassword@1, allianceCode\u003dEMS, AuthErrMessage\u003d, Authaccessdenied\u003d, AuthErrCause\u003d, currency\u003d, userType\u003d, pageNumber\u003d1, accountStatus\u003d, profile\u003d, firstName\u003d, lastName\u003d, period\u003d, fromDate\u003d2016-11-02, toDate\u003d2017-11-02, invoiceId\u003d, gsmTopUpFromDate\u003d, gsmTopUpToDate\u003d, invoiceLineItemId\u003d, fundId\u003d, merchId\u003d, fromAmount\u003d, toAmount\u003d, source\u003d, pseudoUserName\u003d}","duration":2377,"startTime":1514871948076,"result":"SUCCESS","children":[{"number":83,"description":"Given load request for getTransactionListImpersonation \"/MerchantApiWeb/authenticateUser\" and \"/MerchantApiWeb/rest/secure/impersonation/user/financialData/transaction/getTransactionList\" and \"TC14\" and \"TestAutomation18\" and \"Password@1\" and \"EMS\"","duration":1280,"startTime":1514871948091,"result":"SUCCESS","children":[{"number":84,"description":"Loadgetrequestdata: https://uat1.merchantportal.firstdata.eu/MerchantApiWeb/authenticateUser","duration":0,"startTime":1514871948240,"result":"SUCCESS"},{"number":85,"description":"Postrequest authenticate user: https://uat1.merchantportal.firstdata.eu/MerchantApiWeb/authenticateUser, TestAutomation18, Password@1, EMS","duration":1054,"startTime":1514871948241,"result":"SUCCESS"},{"number":86,"description":"Loadgetrequestdata uniqueauthentication: https://uat1.merchantportal.firstdata.eu/MerchantApiWeb/rest/secure/impersonation/user/financialData/transaction/getTransactionList","duration":1,"startTime":1514871949302,"result":"SUCCESS"}]},{"number":87,"description":"When post get request for getTransactionListImpersonation \"1\" and \"2016-11-02\" and \"2017-11-02\" and \"\" and \"\" and \"\" and \"\" and \"\"","duration":898,"startTime":1514871949372,"result":"SUCCESS","children":[{"number":88,"description":"Post GET request get transaction list impersonation: https://uat1.merchantportal.firstdata.eu/MerchantApiWeb/rest/secure/impersonation/user/financialData/transaction/getTransactionList, 1, 2016-11-02, 2017-11-02, , , , , ","duration":823,"startTime":1514871949389,"result":"SUCCESS"}]},{"number":89,"description":"Then verify getTransactionListImpersonation response status \"error\" and \"MPVE00001\" and \"Username can\u0027t be empty\" and \"\" and \"\" and \"\"","duration":182,"startTime":1514871950271,"result":"SUCCESS","children":[{"number":90,"description":"Verify Response","duration":53,"startTime":1514871950287,"result":"SUCCESS"}]}]},{"number":91,"description":"[1] {report\u003dTC15, logindomain\u003d/MerchantApiWeb/authenticateUser, domainurl\u003d/MerchantApiWeb/rest/secure/impersonation/user/financialData/transaction/getTransactionList, status\u003derror, Message\u003dUsername should be greater than 8 and less than 50 characters, ErrorCode\u003dMPVE00002, userName\u003dTestAutomation18, password\u003dPassword@1, allianceCode\u003dEMS, AuthErrMessage\u003d, Authaccessdenied\u003d, AuthErrCause\u003d, currency\u003d, userType\u003d, pageNumber\u003d1, accountStatus\u003d, profile\u003d, firstName\u003d, lastName\u003d, period\u003d, fromDate\u003d2016-11-02, toDate\u003d2017-11-02, invoiceId\u003d, gsmTopUpFromDate\u003d, gsmTopUpToDate\u003d, invoiceLineItemId\u003d, fundId\u003d, merchId\u003d, fromAmount\u003d, toAmount\u003d, source\u003dFDP, pseudoUserName\u003dTest}","duration":2591,"startTime":1514871955822,"result":"SUCCESS","children":[{"number":92,"description":"Given load request for getTransactionListImpersonation \"/MerchantApiWeb/authenticateUser\" and \"/MerchantApiWeb/rest/secure/impersonation/user/financialData/transaction/getTransactionList\" and \"TC15\" and \"TestAutomation18\" and \"Password@1\" and \"EMS\"","duration":1321,"startTime":1514871955894,"result":"SUCCESS","children":[{"number":93,"description":"Loadgetrequestdata: https://uat1.merchantportal.firstdata.eu/MerchantApiWeb/authenticateUser","duration":1,"startTime":1514871956029,"result":"SUCCESS"},{"number":94,"description":"Postrequest authenticate user: https://uat1.merchantportal.firstdata.eu/MerchantApiWeb/authenticateUser, TestAutomation18, Password@1, EMS","duration":1132,"startTime":1514871956031,"result":"SUCCESS"},{"number":95,"description":"Loadgetrequestdata uniqueauthentication: https://uat1.merchantportal.firstdata.eu/MerchantApiWeb/rest/secure/impersonation/user/financialData/transaction/getTransactionList","duration":1,"startTime":1514871957175,"result":"SUCCESS"}]},{"number":96,"description":"When post get request for getTransactionListImpersonation \"1\" and \"2016-11-02\" and \"2017-11-02\" and \"\" and \"\" and \"\" and \"FDP\" and \"Test\"","duration":940,"startTime":1514871957215,"result":"SUCCESS","children":[{"number":97,"description":"Post GET request get transaction list impersonation: https://uat1.merchantportal.firstdata.eu/MerchantApiWeb/rest/secure/impersonation/user/financialData/transaction/getTransactionList, 1, 2016-11-02, 2017-11-02, , , , FDP, Test","duration":852,"startTime":1514871957231,"result":"SUCCESS"}]},{"number":98,"description":"Then verify getTransactionListImpersonation response status \"error\" and \"MPVE00002\" and \"Username should be greater than 8 and less than 50 characters\" and \"\" and \"\" and \"\"","duration":257,"startTime":1514871958156,"result":"SUCCESS","children":[{"number":99,"description":"Verify Response","duration":120,"startTime":1514871958168,"result":"SUCCESS"}]}]},{"number":100,"description":"[1] {report\u003dTC16, logindomain\u003d/MerchantApiWeb/authenticateUser, domainurl\u003d/MerchantApiWeb/rest/secure/impersonation/user/financialData/transaction/getTransactionList, status\u003derror, Message\u003dUsername should be greater than 8 and less than 50 characters, ErrorCode\u003dMPVE00002, userName\u003dTestAutomation18, password\u003dPassword@1, allianceCode\u003dEMS, AuthErrMessage\u003d, Authaccessdenied\u003d, AuthErrCause\u003d, currency\u003d, userType\u003d, pageNumber\u003d1, accountStatus\u003d, profile\u003d, firstName\u003d, lastName\u003d, period\u003d, fromDate\u003d2016-11-02, toDate\u003d2017-11-02, invoiceId\u003d, gsmTopUpFromDate\u003d, gsmTopUpToDate\u003d, invoiceLineItemId\u003d, fundId\u003d, merchId\u003d, fromAmount\u003d, toAmount\u003d, source\u003dFDP, pseudoUserName\u003dTest12345678912456779812345648789123456789123456879456}","duration":2417,"startTime":1514871963273,"result":"SUCCESS","children":[{"number":101,"description":"Given load request for getTransactionListImpersonation \"/MerchantApiWeb/authenticateUser\" and \"/MerchantApiWeb/rest/secure/impersonation/user/financialData/transaction/getTransactionList\" and \"TC16\" and \"TestAutomation18\" and \"Password@1\" and \"EMS\"","duration":1316,"startTime":1514871963291,"result":"SUCCESS","children":[{"number":102,"description":"Loadgetrequestdata: https://uat1.merchantportal.firstdata.eu/MerchantApiWeb/authenticateUser","duration":1,"startTime":1514871963409,"result":"SUCCESS"},{"number":103,"description":"Postrequest authenticate user: https://uat1.merchantportal.firstdata.eu/MerchantApiWeb/authenticateUser, TestAutomation18, Password@1, EMS","duration":1160,"startTime":1514871963411,"result":"SUCCESS"},{"number":104,"description":"Loadgetrequestdata uniqueauthentication: https://uat1.merchantportal.firstdata.eu/MerchantApiWeb/rest/secure/impersonation/user/financialData/transaction/getTransactionList","duration":0,"startTime":1514871964581,"result":"SUCCESS"}]},{"number":105,"description":"When post get request for getTransactionListImpersonation \"1\" and \"2016-11-02\" and \"2017-11-02\" and \"\" and \"\" and \"\" and \"FDP\" and \"Test12345678912456779812345648789123456789123456879456\"","duration":887,"startTime":1514871964608,"result":"SUCCESS","children":[{"number":106,"description":"Post GET request get transaction list impersonation: https://uat1.merchantportal.firstdata.eu/MerchantApiWeb/rest/secure/impersonation/user/financialData/transaction/getTransactionList, 1, 2016-11-02, 2017-11-02, , , , FDP, Test12345678912456779812345648789123456789123456879456","duration":786,"startTime":1514871964623,"result":"SUCCESS"}]},{"number":107,"description":"Then verify getTransactionListImpersonation response status \"error\" and \"MPVE00002\" and \"Username should be greater than 8 and less than 50 characters\" and \"\" and \"\" and \"\"","duration":195,"startTime":1514871965495,"result":"SUCCESS","children":[{"number":108,"description":"Verify Response","duration":48,"startTime":1514871965508,"result":"SUCCESS"}]}]},{"number":109,"description":"[1] {report\u003dTC17, logindomain\u003d/MerchantApiWeb/authenticateUser, domainurl\u003d/MerchantApiWeb/rest/secure/impersonation/user/financialData/transaction/getTransactionList, status\u003derror, Message\u003dUsername contain special characters or empty spaces, ErrorCode\u003dMPVE00003, userName\u003dTestAutomation18, password\u003dPassword@1, allianceCode\u003dEMS, AuthErrMessage\u003d, Authaccessdenied\u003d, AuthErrCause\u003d, currency\u003d, userType\u003d, pageNumber\u003d1, accountStatus\u003d, profile\u003d, firstName\u003d, lastName\u003d, period\u003d, fromDate\u003d2016-11-02, toDate\u003d2017-11-02, invoiceId\u003d, gsmTopUpFromDate\u003d, gsmTopUpToDate\u003d, invoiceLineItemId\u003d, fundId\u003d, merchId\u003d, fromAmount\u003d, toAmount\u003d, source\u003dFDP, pseudoUserName\u003dTest Automation}","duration":2484,"startTime":1514871969938,"result":"SUCCESS","children":[{"number":110,"description":"Given load request for getTransactionListImpersonation \"/MerchantApiWeb/authenticateUser\" and \"/MerchantApiWeb/rest/secure/impersonation/user/financialData/transaction/getTransactionList\" and \"TC17\" and \"TestAutomation18\" and \"Password@1\" and \"EMS\"","duration":1293,"startTime":1514871969957,"result":"SUCCESS","children":[{"number":111,"description":"Loadgetrequestdata: https://uat1.merchantportal.firstdata.eu/MerchantApiWeb/authenticateUser","duration":0,"startTime":1514871970054,"result":"SUCCESS"},{"number":112,"description":"Postrequest authenticate user: https://uat1.merchantportal.firstdata.eu/MerchantApiWeb/authenticateUser, TestAutomation18, Password@1, EMS","duration":1148,"startTime":1514871970055,"result":"SUCCESS"},{"number":113,"description":"Loadgetrequestdata uniqueauthentication: https://uat1.merchantportal.firstdata.eu/MerchantApiWeb/rest/secure/impersonation/user/financialData/transaction/getTransactionList","duration":0,"startTime":1514871971221,"result":"SUCCESS"}]},{"number":114,"description":"When post get request for getTransactionListImpersonation \"1\" and \"2016-11-02\" and \"2017-11-02\" and \"\" and \"\" and \"\" and \"FDP\" and \"Test Automation\"","duration":950,"startTime":1514871971250,"result":"SUCCESS","children":[{"number":115,"description":"Post GET request get transaction list impersonation: https://uat1.merchantportal.firstdata.eu/MerchantApiWeb/rest/secure/impersonation/user/financialData/transaction/getTransactionList, 1, 2016-11-02, 2017-11-02, , , , FDP, Test Automation","duration":857,"startTime":1514871971266,"result":"SUCCESS"}]},{"number":116,"description":"Then verify getTransactionListImpersonation response status \"error\" and \"MPVE00003\" and \"Username contain special characters or empty spaces\" and \"\" and \"\" and \"\"","duration":222,"startTime":1514871972200,"result":"SUCCESS","children":[{"number":117,"description":"Verify Response","duration":75,"startTime":1514871972214,"result":"SUCCESS"}]}]},{"number":118,"description":"[1] {report\u003dTC18, logindomain\u003d/MerchantApiWeb/authenticateUser, domainurl\u003d/MerchantApiWeb/rest/secure/impersonation/user/financialData/transaction/getTransactionList, status\u003derror, Message\u003dUsername contain special characters or empty spaces, ErrorCode\u003dMPVE00003, userName\u003dTestAutomation18, password\u003dPassword@1, allianceCode\u003dEMS, AuthErrMessage\u003d, Authaccessdenied\u003d, AuthErrCause\u003d, currency\u003d, userType\u003d, pageNumber\u003d1, accountStatus\u003d, profile\u003d, firstName\u003d, lastName\u003d, period\u003d, fromDate\u003d2016-11-02, toDate\u003d2017-11-02, invoiceId\u003d, gsmTopUpFromDate\u003d, gsmTopUpToDate\u003d, invoiceLineItemId\u003d, fundId\u003d, merchId\u003d, fromAmount\u003d, toAmount\u003d, source\u003dFDP, pseudoUserName\u003dTest!@#$%}","duration":2355,"startTime":1514871977133,"result":"SUCCESS","children":[{"number":119,"description":"Given load request for getTransactionListImpersonation \"/MerchantApiWeb/authenticateUser\" and \"/MerchantApiWeb/rest/secure/impersonation/user/financialData/transaction/getTransactionList\" and \"TC18\" and \"TestAutomation18\" and \"Password@1\" and \"EMS\"","duration":1151,"startTime":1514871977169,"result":"SUCCESS","children":[{"number":120,"description":"Loadgetrequestdata: https://uat1.merchantportal.firstdata.eu/MerchantApiWeb/authenticateUser","duration":1,"startTime":1514871977250,"result":"SUCCESS"},{"number":121,"description":"Postrequest authenticate user: https://uat1.merchantportal.firstdata.eu/MerchantApiWeb/authenticateUser, TestAutomation18, Password@1, EMS","duration":1034,"startTime":1514871977252,"result":"SUCCESS"},{"number":122,"description":"Loadgetrequestdata uniqueauthentication: https://uat1.merchantportal.firstdata.eu/MerchantApiWeb/rest/secure/impersonation/user/financialData/transaction/getTransactionList","duration":0,"startTime":1514871978294,"result":"SUCCESS"}]},{"number":123,"description":"When post get request for getTransactionListImpersonation \"1\" and \"2016-11-02\" and \"2017-11-02\" and \"\" and \"\" and \"\" and \"FDP\" and \"Test!@#$%\"","duration":975,"startTime":1514871978320,"result":"SUCCESS","children":[{"number":124,"description":"Post GET request get transaction list impersonation: https://uat1.merchantportal.firstdata.eu/MerchantApiWeb/rest/secure/impersonation/user/financialData/transaction/getTransactionList, 1, 2016-11-02, 2017-11-02, , , , FDP, Test!@#$%","duration":838,"startTime":1514871978338,"result":"SUCCESS"}]},{"number":125,"description":"Then verify getTransactionListImpersonation response status \"error\" and \"MPVE00003\" and \"Username contain special characters or empty spaces\" and \"\" and \"\" and \"\"","duration":192,"startTime":1514871979296,"result":"SUCCESS","children":[{"number":126,"description":"Verify Response","duration":48,"startTime":1514871979312,"result":"SUCCESS"}]}]},{"number":127,"description":"[1] {report\u003dTC19, logindomain\u003d/MerchantApiWeb/authenticateUser, domainurl\u003d/MerchantApiWeb/rest/secure/impersonation/user/financialData/transaction/getTransactionList, status\u003derror, Message\u003dUsername does not exist, ErrorCode\u003dMPBE00004, userName\u003dTestAutomation18, password\u003dPassword@1, allianceCode\u003dEMS, AuthErrMessage\u003d, Authaccessdenied\u003d, AuthErrCause\u003d, currency\u003d, userType\u003d, pageNumber\u003d1, accountStatus\u003d, profile\u003d, firstName\u003d, lastName\u003d, period\u003d, fromDate\u003d2016-11-02, toDate\u003d2017-11-02, invoiceId\u003d, gsmTopUpFromDate\u003d, gsmTopUpToDate\u003d, invoiceLineItemId\u003d, fundId\u003d, merchId\u003d, fromAmount\u003d, toAmount\u003d, source\u003dFDP, pseudoUserName\u003dTestabdnchf}","duration":2738,"startTime":1514871984185,"result":"SUCCESS","children":[{"number":128,"description":"Given load request for getTransactionListImpersonation \"/MerchantApiWeb/authenticateUser\" and \"/MerchantApiWeb/rest/secure/impersonation/user/financialData/transaction/getTransactionList\" and \"TC19\" and \"TestAutomation18\" and \"Password@1\" and \"EMS\"","duration":1493,"startTime":1514871984225,"result":"SUCCESS","children":[{"number":129,"description":"Loadgetrequestdata: https://uat1.merchantportal.firstdata.eu/MerchantApiWeb/authenticateUser","duration":1,"startTime":1514871984312,"result":"SUCCESS"},{"number":130,"description":"Postrequest authenticate user: https://uat1.merchantportal.firstdata.eu/MerchantApiWeb/authenticateUser, TestAutomation18, Password@1, EMS","duration":1359,"startTime":1514871984313,"result":"SUCCESS"},{"number":131,"description":"Loadgetrequestdata uniqueauthentication: https://uat1.merchantportal.firstdata.eu/MerchantApiWeb/rest/secure/impersonation/user/financialData/transaction/getTransactionList","duration":0,"startTime":1514871985687,"result":"SUCCESS"}]},{"number":132,"description":"When post get request for getTransactionListImpersonation \"1\" and \"2016-11-02\" and \"2017-11-02\" and \"\" and \"\" and \"\" and \"FDP\" and \"Testabdnchf\"","duration":1036,"startTime":1514871985718,"result":"SUCCESS","children":[{"number":133,"description":"Post GET request get transaction list impersonation: https://uat1.merchantportal.firstdata.eu/MerchantApiWeb/rest/secure/impersonation/user/financialData/transaction/getTransactionList, 1, 2016-11-02, 2017-11-02, , , , FDP, Testabdnchf","duration":967,"startTime":1514871985736,"result":"SUCCESS"}]},{"number":134,"description":"Then verify getTransactionListImpersonation response status \"error\" and \"MPBE00004\" and \"Username does not exist\" and \"\" and \"\" and \"\"","duration":168,"startTime":1514871986755,"result":"SUCCESS","children":[{"number":135,"description":"Verify Response","duration":44,"startTime":1514871986767,"result":"SUCCESS"}]}]}],"userStory":{"id":"merchant-portal-application-api-validation","storyName":"Merchant Portal application API validation","path":"APIupdate.feature","type":"feature"},"featureTag":{"name":"Merchant Portal application API validation","type":"feature"},"title":"Verify the api retrieves the list of the transaction for the impersonated user","description":"","tags":[{"name":"getTransactionListImpersonation","type":"tag"}],"startTime":1514871876628,"duration":110295,"dataTable":{"headers":["report","logindomain","domainurl","status","Message","ErrorCode","userName","password","allianceCode","AuthErrMessage","Authaccessdenied","AuthErrCause","currency","userType","pageNumber","accountStatus","profile","firstName","lastName","period","fromDate","toDate","invoiceId","gsmTopUpFromDate","gsmTopUpToDate","invoiceLineItemId","fundId","merchId","fromAmount","toAmount","source","pseudoUserName"],"rows":[{"values":["TC01","/MerchantApiWeb/authenticateUser","/MerchantApiWeb/rest/secure/impersonation/user/financialData/transaction/getTransactionList","success","","","TestAutomation18","Password@1","EMS","","","","","","1","","","","","","2017-05-02","2017-11-02","","","","","","","","","","TestAutomation22"],"result":"SUCCESS"},{"values":["TC02","/MerchantApiWeb/authenticateUser","/MerchantApiWeb/rest/secure/impersonation/user/financialData/transaction/getTransactionList","error","Invalid Date format","MPVE00051","TestAutomation18","Password@1","EMS","","","","EUR","","1","","","","","","20161102","2017-11-02","","","","","","65902182","","","","DemoAccount1"],"result":"SUCCESS"},{"values":["TC03","/MerchantApiWeb/authenticateUser","/MerchantApiWeb/rest/secure/impersonation/user/financialData/transaction/getTransactionList","error","Invalid Date format","MPVE00051","TestAutomation18","Password@1","EMS","","","","EUR","","1","","","","","","2016-11-02","20171102","","","","","","65902182","","","","DemoAccount1"],"result":"SUCCESS"},{"values":["TC05","/MerchantApiWeb/authenticateUser","/MerchantApiWeb/rest/secure/impersonation/user/financialData/transaction/getTransactionList","error","fromDate should be less than toDate","MPVE00053","TestAutomation18","Password@1","EMS","","","","EUR","","1","","","","","","2018-11-02","2017-11-02","","","","","","","","","","DemoAccount1"],"result":"SUCCESS"},{"values":["TC06","/MerchantApiWeb/authenticateUser","/MerchantApiWeb/rest/secure/impersonation/user/financialData/transaction/getTransactionList","error","fromAmount is greater than toAmount","MPVE00054","TestAutomation18","Password@1","EMS","","","","EUR","","1","","","","","","2016-11-02","2017-11-02","","","","","","","200","5","","DemoAccount1"],"result":"SUCCESS"},{"values":["TC07","/MerchantApiWeb/authenticateUser","/MerchantApiWeb/rest/secure/impersonation/user/financialData/transaction/getTransactionList","error","toDate is required","MPVE00061","TestAutomation18","Password@1","EMS","","","","EUR","","1","","","","","","2016-11-02","","","","","","","65902182","","","","DemoAccount1"],"result":"SUCCESS"},{"values":["TC09","/MerchantApiWeb/authenticateUser","/MerchantApiWeb/rest/secure/impersonation/user/financialData/transaction/getTransactionList","error","fromDate is required","MPVE00063","TestAutomation18","Password@1","EMS","","","","EUR","","1","","","","","","","2017-11-02","","","","","","","","","","DemoAccount1"],"result":"SUCCESS"},{"values":["TC11","/MerchantApiWeb/authenticateUser","/MerchantApiWeb/rest/secure/impersonation/user/financialData/transaction/getTransactionList","error","Page no should be numeric","MPVE00032","TestAutomation18","Password@1","EMS","","","","EUR","","A","","","","","","2016-11-02","2017-11-02","","","","","","","","","","DemoAccount1"],"result":"SUCCESS"},{"values":["TC12","/MerchantApiWeb/authenticateUser","/MerchantApiWeb/rest/secure/impersonation/user/financialData/transaction/getTransactionList","error","Invalid Source","MPVE00090","TestAutomation18","Password@1","EMS","","","","","","1","","","","","","2016-11-02","2017-11-02","","","","","5121421","","","","","DemoAccount1"],"result":"SUCCESS"},{"values":["TC14","/MerchantApiWeb/authenticateUser","/MerchantApiWeb/rest/secure/impersonation/user/financialData/transaction/getTransactionList","error","Username can\u0027t be empty","MPVE00001","TestAutomation18","Password@1","EMS","","","","","","1","","","","","","2016-11-02","2017-11-02","","","","","","","","","",""],"result":"SUCCESS"},{"values":["TC15","/MerchantApiWeb/authenticateUser","/MerchantApiWeb/rest/secure/impersonation/user/financialData/transaction/getTransactionList","error","Username should be greater than 8 and less than 50 characters","MPVE00002","TestAutomation18","Password@1","EMS","","","","","","1","","","","","","2016-11-02","2017-11-02","","","","","","","","","FDP","Test"],"result":"SUCCESS"},{"values":["TC16","/MerchantApiWeb/authenticateUser","/MerchantApiWeb/rest/secure/impersonation/user/financialData/transaction/getTransactionList","error","Username should be greater than 8 and less than 50 characters","MPVE00002","TestAutomation18","Password@1","EMS","","","","","","1","","","","","","2016-11-02","2017-11-02","","","","","","","","","FDP","Test12345678912456779812345648789123456789123456879456"],"result":"SUCCESS"},{"values":["TC17","/MerchantApiWeb/authenticateUser","/MerchantApiWeb/rest/secure/impersonation/user/financialData/transaction/getTransactionList","error","Username contain special characters or empty spaces","MPVE00003","TestAutomation18","Password@1","EMS","","","","","","1","","","","","","2016-11-02","2017-11-02","","","","","","","","","FDP","Test Automation"],"result":"SUCCESS"},{"values":["TC18","/MerchantApiWeb/authenticateUser","/MerchantApiWeb/rest/secure/impersonation/user/financialData/transaction/getTransactionList","error","Username contain special characters or empty spaces","MPVE00003","TestAutomation18","Password@1","EMS","","","","","","1","","","","","","2016-11-02","2017-11-02","","","","","","","","","FDP","Test!@#$%"],"result":"SUCCESS"},{"values":["TC19","/MerchantApiWeb/authenticateUser","/MerchantApiWeb/rest/secure/impersonation/user/financialData/transaction/getTransactionList","error","Username does not exist","MPBE00004","TestAutomation18","Password@1","EMS","","","","","","1","","","","","","2016-11-02","2017-11-02","","","","","","","","","FDP","Testabdnchf"],"result":"SUCCESS"}],"predefinedRows":true,"dataSetDescriptors":[{"startRow":0,"rowCount":0,"name":"","description":""}]},"manual":false,"testSource":"Cucumber","result":"SUCCESS"}