{"name":"Verify the api retrieves the list of the Offline report","testSteps":[{"number":1,"description":"[1] {report\u003dTC01, logindomain\u003d/MerchantApiWeb/authenticateUser, domainurl\u003d/MerchantApiWeb/rest/secure/user/report/getOfflineReportList, status\u003dsuccess, Message\u003d, ErrorCode\u003d, userName\u003dTheBatman, password\u003dPass123!, allianceCode\u003dFDP, AuthErrMessage\u003d, Authaccessdenied\u003d, AuthErrCause\u003d, currency\u003dPLN, userType\u003d, pageNumber\u003d, accountStatus\u003d, profile\u003d, firstName\u003d, lastName\u003d, period\u003d, fromDate\u003d2016-11-02, toDate\u003d2017-11-02, invoiceId\u003d4723680, gsmTopUpFromDate\u003d2016-11-02, gsmTopUpToDate\u003d2017-11-02}","duration":10227,"startTime":1514871994262,"result":"SUCCESS","children":[{"number":2,"description":"Given load request for getOfflineReportList \"/MerchantApiWeb/authenticateUser\" and \"/MerchantApiWeb/rest/secure/user/report/getOfflineReportList\" and \"TC01\" and \"TheBatman\" and \"Pass123!\" and \"FDP\"","duration":1847,"startTime":1514871994296,"result":"SUCCESS","children":[{"number":3,"description":"Loadgetrequestdata: https://uat1.merchantportal.firstdata.eu/MerchantApiWeb/authenticateUser","duration":0,"startTime":1514871994508,"result":"SUCCESS"},{"number":4,"description":"Postrequest authenticate user: https://uat1.merchantportal.firstdata.eu/MerchantApiWeb/authenticateUser, TheBatman, Pass123!, FDP","duration":1601,"startTime":1514871994509,"result":"SUCCESS"},{"number":5,"description":"Loadgetrequestdata uniqueauthentication: https://uat1.merchantportal.firstdata.eu/MerchantApiWeb/rest/secure/user/report/getOfflineReportList","duration":0,"startTime":1514871996119,"result":"SUCCESS"}]},{"number":6,"description":"When post get request for getOfflineReportList","duration":8167,"startTime":1514871996143,"result":"SUCCESS","children":[{"number":7,"description":"Post GET request get offline report list: https://uat1.merchantportal.firstdata.eu/MerchantApiWeb/rest/secure/user/report/getOfflineReportList","duration":8082,"startTime":1514871996156,"result":"SUCCESS"}]},{"number":8,"description":"Then verify getOfflineReportList response status \"success\" and \"\" and \"\" and \"\" and \"\" and \"\"","duration":179,"startTime":1514872004310,"result":"SUCCESS","children":[{"number":9,"description":"Verify Response","duration":113,"startTime":1514872004327,"result":"SUCCESS"}]}]}],"userStory":{"id":"merchant-portal-application-api-validation","storyName":"Merchant Portal application API validation","path":"APIupdate.feature","type":"feature"},"featureTag":{"name":"Merchant Portal application API validation","type":"feature"},"title":"Verify the api retrieves the list of the Offline report","description":"","tags":[{"name":"getOfflineReportList","type":"tag"}],"startTime":1514871994262,"duration":10227,"dataTable":{"headers":["report","logindomain","domainurl","status","Message","ErrorCode","userName","password","allianceCode","AuthErrMessage","Authaccessdenied","AuthErrCause","currency","userType","pageNumber","accountStatus","profile","firstName","lastName","period","fromDate","toDate","invoiceId","gsmTopUpFromDate","gsmTopUpToDate"],"rows":[{"values":["TC01","/MerchantApiWeb/authenticateUser","/MerchantApiWeb/rest/secure/user/report/getOfflineReportList","success","","","TheBatman","Pass123!","FDP","","","","PLN","","","","","","","","2016-11-02","2017-11-02","4723680","2016-11-02","2017-11-02"],"result":"SUCCESS"}],"predefinedRows":true,"dataSetDescriptors":[{"startRow":0,"rowCount":0,"name":"","description":""}]},"manual":false,"testSource":"Cucumber","result":"SUCCESS"}