{"name":"Verify the api retrieves the payment type summary for the current logged in user","testSteps":[{"number":1,"description":"[1] {report\u003dTC01, logindomain\u003d/MerchantApiWeb/authenticateUser, domainurl\u003d/MerchantApiWeb/rest/secure/impersonation/user/financialData/transaction/getPaymentTypeSummary, status\u003dsuccess, Message\u003d, ErrorCode\u003d, userName\u003dTestAutomation18, password\u003dPassword@1, allianceCode\u003dEMS, AuthErrMessage\u003d, Authaccessdenied\u003d, AuthErrCause\u003d, currency\u003dEUR, userType\u003d, pageNumber\u003d, accountStatus\u003d, profile\u003d, firstName\u003d, lastName\u003d, profiles_Accessdata\u003d, Dictionary_category\u003d, Dictionary_code\u003d, Dictionary_languagecode\u003d, documentfolder\u003dEN Marketing Information, paymentType1\u003dVISA, days\u003d5, currencyCode\u003dEUR, pseudoUserName\u003dTestAutomation22}","duration":2300,"startTime":1514870694835,"result":"SUCCESS","children":[{"number":2,"description":"Given load request for getPaymentTypeSummary \"/MerchantApiWeb/authenticateUser\" and \"/MerchantApiWeb/rest/secure/impersonation/user/financialData/transaction/getPaymentTypeSummary\" and \"TC01\" and \"TestAutomation18\" and \"Password@1\" and \"EMS\"","duration":1270,"startTime":1514870694848,"result":"SUCCESS","children":[{"number":3,"description":"Loadgetrequestdata: https://uat1.merchantportal.firstdata.eu/MerchantApiWeb/authenticateUser","duration":0,"startTime":1514870695069,"result":"SUCCESS"},{"number":4,"description":"Postrequest authenticate user: https://uat1.merchantportal.firstdata.eu/MerchantApiWeb/authenticateUser, TestAutomation18, Password@1, EMS","duration":1014,"startTime":1514870695070,"result":"SUCCESS"},{"number":5,"description":"Loadgetrequestdata uniqueauthentication: https://uat1.merchantportal.firstdata.eu/MerchantApiWeb/rest/secure/impersonation/user/financialData/transaction/getPaymentTypeSummary","duration":1,"startTime":1514870696091,"result":"SUCCESS"}]},{"number":6,"description":"When post get request for getPaymentTypeSummary \"TestAutomation22\" and \"EUR\" and \"VISA\" and \"5\"","duration":936,"startTime":1514870696119,"result":"SUCCESS","children":[{"number":7,"description":"Post GET request get payment type summary  impersonation: https://uat1.merchantportal.firstdata.eu/MerchantApiWeb/rest/secure/impersonation/user/financialData/transaction/getPaymentTypeSummary, TestAutomation22, EUR, VISA, 5","duration":852,"startTime":1514870696132,"result":"SUCCESS"}]},{"number":8,"description":"Then verify getPaymentTypeSummary response status \"success\" and \"\" and \"\" and \"\" and \"\" and \"\"","duration":78,"startTime":1514870697056,"result":"SUCCESS","children":[{"number":9,"description":"Verify Response","duration":23,"startTime":1514870697068,"result":"SUCCESS"}]}]},{"number":10,"description":"[1] {report\u003dTC02, logindomain\u003d/MerchantApiWeb/authenticateUser, domainurl\u003d/MerchantApiWeb/rest/secure/impersonation/user/financialData/transaction/getPaymentTypeSummary, status\u003derror, Message\u003dUsername does not exist, ErrorCode\u003dMPBE00004, userName\u003dTestAutomation18, password\u003dPassword@1, allianceCode\u003dEMS, AuthErrMessage\u003d, Authaccessdenied\u003d, AuthErrCause\u003d, currency\u003dEUR, userType\u003d, pageNumber\u003d, accountStatus\u003d, profile\u003d, firstName\u003d, lastName\u003d, profiles_Accessdata\u003d, Dictionary_category\u003d, Dictionary_code\u003d, Dictionary_languagecode\u003d, documentfolder\u003dEN Marketing Information, paymentType1\u003dVISA, days\u003d5, currencyCode\u003dEUR, pseudoUserName\u003dTestAutomati}","duration":2735,"startTime":1514870700457,"result":"SUCCESS","children":[{"number":11,"description":"Given load request for getPaymentTypeSummary \"/MerchantApiWeb/authenticateUser\" and \"/MerchantApiWeb/rest/secure/impersonation/user/financialData/transaction/getPaymentTypeSummary\" and \"TC02\" and \"TestAutomation18\" and \"Password@1\" and \"EMS\"","duration":1269,"startTime":1514870700470,"result":"SUCCESS","children":[{"number":12,"description":"Loadgetrequestdata: https://uat1.merchantportal.firstdata.eu/MerchantApiWeb/authenticateUser","duration":0,"startTime":1514870700568,"result":"SUCCESS"},{"number":13,"description":"Postrequest authenticate user: https://uat1.merchantportal.firstdata.eu/MerchantApiWeb/authenticateUser, TestAutomation18, Password@1, EMS","duration":1121,"startTime":1514870700569,"result":"SUCCESS"},{"number":14,"description":"Loadgetrequestdata uniqueauthentication: https://uat1.merchantportal.firstdata.eu/MerchantApiWeb/rest/secure/impersonation/user/financialData/transaction/getPaymentTypeSummary","duration":0,"startTime":1514870701715,"result":"SUCCESS"}]},{"number":15,"description":"When post get request for getPaymentTypeSummary \"TestAutomati\" and \"EUR\" and \"VISA\" and \"5\"","duration":1003,"startTime":1514870701739,"result":"SUCCESS","children":[{"number":16,"description":"Post GET request get payment type summary  impersonation: https://uat1.merchantportal.firstdata.eu/MerchantApiWeb/rest/secure/impersonation/user/financialData/transaction/getPaymentTypeSummary, TestAutomati, EUR, VISA, 5","duration":937,"startTime":1514870701752,"result":"SUCCESS"}]},{"number":17,"description":"Then verify getPaymentTypeSummary response status \"error\" and \"MPBE00004\" and \"Username does not exist\" and \"\" and \"\" and \"\"","duration":448,"startTime":1514870702743,"result":"SUCCESS","children":[{"number":18,"description":"Verify Response","duration":266,"startTime":1514870702757,"result":"SUCCESS"}]}]}],"userStory":{"id":"merchant-portal-application-api-validation","storyName":"Merchant Portal application API validation","path":"APIupdate.feature","type":"feature"},"featureTag":{"name":"Merchant Portal application API validation","type":"feature"},"title":"Verify the api retrieves the payment type summary for the current logged in user","description":"","tags":[{"name":"getPaymentTypeSummary","type":"tag"}],"startTime":1514870694835,"duration":8357,"dataTable":{"headers":["report","logindomain","domainurl","status","Message","ErrorCode","userName","password","allianceCode","AuthErrMessage","Authaccessdenied","AuthErrCause","currency","userType","pageNumber","accountStatus","profile","firstName","lastName","profiles_Accessdata","Dictionary_category","Dictionary_code","Dictionary_languagecode","documentfolder","paymentType1","days","currencyCode","pseudoUserName"],"rows":[{"values":["TC01","/MerchantApiWeb/authenticateUser","/MerchantApiWeb/rest/secure/impersonation/user/financialData/transaction/getPaymentTypeSummary","success","","","TestAutomation18","Password@1","EMS","","","","EUR","","","","","","","","","","","EN Marketing Information","VISA","5","EUR","TestAutomation22"],"result":"SUCCESS"},{"values":["TC02","/MerchantApiWeb/authenticateUser","/MerchantApiWeb/rest/secure/impersonation/user/financialData/transaction/getPaymentTypeSummary","error","Username does not exist","MPBE00004","TestAutomation18","Password@1","EMS","","","","EUR","","","","","","","","","","","EN Marketing Information","VISA","5","EUR","TestAutomati"],"result":"SUCCESS"}],"predefinedRows":true,"dataSetDescriptors":[{"startRow":0,"rowCount":0,"name":"","description":""}]},"manual":false,"testSource":"Cucumber","result":"SUCCESS"}