{"name":"Verify the api exports the transaction list of the logged in user","testSteps":[{"number":1,"description":"[1] {report\u003dTC01, logindomain\u003d/MerchantApiWeb/authenticateUser, domainurl\u003d/MerchantApiWeb/rest/secure/user/financialData/export/exportTransactionList, status\u003dsuccess, Message\u003d, ErrorCode\u003d, userName\u003dDemoAccount1, password\u003dPassword@1, allianceCode\u003dEMS, AuthErrMessage\u003d, Authaccessdenied\u003d, AuthErrCause\u003d, currency\u003d, userType\u003d, pageNumber\u003d1, accountStatus\u003d, profile\u003d, firstName\u003d, lastName\u003d, period\u003d, fromDate\u003d2016-11-02, toDate\u003d2017-11-02, invoiceId\u003d, gsmTopUpFromDate\u003d, gsmTopUpToDate\u003d, invoiceLineItemId\u003d, fundId\u003d, merchId\u003d, fromAmount\u003d, toAmount\u003d, source\u003d, fileType\u003dCSV, delimiter\u003d,}","duration":8264,"startTime":1514871306346,"result":"SUCCESS","children":[{"number":2,"description":"Given load request for exportTransactionList \"/MerchantApiWeb/authenticateUser\" and \"/MerchantApiWeb/rest/secure/user/financialData/export/exportTransactionList\" and \"TC01\" and \"DemoAccount1\" and \"Password@1\" and \"EMS\"","duration":1305,"startTime":1514871306359,"result":"SUCCESS","children":[{"number":3,"description":"Loadgetrequestdata: https://uat1.merchantportal.firstdata.eu/MerchantApiWeb/authenticateUser","duration":1,"startTime":1514871306429,"result":"SUCCESS"},{"number":4,"description":"Postrequest authenticate user: https://uat1.merchantportal.firstdata.eu/MerchantApiWeb/authenticateUser, DemoAccount1, Password@1, EMS","duration":1198,"startTime":1514871306431,"result":"SUCCESS"},{"number":5,"description":"Loadgetrequestdata export download: https://uat1.merchantportal.firstdata.eu/MerchantApiWeb/rest/secure/user/financialData/export/exportTransactionList","duration":0,"startTime":1514871307639,"result":"SUCCESS"}]},{"number":6,"description":"When post get request for exportTransactionList \"2016-11-02\" and \"2017-11-02\" and \"\" and \"\" and \"\" and \"\" and \"CSV\" and \",\"","duration":6722,"startTime":1514871307664,"result":"SUCCESS","children":[{"number":7,"description":"Post get request for export transaction list: https://uat1.merchantportal.firstdata.eu/MerchantApiWeb/rest/secure/user/financialData/export/exportTransactionList, 2016-11-02, 2017-11-02, , , , , CSV, ,","duration":6650,"startTime":1514871307679,"result":"SUCCESS"}]},{"number":8,"description":"Then verify exportTransactionList response status \"success\" and \"\" and \"\" and \"\" and \"\" and \"\"","duration":223,"startTime":1514871314387,"result":"SUCCESS","children":[{"number":9,"description":"Verify Download file Response","duration":182,"startTime":1514871314398,"result":"SUCCESS"}]}]},{"number":10,"description":"[1] {report\u003dTC02, logindomain\u003d/MerchantApiWeb/authenticateUser, domainurl\u003d/MerchantApiWeb/rest/secure/user/financialData/export/exportTransactionList, status\u003dsuccess, Message\u003d, ErrorCode\u003d, userName\u003dDemoAccount1, password\u003dPassword@1, allianceCode\u003dEMS, AuthErrMessage\u003d, Authaccessdenied\u003d, AuthErrCause\u003d, currency\u003d, userType\u003d, pageNumber\u003d1, accountStatus\u003d, profile\u003d, firstName\u003d, lastName\u003d, period\u003d, fromDate\u003d2016-11-02, toDate\u003d2017-11-02, invoiceId\u003d, gsmTopUpFromDate\u003d, gsmTopUpToDate\u003d, invoiceLineItemId\u003d, fundId\u003d, merchId\u003d, fromAmount\u003d, toAmount\u003d, source\u003d, fileType\u003dXML, delimiter\u003d,}","duration":2425,"startTime":1514871319531,"result":"SUCCESS","children":[{"number":11,"description":"Given load request for exportTransactionList \"/MerchantApiWeb/authenticateUser\" and \"/MerchantApiWeb/rest/secure/user/financialData/export/exportTransactionList\" and \"TC02\" and \"DemoAccount1\" and \"Password@1\" and \"EMS\"","duration":1174,"startTime":1514871319541,"result":"SUCCESS","children":[{"number":12,"description":"Loadgetrequestdata: https://uat1.merchantportal.firstdata.eu/MerchantApiWeb/authenticateUser","duration":1,"startTime":1514871319606,"result":"SUCCESS"},{"number":13,"description":"Postrequest authenticate user: https://uat1.merchantportal.firstdata.eu/MerchantApiWeb/authenticateUser, DemoAccount1, Password@1, EMS","duration":1078,"startTime":1514871319608,"result":"SUCCESS"},{"number":14,"description":"Loadgetrequestdata export download: https://uat1.merchantportal.firstdata.eu/MerchantApiWeb/rest/secure/user/financialData/export/exportTransactionList","duration":1,"startTime":1514871320693,"result":"SUCCESS"}]},{"number":15,"description":"When post get request for exportTransactionList \"2016-11-02\" and \"2017-11-02\" and \"\" and \"\" and \"\" and \"\" and \"XML\" and \",\"","duration":1107,"startTime":1514871320716,"result":"SUCCESS","children":[{"number":16,"description":"Post get request for export transaction list: https://uat1.merchantportal.firstdata.eu/MerchantApiWeb/rest/secure/user/financialData/export/exportTransactionList, 2016-11-02, 2017-11-02, , , , , XML, ,","duration":1034,"startTime":1514871320729,"result":"SUCCESS"}]},{"number":17,"description":"Then verify exportTransactionList response status \"success\" and \"\" and \"\" and \"\" and \"\" and \"\"","duration":133,"startTime":1514871321823,"result":"SUCCESS","children":[{"number":18,"description":"Verify Download file Response","duration":84,"startTime":1514871321835,"result":"SUCCESS"}]}]},{"number":19,"description":"[1] {report\u003dTC03, logindomain\u003d/MerchantApiWeb/authenticateUser, domainurl\u003d/MerchantApiWeb/rest/secure/user/financialData/export/exportTransactionList, status\u003dsuccess, Message\u003d, ErrorCode\u003d, userName\u003dDemoAccount1, password\u003dPassword@1, allianceCode\u003dEMS, AuthErrMessage\u003d, Authaccessdenied\u003d, AuthErrCause\u003d, currency\u003d, userType\u003d, pageNumber\u003d1, accountStatus\u003d, profile\u003d, firstName\u003d, lastName\u003d, period\u003d, fromDate\u003d2016-11-02, toDate\u003d2017-11-02, invoiceId\u003d, gsmTopUpFromDate\u003d, gsmTopUpToDate\u003d, invoiceLineItemId\u003d, fundId\u003d, merchId\u003d, fromAmount\u003d, toAmount\u003d, source\u003d, fileType\u003dXLS, delimiter\u003d,}","duration":2409,"startTime":1514871326081,"result":"SUCCESS","children":[{"number":20,"description":"Given load request for exportTransactionList \"/MerchantApiWeb/authenticateUser\" and \"/MerchantApiWeb/rest/secure/user/financialData/export/exportTransactionList\" and \"TC03\" and \"DemoAccount1\" and \"Password@1\" and \"EMS\"","duration":1165,"startTime":1514871326096,"result":"SUCCESS","children":[{"number":21,"description":"Loadgetrequestdata: https://uat1.merchantportal.firstdata.eu/MerchantApiWeb/authenticateUser","duration":0,"startTime":1514871326182,"result":"SUCCESS"},{"number":22,"description":"Postrequest authenticate user: https://uat1.merchantportal.firstdata.eu/MerchantApiWeb/authenticateUser, DemoAccount1, Password@1, EMS","duration":1044,"startTime":1514871326183,"result":"SUCCESS"},{"number":23,"description":"Loadgetrequestdata export download: https://uat1.merchantportal.firstdata.eu/MerchantApiWeb/rest/secure/user/financialData/export/exportTransactionList","duration":1,"startTime":1514871327236,"result":"SUCCESS"}]},{"number":24,"description":"When post get request for exportTransactionList \"2016-11-02\" and \"2017-11-02\" and \"\" and \"\" and \"\" and \"\" and \"XLS\" and \",\"","duration":1026,"startTime":1514871327262,"result":"SUCCESS","children":[{"number":25,"description":"Post get request for export transaction list: https://uat1.merchantportal.firstdata.eu/MerchantApiWeb/rest/secure/user/financialData/export/exportTransactionList, 2016-11-02, 2017-11-02, , , , , XLS, ,","duration":956,"startTime":1514871327276,"result":"SUCCESS"}]},{"number":26,"description":"Then verify exportTransactionList response status \"success\" and \"\" and \"\" and \"\" and \"\" and \"\"","duration":202,"startTime":1514871328288,"result":"SUCCESS","children":[{"number":27,"description":"Verify Download file Response","duration":152,"startTime":1514871328301,"result":"SUCCESS"}]}]},{"number":28,"description":"[1] {report\u003dTC04, logindomain\u003d/MerchantApiWeb/authenticateUser, domainurl\u003d/MerchantApiWeb/rest/secure/user/financialData/export/exportTransactionList, status\u003derror, Message\u003dInvalid Date format, ErrorCode\u003dMPVE00051, userName\u003dDemoAccount1, password\u003dPassword@1, allianceCode\u003dEMS, AuthErrMessage\u003d, Authaccessdenied\u003d, AuthErrCause\u003d, currency\u003dEUR, userType\u003d, pageNumber\u003d1, accountStatus\u003d, profile\u003d, firstName\u003d, lastName\u003d, period\u003d, fromDate\u003d20161102, toDate\u003d2017-11-02, invoiceId\u003d, gsmTopUpFromDate\u003d, gsmTopUpToDate\u003d, invoiceLineItemId\u003d, fundId\u003d, merchId\u003d65902182, fromAmount\u003d, toAmount\u003d, source\u003d, fileType\u003dtxt, delimiter\u003d,}","duration":2741,"startTime":1514871333366,"result":"SUCCESS","children":[{"number":29,"description":"Given load request for exportTransactionList \"/MerchantApiWeb/authenticateUser\" and \"/MerchantApiWeb/rest/secure/user/financialData/export/exportTransactionList\" and \"TC04\" and \"DemoAccount1\" and \"Password@1\" and \"EMS\"","duration":1318,"startTime":1514871333378,"result":"SUCCESS","children":[{"number":30,"description":"Loadgetrequestdata: https://uat1.merchantportal.firstdata.eu/MerchantApiWeb/authenticateUser","duration":1,"startTime":1514871333486,"result":"SUCCESS"},{"number":31,"description":"Postrequest authenticate user: https://uat1.merchantportal.firstdata.eu/MerchantApiWeb/authenticateUser, DemoAccount1, Password@1, EMS","duration":1062,"startTime":1514871333488,"result":"SUCCESS"},{"number":32,"description":"Loadgetrequestdata export download: https://uat1.merchantportal.firstdata.eu/MerchantApiWeb/rest/secure/user/financialData/export/exportTransactionList","duration":1,"startTime":1514871334629,"result":"SUCCESS"}]},{"number":33,"description":"When post get request for exportTransactionList \"20161102\" and \"2017-11-02\" and \"\" and \"\" and \"\" and \"\" and \"txt\" and \",\"","duration":960,"startTime":1514871334697,"result":"SUCCESS","children":[{"number":34,"description":"Post get request for export transaction list: https://uat1.merchantportal.firstdata.eu/MerchantApiWeb/rest/secure/user/financialData/export/exportTransactionList, 20161102, 2017-11-02, , , , , txt, ,","duration":833,"startTime":1514871334760,"result":"SUCCESS"}]},{"number":35,"description":"Then verify exportTransactionList response status \"error\" and \"MPVE00051\" and \"Invalid Date format\" and \"\" and \"\" and \"\"","duration":450,"startTime":1514871335657,"result":"SUCCESS","children":[{"number":36,"description":"Verify Download file Response","duration":151,"startTime":1514871335673,"result":"SUCCESS"}]}]},{"number":37,"description":"[1] {report\u003dTC05, logindomain\u003d/MerchantApiWeb/authenticateUser, domainurl\u003d/MerchantApiWeb/rest/secure/user/financialData/export/exportTransactionList, status\u003derror, Message\u003dInvalid Date format, ErrorCode\u003dMPVE00051, userName\u003dDemoAccount1, password\u003dPassword@1, allianceCode\u003dEMS, AuthErrMessage\u003d, Authaccessdenied\u003d, AuthErrCause\u003d, currency\u003dEUR, userType\u003d, pageNumber\u003d1, accountStatus\u003d, profile\u003d, firstName\u003d, lastName\u003d, period\u003d, fromDate\u003d2016-11-02, toDate\u003d20171102, invoiceId\u003d, gsmTopUpFromDate\u003d, gsmTopUpToDate\u003d, invoiceLineItemId\u003d, fundId\u003d, merchId\u003d65902182, fromAmount\u003d, toAmount\u003d, source\u003d, fileType\u003dtxt, delimiter\u003d,}","duration":2328,"startTime":1514871339326,"result":"SUCCESS","children":[{"number":38,"description":"Given load request for exportTransactionList \"/MerchantApiWeb/authenticateUser\" and \"/MerchantApiWeb/rest/secure/user/financialData/export/exportTransactionList\" and \"TC05\" and \"DemoAccount1\" and \"Password@1\" and \"EMS\"","duration":1207,"startTime":1514871339363,"result":"SUCCESS","children":[{"number":39,"description":"Loadgetrequestdata: https://uat1.merchantportal.firstdata.eu/MerchantApiWeb/authenticateUser","duration":0,"startTime":1514871339431,"result":"SUCCESS"},{"number":40,"description":"Postrequest authenticate user: https://uat1.merchantportal.firstdata.eu/MerchantApiWeb/authenticateUser, DemoAccount1, Password@1, EMS","duration":1104,"startTime":1514871339432,"result":"SUCCESS"},{"number":41,"description":"Loadgetrequestdata export download: https://uat1.merchantportal.firstdata.eu/MerchantApiWeb/rest/secure/user/financialData/export/exportTransactionList","duration":1,"startTime":1514871340545,"result":"SUCCESS"}]},{"number":42,"description":"When post get request for exportTransactionList \"2016-11-02\" and \"20171102\" and \"\" and \"\" and \"\" and \"\" and \"txt\" and \",\"","duration":865,"startTime":1514871340570,"result":"SUCCESS","children":[{"number":43,"description":"Post get request for export transaction list: https://uat1.merchantportal.firstdata.eu/MerchantApiWeb/rest/secure/user/financialData/export/exportTransactionList, 2016-11-02, 20171102, , , , , txt, ,","duration":802,"startTime":1514871340583,"result":"SUCCESS"}]},{"number":44,"description":"Then verify exportTransactionList response status \"error\" and \"MPVE00051\" and \"Invalid Date format\" and \"\" and \"\" and \"\"","duration":218,"startTime":1514871341435,"result":"SUCCESS","children":[{"number":45,"description":"Verify Download file Response","duration":49,"startTime":1514871341448,"result":"SUCCESS"}]}]},{"number":46,"description":"[1] {report\u003dTC07, logindomain\u003d/MerchantApiWeb/authenticateUser, domainurl\u003d/MerchantApiWeb/rest/secure/user/financialData/export/exportTransactionList, status\u003derror, Message\u003dfromDate should be less than toDate, ErrorCode\u003dMPVE00053, userName\u003dDemoAccount1, password\u003dPassword@1, allianceCode\u003dEMS, AuthErrMessage\u003d, Authaccessdenied\u003d, AuthErrCause\u003d, currency\u003dEUR, userType\u003d, pageNumber\u003d1, accountStatus\u003d, profile\u003d, firstName\u003d, lastName\u003d, period\u003d, fromDate\u003d2018-11-02, toDate\u003d2017-11-02, invoiceId\u003d, gsmTopUpFromDate\u003d, gsmTopUpToDate\u003d, invoiceLineItemId\u003d, fundId\u003d, merchId\u003d, fromAmount\u003d, toAmount\u003d, source\u003d, fileType\u003dtxt, delimiter\u003d,}","duration":2437,"startTime":1514871345993,"result":"SUCCESS","children":[{"number":47,"description":"Given load request for exportTransactionList \"/MerchantApiWeb/authenticateUser\" and \"/MerchantApiWeb/rest/secure/user/financialData/export/exportTransactionList\" and \"TC07\" and \"DemoAccount1\" and \"Password@1\" and \"EMS\"","duration":1329,"startTime":1514871346005,"result":"SUCCESS","children":[{"number":48,"description":"Loadgetrequestdata: https://uat1.merchantportal.firstdata.eu/MerchantApiWeb/authenticateUser","duration":1,"startTime":1514871346081,"result":"SUCCESS"},{"number":49,"description":"Postrequest authenticate user: https://uat1.merchantportal.firstdata.eu/MerchantApiWeb/authenticateUser, DemoAccount1, Password@1, EMS","duration":1215,"startTime":1514871346082,"result":"SUCCESS"},{"number":50,"description":"Loadgetrequestdata export download: https://uat1.merchantportal.firstdata.eu/MerchantApiWeb/rest/secure/user/financialData/export/exportTransactionList","duration":0,"startTime":1514871347308,"result":"SUCCESS"}]},{"number":51,"description":"When post get request for exportTransactionList \"2018-11-02\" and \"2017-11-02\" and \"\" and \"\" and \"\" and \"\" and \"txt\" and \",\"","duration":868,"startTime":1514871347334,"result":"SUCCESS","children":[{"number":52,"description":"Post get request for export transaction list: https://uat1.merchantportal.firstdata.eu/MerchantApiWeb/rest/secure/user/financialData/export/exportTransactionList, 2018-11-02, 2017-11-02, , , , , txt, ,","duration":793,"startTime":1514871347348,"result":"SUCCESS"}]},{"number":53,"description":"Then verify exportTransactionList response status \"error\" and \"MPVE00053\" and \"fromDate should be less than toDate\" and \"\" and \"\" and \"\"","duration":226,"startTime":1514871348203,"result":"SUCCESS","children":[{"number":54,"description":"Verify Download file Response","duration":55,"startTime":1514871348218,"result":"SUCCESS"}]}]},{"number":55,"description":"[1] {report\u003dTC08, logindomain\u003d/MerchantApiWeb/authenticateUser, domainurl\u003d/MerchantApiWeb/rest/secure/user/financialData/export/exportTransactionList, status\u003derror, Message\u003dfromAmount is greater than toAmount, ErrorCode\u003dMPVE00054, userName\u003dDemoAccount1, password\u003dPassword@1, allianceCode\u003dEMS, AuthErrMessage\u003d, Authaccessdenied\u003d, AuthErrCause\u003d, currency\u003dEUR, userType\u003d, pageNumber\u003d1, accountStatus\u003d, profile\u003d, firstName\u003d, lastName\u003d, period\u003d, fromDate\u003d2016-11-02, toDate\u003d2017-11-02, invoiceId\u003d, gsmTopUpFromDate\u003d, gsmTopUpToDate\u003d, invoiceLineItemId\u003d, fundId\u003d, merchId\u003d, fromAmount\u003d200, toAmount\u003d5, source\u003d, fileType\u003dtxt, delimiter\u003d,}","duration":2719,"startTime":1514871352996,"result":"SUCCESS","children":[{"number":56,"description":"Given load request for exportTransactionList \"/MerchantApiWeb/authenticateUser\" and \"/MerchantApiWeb/rest/secure/user/financialData/export/exportTransactionList\" and \"TC08\" and \"DemoAccount1\" and \"Password@1\" and \"EMS\"","duration":1314,"startTime":1514871353070,"result":"SUCCESS","children":[{"number":57,"description":"Loadgetrequestdata: https://uat1.merchantportal.firstdata.eu/MerchantApiWeb/authenticateUser","duration":1,"startTime":1514871353253,"result":"SUCCESS"},{"number":58,"description":"Postrequest authenticate user: https://uat1.merchantportal.firstdata.eu/MerchantApiWeb/authenticateUser, DemoAccount1, Password@1, EMS","duration":1033,"startTime":1514871353255,"result":"SUCCESS"},{"number":59,"description":"Loadgetrequestdata export download: https://uat1.merchantportal.firstdata.eu/MerchantApiWeb/rest/secure/user/financialData/export/exportTransactionList","duration":1,"startTime":1514871354296,"result":"SUCCESS"}]},{"number":60,"description":"When post get request for exportTransactionList \"2016-11-02\" and \"2017-11-02\" and \"200\" and \"5\" and \"\" and \"\" and \"txt\" and \",\"","duration":1027,"startTime":1514871354384,"result":"SUCCESS","children":[{"number":61,"description":"Post get request for export transaction list: https://uat1.merchantportal.firstdata.eu/MerchantApiWeb/rest/secure/user/financialData/export/exportTransactionList, 2016-11-02, 2017-11-02, 200, 5, , , txt, ,","duration":868,"startTime":1514871354399,"result":"SUCCESS"}]},{"number":62,"description":"Then verify exportTransactionList response status \"error\" and \"MPVE00054\" and \"fromAmount is greater than toAmount\" and \"\" and \"\" and \"\"","duration":303,"startTime":1514871355412,"result":"SUCCESS","children":[{"number":63,"description":"Verify Download file Response","duration":75,"startTime":1514871355466,"result":"SUCCESS"}]}]},{"number":64,"description":"[1] {report\u003dTC09, logindomain\u003d/MerchantApiWeb/authenticateUser, domainurl\u003d/MerchantApiWeb/rest/secure/user/financialData/export/exportTransactionList, status\u003derror, Message\u003dtoDate is required, ErrorCode\u003dMPVE00061, userName\u003dDemoAccount1, password\u003dPassword@1, allianceCode\u003dEMS, AuthErrMessage\u003d, Authaccessdenied\u003d, AuthErrCause\u003d, currency\u003dEUR, userType\u003d, pageNumber\u003d1, accountStatus\u003d, profile\u003d, firstName\u003d, lastName\u003d, period\u003d, fromDate\u003d2016-11-02, toDate\u003d, invoiceId\u003d, gsmTopUpFromDate\u003d, gsmTopUpToDate\u003d, invoiceLineItemId\u003d, fundId\u003d, merchId\u003d65902182, fromAmount\u003d, toAmount\u003d, source\u003d, fileType\u003dtxt, delimiter\u003d,}","duration":2579,"startTime":1514871360259,"result":"SUCCESS","children":[{"number":65,"description":"Given load request for exportTransactionList \"/MerchantApiWeb/authenticateUser\" and \"/MerchantApiWeb/rest/secure/user/financialData/export/exportTransactionList\" and \"TC09\" and \"DemoAccount1\" and \"Password@1\" and \"EMS\"","duration":1300,"startTime":1514871360270,"result":"SUCCESS","children":[{"number":66,"description":"Loadgetrequestdata: https://uat1.merchantportal.firstdata.eu/MerchantApiWeb/authenticateUser","duration":1,"startTime":1514871360384,"result":"SUCCESS"},{"number":67,"description":"Postrequest authenticate user: https://uat1.merchantportal.firstdata.eu/MerchantApiWeb/authenticateUser, DemoAccount1, Password@1, EMS","duration":1113,"startTime":1514871360386,"result":"SUCCESS"},{"number":68,"description":"Loadgetrequestdata export download: https://uat1.merchantportal.firstdata.eu/MerchantApiWeb/rest/secure/user/financialData/export/exportTransactionList","duration":1,"startTime":1514871361518,"result":"SUCCESS"}]},{"number":69,"description":"When post get request for exportTransactionList \"2016-11-02\" and \"\" and \"\" and \"\" and \"\" and \"\" and \"txt\" and \",\"","duration":907,"startTime":1514871361571,"result":"SUCCESS","children":[{"number":70,"description":"Post get request for export transaction list: https://uat1.merchantportal.firstdata.eu/MerchantApiWeb/rest/secure/user/financialData/export/exportTransactionList, 2016-11-02, , , , , , txt, ,","duration":835,"startTime":1514871361584,"result":"SUCCESS"}]},{"number":71,"description":"Then verify exportTransactionList response status \"error\" and \"MPVE00061\" and \"toDate is required\" and \"\" and \"\" and \"\"","duration":359,"startTime":1514871362479,"result":"SUCCESS","children":[{"number":72,"description":"Verify Download file Response","duration":55,"startTime":1514871362492,"result":"SUCCESS"}]}]},{"number":73,"description":"[1] {report\u003dTC11, logindomain\u003d/MerchantApiWeb/authenticateUser, domainurl\u003d/MerchantApiWeb/rest/secure/user/financialData/export/exportTransactionList, status\u003derror, Message\u003dfromDate is required, ErrorCode\u003dMPVE00063, userName\u003dDemoAccount1, password\u003dPassword@1, allianceCode\u003dEMS, AuthErrMessage\u003d, Authaccessdenied\u003d, AuthErrCause\u003d, currency\u003dEUR, userType\u003d, pageNumber\u003d1, accountStatus\u003d, profile\u003d, firstName\u003d, lastName\u003d, period\u003d, fromDate\u003d, toDate\u003d2017-11-02, invoiceId\u003d, gsmTopUpFromDate\u003d, gsmTopUpToDate\u003d, invoiceLineItemId\u003d, fundId\u003d, merchId\u003d, fromAmount\u003d, toAmount\u003d, source\u003d, fileType\u003dtxt, delimiter\u003d,}","duration":2777,"startTime":1514871366614,"result":"SUCCESS","children":[{"number":74,"description":"Given load request for exportTransactionList \"/MerchantApiWeb/authenticateUser\" and \"/MerchantApiWeb/rest/secure/user/financialData/export/exportTransactionList\" and \"TC11\" and \"DemoAccount1\" and \"Password@1\" and \"EMS\"","duration":1379,"startTime":1514871366631,"result":"SUCCESS","children":[{"number":75,"description":"Loadgetrequestdata: https://uat1.merchantportal.firstdata.eu/MerchantApiWeb/authenticateUser","duration":1,"startTime":1514871366734,"result":"SUCCESS"},{"number":76,"description":"Postrequest authenticate user: https://uat1.merchantportal.firstdata.eu/MerchantApiWeb/authenticateUser, DemoAccount1, Password@1, EMS","duration":1242,"startTime":1514871366735,"result":"SUCCESS"},{"number":77,"description":"Loadgetrequestdata export download: https://uat1.merchantportal.firstdata.eu/MerchantApiWeb/rest/secure/user/financialData/export/exportTransactionList","duration":1,"startTime":1514871367985,"result":"SUCCESS"}]},{"number":78,"description":"When post get request for exportTransactionList \"\" and \"2017-11-02\" and \"\" and \"\" and \"\" and \"\" and \"txt\" and \",\"","duration":894,"startTime":1514871368010,"result":"SUCCESS","children":[{"number":79,"description":"Post get request for export transaction list: https://uat1.merchantportal.firstdata.eu/MerchantApiWeb/rest/secure/user/financialData/export/exportTransactionList, , 2017-11-02, , , , , txt, ,","duration":805,"startTime":1514871368024,"result":"SUCCESS"}]},{"number":80,"description":"Then verify exportTransactionList response status \"error\" and \"MPVE00063\" and \"fromDate is required\" and \"\" and \"\" and \"\"","duration":487,"startTime":1514871368904,"result":"SUCCESS","children":[{"number":81,"description":"Verify Download file Response","duration":144,"startTime":1514871368953,"result":"SUCCESS"}]}]},{"number":82,"description":"[1] {report\u003dTC13, logindomain\u003d/MerchantApiWeb/authenticateUser, domainurl\u003d/MerchantApiWeb/rest/secure/user/financialData/export/exportTransactionList, status\u003derror, Message\u003dInvalid Source, ErrorCode\u003dMPVE00090, userName\u003dDemoAccount1, password\u003dPassword@1, allianceCode\u003dEMS, AuthErrMessage\u003d, Authaccessdenied\u003d, AuthErrCause\u003d, currency\u003d, userType\u003d, pageNumber\u003d1, accountStatus\u003d, profile\u003d, firstName\u003d, lastName\u003d, period\u003d, fromDate\u003d2016-11-02, toDate\u003d2017-11-02, invoiceId\u003d, gsmTopUpFromDate\u003d, gsmTopUpToDate\u003d, invoiceLineItemId\u003d, fundId\u003d5121421, merchId\u003d, fromAmount\u003d, toAmount\u003d, source\u003d, fileType\u003dtxt, delimiter\u003d,}","duration":2561,"startTime":1514871373105,"result":"SUCCESS","children":[{"number":83,"description":"Given load request for exportTransactionList \"/MerchantApiWeb/authenticateUser\" and \"/MerchantApiWeb/rest/secure/user/financialData/export/exportTransactionList\" and \"TC13\" and \"DemoAccount1\" and \"Password@1\" and \"EMS\"","duration":1225,"startTime":1514871373146,"result":"SUCCESS","children":[{"number":84,"description":"Loadgetrequestdata: https://uat1.merchantportal.firstdata.eu/MerchantApiWeb/authenticateUser","duration":0,"startTime":1514871373245,"result":"SUCCESS"},{"number":85,"description":"Postrequest authenticate user: https://uat1.merchantportal.firstdata.eu/MerchantApiWeb/authenticateUser, DemoAccount1, Password@1, EMS","duration":1091,"startTime":1514871373246,"result":"SUCCESS"},{"number":86,"description":"Loadgetrequestdata export download: https://uat1.merchantportal.firstdata.eu/MerchantApiWeb/rest/secure/user/financialData/export/exportTransactionList","duration":0,"startTime":1514871374345,"result":"SUCCESS"}]},{"number":87,"description":"When post get request for exportTransactionList \"2016-11-02\" and \"2017-11-02\" and \"\" and \"\" and \"5121421\" and \"\" and \"txt\" and \",\"","duration":934,"startTime":1514871374371,"result":"SUCCESS","children":[{"number":88,"description":"Post get request for export transaction list: https://uat1.merchantportal.firstdata.eu/MerchantApiWeb/rest/secure/user/financialData/export/exportTransactionList, 2016-11-02, 2017-11-02, , , 5121421, , txt, ,","duration":807,"startTime":1514871374384,"result":"SUCCESS"}]},{"number":89,"description":"Then verify exportTransactionList response status \"error\" and \"MPVE00090\" and \"Invalid Source\" and \"\" and \"\" and \"\"","duration":359,"startTime":1514871375307,"result":"SUCCESS","children":[{"number":90,"description":"Verify Download file Response","duration":98,"startTime":1514871375331,"result":"SUCCESS"}]}]},{"number":91,"description":"[1] {report\u003dTC15, logindomain\u003d/MerchantApiWeb/authenticateUser, domainurl\u003d/MerchantApiWeb/rest/secure/impersonation/user/financialData/export/exportTransactionList, status\u003derror, Message\u003dUser does not have privilege to any Merchants data, ErrorCode\u003dMPBE00034, userName\u003dTestAutomationEMS3, password\u003dPassword@1, allianceCode\u003dEMS, AuthErrMessage\u003d, Authaccessdenied\u003d, AuthErrCause\u003d, currency\u003d, userType\u003d, pageNumber\u003d1, accountStatus\u003d, profile\u003d, firstName\u003d, lastName\u003d, period\u003d, fromDate\u003d2016-11-02, toDate\u003d2017-11-02, invoiceId\u003d, gsmTopUpFromDate\u003d, gsmTopUpToDate\u003d, invoiceLineItemId\u003d, fundId\u003d, merchId\u003d, fromAmount\u003d, toAmount\u003d, source\u003dFDP, fileType\u003dtxt, delimiter\u003d,}","duration":4113,"startTime":1514871380496,"result":"SUCCESS","children":[{"number":92,"description":"Given load request for exportTransactionList \"/MerchantApiWeb/authenticateUser\" and \"/MerchantApiWeb/rest/secure/impersonation/user/financialData/export/exportTransactionList\" and \"TC15\" and \"TestAutomationEMS3\" and \"Password@1\" and \"EMS\"","duration":3132,"startTime":1514871380511,"result":"SUCCESS","children":[{"number":93,"description":"Loadgetrequestdata: https://uat1.merchantportal.firstdata.eu/MerchantApiWeb/authenticateUser","duration":0,"startTime":1514871380649,"result":"SUCCESS"},{"number":94,"description":"Postrequest authenticate user: https://uat1.merchantportal.firstdata.eu/MerchantApiWeb/authenticateUser, TestAutomationEMS3, Password@1, EMS","duration":2951,"startTime":1514871380651,"result":"SUCCESS"},{"number":95,"description":"Loadgetrequestdata export download: https://uat1.merchantportal.firstdata.eu/MerchantApiWeb/rest/secure/impersonation/user/financialData/export/exportTransactionList","duration":0,"startTime":1514871383613,"result":"SUCCESS"}]},{"number":96,"description":"When post get request for exportTransactionList \"2016-11-02\" and \"2017-11-02\" and \"\" and \"\" and \"\" and \"FDP\" and \"txt\" and \",\"","duration":931,"startTime":1514871383644,"result":"SUCCESS","children":[{"number":97,"description":"Post get request for export transaction list: https://uat1.merchantportal.firstdata.eu/MerchantApiWeb/rest/secure/impersonation/user/financialData/export/exportTransactionList, 2016-11-02, 2017-11-02, , , , FDP, txt, ,","duration":836,"startTime":1514871383660,"result":"SUCCESS"}]},{"number":98,"description":"Then verify exportTransactionList response status \"error\" and \"MPBE00034\" and \"User does not have privilege to any Merchants data\" and \"\" and \"\" and \"\"","duration":33,"startTime":1514871384575,"result":"SUCCESS","children":[{"number":99,"description":"Verify Download file Response","duration":10,"startTime":1514871384588,"result":"SUCCESS"}]}]}],"userStory":{"id":"merchant-portal-application-api-validation","storyName":"Merchant Portal application API validation","path":"APIupdate.feature","type":"feature"},"featureTag":{"name":"Merchant Portal application API validation","type":"feature"},"title":"Verify the api exports the transaction list of the logged in user","description":"","tags":[{"name":"exportTransactionList","type":"tag"}],"startTime":1514871306346,"duration":78263,"dataTable":{"headers":["report","logindomain","domainurl","status","Message","ErrorCode","userName","password","allianceCode","AuthErrMessage","Authaccessdenied","AuthErrCause","currency","userType","pageNumber","accountStatus","profile","firstName","lastName","period","fromDate","toDate","invoiceId","gsmTopUpFromDate","gsmTopUpToDate","invoiceLineItemId","fundId","merchId","fromAmount","toAmount","source","fileType","delimiter"],"rows":[{"values":["TC01","/MerchantApiWeb/authenticateUser","/MerchantApiWeb/rest/secure/user/financialData/export/exportTransactionList","success","","","DemoAccount1","Password@1","EMS","","","","","","1","","","","","","2016-11-02","2017-11-02","","","","","","","","","","CSV",","],"result":"SUCCESS"},{"values":["TC02","/MerchantApiWeb/authenticateUser","/MerchantApiWeb/rest/secure/user/financialData/export/exportTransactionList","success","","","DemoAccount1","Password@1","EMS","","","","","","1","","","","","","2016-11-02","2017-11-02","","","","","","","","","","XML",","],"result":"SUCCESS"},{"values":["TC03","/MerchantApiWeb/authenticateUser","/MerchantApiWeb/rest/secure/user/financialData/export/exportTransactionList","success","","","DemoAccount1","Password@1","EMS","","","","","","1","","","","","","2016-11-02","2017-11-02","","","","","","","","","","XLS",","],"result":"SUCCESS"},{"values":["TC04","/MerchantApiWeb/authenticateUser","/MerchantApiWeb/rest/secure/user/financialData/export/exportTransactionList","error","Invalid Date format","MPVE00051","DemoAccount1","Password@1","EMS","","","","EUR","","1","","","","","","20161102","2017-11-02","","","","","","65902182","","","","txt",","],"result":"SUCCESS"},{"values":["TC05","/MerchantApiWeb/authenticateUser","/MerchantApiWeb/rest/secure/user/financialData/export/exportTransactionList","error","Invalid Date format","MPVE00051","DemoAccount1","Password@1","EMS","","","","EUR","","1","","","","","","2016-11-02","20171102","","","","","","65902182","","","","txt",","],"result":"SUCCESS"},{"values":["TC07","/MerchantApiWeb/authenticateUser","/MerchantApiWeb/rest/secure/user/financialData/export/exportTransactionList","error","fromDate should be less than toDate","MPVE00053","DemoAccount1","Password@1","EMS","","","","EUR","","1","","","","","","2018-11-02","2017-11-02","","","","","","","","","","txt",","],"result":"SUCCESS"},{"values":["TC08","/MerchantApiWeb/authenticateUser","/MerchantApiWeb/rest/secure/user/financialData/export/exportTransactionList","error","fromAmount is greater than toAmount","MPVE00054","DemoAccount1","Password@1","EMS","","","","EUR","","1","","","","","","2016-11-02","2017-11-02","","","","","","","200","5","","txt",","],"result":"SUCCESS"},{"values":["TC09","/MerchantApiWeb/authenticateUser","/MerchantApiWeb/rest/secure/user/financialData/export/exportTransactionList","error","toDate is required","MPVE00061","DemoAccount1","Password@1","EMS","","","","EUR","","1","","","","","","2016-11-02","","","","","","","65902182","","","","txt",","],"result":"SUCCESS"},{"values":["TC11","/MerchantApiWeb/authenticateUser","/MerchantApiWeb/rest/secure/user/financialData/export/exportTransactionList","error","fromDate is required","MPVE00063","DemoAccount1","Password@1","EMS","","","","EUR","","1","","","","","","","2017-11-02","","","","","","","","","","txt",","],"result":"SUCCESS"},{"values":["TC13","/MerchantApiWeb/authenticateUser","/MerchantApiWeb/rest/secure/user/financialData/export/exportTransactionList","error","Invalid Source","MPVE00090","DemoAccount1","Password@1","EMS","","","","","","1","","","","","","2016-11-02","2017-11-02","","","","","5121421","","","","","txt",","],"result":"SUCCESS"},{"values":["TC15","/MerchantApiWeb/authenticateUser","/MerchantApiWeb/rest/secure/impersonation/user/financialData/export/exportTransactionList","error","User does not have privilege to any Merchants data","MPBE00034","TestAutomationEMS3","Password@1","EMS","","","","","","1","","","","","","2016-11-02","2017-11-02","","","","","","","","","FDP","txt",","],"result":"SUCCESS"}],"predefinedRows":true,"dataSetDescriptors":[{"startRow":0,"rowCount":0,"name":"","description":""}]},"manual":false,"testSource":"Cucumber","result":"SUCCESS"}