{"name":"Verify the api accepts the user\u0027s password notification","testSteps":[{"number":1,"description":"[1] {report\u003dTC01, logindomain\u003d/MerchantApiWeb/authenticateUser, domainurl\u003d/MerchantApiWeb/rest/secure/user/acceptPasswordNotification, status\u003dsuccess, Message\u003d, ErrorCode\u003d, userName\u003dTestAutomation22, password\u003dPassword@1, allianceCode\u003dEMS, AuthErrMessage\u003d, Authaccessdenied\u003d, AuthErrCause\u003d, currency\u003d, userType\u003d, pageNumber\u003d, accountStatus\u003d, profile\u003d, firstName\u003d, lastName\u003d, reasonForBlock\u003d, blockusername\u003d, newPassword\u003d, oldPassword\u003d}","duration":6692,"startTime":1513685438660,"result":"SUCCESS","children":[{"number":2,"description":"Given load request for acceptPasswordNotification \"/MerchantApiWeb/authenticateUser\" and \"/MerchantApiWeb/rest/secure/user/acceptPasswordNotification\" and \"TC01\" and \"TestAutomation22\" and \"Password@1\" and \"EMS\"","duration":4493,"startTime":1513685439258,"result":"SUCCESS","children":[{"number":3,"description":"Loadgetrequestdata: https://uat1.merchantportal.firstdata.eu/MerchantApiWeb/authenticateUser","duration":9,"startTime":1513685439477,"result":"SUCCESS"},{"number":4,"description":"Postrequest authenticate user: https://uat1.merchantportal.firstdata.eu/MerchantApiWeb/authenticateUser, TestAutomation22, Password@1, EMS","duration":4196,"startTime":1513685439490,"result":"SUCCESS"},{"number":5,"description":"Loadgetrequestdata authenticated: https://uat1.merchantportal.firstdata.eu/MerchantApiWeb/rest/secure/user/acceptPasswordNotification, ","duration":5,"startTime":1513685443716,"result":"SUCCESS"}]},{"number":6,"description":"When post request for acceptPasswordNotification","duration":992,"startTime":1513685443751,"result":"SUCCESS","children":[{"number":7,"description":"Postrequest accept password notification: https://uat1.merchantportal.firstdata.eu/MerchantApiWeb/rest/secure/user/acceptPasswordNotification","duration":910,"startTime":1513685443768,"result":"SUCCESS"}]},{"number":8,"description":"Then verify acceptPasswordNotification response status \"success\" and \"\" and \"\" and \"\" and \"\" and \"\"","duration":608,"startTime":1513685444744,"exception":{"errorType":"java.lang.NullPointerException","stackTrace":[{"declaringClass":"api.ValidateRequest","methodName":"verifyresponse","fileName":"ValidateRequest.java","lineNumber":322},{"declaringClass":"stepdefinitions.Apidefinitions","methodName":"verify_acceptPasswordNotification_response_status","fileName":"Apidefinitions.java","lineNumber":7955},{"declaringClass":"✽","methodName":"Then verify acceptPasswordNotification response status \"success\" and \"\" and \"\" and \"\" and \"\" and \"\"","fileName":"APIupdate.feature","lineNumber":1359}]},"result":"ERROR","children":[{"number":9,"description":"Verify Response","duration":568,"startTime":1513685444759,"exception":{"errorType":"java.lang.NullPointerException","stackTrace":[{"declaringClass":"api.ValidateRequest","methodName":"verifyresponse","fileName":"ValidateRequest.java","lineNumber":322},{"declaringClass":"stepdefinitions.Apidefinitions","methodName":"verify_acceptPasswordNotification_response_status","fileName":"Apidefinitions.java","lineNumber":7955},{"declaringClass":"org.eclipse.jdt.internal.junit4.runner.JUnit4TestReference","methodName":"run","fileName":"JUnit4TestReference.java","lineNumber":86},{"declaringClass":"org.eclipse.jdt.internal.junit.runner.TestExecution","methodName":"run","fileName":"TestExecution.java","lineNumber":38},{"declaringClass":"org.eclipse.jdt.internal.junit.runner.RemoteTestRunner","methodName":"runTests","fileName":"RemoteTestRunner.java","lineNumber":459},{"declaringClass":"org.eclipse.jdt.internal.junit.runner.RemoteTestRunner","methodName":"runTests","fileName":"RemoteTestRunner.java","lineNumber":675},{"declaringClass":"org.eclipse.jdt.internal.junit.runner.RemoteTestRunner","methodName":"run","fileName":"RemoteTestRunner.java","lineNumber":382},{"declaringClass":"org.eclipse.jdt.internal.junit.runner.RemoteTestRunner","methodName":"main","fileName":"RemoteTestRunner.java","lineNumber":192}]},"result":"ERROR"}]}]}],"userStory":{"id":"merchant-portal-application-api-validation","storyName":"Merchant Portal application API validation","path":"APIupdate.feature","type":"feature"},"featureTag":{"name":"Merchant Portal application API validation","type":"feature"},"title":"Verify the api accepts the user\u0027s password notification","description":"","tags":[{"name":"acceptPasswordNotification","type":"tag"}],"startTime":1513685438548,"duration":6804,"testFailureCause":{"errorType":"java.lang.NullPointerException","stackTrace":[{"declaringClass":"api.ValidateRequest","methodName":"verifyresponse","fileName":"ValidateRequest.java","lineNumber":322},{"declaringClass":"stepdefinitions.Apidefinitions","methodName":"verify_acceptPasswordNotification_response_status","fileName":"Apidefinitions.java","lineNumber":7955},{"declaringClass":"org.eclipse.jdt.internal.junit4.runner.JUnit4TestReference","methodName":"run","fileName":"JUnit4TestReference.java","lineNumber":86},{"declaringClass":"org.eclipse.jdt.internal.junit.runner.TestExecution","methodName":"run","fileName":"TestExecution.java","lineNumber":38},{"declaringClass":"org.eclipse.jdt.internal.junit.runner.RemoteTestRunner","methodName":"runTests","fileName":"RemoteTestRunner.java","lineNumber":459},{"declaringClass":"org.eclipse.jdt.internal.junit.runner.RemoteTestRunner","methodName":"runTests","fileName":"RemoteTestRunner.java","lineNumber":675},{"declaringClass":"org.eclipse.jdt.internal.junit.runner.RemoteTestRunner","methodName":"run","fileName":"RemoteTestRunner.java","lineNumber":382},{"declaringClass":"org.eclipse.jdt.internal.junit.runner.RemoteTestRunner","methodName":"main","fileName":"RemoteTestRunner.java","lineNumber":192}]},"testFailureClassname":"java.lang.AssertionError","testFailureMessage":"null\r\nnull","annotatedResult":"ERROR","dataTable":{"headers":["report","logindomain","domainurl","status","Message","ErrorCode","userName","password","allianceCode","AuthErrMessage","Authaccessdenied","AuthErrCause","currency","userType","pageNumber","accountStatus","profile","firstName","lastName","reasonForBlock","blockusername","newPassword","oldPassword"],"rows":[{"values":["TC01","/MerchantApiWeb/authenticateUser","/MerchantApiWeb/rest/secure/user/acceptPasswordNotification","success","","","TestAutomation22","Password@1","EMS","","","","","","","","","","","","","",""],"result":"ERROR"}],"predefinedRows":true,"dataSetDescriptors":[{"startRow":0,"rowCount":0,"name":"","description":""}]},"manual":false,"testSource":"Cucumber","result":"ERROR"}