{"name":"Verify the details of the getPaymentTypesByUser summary for the impersonated user","testSteps":[{"number":1,"description":"[1] {report\u003dTC01, logindomain\u003d/MerchantApiWeb/authenticateUser, domainurl\u003d/MerchantApiWeb/rest/secure/impersonation/user/financialData/transaction/getPaymentTypesByUser, status\u003dsuccess, Message\u003d, ErrorCode\u003d, userName\u003dTestAutomation18, password\u003dPassword@1, allianceCode\u003dEMS, AuthErrMessage\u003d, Authaccessdenied\u003d, AuthErrCause\u003d, currency\u003dEUR, userType\u003d, pageNumber\u003d, accountStatus\u003d, profile\u003d, firstName\u003d, lastName\u003d, pseudoUserName\u003dTestAutomation22}","duration":2677,"startTime":1514870377860,"result":"SUCCESS","children":[{"number":2,"description":"Given load request for getPaymentTypesByUserImpersonation \"/MerchantApiWeb/authenticateUser\" and \"/MerchantApiWeb/rest/secure/impersonation/user/financialData/transaction/getPaymentTypesByUser\" and \"TC01\" and \"TestAutomation18\" and \"Password@1\" and \"EMS\"","duration":1449,"startTime":1514870377874,"result":"SUCCESS","children":[{"number":3,"description":"Loadgetrequestdata: https://uat1.merchantportal.firstdata.eu/MerchantApiWeb/authenticateUser","duration":1,"startTime":1514870377971,"result":"SUCCESS"},{"number":4,"description":"Postrequest authenticate user: https://uat1.merchantportal.firstdata.eu/MerchantApiWeb/authenticateUser, TestAutomation18, Password@1, EMS","duration":1296,"startTime":1514870377974,"result":"SUCCESS"},{"number":5,"description":"Loadgetrequestdata uniqueauthentication: https://uat1.merchantportal.firstdata.eu/MerchantApiWeb/rest/secure/impersonation/user/financialData/transaction/getPaymentTypesByUser","duration":1,"startTime":1514870379285,"result":"SUCCESS"}]},{"number":6,"description":"When post get request for getPaymentTypesByUserImpersonation \"TestAutomation22\"","duration":1076,"startTime":1514870379323,"result":"SUCCESS","children":[{"number":7,"description":"Post GET request get payment types by user impersonation: https://uat1.merchantportal.firstdata.eu/MerchantApiWeb/rest/secure/impersonation/user/financialData/transaction/getPaymentTypesByUser, TestAutomation22","duration":1010,"startTime":1514870379339,"result":"SUCCESS"}]},{"number":8,"description":"Then verify getPaymentTypesByUserImpersonation response status \"success\" and \"\" and \"\" and \"\" and \"\" and \"\"","duration":137,"startTime":1514870380400,"result":"SUCCESS","children":[{"number":9,"description":"Verify Response","duration":72,"startTime":1514870380412,"result":"SUCCESS"}]}]}],"userStory":{"id":"merchant-portal-application-api-validation","storyName":"Merchant Portal application API validation","path":"APIupdate.feature","type":"feature"},"featureTag":{"name":"Merchant Portal application API validation","type":"feature"},"title":"Verify the details of the getPaymentTypesByUser summary for the impersonated user","description":"","tags":[{"name":"getPaymentTypesByUserImpersonation","type":"tag"}],"startTime":1514870377860,"duration":2677,"dataTable":{"headers":["report","logindomain","domainurl","status","Message","ErrorCode","userName","password","allianceCode","AuthErrMessage","Authaccessdenied","AuthErrCause","currency","userType","pageNumber","accountStatus","profile","firstName","lastName","pseudoUserName"],"rows":[{"values":["TC01","/MerchantApiWeb/authenticateUser","/MerchantApiWeb/rest/secure/impersonation/user/financialData/transaction/getPaymentTypesByUser","success","","","TestAutomation18","Password@1","EMS","","","","EUR","","","","","","","TestAutomation22"],"result":"SUCCESS"}],"predefinedRows":true,"dataSetDescriptors":[{"startRow":0,"rowCount":0,"name":"","description":""}]},"manual":false,"testSource":"Cucumber","result":"SUCCESS"}