{"name":"Verify the api retrieves the summary of the funding for the impersonated user","testSteps":[{"number":1,"description":"[1] {report\u003dTC01, logindomain\u003d/MerchantApiWeb/authenticateUser, domainurl\u003d/MerchantApiWeb/rest/secure/impersonation/user/financialData/funding/getFundingSummary, status\u003dsuccess, Message\u003d, ErrorCode\u003d, userName\u003dTestAutomation18, password\u003dPassword@1, allianceCode\u003dEMS, AuthErrMessage\u003d, Authaccessdenied\u003d, AuthErrCause\u003d, currency\u003dEUR, userType\u003d, pageNumber\u003d, accountStatus\u003d, profile\u003d, firstName\u003d, lastName\u003d, period\u003d, fromDate\u003d2016-11-02, toDate\u003d2017-11-02, invoiceId\u003d4723680, gsmTopUpFromDate\u003d2016-11-02, gsmTopUpToDate\u003d2017-11-02, invoiceLineItemId\u003d, fundId\u003d5121421, merchId\u003d65902182, pseudoUserName\u003dDemoAccount1}","duration":2597,"startTime":1514871355619,"result":"SUCCESS","children":[{"number":2,"description":"Given load request for getFundingSummaryImpersonation \"/MerchantApiWeb/authenticateUser\" and \"/MerchantApiWeb/rest/secure/impersonation/user/financialData/funding/getFundingSummary\" and \"TC01\" and \"TestAutomation18\" and \"Password@1\" and \"EMS\"","duration":1239,"startTime":1514871355644,"result":"SUCCESS","children":[{"number":3,"description":"Loadgetrequestdata: https://uat1.merchantportal.firstdata.eu/MerchantApiWeb/authenticateUser","duration":1,"startTime":1514871355765,"result":"SUCCESS"},{"number":4,"description":"Postrequest authenticate user: https://uat1.merchantportal.firstdata.eu/MerchantApiWeb/authenticateUser, TestAutomation18, Password@1, EMS","duration":1061,"startTime":1514871355767,"result":"SUCCESS"},{"number":5,"description":"Loadgetrequestdata uniqueauthentication: https://uat1.merchantportal.firstdata.eu/MerchantApiWeb/rest/secure/impersonation/user/financialData/funding/getFundingSummary","duration":0,"startTime":1514871356842,"result":"SUCCESS"}]},{"number":6,"description":"When post get request for getFundingSummaryImpersonation \"EUR\" and \"DemoAccount1\"","duration":1233,"startTime":1514871356884,"result":"SUCCESS","children":[{"number":7,"description":"Post GET request get funding summary impersonation: https://uat1.merchantportal.firstdata.eu/MerchantApiWeb/rest/secure/impersonation/user/financialData/funding/getFundingSummary, EUR, DemoAccount1","duration":1077,"startTime":1514871356902,"result":"SUCCESS"}]},{"number":8,"description":"Then verify getFundingSummaryImpersonation response status \"success\" and \"\" and \"\" and \"\" and \"\" and \"\"","duration":98,"startTime":1514871358118,"result":"SUCCESS","children":[{"number":9,"description":"Verify Response","duration":24,"startTime":1514871358136,"result":"SUCCESS"}]}]},{"number":10,"description":"[1] {report\u003dTC03, logindomain\u003d/MerchantApiWeb/authenticateUser, domainurl\u003d/MerchantApiWeb/rest/secure/impersonation/user/financialData/funding/getFundingSummary, status\u003derror, Message\u003dCurrency can\u0027t be empty, ErrorCode\u003dMPVE00076, userName\u003dTestAutomation18, password\u003dPassword@1, allianceCode\u003dEMS, AuthErrMessage\u003d, Authaccessdenied\u003d, AuthErrCause\u003d, currency\u003d, userType\u003d, pageNumber\u003d, accountStatus\u003d, profile\u003d, firstName\u003d, lastName\u003d, period\u003d, fromDate\u003d2016-11-02, toDate\u003d2017-11-02, invoiceId\u003d4723680, gsmTopUpFromDate\u003d2016-11-02, gsmTopUpToDate\u003d2017-11-02, invoiceLineItemId\u003d, fundId\u003dabdchfv, merchId\u003d65902182, pseudoUserName\u003dDemoAccount1}","duration":2514,"startTime":1514871363263,"result":"SUCCESS","children":[{"number":11,"description":"Given load request for getFundingSummaryImpersonation \"/MerchantApiWeb/authenticateUser\" and \"/MerchantApiWeb/rest/secure/impersonation/user/financialData/funding/getFundingSummary\" and \"TC03\" and \"TestAutomation18\" and \"Password@1\" and \"EMS\"","duration":1200,"startTime":1514871363277,"result":"SUCCESS","children":[{"number":12,"description":"Loadgetrequestdata: https://uat1.merchantportal.firstdata.eu/MerchantApiWeb/authenticateUser","duration":1,"startTime":1514871363384,"result":"SUCCESS"},{"number":13,"description":"Postrequest authenticate user: https://uat1.merchantportal.firstdata.eu/MerchantApiWeb/authenticateUser, TestAutomation18, Password@1, EMS","duration":1057,"startTime":1514871363386,"result":"SUCCESS"},{"number":14,"description":"Loadgetrequestdata uniqueauthentication: https://uat1.merchantportal.firstdata.eu/MerchantApiWeb/rest/secure/impersonation/user/financialData/funding/getFundingSummary","duration":1,"startTime":1514871364452,"result":"SUCCESS"}]},{"number":15,"description":"When post get request for getFundingSummaryImpersonation \"\" and \"DemoAccount1\"","duration":957,"startTime":1514871364478,"result":"SUCCESS","children":[{"number":16,"description":"Post GET request get funding summary impersonation: https://uat1.merchantportal.firstdata.eu/MerchantApiWeb/rest/secure/impersonation/user/financialData/funding/getFundingSummary, , DemoAccount1","duration":863,"startTime":1514871364493,"result":"SUCCESS"}]},{"number":17,"description":"Then verify getFundingSummaryImpersonation response status \"error\" and \"MPVE00076\" and \"Currency can\u0027t be empty\" and \"\" and \"\" and \"\"","duration":341,"startTime":1514871365436,"result":"SUCCESS","children":[{"number":18,"description":"Verify Response","duration":193,"startTime":1514871365452,"result":"SUCCESS"}]}]},{"number":19,"description":"[1] {report\u003dTC04, logindomain\u003d/MerchantApiWeb/authenticateUser, domainurl\u003d/MerchantApiWeb/rest/secure/impersonation/user/financialData/funding/getFundingSummary, status\u003derror, Message\u003dUsername can\u0027t be empty, ErrorCode\u003dMPVE00001, userName\u003dTestAutomation18, password\u003dPassword@1, allianceCode\u003dEMS, AuthErrMessage\u003d, Authaccessdenied\u003d, AuthErrCause\u003d, currency\u003dEUR, userType\u003d, pageNumber\u003d, accountStatus\u003d, profile\u003d, firstName\u003d, lastName\u003d, period\u003d, fromDate\u003d2016-11-02, toDate\u003d2017-11-02, invoiceId\u003d4723680, gsmTopUpFromDate\u003d2016-11-02, gsmTopUpToDate\u003d2017-11-02, invoiceLineItemId\u003d, fundId\u003d512abcv, merchId\u003d65902182, pseudoUserName\u003d}","duration":2375,"startTime":1514871369719,"result":"SUCCESS","children":[{"number":20,"description":"Given load request for getFundingSummaryImpersonation \"/MerchantApiWeb/authenticateUser\" and \"/MerchantApiWeb/rest/secure/impersonation/user/financialData/funding/getFundingSummary\" and \"TC04\" and \"TestAutomation18\" and \"Password@1\" and \"EMS\"","duration":1229,"startTime":1514871369759,"result":"SUCCESS","children":[{"number":21,"description":"Loadgetrequestdata: https://uat1.merchantportal.firstdata.eu/MerchantApiWeb/authenticateUser","duration":1,"startTime":1514871369829,"result":"SUCCESS"},{"number":22,"description":"Postrequest authenticate user: https://uat1.merchantportal.firstdata.eu/MerchantApiWeb/authenticateUser, TestAutomation18, Password@1, EMS","duration":1123,"startTime":1514871369831,"result":"SUCCESS"},{"number":23,"description":"Loadgetrequestdata uniqueauthentication: https://uat1.merchantportal.firstdata.eu/MerchantApiWeb/rest/secure/impersonation/user/financialData/funding/getFundingSummary","duration":1,"startTime":1514871370961,"result":"SUCCESS"}]},{"number":24,"description":"When post get request for getFundingSummaryImpersonation \"EUR\" and \"\"","duration":893,"startTime":1514871370988,"result":"SUCCESS","children":[{"number":25,"description":"Post GET request get funding summary impersonation: https://uat1.merchantportal.firstdata.eu/MerchantApiWeb/rest/secure/impersonation/user/financialData/funding/getFundingSummary, EUR, ","duration":833,"startTime":1514871371001,"result":"SUCCESS"}]},{"number":26,"description":"Then verify getFundingSummaryImpersonation response status \"error\" and \"MPVE00001\" and \"Username can\u0027t be empty\" and \"\" and \"\" and \"\"","duration":211,"startTime":1514871371882,"result":"SUCCESS","children":[{"number":27,"description":"Verify Response","duration":54,"startTime":1514871371898,"result":"SUCCESS"}]}]},{"number":28,"description":"[1] {report\u003dTC05, logindomain\u003d/MerchantApiWeb/authenticateUser, domainurl\u003d/MerchantApiWeb/rest/secure/impersonation/user/financialData/funding/getFundingSummary, status\u003derror, Message\u003dUsername should be greater than 8 and less than 50 characters, ErrorCode\u003dMPVE00002, userName\u003dTestAutomation18, password\u003dPassword@1, allianceCode\u003dEMS, AuthErrMessage\u003d, Authaccessdenied\u003d, AuthErrCause\u003d, currency\u003dEUR, userType\u003d, pageNumber\u003d, accountStatus\u003d, profile\u003d, firstName\u003d, lastName\u003d, period\u003d, fromDate\u003d2016-11-02, toDate\u003d2017-11-02, invoiceId\u003d4723680, gsmTopUpFromDate\u003d2016-11-02, gsmTopUpToDate\u003d2017-11-02, invoiceLineItemId\u003d, fundId\u003d5121421, merchId\u003daskjdhqe, pseudoUserName\u003dTest}","duration":2444,"startTime":1514871376139,"result":"SUCCESS","children":[{"number":29,"description":"Given load request for getFundingSummaryImpersonation \"/MerchantApiWeb/authenticateUser\" and \"/MerchantApiWeb/rest/secure/impersonation/user/financialData/funding/getFundingSummary\" and \"TC05\" and \"TestAutomation18\" and \"Password@1\" and \"EMS\"","duration":1241,"startTime":1514871376157,"result":"SUCCESS","children":[{"number":30,"description":"Loadgetrequestdata: https://uat1.merchantportal.firstdata.eu/MerchantApiWeb/authenticateUser","duration":0,"startTime":1514871376272,"result":"SUCCESS"},{"number":31,"description":"Postrequest authenticate user: https://uat1.merchantportal.firstdata.eu/MerchantApiWeb/authenticateUser, TestAutomation18, Password@1, EMS","duration":1092,"startTime":1514871376273,"result":"SUCCESS"},{"number":32,"description":"Loadgetrequestdata uniqueauthentication: https://uat1.merchantportal.firstdata.eu/MerchantApiWeb/rest/secure/impersonation/user/financialData/funding/getFundingSummary","duration":0,"startTime":1514871377373,"result":"SUCCESS"}]},{"number":33,"description":"When post get request for getFundingSummaryImpersonation \"EUR\" and \"Test\"","duration":918,"startTime":1514871377399,"result":"SUCCESS","children":[{"number":34,"description":"Post GET request get funding summary impersonation: https://uat1.merchantportal.firstdata.eu/MerchantApiWeb/rest/secure/impersonation/user/financialData/funding/getFundingSummary, EUR, Test","duration":849,"startTime":1514871377412,"result":"SUCCESS"}]},{"number":35,"description":"Then verify getFundingSummaryImpersonation response status \"error\" and \"MPVE00002\" and \"Username should be greater than 8 and less than 50 characters\" and \"\" and \"\" and \"\"","duration":266,"startTime":1514871378317,"result":"SUCCESS","children":[{"number":36,"description":"Verify Response","duration":60,"startTime":1514871378330,"result":"SUCCESS"}]}]},{"number":37,"description":"[1] {report\u003dTC06, logindomain\u003d/MerchantApiWeb/authenticateUser, domainurl\u003d/MerchantApiWeb/rest/secure/impersonation/user/financialData/funding/getFundingSummary, status\u003derror, Message\u003dUsername should be greater than 8 and less than 50 characters, ErrorCode\u003dMPVE00002, userName\u003dTestAutomation18, password\u003dPassword@1, allianceCode\u003dEMS, AuthErrMessage\u003d, Authaccessdenied\u003d, AuthErrCause\u003d, currency\u003dEUR, userType\u003d, pageNumber\u003d, accountStatus\u003d, profile\u003d, firstName\u003d, lastName\u003d, period\u003d, fromDate\u003d2016-11-02, toDate\u003d2017-11-02, invoiceId\u003d4723680, gsmTopUpFromDate\u003d2016-11-02, gsmTopUpToDate\u003d2017-11-02, invoiceLineItemId\u003d, fundId\u003d5121421, merchId\u003d6590abcd, pseudoUserName\u003dTest123456978132456978123456798132456798456798123465}","duration":2354,"startTime":1514871383128,"result":"SUCCESS","children":[{"number":38,"description":"Given load request for getFundingSummaryImpersonation \"/MerchantApiWeb/authenticateUser\" and \"/MerchantApiWeb/rest/secure/impersonation/user/financialData/funding/getFundingSummary\" and \"TC06\" and \"TestAutomation18\" and \"Password@1\" and \"EMS\"","duration":1160,"startTime":1514871383141,"result":"SUCCESS","children":[{"number":39,"description":"Loadgetrequestdata: https://uat1.merchantportal.firstdata.eu/MerchantApiWeb/authenticateUser","duration":0,"startTime":1514871383213,"result":"SUCCESS"},{"number":40,"description":"Postrequest authenticate user: https://uat1.merchantportal.firstdata.eu/MerchantApiWeb/authenticateUser, TestAutomation18, Password@1, EMS","duration":1049,"startTime":1514871383214,"result":"SUCCESS"},{"number":41,"description":"Loadgetrequestdata uniqueauthentication: https://uat1.merchantportal.firstdata.eu/MerchantApiWeb/rest/secure/impersonation/user/financialData/funding/getFundingSummary","duration":1,"startTime":1514871384273,"result":"SUCCESS"}]},{"number":42,"description":"When post get request for getFundingSummaryImpersonation \"EUR\" and \"Test123456978132456978123456798132456798456798123465\"","duration":938,"startTime":1514871384302,"result":"SUCCESS","children":[{"number":43,"description":"Post GET request get funding summary impersonation: https://uat1.merchantportal.firstdata.eu/MerchantApiWeb/rest/secure/impersonation/user/financialData/funding/getFundingSummary, EUR, Test123456978132456978123456798132456798456798123465","duration":876,"startTime":1514871384314,"result":"SUCCESS"}]},{"number":44,"description":"Then verify getFundingSummaryImpersonation response status \"error\" and \"MPVE00002\" and \"Username should be greater than 8 and less than 50 characters\" and \"\" and \"\" and \"\"","duration":242,"startTime":1514871385240,"result":"SUCCESS","children":[{"number":45,"description":"Verify Response","duration":59,"startTime":1514871385255,"result":"SUCCESS"}]}]},{"number":46,"description":"[1] {report\u003dTC07, logindomain\u003d/MerchantApiWeb/authenticateUser, domainurl\u003d/MerchantApiWeb/rest/secure/impersonation/user/financialData/funding/getFundingSummary, status\u003derror, Message\u003dUsername contain special characters or empty spaces, ErrorCode\u003dMPVE00003, userName\u003dTestAutomation18, password\u003dPassword@1, allianceCode\u003dEMS, AuthErrMessage\u003d, Authaccessdenied\u003d, AuthErrCause\u003d, currency\u003dEUR, userType\u003d, pageNumber\u003d, accountStatus\u003d, profile\u003d, firstName\u003d, lastName\u003d, period\u003d, fromDate\u003d2016-11-02, toDate\u003d2017-11-02, invoiceId\u003d4723680, gsmTopUpFromDate\u003d2016-11-02, gsmTopUpToDate\u003d2017-11-02, invoiceLineItemId\u003d, fundId\u003d5121421, merchId\u003daskjdhqe, pseudoUserName\u003dTest!$#@^}","duration":2372,"startTime":1514871391211,"result":"SUCCESS","children":[{"number":47,"description":"Given load request for getFundingSummaryImpersonation \"/MerchantApiWeb/authenticateUser\" and \"/MerchantApiWeb/rest/secure/impersonation/user/financialData/funding/getFundingSummary\" and \"TC07\" and \"TestAutomation18\" and \"Password@1\" and \"EMS\"","duration":1287,"startTime":1514871391225,"result":"SUCCESS","children":[{"number":48,"description":"Loadgetrequestdata: https://uat1.merchantportal.firstdata.eu/MerchantApiWeb/authenticateUser","duration":5,"startTime":1514871391372,"result":"SUCCESS"},{"number":49,"description":"Postrequest authenticate user: https://uat1.merchantportal.firstdata.eu/MerchantApiWeb/authenticateUser, TestAutomation18, Password@1, EMS","duration":1094,"startTime":1514871391388,"result":"SUCCESS"},{"number":50,"description":"Loadgetrequestdata uniqueauthentication: https://uat1.merchantportal.firstdata.eu/MerchantApiWeb/rest/secure/impersonation/user/financialData/funding/getFundingSummary","duration":1,"startTime":1514871392488,"result":"SUCCESS"}]},{"number":51,"description":"When post get request for getFundingSummaryImpersonation \"EUR\" and \"Test!$#@^\"","duration":876,"startTime":1514871392513,"result":"SUCCESS","children":[{"number":52,"description":"Post GET request get funding summary impersonation: https://uat1.merchantportal.firstdata.eu/MerchantApiWeb/rest/secure/impersonation/user/financialData/funding/getFundingSummary, EUR, Test!$#@^","duration":815,"startTime":1514871392525,"result":"SUCCESS"}]},{"number":53,"description":"Then verify getFundingSummaryImpersonation response status \"error\" and \"MPVE00003\" and \"Username contain special characters or empty spaces\" and \"\" and \"\" and \"\"","duration":194,"startTime":1514871393389,"result":"SUCCESS","children":[{"number":54,"description":"Verify Response","duration":57,"startTime":1514871393403,"result":"SUCCESS"}]}]},{"number":55,"description":"[1] {report\u003dTC08, logindomain\u003d/MerchantApiWeb/authenticateUser, domainurl\u003d/MerchantApiWeb/rest/secure/impersonation/user/financialData/funding/getFundingSummary, status\u003derror, Message\u003dUsername contain special characters or empty spaces, ErrorCode\u003dMPVE00003, userName\u003dTestAutomation18, password\u003dPassword@1, allianceCode\u003dEMS, AuthErrMessage\u003d, Authaccessdenied\u003d, AuthErrCause\u003d, currency\u003dEUR, userType\u003d, pageNumber\u003d, accountStatus\u003d, profile\u003d, firstName\u003d, lastName\u003d, period\u003d, fromDate\u003d2016-11-02, toDate\u003d2017-11-02, invoiceId\u003d4723680, gsmTopUpFromDate\u003d2016-11-02, gsmTopUpToDate\u003d2017-11-02, invoiceLineItemId\u003d, fundId\u003d5121421, merchId\u003d6590abcd, pseudoUserName\u003dTest Automation}","duration":2408,"startTime":1514871397134,"result":"SUCCESS","children":[{"number":56,"description":"Given load request for getFundingSummaryImpersonation \"/MerchantApiWeb/authenticateUser\" and \"/MerchantApiWeb/rest/secure/impersonation/user/financialData/funding/getFundingSummary\" and \"TC08\" and \"TestAutomation18\" and \"Password@1\" and \"EMS\"","duration":1200,"startTime":1514871397151,"result":"SUCCESS","children":[{"number":57,"description":"Loadgetrequestdata: https://uat1.merchantportal.firstdata.eu/MerchantApiWeb/authenticateUser","duration":0,"startTime":1514871397237,"result":"SUCCESS"},{"number":58,"description":"Postrequest authenticate user: https://uat1.merchantportal.firstdata.eu/MerchantApiWeb/authenticateUser, TestAutomation18, Password@1, EMS","duration":1082,"startTime":1514871397239,"result":"SUCCESS"},{"number":59,"description":"Loadgetrequestdata uniqueauthentication: https://uat1.merchantportal.firstdata.eu/MerchantApiWeb/rest/secure/impersonation/user/financialData/funding/getFundingSummary","duration":0,"startTime":1514871398328,"result":"SUCCESS"}]},{"number":60,"description":"When post get request for getFundingSummaryImpersonation \"EUR\" and \"Test Automation\"","duration":924,"startTime":1514871398351,"result":"SUCCESS","children":[{"number":61,"description":"Post GET request get funding summary impersonation: https://uat1.merchantportal.firstdata.eu/MerchantApiWeb/rest/secure/impersonation/user/financialData/funding/getFundingSummary, EUR, Test Automation","duration":844,"startTime":1514871398365,"result":"SUCCESS"}]},{"number":62,"description":"Then verify getFundingSummaryImpersonation response status \"error\" and \"MPVE00003\" and \"Username contain special characters or empty spaces\" and \"\" and \"\" and \"\"","duration":265,"startTime":1514871399276,"result":"SUCCESS","children":[{"number":63,"description":"Verify Response","duration":125,"startTime":1514871399289,"result":"SUCCESS"}]}]}],"userStory":{"id":"merchant-portal-application-api-validation","storyName":"Merchant Portal application API validation","path":"APIupdate.feature","type":"feature"},"featureTag":{"name":"Merchant Portal application API validation","type":"feature"},"title":"Verify the api retrieves the summary of the funding for the impersonated user","description":"","tags":[{"name":"getFundingSummaryImpersonation","type":"tag"}],"startTime":1514871355619,"duration":43923,"dataTable":{"headers":["report","logindomain","domainurl","status","Message","ErrorCode","userName","password","allianceCode","AuthErrMessage","Authaccessdenied","AuthErrCause","currency","userType","pageNumber","accountStatus","profile","firstName","lastName","period","fromDate","toDate","invoiceId","gsmTopUpFromDate","gsmTopUpToDate","invoiceLineItemId","fundId","merchId","pseudoUserName"],"rows":[{"values":["TC01","/MerchantApiWeb/authenticateUser","/MerchantApiWeb/rest/secure/impersonation/user/financialData/funding/getFundingSummary","success","","","TestAutomation18","Password@1","EMS","","","","EUR","","","","","","","","2016-11-02","2017-11-02","4723680","2016-11-02","2017-11-02","","5121421","65902182","DemoAccount1"],"result":"SUCCESS"},{"values":["TC03","/MerchantApiWeb/authenticateUser","/MerchantApiWeb/rest/secure/impersonation/user/financialData/funding/getFundingSummary","error","Currency can\u0027t be empty","MPVE00076","TestAutomation18","Password@1","EMS","","","","","","","","","","","","2016-11-02","2017-11-02","4723680","2016-11-02","2017-11-02","","abdchfv","65902182","DemoAccount1"],"result":"SUCCESS"},{"values":["TC04","/MerchantApiWeb/authenticateUser","/MerchantApiWeb/rest/secure/impersonation/user/financialData/funding/getFundingSummary","error","Username can\u0027t be empty","MPVE00001","TestAutomation18","Password@1","EMS","","","","EUR","","","","","","","","2016-11-02","2017-11-02","4723680","2016-11-02","2017-11-02","","512abcv","65902182",""],"result":"SUCCESS"},{"values":["TC05","/MerchantApiWeb/authenticateUser","/MerchantApiWeb/rest/secure/impersonation/user/financialData/funding/getFundingSummary","error","Username should be greater than 8 and less than 50 characters","MPVE00002","TestAutomation18","Password@1","EMS","","","","EUR","","","","","","","","2016-11-02","2017-11-02","4723680","2016-11-02","2017-11-02","","5121421","askjdhqe","Test"],"result":"SUCCESS"},{"values":["TC06","/MerchantApiWeb/authenticateUser","/MerchantApiWeb/rest/secure/impersonation/user/financialData/funding/getFundingSummary","error","Username should be greater than 8 and less than 50 characters","MPVE00002","TestAutomation18","Password@1","EMS","","","","EUR","","","","","","","","2016-11-02","2017-11-02","4723680","2016-11-02","2017-11-02","","5121421","6590abcd","Test123456978132456978123456798132456798456798123465"],"result":"SUCCESS"},{"values":["TC07","/MerchantApiWeb/authenticateUser","/MerchantApiWeb/rest/secure/impersonation/user/financialData/funding/getFundingSummary","error","Username contain special characters or empty spaces","MPVE00003","TestAutomation18","Password@1","EMS","","","","EUR","","","","","","","","2016-11-02","2017-11-02","4723680","2016-11-02","2017-11-02","","5121421","askjdhqe","Test!$#@^"],"result":"SUCCESS"},{"values":["TC08","/MerchantApiWeb/authenticateUser","/MerchantApiWeb/rest/secure/impersonation/user/financialData/funding/getFundingSummary","error","Username contain special characters or empty spaces","MPVE00003","TestAutomation18","Password@1","EMS","","","","EUR","","","","","","","","2016-11-02","2017-11-02","4723680","2016-11-02","2017-11-02","","5121421","6590abcd","Test Automation"],"result":"SUCCESS"}],"predefinedRows":true,"dataSetDescriptors":[{"startRow":0,"rowCount":0,"name":"","description":""}]},"manual":false,"testSource":"Cucumber","result":"SUCCESS"}