{"name":"Verify the api provides the ReportPos of invoice","testSteps":[{"number":1,"description":"[1] {report\u003dTC01, logindomain\u003d/MerchantApiWeb/authenticateUser, domainurl\u003d/MerchantApiWeb/rest/secure/user/financialData/invoice/getInvoiceReportPos, status\u003dsuccess, Message\u003d, ErrorCode\u003d, userName\u003dTheBatman, password\u003dPass123!, allianceCode\u003dFDP, AuthErrMessage\u003d, Authaccessdenied\u003d, AuthErrCause\u003d, currency\u003dPLN, userType\u003d, pageNumber\u003d, accountStatus\u003d, profile\u003d, firstName\u003d, lastName\u003d, period\u003d, fromDate\u003d2016-11-02, toDate\u003d2017-11-02, invoiceId\u003d4723680, timeZone\u003d, fileType\u003dXLS}","duration":3527,"startTime":1514870538140,"result":"SUCCESS","children":[{"number":2,"description":"Given load request for getInvoiceReportPos \"/MerchantApiWeb/authenticateUser\" and \"/MerchantApiWeb/rest/secure/user/financialData/invoice/getInvoiceReportPos\" and \"TC01\" and \"TheBatman\" and \"Pass123!\" and \"FDP\"","duration":1686,"startTime":1514870538199,"result":"SUCCESS","children":[{"number":3,"description":"Loadgetrequestdata: https://uat1.merchantportal.firstdata.eu/MerchantApiWeb/authenticateUser","duration":1,"startTime":1514870538301,"result":"SUCCESS"},{"number":4,"description":"Postrequest authenticate user: https://uat1.merchantportal.firstdata.eu/MerchantApiWeb/authenticateUser, TheBatman, Pass123!, FDP","duration":1539,"startTime":1514870538303,"result":"SUCCESS"},{"number":5,"description":"Loadgetrequestdata export download: https://uat1.merchantportal.firstdata.eu/MerchantApiWeb/rest/secure/user/financialData/invoice/getInvoiceReportPos","duration":0,"startTime":1514870539850,"result":"SUCCESS"}]},{"number":6,"description":"When post get request for getInvoiceReportPos \"4723680\" and \"\" and \"XLS\"","duration":1639,"startTime":1514870539886,"result":"SUCCESS","children":[{"number":7,"description":"Post GET request get invoice report pos: https://uat1.merchantportal.firstdata.eu/MerchantApiWeb/rest/secure/user/financialData/invoice/getInvoiceReportPos, 4723680, , XLS","duration":1561,"startTime":1514870539899,"result":"SUCCESS"}]},{"number":8,"description":"Then verify getInvoiceReportPos response status \"success\" and \"\" and \"\" and \"\" and \"\" and \"\"","duration":140,"startTime":1514870541526,"result":"SUCCESS","children":[{"number":9,"description":"Verify Download file Response","duration":87,"startTime":1514870541540,"result":"SUCCESS"}]}]}],"userStory":{"id":"merchant-portal-application-api-validation","storyName":"Merchant Portal application API validation","path":"APIupdate.feature","type":"feature"},"featureTag":{"name":"Merchant Portal application API validation","type":"feature"},"title":"Verify the api provides the ReportPos of invoice","description":"","tags":[{"name":"getInvoiceReportPos","type":"tag"}],"startTime":1514870538140,"duration":3527,"dataTable":{"headers":["report","logindomain","domainurl","status","Message","ErrorCode","userName","password","allianceCode","AuthErrMessage","Authaccessdenied","AuthErrCause","currency","userType","pageNumber","accountStatus","profile","firstName","lastName","period","fromDate","toDate","invoiceId","timeZone","fileType"],"rows":[{"values":["TC01","/MerchantApiWeb/authenticateUser","/MerchantApiWeb/rest/secure/user/financialData/invoice/getInvoiceReportPos","success","","","TheBatman","Pass123!","FDP","","","","PLN","","","","","","","","2016-11-02","2017-11-02","4723680","","XLS"],"result":"SUCCESS"}],"predefinedRows":true,"dataSetDescriptors":[{"startRow":0,"rowCount":0,"name":"","description":""}]},"manual":false,"testSource":"Cucumber","result":"SUCCESS"}