{"name":"Verify the api retrieves the Terminal Rental List in the specified file format","testSteps":[{"number":1,"description":"[1] {report\u003dTC01, logindomain\u003d/MerchantApiWeb/authenticateUser, domainurl\u003d/MerchantApiWeb/rest/secure/user/financialData/export/exportTerminalRentalList, status\u003dsuccess, Message\u003d, ErrorCode\u003d, userName\u003dTheBatman, password\u003dPass123!, allianceCode\u003dFDP, AuthErrMessage\u003d, Authaccessdenied\u003d, AuthErrCause\u003d, currency\u003d, userType\u003d, pageNumber\u003d1, accountStatus\u003d, profile\u003d, firstName\u003d, lastName\u003d, posCode\u003d, posSubType\u003d, merchantType\u003d, fundId\u003d, invoiceLineItemId\u003d35595134, source\u003dINVOICE, fileType\u003dCSV, delimiter\u003d,}","duration":11445,"startTime":1514871526699,"result":"SUCCESS","children":[{"number":2,"description":"Given load request for exportTerminalRentalList \"/MerchantApiWeb/authenticateUser\" and \"/MerchantApiWeb/rest/secure/user/financialData/export/exportTerminalRentalList\" and \"TC01\" and \"TheBatman\" and \"Pass123!\" and \"FDP\"","duration":4861,"startTime":1514871526714,"result":"SUCCESS","children":[{"number":3,"description":"Loadgetrequestdata: https://uat1.merchantportal.firstdata.eu/MerchantApiWeb/authenticateUser","duration":1,"startTime":1514871526785,"result":"SUCCESS"},{"number":4,"description":"Postrequest authenticate user: https://uat1.merchantportal.firstdata.eu/MerchantApiWeb/authenticateUser, TheBatman, Pass123!, FDP","duration":4746,"startTime":1514871526787,"result":"SUCCESS"},{"number":5,"description":"Loadgetrequestdata export download: https://uat1.merchantportal.firstdata.eu/MerchantApiWeb/rest/secure/user/financialData/export/exportTerminalRentalList","duration":1,"startTime":1514871531550,"result":"SUCCESS"}]},{"number":6,"description":"When post get request for exportTerminalRentalList  \"1\" and \"\" and \"35595134\" and \"INVOICE\" and \"CSV\" and \",\"","duration":6417,"startTime":1514871531575,"result":"SUCCESS","children":[{"number":7,"description":"Post GET request export terminal rental list: https://uat1.merchantportal.firstdata.eu/MerchantApiWeb/rest/secure/user/financialData/export/exportTerminalRentalList, 1, , 35595134, INVOICE, CSV, ,","duration":6323,"startTime":1514871531591,"result":"SUCCESS"}]},{"number":8,"description":"Then verify exportTerminalRentalList response status \"success\" and \"\" and \"\" and \"\" and \"\" and \"\"","duration":152,"startTime":1514871537992,"result":"SUCCESS","children":[{"number":9,"description":"Verify Download file Response","duration":97,"startTime":1514871538007,"result":"SUCCESS"}]}]},{"number":10,"description":"[1] {report\u003dTC02, logindomain\u003d/MerchantApiWeb/authenticateUser, domainurl\u003d/MerchantApiWeb/rest/secure/user/financialData/export/exportTerminalRentalList, status\u003dsuccess, Message\u003d, ErrorCode\u003d, userName\u003dTheBatman, password\u003dPass123!, allianceCode\u003dFDP, AuthErrMessage\u003d, Authaccessdenied\u003d, AuthErrCause\u003d, currency\u003d, userType\u003d, pageNumber\u003d1, accountStatus\u003d, profile\u003d, firstName\u003d, lastName\u003d, posCode\u003d, posSubType\u003d, merchantType\u003d, fundId\u003d, invoiceLineItemId\u003d35595134, source\u003dINVOICE, fileType\u003dXML, delimiter\u003d,}","duration":6810,"startTime":1514871541763,"result":"SUCCESS","children":[{"number":11,"description":"Given load request for exportTerminalRentalList \"/MerchantApiWeb/authenticateUser\" and \"/MerchantApiWeb/rest/secure/user/financialData/export/exportTerminalRentalList\" and \"TC02\" and \"TheBatman\" and \"Pass123!\" and \"FDP\"","duration":4725,"startTime":1514871541840,"result":"SUCCESS","children":[{"number":12,"description":"Loadgetrequestdata: https://uat1.merchantportal.firstdata.eu/MerchantApiWeb/authenticateUser","duration":1,"startTime":1514871541918,"result":"SUCCESS"},{"number":13,"description":"Postrequest authenticate user: https://uat1.merchantportal.firstdata.eu/MerchantApiWeb/authenticateUser, TheBatman, Pass123!, FDP","duration":4607,"startTime":1514871541919,"result":"SUCCESS"},{"number":14,"description":"Loadgetrequestdata export download: https://uat1.merchantportal.firstdata.eu/MerchantApiWeb/rest/secure/user/financialData/export/exportTerminalRentalList","duration":1,"startTime":1514871546533,"result":"SUCCESS"}]},{"number":15,"description":"When post get request for exportTerminalRentalList  \"1\" and \"\" and \"35595134\" and \"INVOICE\" and \"XML\" and \",\"","duration":1491,"startTime":1514871546565,"result":"SUCCESS","children":[{"number":16,"description":"Post GET request export terminal rental list: https://uat1.merchantportal.firstdata.eu/MerchantApiWeb/rest/secure/user/financialData/export/exportTerminalRentalList, 1, , 35595134, INVOICE, XML, ,","duration":1395,"startTime":1514871546577,"result":"SUCCESS"}]},{"number":17,"description":"Then verify exportTerminalRentalList response status \"success\" and \"\" and \"\" and \"\" and \"\" and \"\"","duration":516,"startTime":1514871548057,"result":"SUCCESS","children":[{"number":18,"description":"Verify Download file Response","duration":448,"startTime":1514871548072,"result":"SUCCESS"}]}]},{"number":19,"description":"[1] {report\u003dTC04, logindomain\u003d/MerchantApiWeb/authenticateUser, domainurl\u003d/MerchantApiWeb/rest/secure/user/financialData/export/exportTerminalRentalList, status\u003derror, Message\u003dInvoiceLineItemId is required, ErrorCode\u003dMPVE00117, userName\u003dTheBatman, password\u003dPass123!, allianceCode\u003dFDP, AuthErrMessage\u003d, Authaccessdenied\u003d, AuthErrCause\u003d, currency\u003d, userType\u003d, pageNumber\u003d1, accountStatus\u003d, profile\u003d, firstName\u003d, lastName\u003d, posCode\u003d, posSubType\u003d, merchantType\u003d, fundId\u003d, invoiceLineItemId\u003d, source\u003dINVOICE, fileType\u003dtxt, delimiter\u003d,}","duration":5142,"startTime":1514871553078,"result":"SUCCESS","children":[{"number":20,"description":"Given load request for exportTerminalRentalList \"/MerchantApiWeb/authenticateUser\" and \"/MerchantApiWeb/rest/secure/user/financialData/export/exportTerminalRentalList\" and \"TC04\" and \"TheBatman\" and \"Pass123!\" and \"FDP\"","duration":3905,"startTime":1514871553090,"result":"SUCCESS","children":[{"number":21,"description":"Loadgetrequestdata: https://uat1.merchantportal.firstdata.eu/MerchantApiWeb/authenticateUser","duration":0,"startTime":1514871553167,"result":"SUCCESS"},{"number":22,"description":"Postrequest authenticate user: https://uat1.merchantportal.firstdata.eu/MerchantApiWeb/authenticateUser, TheBatman, Pass123!, FDP","duration":3770,"startTime":1514871553168,"result":"SUCCESS"},{"number":23,"description":"Loadgetrequestdata export download: https://uat1.merchantportal.firstdata.eu/MerchantApiWeb/rest/secure/user/financialData/export/exportTerminalRentalList","duration":0,"startTime":1514871556963,"result":"SUCCESS"}]},{"number":24,"description":"When post get request for exportTerminalRentalList  \"1\" and \"\" and \"\" and \"INVOICE\" and \"txt\" and \",\"","duration":966,"startTime":1514871556996,"result":"SUCCESS","children":[{"number":25,"description":"Post GET request export terminal rental list: https://uat1.merchantportal.firstdata.eu/MerchantApiWeb/rest/secure/user/financialData/export/exportTerminalRentalList, 1, , , INVOICE, txt, ,","duration":876,"startTime":1514871557031,"result":"SUCCESS"}]},{"number":26,"description":"Then verify exportTerminalRentalList response status \"error\" and \"MPVE00117\" and \"InvoiceLineItemId is required\" and \"\" and \"\" and \"\"","duration":257,"startTime":1514871557963,"result":"SUCCESS","children":[{"number":27,"description":"Verify Download file Response","duration":93,"startTime":1514871557975,"result":"SUCCESS"}]}]},{"number":28,"description":"[1] {report\u003dTC05, logindomain\u003d/MerchantApiWeb/authenticateUser, domainurl\u003d/MerchantApiWeb/rest/secure/user/financialData/export/exportTerminalRentalList, status\u003derror, Message\u003dInvalid Source, ErrorCode\u003dMPVE00090, userName\u003dTheBatman, password\u003dPass123!, allianceCode\u003dFDP, AuthErrMessage\u003d, Authaccessdenied\u003d, AuthErrCause\u003d, currency\u003d, userType\u003d, pageNumber\u003d1, accountStatus\u003d, profile\u003d, firstName\u003d, lastName\u003d, posCode\u003d71479325, posSubType\u003dA, merchantType\u003dP, fundId\u003d, invoiceLineItemId\u003d35595134, source\u003dFDP, fileType\u003dtxt, delimiter\u003d,}","duration":3079,"startTime":1514871562236,"result":"SUCCESS","children":[{"number":29,"description":"Given load request for exportTerminalRentalList \"/MerchantApiWeb/authenticateUser\" and \"/MerchantApiWeb/rest/secure/user/financialData/export/exportTerminalRentalList\" and \"TC05\" and \"TheBatman\" and \"Pass123!\" and \"FDP\"","duration":1988,"startTime":1514871562249,"result":"SUCCESS","children":[{"number":30,"description":"Loadgetrequestdata: https://uat1.merchantportal.firstdata.eu/MerchantApiWeb/authenticateUser","duration":0,"startTime":1514871562332,"result":"SUCCESS"},{"number":31,"description":"Postrequest authenticate user: https://uat1.merchantportal.firstdata.eu/MerchantApiWeb/authenticateUser, TheBatman, Pass123!, FDP","duration":1870,"startTime":1514871562333,"result":"SUCCESS"},{"number":32,"description":"Loadgetrequestdata export download: https://uat1.merchantportal.firstdata.eu/MerchantApiWeb/rest/secure/user/financialData/export/exportTerminalRentalList","duration":0,"startTime":1514871564212,"result":"SUCCESS"}]},{"number":33,"description":"When post get request for exportTerminalRentalList  \"1\" and \"\" and \"35595134\" and \"FDP\" and \"txt\" and \",\"","duration":897,"startTime":1514871564238,"result":"SUCCESS","children":[{"number":34,"description":"Post GET request export terminal rental list: https://uat1.merchantportal.firstdata.eu/MerchantApiWeb/rest/secure/user/financialData/export/exportTerminalRentalList, 1, , 35595134, FDP, txt, ,","duration":839,"startTime":1514871564250,"result":"SUCCESS"}]},{"number":35,"description":"Then verify exportTerminalRentalList response status \"error\" and \"MPVE00090\" and \"Invalid Source\" and \"\" and \"\" and \"\"","duration":179,"startTime":1514871565136,"result":"SUCCESS","children":[{"number":36,"description":"Verify Download file Response","duration":46,"startTime":1514871565145,"result":"SUCCESS"}]}]},{"number":37,"description":"[1] {report\u003dTC06, logindomain\u003d/MerchantApiWeb/authenticateUser, domainurl\u003d/MerchantApiWeb/rest/secure/user/financialData/export/exportTerminalRentalList, status\u003derror, Message\u003dInvalid/Unsupported File Format, ErrorCode\u003dMPFFERR001, userName\u003dTheBatman, password\u003dPass123!, allianceCode\u003dFDP, AuthErrMessage\u003d, Authaccessdenied\u003d, AuthErrCause\u003d, currency\u003d, userType\u003d, pageNumber\u003d1, accountStatus\u003d, profile\u003d, firstName\u003d, lastName\u003d, posCode\u003d71479325, posSubType\u003dA, merchantType\u003dP, fundId\u003d, invoiceLineItemId\u003d35595134, source\u003dINVOICE, fileType\u003dxyz, delimiter\u003d,}","duration":3528,"startTime":1514871569469,"result":"SUCCESS","children":[{"number":38,"description":"Given load request for exportTerminalRentalList \"/MerchantApiWeb/authenticateUser\" and \"/MerchantApiWeb/rest/secure/user/financialData/export/exportTerminalRentalList\" and \"TC06\" and \"TheBatman\" and \"Pass123!\" and \"FDP\"","duration":1605,"startTime":1514871569489,"result":"SUCCESS","children":[{"number":39,"description":"Loadgetrequestdata: https://uat1.merchantportal.firstdata.eu/MerchantApiWeb/authenticateUser","duration":1,"startTime":1514871569604,"result":"SUCCESS"},{"number":40,"description":"Postrequest authenticate user: https://uat1.merchantportal.firstdata.eu/MerchantApiWeb/authenticateUser, TheBatman, Pass123!, FDP","duration":1460,"startTime":1514871569605,"result":"SUCCESS"},{"number":41,"description":"Loadgetrequestdata export download: https://uat1.merchantportal.firstdata.eu/MerchantApiWeb/rest/secure/user/financialData/export/exportTerminalRentalList","duration":1,"startTime":1514871571072,"result":"SUCCESS"}]},{"number":42,"description":"When post get request for exportTerminalRentalList  \"1\" and \"\" and \"35595134\" and \"INVOICE\" and \"xyz\" and \",\"","duration":1695,"startTime":1514871571094,"result":"SUCCESS","children":[{"number":43,"description":"Post GET request export terminal rental list: https://uat1.merchantportal.firstdata.eu/MerchantApiWeb/rest/secure/user/financialData/export/exportTerminalRentalList, 1, , 35595134, INVOICE, xyz, ,","duration":1627,"startTime":1514871571106,"result":"SUCCESS"}]},{"number":44,"description":"Then verify exportTerminalRentalList response status \"error\" and \"MPFFERR001\" and \"Invalid/Unsupported File Format\" and \"\" and \"\" and \"\"","duration":208,"startTime":1514871572789,"result":"SUCCESS","children":[{"number":45,"description":"Verify Download file Response","duration":51,"startTime":1514871572800,"result":"SUCCESS"}]}]}],"userStory":{"id":"merchant-portal-application-api-validation","storyName":"Merchant Portal application API validation","path":"APIupdate.feature","type":"feature"},"featureTag":{"name":"Merchant Portal application API validation","type":"feature"},"title":"Verify the api retrieves the Terminal Rental List in the specified file format","description":"","tags":[{"name":"exportTerminalRentalList","type":"tag"}],"startTime":1514871526698,"duration":46299,"dataTable":{"headers":["report","logindomain","domainurl","status","Message","ErrorCode","userName","password","allianceCode","AuthErrMessage","Authaccessdenied","AuthErrCause","currency","userType","pageNumber","accountStatus","profile","firstName","lastName","posCode","posSubType","merchantType","fundId","invoiceLineItemId","source","fileType","delimiter"],"rows":[{"values":["TC01","/MerchantApiWeb/authenticateUser","/MerchantApiWeb/rest/secure/user/financialData/export/exportTerminalRentalList","success","","","TheBatman","Pass123!","FDP","","","","","","1","","","","","","","","","35595134","INVOICE","CSV",","],"result":"SUCCESS"},{"values":["TC02","/MerchantApiWeb/authenticateUser","/MerchantApiWeb/rest/secure/user/financialData/export/exportTerminalRentalList","success","","","TheBatman","Pass123!","FDP","","","","","","1","","","","","","","","","35595134","INVOICE","XML",","],"result":"SUCCESS"},{"values":["TC04","/MerchantApiWeb/authenticateUser","/MerchantApiWeb/rest/secure/user/financialData/export/exportTerminalRentalList","error","InvoiceLineItemId is required","MPVE00117","TheBatman","Pass123!","FDP","","","","","","1","","","","","","","","","","INVOICE","txt",","],"result":"SUCCESS"},{"values":["TC05","/MerchantApiWeb/authenticateUser","/MerchantApiWeb/rest/secure/user/financialData/export/exportTerminalRentalList","error","Invalid Source","MPVE00090","TheBatman","Pass123!","FDP","","","","","","1","","","","","71479325","A","P","","35595134","FDP","txt",","],"result":"SUCCESS"},{"values":["TC06","/MerchantApiWeb/authenticateUser","/MerchantApiWeb/rest/secure/user/financialData/export/exportTerminalRentalList","error","Invalid/Unsupported File Format","MPFFERR001","TheBatman","Pass123!","FDP","","","","","","1","","","","","71479325","A","P","","35595134","INVOICE","xyz",","],"result":"SUCCESS"}],"predefinedRows":true,"dataSetDescriptors":[{"startRow":0,"rowCount":0,"name":"","description":""}]},"manual":false,"testSource":"Cucumber","result":"SUCCESS"}