{"name":"Verify the API retrieves the Extended Authorisation summary","testSteps":[{"number":1,"description":"[1] {report\u003dTC01, logindomain\u003d/MerchantApiWeb/authenticateUser, domainurl\u003d/MerchantApiWeb/rest/secure/user/financialData/authorisation/getAuthorisationSummary, status\u003dsuccess, Message\u003d, ErrorCode\u003d, userName\u003dTestAutomation22, password\u003dPassword@1, allianceCode\u003dEMS, AuthErrMessage\u003d, Authaccessdenied\u003d, AuthErrCause\u003d, currency\u003dEUR, userType\u003d, pageNumber\u003d, accountStatus\u003d, profile\u003d, firstName\u003d, lastName\u003d}","duration":2969,"startTime":1514872143866,"result":"SUCCESS","children":[{"number":2,"description":"Given load request for getAuthorisationSummaryExtended \"/MerchantApiWeb/authenticateUser\" and \"/MerchantApiWeb/rest/secure/user/financialData/authorisation/getAuthorisationSummary\" and \"TC01\" and \"TestAutomation22\" and \"Password@1\" and \"EMS\"","duration":1380,"startTime":1514872143897,"result":"SUCCESS","children":[{"number":3,"description":"Loadgetrequestdata: https://uat1.merchantportal.firstdata.eu/MerchantApiWeb/authenticateUser","duration":1,"startTime":1514872144038,"result":"SUCCESS"},{"number":4,"description":"Postrequest authenticate user: https://uat1.merchantportal.firstdata.eu/MerchantApiWeb/authenticateUser, TestAutomation22, Password@1, EMS","duration":1191,"startTime":1514872144040,"result":"SUCCESS"},{"number":5,"description":"Loadgetrequestdata authenticated: https://uat1.merchantportal.firstdata.eu/MerchantApiWeb/rest/secure/user/financialData/authorisation/getAuthorisationSummary, 692fd4f2-e39a-4e25-bba6-a37915b0cedc","duration":0,"startTime":1514872145239,"result":"SUCCESS"}]},{"number":6,"description":"When post get request for getAuthorisationSummaryExtended \"EUR\"","duration":1449,"startTime":1514872145277,"result":"SUCCESS","children":[{"number":7,"description":"Post GET request get authorisation summary extended: https://uat1.merchantportal.firstdata.eu/MerchantApiWeb/rest/secure/user/financialData/authorisation/getAuthorisationSummary, EUR","duration":1381,"startTime":1514872145291,"result":"SUCCESS"}]},{"number":8,"description":"Then verify getAuthorisationSummaryExtended response status \"success\" and \"\" and \"\" and \"\" and \"\" and \"\"","duration":109,"startTime":1514872146726,"result":"SUCCESS","children":[{"number":9,"description":"Verify Response","duration":25,"startTime":1514872146755,"result":"SUCCESS"}]}]}],"userStory":{"id":"merchant-portal-application-api-validation","storyName":"Merchant Portal application API validation","path":"APIupdate.feature","type":"feature"},"featureTag":{"name":"Merchant Portal application API validation","type":"feature"},"title":"Verify the API retrieves the Extended Authorisation summary","description":"","tags":[{"name":"getAuthorisationSummaryExtended","type":"tag"}],"startTime":1514872143866,"duration":2969,"dataTable":{"headers":["report","logindomain","domainurl","status","Message","ErrorCode","userName","password","allianceCode","AuthErrMessage","Authaccessdenied","AuthErrCause","currency","userType","pageNumber","accountStatus","profile","firstName","lastName"],"rows":[{"values":["TC01","/MerchantApiWeb/authenticateUser","/MerchantApiWeb/rest/secure/user/financialData/authorisation/getAuthorisationSummary","success","","","TestAutomation22","Password@1","EMS","","","","EUR","","","","","",""],"result":"SUCCESS"}],"predefinedRows":true,"dataSetDescriptors":[{"startRow":0,"rowCount":0,"name":"","description":""}]},"manual":false,"testSource":"Cucumber","result":"SUCCESS"}