{"name":"Verify the api export the list of the Authorisations to a specified file format","testSteps":[{"number":1,"description":"[1] {report\u003dTC01, logindomain\u003d/MerchantApiWeb/authenticateUser, domainurl\u003d/MerchantApiWeb/rest/secure/user/financialData/export/exportAuthorizationList, status\u003dsuccess, Message\u003d, ErrorCode\u003d, userName\u003dTestAutomation22, password\u003dPassword@1, allianceCode\u003dEMS, AuthErrMessage\u003d, Authaccessdenied\u003d, AuthErrCause\u003d, currency\u003dEUR, userType\u003d, pageNumber\u003d1, accountStatus\u003d, profile\u003d, firstName\u003d, lastName\u003d, fromDate\u003d2016-11-02, toDate\u003d2017-11-02, fromAmount\u003d, toAmount\u003d, fileType\u003dCSV, delimiter\u003d,}","duration":9597,"startTime":1514870599144,"result":"SUCCESS","children":[{"number":2,"description":"Given load request for exportAuthorizationList \"/MerchantApiWeb/authenticateUser\" and \"/MerchantApiWeb/rest/secure/user/financialData/export/exportAuthorizationList\" and \"TC01\" and \"TestAutomation22\" and \"Password@1\" and \"EMS\"","duration":6082,"startTime":1514870599162,"result":"SUCCESS","children":[{"number":3,"description":"Loadgetrequestdata: https://uat1.merchantportal.firstdata.eu/MerchantApiWeb/authenticateUser","duration":0,"startTime":1514870599233,"result":"SUCCESS"},{"number":4,"description":"Postrequest authenticate user: https://uat1.merchantportal.firstdata.eu/MerchantApiWeb/authenticateUser, TestAutomation22, Password@1, EMS","duration":5955,"startTime":1514870599234,"result":"SUCCESS"},{"number":5,"description":"Loadgetrequestdata export download: https://uat1.merchantportal.firstdata.eu/MerchantApiWeb/rest/secure/user/financialData/export/exportAuthorizationList","duration":1,"startTime":1514870605207,"result":"SUCCESS"}]},{"number":6,"description":"When post get request for exportAuthorizationList \"2016-11-02\" and \"2017-11-02\" and \"\" and \"\" and \"CSV\" and \",\" and \"1\"","duration":3326,"startTime":1514870605245,"result":"SUCCESS","children":[{"number":7,"description":"Post GET request export authorization list: https://uat1.merchantportal.firstdata.eu/MerchantApiWeb/rest/secure/user/financialData/export/exportAuthorizationList, 2016-11-02, 2017-11-02, , , CSV, ,, 1","duration":3246,"startTime":1514870605261,"result":"SUCCESS"}]},{"number":8,"description":"Then verify exportAuthorizationList response status \"success\" and \"\" and \"\" and \"\" and \"\" and \"\"","duration":168,"startTime":1514870608572,"result":"SUCCESS","children":[{"number":9,"description":"Verify Download file Response","duration":126,"startTime":1514870608582,"result":"SUCCESS"}]}]},{"number":10,"description":"[1] {report\u003dTC02, logindomain\u003d/MerchantApiWeb/authenticateUser, domainurl\u003d/MerchantApiWeb/rest/secure/user/financialData/export/exportAuthorizationList, status\u003dsuccess, Message\u003d, ErrorCode\u003d, userName\u003dTestAutomation22, password\u003dPassword@1, allianceCode\u003dEMS, AuthErrMessage\u003d, Authaccessdenied\u003d, AuthErrCause\u003d, currency\u003dEUR, userType\u003d, pageNumber\u003d1, accountStatus\u003d, profile\u003d, firstName\u003d, lastName\u003d, fromDate\u003d2016-11-02, toDate\u003d2017-11-02, fromAmount\u003d, toAmount\u003d, fileType\u003dXML, delimiter\u003d,}","duration":5429,"startTime":1514870611809,"result":"SUCCESS","children":[{"number":11,"description":"Given load request for exportAuthorizationList \"/MerchantApiWeb/authenticateUser\" and \"/MerchantApiWeb/rest/secure/user/financialData/export/exportAuthorizationList\" and \"TC02\" and \"TestAutomation22\" and \"Password@1\" and \"EMS\"","duration":1491,"startTime":1514870611824,"result":"SUCCESS","children":[{"number":12,"description":"Loadgetrequestdata: https://uat1.merchantportal.firstdata.eu/MerchantApiWeb/authenticateUser","duration":1,"startTime":1514870611902,"result":"SUCCESS"},{"number":13,"description":"Postrequest authenticate user: https://uat1.merchantportal.firstdata.eu/MerchantApiWeb/authenticateUser, TestAutomation22, Password@1, EMS","duration":1376,"startTime":1514870611904,"result":"SUCCESS"},{"number":14,"description":"Loadgetrequestdata export download: https://uat1.merchantportal.firstdata.eu/MerchantApiWeb/rest/secure/user/financialData/export/exportAuthorizationList","duration":0,"startTime":1514870613290,"result":"SUCCESS"}]},{"number":15,"description":"When post get request for exportAuthorizationList \"2016-11-02\" and \"2017-11-02\" and \"\" and \"\" and \"XML\" and \",\" and \"1\"","duration":3788,"startTime":1514870613316,"result":"SUCCESS","children":[{"number":16,"description":"Post GET request export authorization list: https://uat1.merchantportal.firstdata.eu/MerchantApiWeb/rest/secure/user/financialData/export/exportAuthorizationList, 2016-11-02, 2017-11-02, , , XML, ,, 1","duration":3648,"startTime":1514870613329,"result":"SUCCESS"}]},{"number":17,"description":"Then verify exportAuthorizationList response status \"success\" and \"\" and \"\" and \"\" and \"\" and \"\"","duration":133,"startTime":1514870617105,"result":"SUCCESS","children":[{"number":18,"description":"Verify Download file Response","duration":91,"startTime":1514870617118,"result":"SUCCESS"}]}]},{"number":19,"description":"[1] {report\u003dTC03, logindomain\u003d/MerchantApiWeb/authenticateUser, domainurl\u003d/MerchantApiWeb/rest/secure/user/financialData/export/exportAuthorizationList, status\u003dsuccess, Message\u003d, ErrorCode\u003d, userName\u003dTestAutomation22, password\u003dPassword@1, allianceCode\u003dEMS, AuthErrMessage\u003d, Authaccessdenied\u003d, AuthErrCause\u003d, currency\u003dEUR, userType\u003d, pageNumber\u003d1, accountStatus\u003d, profile\u003d, firstName\u003d, lastName\u003d, fromDate\u003d2016-11-02, toDate\u003d2017-11-02, fromAmount\u003d, toAmount\u003d, fileType\u003dXLS, delimiter\u003d,}","duration":5514,"startTime":1514870620804,"result":"SUCCESS","children":[{"number":20,"description":"Given load request for exportAuthorizationList \"/MerchantApiWeb/authenticateUser\" and \"/MerchantApiWeb/rest/secure/user/financialData/export/exportAuthorizationList\" and \"TC03\" and \"TestAutomation22\" and \"Password@1\" and \"EMS\"","duration":1168,"startTime":1514870620821,"result":"SUCCESS","children":[{"number":21,"description":"Loadgetrequestdata: https://uat1.merchantportal.firstdata.eu/MerchantApiWeb/authenticateUser","duration":1,"startTime":1514870620895,"result":"SUCCESS"},{"number":22,"description":"Postrequest authenticate user: https://uat1.merchantportal.firstdata.eu/MerchantApiWeb/authenticateUser, TestAutomation22, Password@1, EMS","duration":1063,"startTime":1514870620897,"result":"SUCCESS"},{"number":23,"description":"Loadgetrequestdata export download: https://uat1.merchantportal.firstdata.eu/MerchantApiWeb/rest/secure/user/financialData/export/exportAuthorizationList","duration":1,"startTime":1514870621968,"result":"SUCCESS"}]},{"number":24,"description":"When post get request for exportAuthorizationList \"2016-11-02\" and \"2017-11-02\" and \"\" and \"\" and \"XLS\" and \",\" and \"1\"","duration":3765,"startTime":1514870621989,"result":"SUCCESS","children":[{"number":25,"description":"Post GET request export authorization list: https://uat1.merchantportal.firstdata.eu/MerchantApiWeb/rest/secure/user/financialData/export/exportAuthorizationList, 2016-11-02, 2017-11-02, , , XLS, ,, 1","duration":3496,"startTime":1514870622002,"result":"SUCCESS"}]},{"number":26,"description":"Then verify exportAuthorizationList response status \"success\" and \"\" and \"\" and \"\" and \"\" and \"\"","duration":563,"startTime":1514870625755,"result":"SUCCESS","children":[{"number":27,"description":"Verify Download file Response","duration":394,"startTime":1514870625860,"result":"SUCCESS"}]}]},{"number":28,"description":"[1] {report\u003dTC04, logindomain\u003d/MerchantApiWeb/authenticateUser, domainurl\u003d/MerchantApiWeb/rest/secure/user/financialData/export/exportAuthorizationList, status\u003derror, Message\u003dInvalid Date format, ErrorCode\u003dMPVE00051, userName\u003dTestAutomation22, password\u003dPassword@1, allianceCode\u003dEMS, AuthErrMessage\u003d, Authaccessdenied\u003d, AuthErrCause\u003d, currency\u003dEUR, userType\u003d, pageNumber\u003d1, accountStatus\u003d, profile\u003d, firstName\u003d, lastName\u003d, fromDate\u003d20161102, toDate\u003d2017-11-02, fromAmount\u003d, toAmount\u003d, fileType\u003dtxt, delimiter\u003d,}","duration":3037,"startTime":1514870629798,"result":"SUCCESS","children":[{"number":29,"description":"Given load request for exportAuthorizationList \"/MerchantApiWeb/authenticateUser\" and \"/MerchantApiWeb/rest/secure/user/financialData/export/exportAuthorizationList\" and \"TC04\" and \"TestAutomation22\" and \"Password@1\" and \"EMS\"","duration":1292,"startTime":1514870629897,"result":"SUCCESS","children":[{"number":30,"description":"Loadgetrequestdata: https://uat1.merchantportal.firstdata.eu/MerchantApiWeb/authenticateUser","duration":0,"startTime":1514870630000,"result":"SUCCESS"},{"number":31,"description":"Postrequest authenticate user: https://uat1.merchantportal.firstdata.eu/MerchantApiWeb/authenticateUser, TestAutomation22, Password@1, EMS","duration":1150,"startTime":1514870630001,"result":"SUCCESS"},{"number":32,"description":"Loadgetrequestdata export download: https://uat1.merchantportal.firstdata.eu/MerchantApiWeb/rest/secure/user/financialData/export/exportAuthorizationList","duration":1,"startTime":1514870631158,"result":"SUCCESS"}]},{"number":33,"description":"When post get request for exportAuthorizationList \"20161102\" and \"2017-11-02\" and \"\" and \"\" and \"txt\" and \",\" and \"1\"","duration":985,"startTime":1514870631189,"result":"SUCCESS","children":[{"number":34,"description":"Post GET request export authorization list: https://uat1.merchantportal.firstdata.eu/MerchantApiWeb/rest/secure/user/financialData/export/exportAuthorizationList, 20161102, 2017-11-02, , , txt, ,, 1","duration":931,"startTime":1514870631201,"result":"SUCCESS"}]},{"number":35,"description":"Then verify exportAuthorizationList response status \"error\" and \"MPVE00051\" and \"Invalid Date format\" and \"\" and \"\" and \"\"","duration":660,"startTime":1514870632175,"result":"SUCCESS","children":[{"number":36,"description":"Verify Download file Response","duration":398,"startTime":1514870632186,"result":"SUCCESS"}]}]},{"number":37,"description":"[1] {report\u003dTC05, logindomain\u003d/MerchantApiWeb/authenticateUser, domainurl\u003d/MerchantApiWeb/rest/secure/user/financialData/export/exportAuthorizationList, status\u003derror, Message\u003dInvalid Date format, ErrorCode\u003dMPVE00051, userName\u003dTestAutomation22, password\u003dPassword@1, allianceCode\u003dEMS, AuthErrMessage\u003d, Authaccessdenied\u003d, AuthErrCause\u003d, currency\u003dEUR, userType\u003d, pageNumber\u003d1, accountStatus\u003d, profile\u003d, firstName\u003d, lastName\u003d, fromDate\u003d2016-11-02, toDate\u003d20171102, fromAmount\u003d, toAmount\u003d, fileType\u003dtxt, delimiter\u003d,}","duration":2597,"startTime":1514870643298,"result":"SUCCESS","children":[{"number":38,"description":"Given load request for exportAuthorizationList \"/MerchantApiWeb/authenticateUser\" and \"/MerchantApiWeb/rest/secure/user/financialData/export/exportAuthorizationList\" and \"TC05\" and \"TestAutomation22\" and \"Password@1\" and \"EMS\"","duration":1426,"startTime":1514870643310,"result":"SUCCESS","children":[{"number":39,"description":"Loadgetrequestdata: https://uat1.merchantportal.firstdata.eu/MerchantApiWeb/authenticateUser","duration":0,"startTime":1514870643390,"result":"SUCCESS"},{"number":40,"description":"Postrequest authenticate user: https://uat1.merchantportal.firstdata.eu/MerchantApiWeb/authenticateUser, TestAutomation22, Password@1, EMS","duration":1275,"startTime":1514870643391,"result":"SUCCESS"},{"number":41,"description":"Loadgetrequestdata export download: https://uat1.merchantportal.firstdata.eu/MerchantApiWeb/rest/secure/user/financialData/export/exportAuthorizationList","duration":0,"startTime":1514870644674,"result":"SUCCESS"}]},{"number":42,"description":"When post get request for exportAuthorizationList \"2016-11-02\" and \"20171102\" and \"\" and \"\" and \"txt\" and \",\" and \"1\"","duration":928,"startTime":1514870644736,"result":"SUCCESS","children":[{"number":43,"description":"Post GET request export authorization list: https://uat1.merchantportal.firstdata.eu/MerchantApiWeb/rest/secure/user/financialData/export/exportAuthorizationList, 2016-11-02, 20171102, , , txt, ,, 1","duration":861,"startTime":1514870644749,"result":"SUCCESS"}]},{"number":44,"description":"Then verify exportAuthorizationList response status \"error\" and \"MPVE00051\" and \"Invalid Date format\" and \"\" and \"\" and \"\"","duration":230,"startTime":1514870645665,"result":"SUCCESS","children":[{"number":45,"description":"Verify Download file Response","duration":62,"startTime":1514870645679,"result":"SUCCESS"}]}]},{"number":46,"description":"[1] {report\u003dTC07, logindomain\u003d/MerchantApiWeb/authenticateUser, domainurl\u003d/MerchantApiWeb/rest/secure/user/financialData/export/exportAuthorizationList, status\u003derror, Message\u003dfromDate should be less than toDate, ErrorCode\u003dMPVE00053, userName\u003dTestAutomation22, password\u003dPassword@1, allianceCode\u003dEMS, AuthErrMessage\u003d, Authaccessdenied\u003d, AuthErrCause\u003d, currency\u003dEUR, userType\u003d, pageNumber\u003d1, accountStatus\u003d, profile\u003d, firstName\u003d, lastName\u003d, fromDate\u003d2018-11-02, toDate\u003d2017-11-02, fromAmount\u003d, toAmount\u003d, fileType\u003dtxt, delimiter\u003d,}","duration":2634,"startTime":1514870651114,"result":"SUCCESS","children":[{"number":47,"description":"Given load request for exportAuthorizationList \"/MerchantApiWeb/authenticateUser\" and \"/MerchantApiWeb/rest/secure/user/financialData/export/exportAuthorizationList\" and \"TC07\" and \"TestAutomation22\" and \"Password@1\" and \"EMS\"","duration":1254,"startTime":1514870651129,"result":"SUCCESS","children":[{"number":48,"description":"Loadgetrequestdata: https://uat1.merchantportal.firstdata.eu/MerchantApiWeb/authenticateUser","duration":1,"startTime":1514870651193,"result":"SUCCESS"},{"number":49,"description":"Postrequest authenticate user: https://uat1.merchantportal.firstdata.eu/MerchantApiWeb/authenticateUser, TestAutomation22, Password@1, EMS","duration":1135,"startTime":1514870651195,"result":"SUCCESS"},{"number":50,"description":"Loadgetrequestdata export download: https://uat1.merchantportal.firstdata.eu/MerchantApiWeb/rest/secure/user/financialData/export/exportAuthorizationList","duration":2,"startTime":1514870652356,"result":"SUCCESS"}]},{"number":51,"description":"When post get request for exportAuthorizationList \"2018-11-02\" and \"2017-11-02\" and \"\" and \"\" and \"txt\" and \",\" and \"1\"","duration":1135,"startTime":1514870652384,"result":"SUCCESS","children":[{"number":52,"description":"Post GET request export authorization list: https://uat1.merchantportal.firstdata.eu/MerchantApiWeb/rest/secure/user/financialData/export/exportAuthorizationList, 2018-11-02, 2017-11-02, , , txt, ,, 1","duration":977,"startTime":1514870652494,"result":"SUCCESS"}]},{"number":53,"description":"Then verify exportAuthorizationList response status \"error\" and \"MPVE00053\" and \"fromDate should be less than toDate\" and \"\" and \"\" and \"\"","duration":228,"startTime":1514870653519,"result":"SUCCESS","children":[{"number":54,"description":"Verify Download file Response","duration":77,"startTime":1514870653531,"result":"SUCCESS"}]}]},{"number":55,"description":"[1] {report\u003dTC08, logindomain\u003d/MerchantApiWeb/authenticateUser, domainurl\u003d/MerchantApiWeb/rest/secure/user/financialData/export/exportAuthorizationList, status\u003derror, Message\u003dfromAmount is greater than toAmount, ErrorCode\u003dMPVE00054, userName\u003dTestAutomation22, password\u003dPassword@1, allianceCode\u003dEMS, AuthErrMessage\u003d, Authaccessdenied\u003d, AuthErrCause\u003d, currency\u003dEUR, userType\u003d, pageNumber\u003d1, accountStatus\u003d, profile\u003d, firstName\u003d, lastName\u003d, fromDate\u003d2016-11-02, toDate\u003d2017-11-02, fromAmount\u003d10, toAmount\u003d5, fileType\u003dtxt, delimiter\u003d,}","duration":2797,"startTime":1514870658073,"result":"SUCCESS","children":[{"number":56,"description":"Given load request for exportAuthorizationList \"/MerchantApiWeb/authenticateUser\" and \"/MerchantApiWeb/rest/secure/user/financialData/export/exportAuthorizationList\" and \"TC08\" and \"TestAutomation22\" and \"Password@1\" and \"EMS\"","duration":1267,"startTime":1514870658087,"result":"SUCCESS","children":[{"number":57,"description":"Loadgetrequestdata: https://uat1.merchantportal.firstdata.eu/MerchantApiWeb/authenticateUser","duration":1,"startTime":1514870658181,"result":"SUCCESS"},{"number":58,"description":"Postrequest authenticate user: https://uat1.merchantportal.firstdata.eu/MerchantApiWeb/authenticateUser, TestAutomation22, Password@1, EMS","duration":1093,"startTime":1514870658183,"result":"SUCCESS"},{"number":59,"description":"Loadgetrequestdata export download: https://uat1.merchantportal.firstdata.eu/MerchantApiWeb/rest/secure/user/financialData/export/exportAuthorizationList","duration":0,"startTime":1514870659318,"result":"SUCCESS"}]},{"number":60,"description":"When post get request for exportAuthorizationList \"2016-11-02\" and \"2017-11-02\" and \"10\" and \"5\" and \"txt\" and \",\" and \"1\"","duration":943,"startTime":1514870659354,"result":"SUCCESS","children":[{"number":61,"description":"Post GET request export authorization list: https://uat1.merchantportal.firstdata.eu/MerchantApiWeb/rest/secure/user/financialData/export/exportAuthorizationList, 2016-11-02, 2017-11-02, 10, 5, txt, ,, 1","duration":855,"startTime":1514870659384,"result":"SUCCESS"}]},{"number":62,"description":"Then verify exportAuthorizationList response status \"error\" and \"MPVE00054\" and \"fromAmount is greater than toAmount\" and \"\" and \"\" and \"\"","duration":573,"startTime":1514870660297,"result":"SUCCESS","children":[{"number":63,"description":"Verify Download file Response","duration":201,"startTime":1514870660343,"result":"SUCCESS"}]}]},{"number":64,"description":"[1] {report\u003dTC09, logindomain\u003d/MerchantApiWeb/authenticateUser, domainurl\u003d/MerchantApiWeb/rest/secure/user/financialData/export/exportAuthorizationList, status\u003derror, Message\u003dtoDate is required, ErrorCode\u003dMPVE00061, userName\u003dTestAutomation22, password\u003dPassword@1, allianceCode\u003dEMS, AuthErrMessage\u003d, Authaccessdenied\u003d, AuthErrCause\u003d, currency\u003dEUR, userType\u003d, pageNumber\u003d1, accountStatus\u003d, profile\u003d, firstName\u003d, lastName\u003d, fromDate\u003d2016-11-02, toDate\u003d, fromAmount\u003d, toAmount\u003d, fileType\u003dtxt, delimiter\u003d,}","duration":3303,"startTime":1514870666687,"result":"SUCCESS","children":[{"number":65,"description":"Given load request for exportAuthorizationList \"/MerchantApiWeb/authenticateUser\" and \"/MerchantApiWeb/rest/secure/user/financialData/export/exportAuthorizationList\" and \"TC09\" and \"TestAutomation22\" and \"Password@1\" and \"EMS\"","duration":1905,"startTime":1514870666790,"result":"SUCCESS","children":[{"number":66,"description":"Loadgetrequestdata: https://uat1.merchantportal.firstdata.eu/MerchantApiWeb/authenticateUser","duration":1,"startTime":1514870666982,"result":"SUCCESS"},{"number":67,"description":"Postrequest authenticate user: https://uat1.merchantportal.firstdata.eu/MerchantApiWeb/authenticateUser, TestAutomation22, Password@1, EMS","duration":1482,"startTime":1514870666984,"result":"SUCCESS"},{"number":68,"description":"Loadgetrequestdata export download: https://uat1.merchantportal.firstdata.eu/MerchantApiWeb/rest/secure/user/financialData/export/exportAuthorizationList","duration":0,"startTime":1514870668473,"result":"SUCCESS"}]},{"number":69,"description":"When post get request for exportAuthorizationList \"2016-11-02\" and \"\" and \"\" and \"\" and \"txt\" and \",\" and \"1\"","duration":1008,"startTime":1514870668695,"result":"SUCCESS","children":[{"number":70,"description":"Post GET request export authorization list: https://uat1.merchantportal.firstdata.eu/MerchantApiWeb/rest/secure/user/financialData/export/exportAuthorizationList, 2016-11-02, , , , txt, ,, 1","duration":892,"startTime":1514870668720,"result":"SUCCESS"}]},{"number":71,"description":"Then verify exportAuthorizationList response status \"error\" and \"MPVE00061\" and \"toDate is required\" and \"\" and \"\" and \"\"","duration":286,"startTime":1514870669704,"result":"SUCCESS","children":[{"number":72,"description":"Verify Download file Response","duration":114,"startTime":1514870669723,"result":"SUCCESS"}]}]},{"number":73,"description":"[1] {report\u003dTC11, logindomain\u003d/MerchantApiWeb/authenticateUser, domainurl\u003d/MerchantApiWeb/rest/secure/user/financialData/export/exportAuthorizationList, status\u003derror, Message\u003dfromDate is required, ErrorCode\u003dMPVE00063, userName\u003dTestAutomation22, password\u003dPassword@1, allianceCode\u003dEMS, AuthErrMessage\u003d, Authaccessdenied\u003d, AuthErrCause\u003d, currency\u003dEUR, userType\u003d, pageNumber\u003d1, accountStatus\u003d, profile\u003d, firstName\u003d, lastName\u003d, fromDate\u003d, toDate\u003d2017-11-02, fromAmount\u003d, toAmount\u003d, fileType\u003dtxt, delimiter\u003d,}","duration":2617,"startTime":1514870674368,"result":"SUCCESS","children":[{"number":74,"description":"Given load request for exportAuthorizationList \"/MerchantApiWeb/authenticateUser\" and \"/MerchantApiWeb/rest/secure/user/financialData/export/exportAuthorizationList\" and \"TC11\" and \"TestAutomation22\" and \"Password@1\" and \"EMS\"","duration":1434,"startTime":1514870674382,"result":"SUCCESS","children":[{"number":75,"description":"Loadgetrequestdata: https://uat1.merchantportal.firstdata.eu/MerchantApiWeb/authenticateUser","duration":0,"startTime":1514870674498,"result":"SUCCESS"},{"number":76,"description":"Postrequest authenticate user: https://uat1.merchantportal.firstdata.eu/MerchantApiWeb/authenticateUser, TestAutomation22, Password@1, EMS","duration":1045,"startTime":1514870674499,"result":"SUCCESS"},{"number":77,"description":"Loadgetrequestdata export download: https://uat1.merchantportal.firstdata.eu/MerchantApiWeb/rest/secure/user/financialData/export/exportAuthorizationList","duration":0,"startTime":1514870675572,"result":"SUCCESS"}]},{"number":78,"description":"When post get request for exportAuthorizationList \"\" and \"2017-11-02\" and \"\" and \"\" and \"txt\" and \",\" and \"1\"","duration":920,"startTime":1514870675817,"result":"SUCCESS","children":[{"number":79,"description":"Post GET request export authorization list: https://uat1.merchantportal.firstdata.eu/MerchantApiWeb/rest/secure/user/financialData/export/exportAuthorizationList, , 2017-11-02, , , txt, ,, 1","duration":839,"startTime":1514870675853,"result":"SUCCESS"}]},{"number":80,"description":"Then verify exportAuthorizationList response status \"error\" and \"MPVE00063\" and \"fromDate is required\" and \"\" and \"\" and \"\"","duration":247,"startTime":1514870676738,"result":"SUCCESS","children":[{"number":81,"description":"Verify Download file Response","duration":44,"startTime":1514870676750,"result":"SUCCESS"}]}]}],"userStory":{"id":"merchant-portal-application-api-validation","storyName":"Merchant Portal application API validation","path":"APIupdate.feature","type":"feature"},"featureTag":{"name":"Merchant Portal application API validation","type":"feature"},"title":"Verify the api export the list of the Authorisations to a specified file format","description":"","tags":[{"name":"exportAuthorizationList","type":"tag"}],"startTime":1514870599144,"duration":77841,"dataTable":{"headers":["report","logindomain","domainurl","status","Message","ErrorCode","userName","password","allianceCode","AuthErrMessage","Authaccessdenied","AuthErrCause","currency","userType","pageNumber","accountStatus","profile","firstName","lastName","fromDate","toDate","fromAmount","toAmount","fileType","delimiter"],"rows":[{"values":["TC01","/MerchantApiWeb/authenticateUser","/MerchantApiWeb/rest/secure/user/financialData/export/exportAuthorizationList","success","","","TestAutomation22","Password@1","EMS","","","","EUR","","1","","","","","2016-11-02","2017-11-02","","","CSV",","],"result":"SUCCESS"},{"values":["TC02","/MerchantApiWeb/authenticateUser","/MerchantApiWeb/rest/secure/user/financialData/export/exportAuthorizationList","success","","","TestAutomation22","Password@1","EMS","","","","EUR","","1","","","","","2016-11-02","2017-11-02","","","XML",","],"result":"SUCCESS"},{"values":["TC03","/MerchantApiWeb/authenticateUser","/MerchantApiWeb/rest/secure/user/financialData/export/exportAuthorizationList","success","","","TestAutomation22","Password@1","EMS","","","","EUR","","1","","","","","2016-11-02","2017-11-02","","","XLS",","],"result":"SUCCESS"},{"values":["TC04","/MerchantApiWeb/authenticateUser","/MerchantApiWeb/rest/secure/user/financialData/export/exportAuthorizationList","error","Invalid Date format","MPVE00051","TestAutomation22","Password@1","EMS","","","","EUR","","1","","","","","20161102","2017-11-02","","","txt",","],"result":"SUCCESS"},{"values":["TC05","/MerchantApiWeb/authenticateUser","/MerchantApiWeb/rest/secure/user/financialData/export/exportAuthorizationList","error","Invalid Date format","MPVE00051","TestAutomation22","Password@1","EMS","","","","EUR","","1","","","","","2016-11-02","20171102","","","txt",","],"result":"SUCCESS"},{"values":["TC07","/MerchantApiWeb/authenticateUser","/MerchantApiWeb/rest/secure/user/financialData/export/exportAuthorizationList","error","fromDate should be less than toDate","MPVE00053","TestAutomation22","Password@1","EMS","","","","EUR","","1","","","","","2018-11-02","2017-11-02","","","txt",","],"result":"SUCCESS"},{"values":["TC08","/MerchantApiWeb/authenticateUser","/MerchantApiWeb/rest/secure/user/financialData/export/exportAuthorizationList","error","fromAmount is greater than toAmount","MPVE00054","TestAutomation22","Password@1","EMS","","","","EUR","","1","","","","","2016-11-02","2017-11-02","10","5","txt",","],"result":"SUCCESS"},{"values":["TC09","/MerchantApiWeb/authenticateUser","/MerchantApiWeb/rest/secure/user/financialData/export/exportAuthorizationList","error","toDate is required","MPVE00061","TestAutomation22","Password@1","EMS","","","","EUR","","1","","","","","2016-11-02","","","","txt",","],"result":"SUCCESS"},{"values":["TC11","/MerchantApiWeb/authenticateUser","/MerchantApiWeb/rest/secure/user/financialData/export/exportAuthorizationList","error","fromDate is required","MPVE00063","TestAutomation22","Password@1","EMS","","","","EUR","","1","","","","","","2017-11-02","","","txt",","],"result":"SUCCESS"}],"predefinedRows":true,"dataSetDescriptors":[{"startRow":0,"rowCount":0,"name":"","description":""}]},"manual":false,"testSource":"Cucumber","result":"SUCCESS"}