{"name":"Verify the api blocks the user","testSteps":[{"number":1,"description":"[1] {report\u003dTC01, logindomain\u003d/MerchantApiWeb/authenticateUser, domainurl\u003d/MerchantApiWeb/rest/secure/user/blockUser, status\u003dsuccess, Message\u003d, ErrorCode\u003d, userName\u003dTestAutomationEMS9, password\u003dPassword@1, allianceCode\u003dEMS, AuthErrMessage\u003d, Authaccessdenied\u003d, AuthErrCause\u003d, currency\u003d, userType\u003d, pageNumber\u003d, accountStatus\u003d, profile\u003d, firstName\u003d, lastName\u003d, reasonForBlock\u003d1, blockusername\u003dTestAutomationEMS8}","duration":4843,"startTime":1514871096074,"result":"SUCCESS","children":[{"number":2,"description":"Given load request for blockUser \"/MerchantApiWeb/authenticateUser\" and \"/MerchantApiWeb/rest/secure/user/blockUser\" and \"TC01\" and \"TestAutomationEMS9\" and \"Password@1\" and \"EMS\"","duration":3685,"startTime":1514871096085,"result":"SUCCESS","children":[{"number":3,"description":"Loadgetrequestdata: https://uat1.merchantportal.firstdata.eu/MerchantApiWeb/authenticateUser","duration":1,"startTime":1514871096159,"result":"SUCCESS"},{"number":4,"description":"Postrequest authenticate user: https://uat1.merchantportal.firstdata.eu/MerchantApiWeb/authenticateUser, TestAutomationEMS9, Password@1, EMS","duration":3527,"startTime":1514871096161,"result":"SUCCESS"},{"number":5,"description":"Loadgetrequestdata requestwithbody: https://uat1.merchantportal.firstdata.eu/MerchantApiWeb/rest/secure/user/blockUser","duration":25,"startTime":1514871099705,"result":"SUCCESS"}]},{"number":6,"description":"When post request for blockUser \"TestAutomationEMS8\" and \"1\"","duration":986,"startTime":1514871099770,"result":"SUCCESS","children":[{"number":7,"description":"Postrequest block user: https://uat1.merchantportal.firstdata.eu/MerchantApiWeb/rest/secure/user/blockUser, TestAutomationEMS8, 1","duration":894,"startTime":1514871099783,"result":"SUCCESS"}]},{"number":8,"description":"Then verify blockUser response status \"success\" and \"\" and \"\" and \"\" and \"\" and \"\"","duration":160,"startTime":1514871100756,"result":"SUCCESS","children":[{"number":9,"description":"Verify Response","duration":49,"startTime":1514871100800,"result":"SUCCESS"}]}]},{"number":10,"description":"[1] {report\u003dTC02, logindomain\u003d/MerchantApiWeb/authenticateUser, domainurl\u003d/MerchantApiWeb/rest/secure/user/blockUser, status\u003derror, Message\u003dUsername should be greater than 8 and less than 50 characters, ErrorCode\u003dMPVE00002, userName\u003dTestAutomationEMS9, password\u003dPassword@1, allianceCode\u003dEMS, AuthErrMessage\u003d, Authaccessdenied\u003d, AuthErrCause\u003d, currency\u003d, userType\u003d, pageNumber\u003d, accountStatus\u003d, profile\u003d, firstName\u003d, lastName\u003d, reasonForBlock\u003d1, blockusername\u003dTest}","duration":2536,"startTime":1514871104806,"result":"SUCCESS","children":[{"number":11,"description":"Given load request for blockUser \"/MerchantApiWeb/authenticateUser\" and \"/MerchantApiWeb/rest/secure/user/blockUser\" and \"TC02\" and \"TestAutomationEMS9\" and \"Password@1\" and \"EMS\"","duration":1201,"startTime":1514871104818,"result":"SUCCESS","children":[{"number":12,"description":"Loadgetrequestdata: https://uat1.merchantportal.firstdata.eu/MerchantApiWeb/authenticateUser","duration":0,"startTime":1514871104889,"result":"SUCCESS"},{"number":13,"description":"Postrequest authenticate user: https://uat1.merchantportal.firstdata.eu/MerchantApiWeb/authenticateUser, TestAutomationEMS9, Password@1, EMS","duration":1074,"startTime":1514871104890,"result":"SUCCESS"},{"number":14,"description":"Loadgetrequestdata requestwithbody: https://uat1.merchantportal.firstdata.eu/MerchantApiWeb/rest/secure/user/blockUser","duration":1,"startTime":1514871105998,"result":"SUCCESS"}]},{"number":15,"description":"When post request for blockUser \"Test\" and \"1\"","duration":943,"startTime":1514871106056,"result":"SUCCESS","children":[{"number":16,"description":"Postrequest block user: https://uat1.merchantportal.firstdata.eu/MerchantApiWeb/rest/secure/user/blockUser, Test, 1","duration":878,"startTime":1514871106069,"result":"SUCCESS"}]},{"number":17,"description":"Then verify blockUser response status \"error\" and \"MPVE00002\" and \"Username should be greater than 8 and less than 50 characters\" and \"\" and \"\" and \"\"","duration":343,"startTime":1514871106999,"result":"SUCCESS","children":[{"number":18,"description":"Verify Response","duration":50,"startTime":1514871107010,"result":"SUCCESS"}]}]},{"number":19,"description":"[1] {report\u003dTC03, logindomain\u003d/MerchantApiWeb/authenticateUser, domainurl\u003d/MerchantApiWeb/rest/secure/user/blockUser, status\u003derror, Message\u003dUsername contain special characters or empty spaces, ErrorCode\u003dMPVE00003, userName\u003dTestAutomationEMS9, password\u003dPassword@1, allianceCode\u003dEMS, AuthErrMessage\u003d, Authaccessdenied\u003d, AuthErrCause\u003d, currency\u003d, userType\u003d, pageNumber\u003d, accountStatus\u003d, profile\u003d, firstName\u003d, lastName\u003d, reasonForBlock\u003d1, blockusername\u003dTestAuto@#$%^}","duration":3204,"startTime":1514871110905,"result":"SUCCESS","children":[{"number":20,"description":"Given load request for blockUser \"/MerchantApiWeb/authenticateUser\" and \"/MerchantApiWeb/rest/secure/user/blockUser\" and \"TC03\" and \"TestAutomationEMS9\" and \"Password@1\" and \"EMS\"","duration":1426,"startTime":1514871110927,"result":"SUCCESS","children":[{"number":21,"description":"Loadgetrequestdata: https://uat1.merchantportal.firstdata.eu/MerchantApiWeb/authenticateUser","duration":1,"startTime":1514871111012,"result":"SUCCESS"},{"number":22,"description":"Postrequest authenticate user: https://uat1.merchantportal.firstdata.eu/MerchantApiWeb/authenticateUser, TestAutomationEMS9, Password@1, EMS","duration":1301,"startTime":1514871111014,"result":"SUCCESS"},{"number":23,"description":"Loadgetrequestdata requestwithbody: https://uat1.merchantportal.firstdata.eu/MerchantApiWeb/rest/secure/user/blockUser","duration":0,"startTime":1514871112322,"result":"SUCCESS"}]},{"number":24,"description":"When post request for blockUser \"TestAuto@#$%^\" and \"1\"","duration":859,"startTime":1514871112353,"result":"SUCCESS","children":[{"number":25,"description":"Postrequest block user: https://uat1.merchantportal.firstdata.eu/MerchantApiWeb/rest/secure/user/blockUser, TestAuto@#$%^, 1","duration":797,"startTime":1514871112364,"result":"SUCCESS"}]},{"number":26,"description":"Then verify blockUser response status \"error\" and \"MPVE00003\" and \"Username contain special characters or empty spaces\" and \"\" and \"\" and \"\"","duration":896,"startTime":1514871113213,"result":"SUCCESS","children":[{"number":27,"description":"Verify Response","duration":649,"startTime":1514871113224,"result":"SUCCESS"}]}]},{"number":28,"description":"[1] {report\u003dTC04, logindomain\u003d/MerchantApiWeb/authenticateUser, domainurl\u003d/MerchantApiWeb/rest/secure/user/blockUser, status\u003derror, Message\u003dUsername contain special characters or empty spaces, ErrorCode\u003dMPVE00003, userName\u003dTestAutomationEMS9, password\u003dPassword@1, allianceCode\u003dEMS, AuthErrMessage\u003d, Authaccessdenied\u003d, AuthErrCause\u003d, currency\u003d, userType\u003d, pageNumber\u003d, accountStatus\u003d, profile\u003d, firstName\u003d, lastName\u003d, reasonForBlock\u003d1, blockusername\u003dTest Automatio}","duration":2366,"startTime":1514871118002,"result":"SUCCESS","children":[{"number":29,"description":"Given load request for blockUser \"/MerchantApiWeb/authenticateUser\" and \"/MerchantApiWeb/rest/secure/user/blockUser\" and \"TC04\" and \"TestAutomationEMS9\" and \"Password@1\" and \"EMS\"","duration":1185,"startTime":1514871118054,"result":"SUCCESS","children":[{"number":30,"description":"Loadgetrequestdata: https://uat1.merchantportal.firstdata.eu/MerchantApiWeb/authenticateUser","duration":0,"startTime":1514871118159,"result":"SUCCESS"},{"number":31,"description":"Postrequest authenticate user: https://uat1.merchantportal.firstdata.eu/MerchantApiWeb/authenticateUser, TestAutomationEMS9, Password@1, EMS","duration":1046,"startTime":1514871118160,"result":"SUCCESS"},{"number":32,"description":"Loadgetrequestdata requestwithbody: https://uat1.merchantportal.firstdata.eu/MerchantApiWeb/rest/secure/user/blockUser","duration":0,"startTime":1514871119215,"result":"SUCCESS"}]},{"number":33,"description":"When post request for blockUser \"Test Automatio\" and \"1\"","duration":932,"startTime":1514871119239,"result":"SUCCESS","children":[{"number":34,"description":"Postrequest block user: https://uat1.merchantportal.firstdata.eu/MerchantApiWeb/rest/secure/user/blockUser, Test Automatio, 1","duration":832,"startTime":1514871119277,"result":"SUCCESS"}]},{"number":35,"description":"Then verify blockUser response status \"error\" and \"MPVE00003\" and \"Username contain special characters or empty spaces\" and \"\" and \"\" and \"\"","duration":197,"startTime":1514871120171,"result":"SUCCESS","children":[{"number":36,"description":"Verify Response","duration":56,"startTime":1514871120183,"result":"SUCCESS"}]}]},{"number":37,"description":"[1] {report\u003dTC05, logindomain\u003d/MerchantApiWeb/authenticateUser, domainurl\u003d/MerchantApiWeb/rest/secure/user/blockUser, status\u003derror, Message\u003dUsername does not exist, ErrorCode\u003dMPBE00004, userName\u003dTestAutomationEMS9, password\u003dPassword@1, allianceCode\u003dEMS, AuthErrMessage\u003d, Authaccessdenied\u003d, AuthErrCause\u003d, currency\u003d, userType\u003d, pageNumber\u003d, accountStatus\u003d, profile\u003d, firstName\u003d, lastName\u003d, reasonForBlock\u003d1, blockusername\u003dTestaskajsdh}","duration":2339,"startTime":1514871124896,"result":"SUCCESS","children":[{"number":38,"description":"Given load request for blockUser \"/MerchantApiWeb/authenticateUser\" and \"/MerchantApiWeb/rest/secure/user/blockUser\" and \"TC05\" and \"TestAutomationEMS9\" and \"Password@1\" and \"EMS\"","duration":1240,"startTime":1514871124957,"result":"SUCCESS","children":[{"number":39,"description":"Loadgetrequestdata: https://uat1.merchantportal.firstdata.eu/MerchantApiWeb/authenticateUser","duration":0,"startTime":1514871125101,"result":"SUCCESS"},{"number":40,"description":"Postrequest authenticate user: https://uat1.merchantportal.firstdata.eu/MerchantApiWeb/authenticateUser, TestAutomationEMS9, Password@1, EMS","duration":1067,"startTime":1514871125102,"result":"SUCCESS"},{"number":41,"description":"Loadgetrequestdata requestwithbody: https://uat1.merchantportal.firstdata.eu/MerchantApiWeb/rest/secure/user/blockUser","duration":1,"startTime":1514871126176,"result":"SUCCESS"}]},{"number":42,"description":"When post request for blockUser \"Testaskajsdh\" and \"1\"","duration":877,"startTime":1514871126198,"result":"SUCCESS","children":[{"number":43,"description":"Postrequest block user: https://uat1.merchantportal.firstdata.eu/MerchantApiWeb/rest/secure/user/blockUser, Testaskajsdh, 1","duration":822,"startTime":1514871126210,"result":"SUCCESS"}]},{"number":44,"description":"Then verify blockUser response status \"error\" and \"MPBE00004\" and \"Username does not exist\" and \"\" and \"\" and \"\"","duration":159,"startTime":1514871127075,"result":"SUCCESS","children":[{"number":45,"description":"Verify Response","duration":53,"startTime":1514871127086,"result":"SUCCESS"}]}]},{"number":46,"description":"[1] {report\u003dTC06, logindomain\u003d/MerchantApiWeb/authenticateUser, domainurl\u003d/MerchantApiWeb/rest/secure/user/blockUser, status\u003derror, Message\u003dReason for block is Empty, ErrorCode\u003dMPVE00097, userName\u003dTestAutomationEMS9, password\u003dPassword@1, allianceCode\u003dEMS, AuthErrMessage\u003d, Authaccessdenied\u003d, AuthErrCause\u003d, currency\u003d, userType\u003d, pageNumber\u003d, accountStatus\u003d, profile\u003d, firstName\u003d, lastName\u003d, reasonForBlock\u003d, blockusername\u003dTestAutomationEMS8}","duration":2707,"startTime":1514871131060,"result":"SUCCESS","children":[{"number":47,"description":"Given load request for blockUser \"/MerchantApiWeb/authenticateUser\" and \"/MerchantApiWeb/rest/secure/user/blockUser\" and \"TC06\" and \"TestAutomationEMS9\" and \"Password@1\" and \"EMS\"","duration":1160,"startTime":1514871131078,"result":"SUCCESS","children":[{"number":48,"description":"Loadgetrequestdata: https://uat1.merchantportal.firstdata.eu/MerchantApiWeb/authenticateUser","duration":0,"startTime":1514871131155,"result":"SUCCESS"},{"number":49,"description":"Postrequest authenticate user: https://uat1.merchantportal.firstdata.eu/MerchantApiWeb/authenticateUser, TestAutomationEMS9, Password@1, EMS","duration":1042,"startTime":1514871131156,"result":"SUCCESS"},{"number":50,"description":"Loadgetrequestdata requestwithbody: https://uat1.merchantportal.firstdata.eu/MerchantApiWeb/rest/secure/user/blockUser","duration":1,"startTime":1514871132215,"result":"SUCCESS"}]},{"number":51,"description":"When post request for blockUser \"TestAutomationEMS8\" and \"\"","duration":1127,"startTime":1514871132239,"result":"SUCCESS","children":[{"number":52,"description":"Postrequest block user: https://uat1.merchantportal.firstdata.eu/MerchantApiWeb/rest/secure/user/blockUser, TestAutomationEMS8, ","duration":1010,"startTime":1514871132250,"result":"SUCCESS"}]},{"number":53,"description":"Then verify blockUser response status \"error\" and \"MPVE00097\" and \"Reason for block is Empty\" and \"\" and \"\" and \"\"","duration":400,"startTime":1514871133366,"result":"SUCCESS","children":[{"number":54,"description":"Verify Response","duration":105,"startTime":1514871133379,"result":"SUCCESS"}]}]},{"number":55,"description":"[1] {report\u003dTC07, logindomain\u003d/MerchantApiWeb/authenticateUser, domainurl\u003d/MerchantApiWeb/rest/secure/user/blockUser, status\u003derror, Message\u003dUsername can\u0027t be empty, ErrorCode\u003dMPVE00001, userName\u003dTestAutomationEMS9, password\u003dPassword@1, allianceCode\u003dEMS, AuthErrMessage\u003d, Authaccessdenied\u003d, AuthErrCause\u003d, currency\u003d, userType\u003d, pageNumber\u003d, accountStatus\u003d, profile\u003d, firstName\u003d, lastName\u003d, reasonForBlock\u003d1, blockusername\u003d}","duration":2437,"startTime":1514871137194,"result":"SUCCESS","children":[{"number":56,"description":"Given load request for blockUser \"/MerchantApiWeb/authenticateUser\" and \"/MerchantApiWeb/rest/secure/user/blockUser\" and \"TC07\" and \"TestAutomationEMS9\" and \"Password@1\" and \"EMS\"","duration":1131,"startTime":1514871137206,"result":"SUCCESS","children":[{"number":57,"description":"Loadgetrequestdata: https://uat1.merchantportal.firstdata.eu/MerchantApiWeb/authenticateUser","duration":0,"startTime":1514871137280,"result":"SUCCESS"},{"number":58,"description":"Postrequest authenticate user: https://uat1.merchantportal.firstdata.eu/MerchantApiWeb/authenticateUser, TestAutomationEMS9, Password@1, EMS","duration":1024,"startTime":1514871137281,"result":"SUCCESS"},{"number":59,"description":"Loadgetrequestdata requestwithbody: https://uat1.merchantportal.firstdata.eu/MerchantApiWeb/rest/secure/user/blockUser","duration":1,"startTime":1514871138312,"result":"SUCCESS"}]},{"number":60,"description":"When post request for blockUser \"\" and \"1\"","duration":944,"startTime":1514871138338,"result":"SUCCESS","children":[{"number":61,"description":"Postrequest block user: https://uat1.merchantportal.firstdata.eu/MerchantApiWeb/rest/secure/user/blockUser, , 1","duration":885,"startTime":1514871138349,"result":"SUCCESS"}]},{"number":62,"description":"Then verify blockUser response status \"error\" and \"MPVE00001\" and \"Username can\u0027t be empty\" and \"\" and \"\" and \"\"","duration":347,"startTime":1514871139283,"result":"SUCCESS","children":[{"number":63,"description":"Verify Response","duration":196,"startTime":1514871139294,"result":"SUCCESS"}]}]},{"number":64,"description":"[1] {report\u003dTC08, logindomain\u003d/MerchantApiWeb/authenticateUser, domainurl\u003d/MerchantApiWeb/rest/secure/user/blockUser, status\u003derror, Message\u003dUser does not have priviledge to any Merchants data, ErrorCode\u003dMPBE00034, userName\u003dTestAutomationEMS3, password\u003dPassword@1, allianceCode\u003dEMS, AuthErrMessage\u003d, Authaccessdenied\u003d, AuthErrCause\u003d, currency\u003d, userType\u003d, pageNumber\u003d, accountStatus\u003d, profile\u003d, firstName\u003d, lastName\u003d, reasonForBlock\u003d1, blockusername\u003dTestAutomationEMS3}","duration":4882,"startTime":1514871144215,"result":"SUCCESS","children":[{"number":65,"description":"Given load request for blockUser \"/MerchantApiWeb/authenticateUser\" and \"/MerchantApiWeb/rest/secure/user/blockUser\" and \"TC08\" and \"TestAutomationEMS3\" and \"Password@1\" and \"EMS\"","duration":3635,"startTime":1514871144229,"result":"SUCCESS","children":[{"number":66,"description":"Loadgetrequestdata: https://uat1.merchantportal.firstdata.eu/MerchantApiWeb/authenticateUser","duration":0,"startTime":1514871144310,"result":"SUCCESS"},{"number":67,"description":"Postrequest authenticate user: https://uat1.merchantportal.firstdata.eu/MerchantApiWeb/authenticateUser, TestAutomationEMS3, Password@1, EMS","duration":3511,"startTime":1514871144312,"result":"SUCCESS"},{"number":68,"description":"Loadgetrequestdata requestwithbody: https://uat1.merchantportal.firstdata.eu/MerchantApiWeb/rest/secure/user/blockUser","duration":1,"startTime":1514871147835,"result":"SUCCESS"}]},{"number":69,"description":"When post request for blockUser \"TestAutomationEMS3\" and \"1\"","duration":973,"startTime":1514871147864,"result":"SUCCESS","children":[{"number":70,"description":"Postrequest block user: https://uat1.merchantportal.firstdata.eu/MerchantApiWeb/rest/secure/user/blockUser, TestAutomationEMS3, 1","duration":902,"startTime":1514871147879,"result":"SUCCESS"}]},{"number":71,"description":"Then verify blockUser response status \"error\" and \"MPBE00034\" and \"User does not have priviledge to any Merchants data\" and \"\" and \"\" and \"\"","duration":259,"startTime":1514871148838,"result":"SUCCESS","children":[{"number":72,"description":"Verify Response","duration":132,"startTime":1514871148851,"result":"SUCCESS"}]}]}],"userStory":{"id":"merchant-portal-application-api-validation","storyName":"Merchant Portal application API validation","path":"APIupdate.feature","type":"feature"},"featureTag":{"name":"Merchant Portal application API validation","type":"feature"},"title":"Verify the api blocks the user","description":"","tags":[{"name":"blockUser","type":"tag"}],"startTime":1514871096074,"duration":53023,"dataTable":{"headers":["report","logindomain","domainurl","status","Message","ErrorCode","userName","password","allianceCode","AuthErrMessage","Authaccessdenied","AuthErrCause","currency","userType","pageNumber","accountStatus","profile","firstName","lastName","reasonForBlock","blockusername"],"rows":[{"values":["TC01","/MerchantApiWeb/authenticateUser","/MerchantApiWeb/rest/secure/user/blockUser","success","","","TestAutomationEMS9","Password@1","EMS","","","","","","","","","","","1","TestAutomationEMS8"],"result":"SUCCESS"},{"values":["TC02","/MerchantApiWeb/authenticateUser","/MerchantApiWeb/rest/secure/user/blockUser","error","Username should be greater than 8 and less than 50 characters","MPVE00002","TestAutomationEMS9","Password@1","EMS","","","","","","","","","","","1","Test"],"result":"SUCCESS"},{"values":["TC03","/MerchantApiWeb/authenticateUser","/MerchantApiWeb/rest/secure/user/blockUser","error","Username contain special characters or empty spaces","MPVE00003","TestAutomationEMS9","Password@1","EMS","","","","","","","","","","","1","TestAuto@#$%^"],"result":"SUCCESS"},{"values":["TC04","/MerchantApiWeb/authenticateUser","/MerchantApiWeb/rest/secure/user/blockUser","error","Username contain special characters or empty spaces","MPVE00003","TestAutomationEMS9","Password@1","EMS","","","","","","","","","","","1","Test Automatio"],"result":"SUCCESS"},{"values":["TC05","/MerchantApiWeb/authenticateUser","/MerchantApiWeb/rest/secure/user/blockUser","error","Username does not exist","MPBE00004","TestAutomationEMS9","Password@1","EMS","","","","","","","","","","","1","Testaskajsdh"],"result":"SUCCESS"},{"values":["TC06","/MerchantApiWeb/authenticateUser","/MerchantApiWeb/rest/secure/user/blockUser","error","Reason for block is Empty","MPVE00097","TestAutomationEMS9","Password@1","EMS","","","","","","","","","","","","TestAutomationEMS8"],"result":"SUCCESS"},{"values":["TC07","/MerchantApiWeb/authenticateUser","/MerchantApiWeb/rest/secure/user/blockUser","error","Username can\u0027t be empty","MPVE00001","TestAutomationEMS9","Password@1","EMS","","","","","","","","","","","1",""],"result":"SUCCESS"},{"values":["TC08","/MerchantApiWeb/authenticateUser","/MerchantApiWeb/rest/secure/user/blockUser","error","User does not have priviledge to any Merchants data","MPBE00034","TestAutomationEMS3","Password@1","EMS","","","","","","","","","","","1","TestAutomationEMS3"],"result":"SUCCESS"}],"predefinedRows":true,"dataSetDescriptors":[{"startRow":0,"rowCount":0,"name":"","description":""}]},"manual":false,"testSource":"Cucumber","result":"SUCCESS"}