{"name":"Verify the api retrieves the details of the batches for the impersonated user","testSteps":[{"number":1,"description":"[1] {report\u003dTC01, logindomain\u003d/MerchantApiWeb/authenticateUser, domainurl\u003d/MerchantApiWeb/rest/secure/impersonation/user/financialData/batch/getBatchDetails, status\u003dsuccess, Message\u003d, ErrorCode\u003d, userName\u003dTestAutomationFDP3, password\u003dPassword@1, allianceCode\u003dFDP, AuthErrMessage\u003d, Authaccessdenied\u003d, AuthErrCause\u003d, currency\u003dPLN, userType\u003d, pageNumber\u003d1, accountStatus\u003d, profile\u003d, firstName\u003d, lastName\u003d, period\u003d, fileType\u003dCSV, delimiter\u003d,, terminalBatchNumId\u003d8366009, pseudoUserName\u003dTheBatman}","duration":7741,"startTime":1514871089939,"result":"SUCCESS","children":[{"number":2,"description":"Given load request for getBatchDetailsImpersonation \"/MerchantApiWeb/authenticateUser\" and \"/MerchantApiWeb/rest/secure/impersonation/user/financialData/batch/getBatchDetails\" and \"TC01\" and \"TestAutomationFDP3\" and \"Password@1\" and \"FDP\"","duration":2490,"startTime":1514871089952,"result":"SUCCESS","children":[{"number":3,"description":"Loadgetrequestdata: https://uat1.merchantportal.firstdata.eu/MerchantApiWeb/authenticateUser","duration":0,"startTime":1514871090037,"result":"SUCCESS"},{"number":4,"description":"Postrequest authenticate user: https://uat1.merchantportal.firstdata.eu/MerchantApiWeb/authenticateUser, TestAutomationFDP3, Password@1, FDP","duration":2329,"startTime":1514871090038,"result":"SUCCESS"},{"number":5,"description":"Loadgetrequestdata uniqueauthentication: https://uat1.merchantportal.firstdata.eu/MerchantApiWeb/rest/secure/impersonation/user/financialData/batch/getBatchDetails","duration":0,"startTime":1514871092403,"result":"SUCCESS"}]},{"number":6,"description":"When post get request for getBatchDetailsImpersonation \"PLN\" and \"8366009\" and \"TheBatman\"","duration":5153,"startTime":1514871092443,"result":"SUCCESS","children":[{"number":7,"description":"Post GET request get batch details impersonation: https://uat1.merchantportal.firstdata.eu/MerchantApiWeb/rest/secure/impersonation/user/financialData/batch/getBatchDetails, PLN, 8366009, TheBatman","duration":5046,"startTime":1514871092458,"result":"SUCCESS"}]},{"number":8,"description":"Then verify getBatchDetailsImpersonation response status \"success\" and \"\" and \"\" and \"\" and \"\" and \"\"","duration":83,"startTime":1514871097597,"result":"SUCCESS","children":[{"number":9,"description":"Verify Response","duration":26,"startTime":1514871097611,"result":"SUCCESS"}]}]},{"number":10,"description":"[1] {report\u003dTC02, logindomain\u003d/MerchantApiWeb/authenticateUser, domainurl\u003d/MerchantApiWeb/rest/secure/impersonation/user/financialData/batch/getBatchDetails, status\u003derror, Message\u003dplease enter a valid currency, ErrorCode\u003dMPVE00075, userName\u003dTestAutomationFDP3, password\u003dPassword@1, allianceCode\u003dFDP, AuthErrMessage\u003d, Authaccessdenied\u003d, AuthErrCause\u003d, currency\u003dabc, userType\u003d, pageNumber\u003d1, accountStatus\u003d, profile\u003d, firstName\u003d, lastName\u003d, period\u003d, fileType\u003dCSV, delimiter\u003d,, terminalBatchNumId\u003d8366009, pseudoUserName\u003dTheBatman}","duration":2521,"startTime":1514871101116,"result":"SUCCESS","children":[{"number":11,"description":"Given load request for getBatchDetailsImpersonation \"/MerchantApiWeb/authenticateUser\" and \"/MerchantApiWeb/rest/secure/impersonation/user/financialData/batch/getBatchDetails\" and \"TC02\" and \"TestAutomationFDP3\" and \"Password@1\" and \"FDP\"","duration":1218,"startTime":1514871101152,"result":"SUCCESS","children":[{"number":12,"description":"Loadgetrequestdata: https://uat1.merchantportal.firstdata.eu/MerchantApiWeb/authenticateUser","duration":0,"startTime":1514871101232,"result":"SUCCESS"},{"number":13,"description":"Postrequest authenticate user: https://uat1.merchantportal.firstdata.eu/MerchantApiWeb/authenticateUser, TestAutomationFDP3, Password@1, FDP","duration":1092,"startTime":1514871101233,"result":"SUCCESS"},{"number":14,"description":"Loadgetrequestdata uniqueauthentication: https://uat1.merchantportal.firstdata.eu/MerchantApiWeb/rest/secure/impersonation/user/financialData/batch/getBatchDetails","duration":0,"startTime":1514871102344,"result":"SUCCESS"}]},{"number":15,"description":"When post get request for getBatchDetailsImpersonation \"abc\" and \"8366009\" and \"TheBatman\"","duration":894,"startTime":1514871102371,"result":"SUCCESS","children":[{"number":16,"description":"Post GET request get batch details impersonation: https://uat1.merchantportal.firstdata.eu/MerchantApiWeb/rest/secure/impersonation/user/financialData/batch/getBatchDetails, abc, 8366009, TheBatman","duration":816,"startTime":1514871102384,"result":"SUCCESS"}]},{"number":17,"description":"Then verify getBatchDetailsImpersonation response status \"error\" and \"MPVE00075\" and \"please enter a valid currency\" and \"\" and \"\" and \"\"","duration":371,"startTime":1514871103266,"result":"SUCCESS","children":[{"number":18,"description":"Verify Response","duration":110,"startTime":1514871103294,"result":"SUCCESS"}]}]},{"number":19,"description":"[1] {report\u003dTC03, logindomain\u003d/MerchantApiWeb/authenticateUser, domainurl\u003d/MerchantApiWeb/rest/secure/impersonation/user/financialData/batch/getBatchDetails, status\u003derror, Message\u003dCurrency can\u0027t be empty, ErrorCode\u003dMPVE00076, userName\u003dTestAutomationFDP3, password\u003dPassword@1, allianceCode\u003dFDP, AuthErrMessage\u003d, Authaccessdenied\u003d, AuthErrCause\u003d, currency\u003d, userType\u003d, pageNumber\u003d1, accountStatus\u003d, profile\u003d, firstName\u003d, lastName\u003d, period\u003d, fileType\u003dCSV, delimiter\u003d,, terminalBatchNumId\u003d8366009, pseudoUserName\u003dTheBatman}","duration":2692,"startTime":1514871107775,"result":"SUCCESS","children":[{"number":20,"description":"Given load request for getBatchDetailsImpersonation \"/MerchantApiWeb/authenticateUser\" and \"/MerchantApiWeb/rest/secure/impersonation/user/financialData/batch/getBatchDetails\" and \"TC03\" and \"TestAutomationFDP3\" and \"Password@1\" and \"FDP\"","duration":1380,"startTime":1514871107819,"result":"SUCCESS","children":[{"number":21,"description":"Loadgetrequestdata: https://uat1.merchantportal.firstdata.eu/MerchantApiWeb/authenticateUser","duration":1,"startTime":1514871107907,"result":"SUCCESS"},{"number":22,"description":"Postrequest authenticate user: https://uat1.merchantportal.firstdata.eu/MerchantApiWeb/authenticateUser, TestAutomationFDP3, Password@1, FDP","duration":1220,"startTime":1514871107909,"result":"SUCCESS"},{"number":23,"description":"Loadgetrequestdata uniqueauthentication: https://uat1.merchantportal.firstdata.eu/MerchantApiWeb/rest/secure/impersonation/user/financialData/batch/getBatchDetails","duration":0,"startTime":1514871109139,"result":"SUCCESS"}]},{"number":24,"description":"When post get request for getBatchDetailsImpersonation \"\" and \"8366009\" and \"TheBatman\"","duration":957,"startTime":1514871109199,"result":"SUCCESS","children":[{"number":25,"description":"Post GET request get batch details impersonation: https://uat1.merchantportal.firstdata.eu/MerchantApiWeb/rest/secure/impersonation/user/financialData/batch/getBatchDetails, , 8366009, TheBatman","duration":858,"startTime":1514871109234,"result":"SUCCESS"}]},{"number":26,"description":"Then verify getBatchDetailsImpersonation response status \"error\" and \"MPVE00076\" and \"Currency can\u0027t be empty\" and \"\" and \"\" and \"\"","duration":310,"startTime":1514871110156,"result":"SUCCESS","children":[{"number":27,"description":"Verify Response","duration":171,"startTime":1514871110169,"result":"SUCCESS"}]}]},{"number":28,"description":"[1] {report\u003dTC04, logindomain\u003d/MerchantApiWeb/authenticateUser, domainurl\u003d/MerchantApiWeb/rest/secure/impersonation/user/financialData/batch/getBatchDetails, status\u003derror, Message\u003dBatch Id can\u0027t be empty, ErrorCode\u003dMPVE00095, userName\u003dTestAutomationFDP3, password\u003dPassword@1, allianceCode\u003dFDP, AuthErrMessage\u003d, Authaccessdenied\u003d, AuthErrCause\u003d, currency\u003dPLN, userType\u003d, pageNumber\u003d1, accountStatus\u003d, profile\u003d, firstName\u003d, lastName\u003d, period\u003d, fileType\u003dCSV, delimiter\u003d,, terminalBatchNumId\u003d, pseudoUserName\u003dTheBatman}","duration":2673,"startTime":1514871114194,"result":"SUCCESS","children":[{"number":29,"description":"Given load request for getBatchDetailsImpersonation \"/MerchantApiWeb/authenticateUser\" and \"/MerchantApiWeb/rest/secure/impersonation/user/financialData/batch/getBatchDetails\" and \"TC04\" and \"TestAutomationFDP3\" and \"Password@1\" and \"FDP\"","duration":1346,"startTime":1514871114248,"result":"SUCCESS","children":[{"number":30,"description":"Loadgetrequestdata: https://uat1.merchantportal.firstdata.eu/MerchantApiWeb/authenticateUser","duration":0,"startTime":1514871114425,"result":"SUCCESS"},{"number":31,"description":"Postrequest authenticate user: https://uat1.merchantportal.firstdata.eu/MerchantApiWeb/authenticateUser, TestAutomationFDP3, Password@1, FDP","duration":1116,"startTime":1514871114427,"result":"SUCCESS"},{"number":32,"description":"Loadgetrequestdata uniqueauthentication: https://uat1.merchantportal.firstdata.eu/MerchantApiWeb/rest/secure/impersonation/user/financialData/batch/getBatchDetails","duration":0,"startTime":1514871115561,"result":"SUCCESS"}]},{"number":33,"description":"When post get request for getBatchDetailsImpersonation \"PLN\" and \"\" and \"TheBatman\"","duration":931,"startTime":1514871115594,"result":"SUCCESS","children":[{"number":34,"description":"Post GET request get batch details impersonation: https://uat1.merchantportal.firstdata.eu/MerchantApiWeb/rest/secure/impersonation/user/financialData/batch/getBatchDetails, PLN, , TheBatman","duration":853,"startTime":1514871115612,"result":"SUCCESS"}]},{"number":35,"description":"Then verify getBatchDetailsImpersonation response status \"error\" and \"MPVE00095\" and \"Batch Id can\u0027t be empty\" and \"\" and \"\" and \"\"","duration":342,"startTime":1514871116525,"result":"SUCCESS","children":[{"number":36,"description":"Verify Response","duration":78,"startTime":1514871116539,"result":"SUCCESS"}]}]}],"userStory":{"id":"merchant-portal-application-api-validation","storyName":"Merchant Portal application API validation","path":"APIupdate.feature","type":"feature"},"featureTag":{"name":"Merchant Portal application API validation","type":"feature"},"title":"Verify the api retrieves the details of the batches for the impersonated user","description":"","tags":[{"name":"getBatchDetailsImpersonation","type":"tag"}],"startTime":1514871089938,"duration":26929,"dataTable":{"headers":["report","logindomain","domainurl","status","Message","ErrorCode","userName","password","allianceCode","AuthErrMessage","Authaccessdenied","AuthErrCause","currency","userType","pageNumber","accountStatus","profile","firstName","lastName","period","fileType","delimiter","terminalBatchNumId","pseudoUserName"],"rows":[{"values":["TC01","/MerchantApiWeb/authenticateUser","/MerchantApiWeb/rest/secure/impersonation/user/financialData/batch/getBatchDetails","success","","","TestAutomationFDP3","Password@1","FDP","","","","PLN","","1","","","","","","CSV",",","8366009","TheBatman"],"result":"SUCCESS"},{"values":["TC02","/MerchantApiWeb/authenticateUser","/MerchantApiWeb/rest/secure/impersonation/user/financialData/batch/getBatchDetails","error","please enter a valid currency","MPVE00075","TestAutomationFDP3","Password@1","FDP","","","","abc","","1","","","","","","CSV",",","8366009","TheBatman"],"result":"SUCCESS"},{"values":["TC03","/MerchantApiWeb/authenticateUser","/MerchantApiWeb/rest/secure/impersonation/user/financialData/batch/getBatchDetails","error","Currency can\u0027t be empty","MPVE00076","TestAutomationFDP3","Password@1","FDP","","","","","","1","","","","","","CSV",",","8366009","TheBatman"],"result":"SUCCESS"},{"values":["TC04","/MerchantApiWeb/authenticateUser","/MerchantApiWeb/rest/secure/impersonation/user/financialData/batch/getBatchDetails","error","Batch Id can\u0027t be empty","MPVE00095","TestAutomationFDP3","Password@1","FDP","","","","PLN","","1","","","","","","CSV",",","","TheBatman"],"result":"SUCCESS"}],"predefinedRows":true,"dataSetDescriptors":[{"startRow":0,"rowCount":0,"name":"","description":""}]},"manual":false,"testSource":"Cucumber","result":"SUCCESS"}