{"name":"Verify the api locks the logistics with ShippingRequestId","testSteps":[{"number":1,"description":"[1] {report\u003dTC01, logindomain\u003d/MerchantApiWeb/V3/authenticateUser, domainurl\u003d/MerchantApiWeb/V3/rest/secure/user/logistics/lock/{shippingRequestId}, status\u003dsuccess, Message\u003d, ErrorCode\u003d, userName\u003dMoumitaSPUser123, password\u003dPassword@1, allianceCode\u003dEMS, AuthErrMessage\u003d, Authaccessdenied\u003d, AuthErrCause\u003d, currency\u003dEUR, userType\u003d, pageNumber\u003d1, accountStatus\u003d, profile\u003d, firstName\u003d, lastName\u003d, period\u003d, fromDate\u003d2016-11-02, toDate\u003d2017-11-02, shippingRequestId\u003d5195151, lockUnlockInput\u003d0}","duration":2896,"startTime":1514871680624,"result":"SUCCESS","children":[{"number":2,"description":"Given load request for logisticslock \"/MerchantApiWeb/V3/authenticateUser\" and \"/MerchantApiWeb/V3/rest/secure/user/logistics/lock/{shippingRequestId}\" and \"TC01\" and \"MoumitaSPUser123\" and \"Password@1\" and \"EMS\"","duration":1460,"startTime":1514871680652,"result":"SUCCESS","children":[{"number":3,"description":"Loadgetrequestdata: https://uat1.merchantportal.firstdata.eu/MerchantApiWeb/V3/authenticateUser","duration":0,"startTime":1514871680783,"result":"SUCCESS"},{"number":4,"description":"Postrequest authenticate user: https://uat1.merchantportal.firstdata.eu/MerchantApiWeb/V3/authenticateUser, MoumitaSPUser123, Password@1, EMS","duration":1295,"startTime":1514871680784,"result":"SUCCESS"},{"number":5,"description":"Loadgetrequestdata requestwithbody: https://uat1.merchantportal.firstdata.eu/MerchantApiWeb/V3/rest/secure/user/logistics/lock/{shippingRequestId}","duration":1,"startTime":1514871682086,"result":"SUCCESS"}]},{"number":6,"description":"When post request for logisticslock \"5195151\" and \"0\"","duration":1219,"startTime":1514871682113,"result":"SUCCESS","children":[{"number":7,"description":"Post request logisticslock: https://uat1.merchantportal.firstdata.eu/MerchantApiWeb/V3/rest/secure/user/logistics/lock/{shippingRequestId}, 5195151, 0","duration":1121,"startTime":1514871682126,"result":"SUCCESS"}]},{"number":8,"description":"Then verify logisticslock response status \"success\" and \"\" and \"\" and \"\" and \"\" and \"\"","duration":187,"startTime":1514871683333,"result":"SUCCESS","children":[{"number":9,"description":"Verify Response","duration":95,"startTime":1514871683347,"result":"SUCCESS"}]}]},{"number":10,"description":"[1] {report\u003dTC02, logindomain\u003d/MerchantApiWeb/V3/authenticateUser, domainurl\u003d/MerchantApiWeb/V3/rest/secure/user/logistics/lock/{shippingRequestId}, status\u003dsuccess, Message\u003d, ErrorCode\u003d, userName\u003dMoumitaSPUser123, password\u003dPassword@1, allianceCode\u003dEMS, AuthErrMessage\u003d, Authaccessdenied\u003d, AuthErrCause\u003d, currency\u003dEUR, userType\u003d, pageNumber\u003d1, accountStatus\u003d, profile\u003d, firstName\u003d, lastName\u003d, period\u003d, fromDate\u003d2016-11-02, toDate\u003d2017-11-02, shippingRequestId\u003d5195151, lockUnlockInput\u003d1}","duration":2561,"startTime":1514871687279,"result":"SUCCESS","children":[{"number":11,"description":"Given load request for logisticslock \"/MerchantApiWeb/V3/authenticateUser\" and \"/MerchantApiWeb/V3/rest/secure/user/logistics/lock/{shippingRequestId}\" and \"TC02\" and \"MoumitaSPUser123\" and \"Password@1\" and \"EMS\"","duration":1263,"startTime":1514871687293,"result":"SUCCESS","children":[{"number":12,"description":"Loadgetrequestdata: https://uat1.merchantportal.firstdata.eu/MerchantApiWeb/V3/authenticateUser","duration":1,"startTime":1514871687385,"result":"SUCCESS"},{"number":13,"description":"Postrequest authenticate user: https://uat1.merchantportal.firstdata.eu/MerchantApiWeb/V3/authenticateUser, MoumitaSPUser123, Password@1, EMS","duration":1117,"startTime":1514871687386,"result":"SUCCESS"},{"number":14,"description":"Loadgetrequestdata requestwithbody: https://uat1.merchantportal.firstdata.eu/MerchantApiWeb/V3/rest/secure/user/logistics/lock/{shippingRequestId}","duration":0,"startTime":1514871688512,"result":"SUCCESS"}]},{"number":15,"description":"When post request for logisticslock \"5195151\" and \"1\"","duration":1196,"startTime":1514871688556,"result":"SUCCESS","children":[{"number":16,"description":"Post request logisticslock: https://uat1.merchantportal.firstdata.eu/MerchantApiWeb/V3/rest/secure/user/logistics/lock/{shippingRequestId}, 5195151, 1","duration":1125,"startTime":1514871688569,"result":"SUCCESS"}]},{"number":17,"description":"Then verify logisticslock response status \"success\" and \"\" and \"\" and \"\" and \"\" and \"\"","duration":87,"startTime":1514871689753,"result":"SUCCESS","children":[{"number":18,"description":"Verify Response","duration":25,"startTime":1514871689768,"result":"SUCCESS"}]}]},{"number":19,"description":"[1] {report\u003dTC03, logindomain\u003d/MerchantApiWeb/V3/authenticateUser, domainurl\u003d/MerchantApiWeb/V3/rest/secure/user/logistics/lock/{shippingRequestId}, status\u003derror, Message\u003dInvalid Input, ErrorCode\u003dMPVE00137, userName\u003dMoumitaSPUser123, password\u003dPassword@1, allianceCode\u003dEMS, AuthErrMessage\u003d, Authaccessdenied\u003d, AuthErrCause\u003d, currency\u003dEUR, userType\u003d, pageNumber\u003d1, accountStatus\u003d, profile\u003d, firstName\u003d, lastName\u003d, period\u003d, fromDate\u003d20161102, toDate\u003d2017-11-02, shippingRequestId\u003d5195151, lockUnlockInput\u003da}","duration":2494,"startTime":1514871693850,"result":"SUCCESS","children":[{"number":20,"description":"Given load request for logisticslock \"/MerchantApiWeb/V3/authenticateUser\" and \"/MerchantApiWeb/V3/rest/secure/user/logistics/lock/{shippingRequestId}\" and \"TC03\" and \"MoumitaSPUser123\" and \"Password@1\" and \"EMS\"","duration":1275,"startTime":1514871693862,"result":"SUCCESS","children":[{"number":21,"description":"Loadgetrequestdata: https://uat1.merchantportal.firstdata.eu/MerchantApiWeb/V3/authenticateUser","duration":1,"startTime":1514871693937,"result":"SUCCESS"},{"number":22,"description":"Postrequest authenticate user: https://uat1.merchantportal.firstdata.eu/MerchantApiWeb/V3/authenticateUser, MoumitaSPUser123, Password@1, EMS","duration":1163,"startTime":1514871693938,"result":"SUCCESS"},{"number":23,"description":"Loadgetrequestdata requestwithbody: https://uat1.merchantportal.firstdata.eu/MerchantApiWeb/V3/rest/secure/user/logistics/lock/{shippingRequestId}","duration":1,"startTime":1514871695108,"result":"SUCCESS"}]},{"number":24,"description":"When post request for logisticslock \"5195151\" and \"a\"","duration":962,"startTime":1514871695137,"result":"SUCCESS","children":[{"number":25,"description":"Post request logisticslock: https://uat1.merchantportal.firstdata.eu/MerchantApiWeb/V3/rest/secure/user/logistics/lock/{shippingRequestId}, 5195151, a","duration":888,"startTime":1514871695152,"result":"SUCCESS"}]},{"number":26,"description":"Then verify logisticslock response status \"error\" and \"MPVE00137\" and \"Invalid Input\" and \"\" and \"\" and \"\"","duration":244,"startTime":1514871696100,"result":"SUCCESS","children":[{"number":27,"description":"Verify Response","duration":68,"startTime":1514871696113,"result":"SUCCESS"}]}]}],"userStory":{"id":"merchant-portal-application-api-validation","storyName":"Merchant Portal application API validation","path":"APIupdate.feature","type":"feature"},"featureTag":{"name":"Merchant Portal application API validation","type":"feature"},"title":"Verify the api locks the logistics with ShippingRequestId","description":"","tags":[{"name":"logisticslock","type":"tag"}],"startTime":1514871680624,"duration":15720,"dataTable":{"headers":["report","logindomain","domainurl","status","Message","ErrorCode","userName","password","allianceCode","AuthErrMessage","Authaccessdenied","AuthErrCause","currency","userType","pageNumber","accountStatus","profile","firstName","lastName","period","fromDate","toDate","shippingRequestId","lockUnlockInput"],"rows":[{"values":["TC01","/MerchantApiWeb/V3/authenticateUser","/MerchantApiWeb/V3/rest/secure/user/logistics/lock/{shippingRequestId}","success","","","MoumitaSPUser123","Password@1","EMS","","","","EUR","","1","","","","","","2016-11-02","2017-11-02","5195151","0"],"result":"SUCCESS"},{"values":["TC02","/MerchantApiWeb/V3/authenticateUser","/MerchantApiWeb/V3/rest/secure/user/logistics/lock/{shippingRequestId}","success","","","MoumitaSPUser123","Password@1","EMS","","","","EUR","","1","","","","","","2016-11-02","2017-11-02","5195151","1"],"result":"SUCCESS"},{"values":["TC03","/MerchantApiWeb/V3/authenticateUser","/MerchantApiWeb/V3/rest/secure/user/logistics/lock/{shippingRequestId}","error","Invalid Input","MPVE00137","MoumitaSPUser123","Password@1","EMS","","","","EUR","","1","","","","","","20161102","2017-11-02","5195151","a"],"result":"SUCCESS"}],"predefinedRows":true,"dataSetDescriptors":[{"startRow":0,"rowCount":0,"name":"","description":""}]},"manual":false,"testSource":"Cucumber","result":"SUCCESS"}