{"name":"Verify the api validates the migration answers","testSteps":[{"number":1,"description":"[1] {report\u003dTC02, logindomain\u003d/MerchantApiWeb/authenticateUser, domainurl\u003d/MerchantApiWeb/rest/user/register/answer, status\u003derror, Message\u003dUser has attempted maximum number of times. Please contact Call center for registration, ErrorCode\u003dMPBE00070, userName\u003dTestAutomation22, password\u003dPassword@1, allianceCode\u003dEMS, AuthErrMessage\u003d, Authaccessdenied\u003d, AuthErrCause\u003d, currency\u003d, userType\u003d, pageNumber\u003d, accountStatus\u003d, profile\u003d, firstName\u003d, lastName\u003d, reasonForBlock\u003d, blockusername\u003d, termsId\u003d, messageId\u003d, languageCode\u003dEN, allianceCode_request\u003dEMS, encUserId\u003d65716e4442784b6841377173316e68614c38475331673d3d, answer1\u003d12ab, answer2\u003d12ab, answer3\u003d1234, itrcount\u003d3}","duration":5147,"startTime":1514870848114,"result":"SUCCESS","children":[{"number":2,"description":"Given load request for ValidateMigrationAnswers \"/MerchantApiWeb/authenticateUser\" and \"/MerchantApiWeb/rest/user/register/answer\" and \"TC02\" and \"TestAutomation22\" and \"Password@1\" and \"EMS\"","duration":1766,"startTime":1514870848129,"result":"SUCCESS","children":[{"number":3,"description":"Loadgetrequestdata: https://uat1.merchantportal.firstdata.eu/MerchantApiWeb/authenticateUser","duration":0,"startTime":1514870848234,"result":"SUCCESS"},{"number":4,"description":"Postrequest authenticate user: https://uat1.merchantportal.firstdata.eu/MerchantApiWeb/authenticateUser, TestAutomation22, Password@1, EMS","duration":1617,"startTime":1514870848235,"result":"SUCCESS"},{"number":5,"description":"Loadgetrequestdata requestwithbody: https://uat1.merchantportal.firstdata.eu/MerchantApiWeb/rest/user/register/answer","duration":1,"startTime":1514870849863,"result":"SUCCESS"}]},{"number":6,"description":"When post request for ValidateMigrationAnswers \"65716e4442784b6841377173316e68614c38475331673d3d\" and \"12ab\" and \"12ab\" and \"1234\" and \"MPBE00070\" and \"3\"","duration":3071,"startTime":1514870849896,"result":"SUCCESS","children":[{"number":7,"description":"Postrequest  validate migration answers: https://uat1.merchantportal.firstdata.eu/MerchantApiWeb/rest/user/register/answer, 65716e4442784b6841377173316e68614c38475331673d3d, 12ab, 12ab, 1234","duration":1340,"startTime":1514870849913,"result":"SUCCESS"},{"number":8,"description":"Postrequest  validate migration answers: https://uat1.merchantportal.firstdata.eu/MerchantApiWeb/rest/user/register/answer, 65716e4442784b6841377173316e68614c38475331673d3d, 12ab, 12ab, 1234","duration":836,"startTime":1514870851255,"result":"SUCCESS"},{"number":9,"description":"Postrequest  validate migration answers: https://uat1.merchantportal.firstdata.eu/MerchantApiWeb/rest/user/register/answer, 65716e4442784b6841377173316e68614c38475331673d3d, 12ab, 12ab, 1234","duration":815,"startTime":1514870852092,"result":"SUCCESS"}]},{"number":10,"description":"Then verify ValidateMigrationAnswers response status \"error\" and \"MPBE00070\" and \"User has attempted maximum number of times. Please contact Call center for registration\" and \"\" and \"\" and \"\"","duration":293,"startTime":1514870852968,"result":"SUCCESS","children":[{"number":11,"description":"Verify Response","duration":55,"startTime":1514870852991,"result":"SUCCESS"}]}]},{"number":12,"description":"[1] {report\u003dTC03, logindomain\u003d/MerchantApiWeb/authenticateUser, domainurl\u003d/MerchantApiWeb/rest/user/register/answer, status\u003derror, Message\u003dUser not allowed to register, ErrorCode\u003dMPBE00014, userName\u003dTestAutomation22, password\u003dPassword@1, allianceCode\u003dEMS, AuthErrMessage\u003d, Authaccessdenied\u003d, AuthErrCause\u003d, currency\u003d, userType\u003d, pageNumber\u003d, accountStatus\u003d, profile\u003d, firstName\u003d, lastName\u003d, reasonForBlock\u003d, blockusername\u003d, termsId\u003d, messageId\u003d, languageCode\u003dEN, allianceCode_request\u003dEMS, encUserId\u003d38323057554b4656514572354b2f4e4a2b2b6d6164673d3d, answer1\u003d1234, answer2\u003d12ab, answer3\u003d1234, itrcount\u003d0}","duration":2594,"startTime":1514870857044,"result":"SUCCESS","children":[{"number":13,"description":"Given load request for ValidateMigrationAnswers \"/MerchantApiWeb/authenticateUser\" and \"/MerchantApiWeb/rest/user/register/answer\" and \"TC03\" and \"TestAutomation22\" and \"Password@1\" and \"EMS\"","duration":1342,"startTime":1514870857063,"result":"SUCCESS","children":[{"number":14,"description":"Loadgetrequestdata: https://uat1.merchantportal.firstdata.eu/MerchantApiWeb/authenticateUser","duration":1,"startTime":1514870857144,"result":"SUCCESS"},{"number":15,"description":"Postrequest authenticate user: https://uat1.merchantportal.firstdata.eu/MerchantApiWeb/authenticateUser, TestAutomation22, Password@1, EMS","duration":1221,"startTime":1514870857147,"result":"SUCCESS"},{"number":16,"description":"Loadgetrequestdata requestwithbody: https://uat1.merchantportal.firstdata.eu/MerchantApiWeb/rest/user/register/answer","duration":2,"startTime":1514870858377,"result":"SUCCESS"}]},{"number":17,"description":"When post request for ValidateMigrationAnswers \"38323057554b4656514572354b2f4e4a2b2b6d6164673d3d\" and \"1234\" and \"12ab\" and \"1234\" and \"MPBE00014\" and \"0\"","duration":1032,"startTime":1514870858406,"result":"SUCCESS","children":[{"number":18,"description":"Postrequest  validate migration answers: https://uat1.merchantportal.firstdata.eu/MerchantApiWeb/rest/user/register/answer, 38323057554b4656514572354b2f4e4a2b2b6d6164673d3d, 1234, 12ab, 1234","duration":953,"startTime":1514870858421,"result":"SUCCESS"}]},{"number":19,"description":"Then verify ValidateMigrationAnswers response status \"error\" and \"MPBE00014\" and \"User not allowed to register\" and \"\" and \"\" and \"\"","duration":200,"startTime":1514870859438,"result":"SUCCESS","children":[{"number":20,"description":"Verify Response","duration":60,"startTime":1514870859450,"result":"SUCCESS"}]}]},{"number":21,"description":"[1] {report\u003dTC04, logindomain\u003d/MerchantApiWeb/authenticateUser, domainurl\u003d/MerchantApiWeb/rest/user/register/answer, status\u003dsuccess, Message\u003d, ErrorCode\u003d, userName\u003dTestAutomation22, password\u003dPassword@1, allianceCode\u003dEMS, AuthErrMessage\u003d, Authaccessdenied\u003d, AuthErrCause\u003d, currency\u003d, userType\u003d, pageNumber\u003d, accountStatus\u003d, profile\u003d, firstName\u003d, lastName\u003d, reasonForBlock\u003d, blockusername\u003d, termsId\u003d, messageId\u003d, languageCode\u003dEN, allianceCode_request\u003dEMS, encUserId\u003d65716e4442784b684137715274396558417468774a673d3d, answer1\u003d1234, answer2\u003d12ab, answer3\u003d1234, itrcount\u003d0}","duration":2445,"startTime":1514870863475,"result":"SUCCESS","children":[{"number":22,"description":"Given load request for ValidateMigrationAnswers \"/MerchantApiWeb/authenticateUser\" and \"/MerchantApiWeb/rest/user/register/answer\" and \"TC04\" and \"TestAutomation22\" and \"Password@1\" and \"EMS\"","duration":1241,"startTime":1514870863492,"result":"SUCCESS","children":[{"number":23,"description":"Loadgetrequestdata: https://uat1.merchantportal.firstdata.eu/MerchantApiWeb/authenticateUser","duration":1,"startTime":1514870863623,"result":"SUCCESS"},{"number":24,"description":"Postrequest authenticate user: https://uat1.merchantportal.firstdata.eu/MerchantApiWeb/authenticateUser, TestAutomation22, Password@1, EMS","duration":1077,"startTime":1514870863626,"result":"SUCCESS"},{"number":25,"description":"Loadgetrequestdata requestwithbody: https://uat1.merchantportal.firstdata.eu/MerchantApiWeb/rest/user/register/answer","duration":1,"startTime":1514870864711,"result":"SUCCESS"}]},{"number":26,"description":"When post request for ValidateMigrationAnswers \"65716e4442784b684137715274396558417468774a673d3d\" and \"1234\" and \"12ab\" and \"1234\" and \"\" and \"0\"","duration":1103,"startTime":1514870864734,"result":"SUCCESS","children":[{"number":27,"description":"Postrequest  validate migration answers: https://uat1.merchantportal.firstdata.eu/MerchantApiWeb/rest/user/register/answer, 65716e4442784b684137715274396558417468774a673d3d, 1234, 12ab, 1234","duration":1024,"startTime":1514870864746,"result":"SUCCESS"}]},{"number":28,"description":"Then verify ValidateMigrationAnswers response status \"success\" and \"\" and \"\" and \"\" and \"\" and \"\"","duration":82,"startTime":1514870865838,"result":"SUCCESS","children":[{"number":29,"description":"Verify Response","duration":21,"startTime":1514870865852,"result":"SUCCESS"}]}]}],"userStory":{"id":"merchant-portal-application-api-validation","storyName":"Merchant Portal application API validation","path":"APIupdate.feature","type":"feature"},"featureTag":{"name":"Merchant Portal application API validation","type":"feature"},"title":"Verify the api validates the migration answers","description":"","tags":[{"name":"ValidateMigrationAnswers","type":"tag"}],"startTime":1514870848114,"duration":17806,"dataTable":{"headers":["report","logindomain","domainurl","status","Message","ErrorCode","userName","password","allianceCode","AuthErrMessage","Authaccessdenied","AuthErrCause","currency","userType","pageNumber","accountStatus","profile","firstName","lastName","reasonForBlock","blockusername","termsId","messageId","languageCode","allianceCode_request","encUserId","answer1","answer2","answer3","itrcount"],"rows":[{"values":["TC02","/MerchantApiWeb/authenticateUser","/MerchantApiWeb/rest/user/register/answer","error","User has attempted maximum number of times. Please contact Call center for registration","MPBE00070","TestAutomation22","Password@1","EMS","","","","","","","","","","","","","","","EN","EMS","65716e4442784b6841377173316e68614c38475331673d3d","12ab","12ab","1234","3"],"result":"SUCCESS"},{"values":["TC03","/MerchantApiWeb/authenticateUser","/MerchantApiWeb/rest/user/register/answer","error","User not allowed to register","MPBE00014","TestAutomation22","Password@1","EMS","","","","","","","","","","","","","","","EN","EMS","38323057554b4656514572354b2f4e4a2b2b6d6164673d3d","1234","12ab","1234","0"],"result":"SUCCESS"},{"values":["TC04","/MerchantApiWeb/authenticateUser","/MerchantApiWeb/rest/user/register/answer","success","","","TestAutomation22","Password@1","EMS","","","","","","","","","","","","","","","EN","EMS","65716e4442784b684137715274396558417468774a673d3d","1234","12ab","1234","0"],"result":"SUCCESS"}],"predefinedRows":true,"dataSetDescriptors":[{"startRow":0,"rowCount":0,"name":"","description":""}]},"manual":false,"testSource":"Cucumber","result":"SUCCESS"}