{"name":"Verify the api sends the email to the customer as per the input","testSteps":[{"number":1,"description":"[1] {report\u003dTC01, logindomain\u003d/MerchantApiWeb/authenticateUser, domainurl\u003d/MerchantApiWeb/rest/secure/communication/sendEmail, status\u003dsuccess, Message\u003d, ErrorCode\u003d, userName\u003dDemoAccount1, password\u003dPassword@1, allianceCode\u003dEMS, AuthErrMessage\u003d, Authaccessdenied\u003d, AuthErrCause\u003d, SendEmailuserName\u003dTestAutomation1, SendEmailallianceCode\u003dEMS, emailType\u003dREGISTRATION}","duration":3145,"startTime":1514871026582,"result":"SUCCESS","children":[{"number":2,"description":"Given load request for sendEmail \"/MerchantApiWeb/authenticateUser\" and \"/MerchantApiWeb/rest/secure/communication/sendEmail\" and \"TC01\" and \"DemoAccount1\" and \"Password@1\" and \"EMS\"","duration":1143,"startTime":1514871026596,"result":"SUCCESS","children":[{"number":3,"description":"Loadgetrequestdata: https://uat1.merchantportal.firstdata.eu/MerchantApiWeb/authenticateUser","duration":1,"startTime":1514871026666,"result":"SUCCESS"},{"number":4,"description":"Postrequest authenticate user: https://uat1.merchantportal.firstdata.eu/MerchantApiWeb/authenticateUser, DemoAccount1, Password@1, EMS","duration":1033,"startTime":1514871026668,"result":"SUCCESS"},{"number":5,"description":"Loadgetrequestdata requestwithbody: https://uat1.merchantportal.firstdata.eu/MerchantApiWeb/rest/secure/communication/sendEmail","duration":0,"startTime":1514871027709,"result":"SUCCESS"}]},{"number":6,"description":"When post request for sendEmail \"TestAutomation1\" and \"EMS\" and \"REGISTRATION\"","duration":1915,"startTime":1514871027739,"result":"SUCCESS","children":[{"number":7,"description":"Postrequest send email: https://uat1.merchantportal.firstdata.eu/MerchantApiWeb/rest/secure/communication/sendEmail, TestAutomation1, EMS, REGISTRATION","duration":1845,"startTime":1514871027751,"result":"SUCCESS"}]},{"number":8,"description":"Then verify sendEmail response status \"success\" and \"\" and \"\" and \"\" and \"\" and \"\"","duration":72,"startTime":1514871029655,"result":"SUCCESS","children":[{"number":9,"description":"Verify Response","duration":17,"startTime":1514871029668,"result":"SUCCESS"}]}]},{"number":10,"description":"[1] {report\u003dTC02, logindomain\u003d/MerchantApiWeb/authenticateUser, domainurl\u003d/MerchantApiWeb/rest/secure/communication/sendEmail, status\u003derror, Message\u003dUsername should be greater than 8 and less than 50 characters, ErrorCode\u003dMPVE00002, userName\u003dDemoAccount1, password\u003dPassword@1, allianceCode\u003dEMS, AuthErrMessage\u003d, Authaccessdenied\u003d, AuthErrCause\u003d, SendEmailuserName\u003dTest, SendEmailallianceCode\u003dEMS, emailType\u003dREGISTRATION}","duration":2245,"startTime":1514871033070,"result":"SUCCESS","children":[{"number":11,"description":"Given load request for sendEmail \"/MerchantApiWeb/authenticateUser\" and \"/MerchantApiWeb/rest/secure/communication/sendEmail\" and \"TC02\" and \"DemoAccount1\" and \"Password@1\" and \"EMS\"","duration":1154,"startTime":1514871033088,"result":"SUCCESS","children":[{"number":12,"description":"Loadgetrequestdata: https://uat1.merchantportal.firstdata.eu/MerchantApiWeb/authenticateUser","duration":0,"startTime":1514871033168,"result":"SUCCESS"},{"number":13,"description":"Postrequest authenticate user: https://uat1.merchantportal.firstdata.eu/MerchantApiWeb/authenticateUser, DemoAccount1, Password@1, EMS","duration":1034,"startTime":1514871033169,"result":"SUCCESS"},{"number":14,"description":"Loadgetrequestdata requestwithbody: https://uat1.merchantportal.firstdata.eu/MerchantApiWeb/rest/secure/communication/sendEmail","duration":0,"startTime":1514871034214,"result":"SUCCESS"}]},{"number":15,"description":"When post request for sendEmail \"Test\" and \"EMS\" and \"REGISTRATION\"","duration":883,"startTime":1514871034243,"result":"SUCCESS","children":[{"number":16,"description":"Postrequest send email: https://uat1.merchantportal.firstdata.eu/MerchantApiWeb/rest/secure/communication/sendEmail, Test, EMS, REGISTRATION","duration":802,"startTime":1514871034257,"result":"SUCCESS"}]},{"number":17,"description":"Then verify sendEmail response status \"error\" and \"MPVE00002\" and \"Username should be greater than 8 and less than 50 characters\" and \"\" and \"\" and \"\"","duration":189,"startTime":1514871035126,"result":"SUCCESS","children":[{"number":18,"description":"Verify Response","duration":56,"startTime":1514871035140,"result":"SUCCESS"}]}]},{"number":19,"description":"[1] {report\u003dTC03, logindomain\u003d/MerchantApiWeb/authenticateUser, domainurl\u003d/MerchantApiWeb/rest/secure/communication/sendEmail, status\u003derror, Message\u003dUsername should be greater than 8 and less than 50 characters, ErrorCode\u003dMPVE00002, userName\u003dDemoAccount1, password\u003dPassword@1, allianceCode\u003dEMS, AuthErrMessage\u003d, Authaccessdenied\u003d, AuthErrCause\u003d, SendEmailuserName\u003dTest13254687945687946589156841284892315648987956213213, SendEmailallianceCode\u003dEMS, emailType\u003dREGISTRATION}","duration":2724,"startTime":1514871039318,"result":"SUCCESS","children":[{"number":20,"description":"Given load request for sendEmail \"/MerchantApiWeb/authenticateUser\" and \"/MerchantApiWeb/rest/secure/communication/sendEmail\" and \"TC03\" and \"DemoAccount1\" and \"Password@1\" and \"EMS\"","duration":1351,"startTime":1514871039334,"result":"SUCCESS","children":[{"number":21,"description":"Loadgetrequestdata: https://uat1.merchantportal.firstdata.eu/MerchantApiWeb/authenticateUser","duration":0,"startTime":1514871039407,"result":"SUCCESS"},{"number":22,"description":"Postrequest authenticate user: https://uat1.merchantportal.firstdata.eu/MerchantApiWeb/authenticateUser, DemoAccount1, Password@1, EMS","duration":1250,"startTime":1514871039408,"result":"SUCCESS"},{"number":23,"description":"Loadgetrequestdata requestwithbody: https://uat1.merchantportal.firstdata.eu/MerchantApiWeb/rest/secure/communication/sendEmail","duration":0,"startTime":1514871040665,"result":"SUCCESS"}]},{"number":24,"description":"When post request for sendEmail \"Test13254687945687946589156841284892315648987956213213\" and \"EMS\" and \"REGISTRATION\"","duration":1181,"startTime":1514871040686,"result":"SUCCESS","children":[{"number":25,"description":"Postrequest send email: https://uat1.merchantportal.firstdata.eu/MerchantApiWeb/rest/secure/communication/sendEmail, Test13254687945687946589156841284892315648987956213213, EMS, REGISTRATION","duration":1120,"startTime":1514871040697,"result":"SUCCESS"}]},{"number":26,"description":"Then verify sendEmail response status \"error\" and \"MPVE00002\" and \"Username should be greater than 8 and less than 50 characters\" and \"\" and \"\" and \"\"","duration":175,"startTime":1514871041867,"result":"SUCCESS","children":[{"number":27,"description":"Verify Response","duration":48,"startTime":1514871041879,"result":"SUCCESS"}]}]},{"number":28,"description":"[1] {report\u003dTC04, logindomain\u003d/MerchantApiWeb/authenticateUser, domainurl\u003d/MerchantApiWeb/rest/secure/communication/sendEmail, status\u003derror, Message\u003dUsername contain special characters or empty spaces, ErrorCode\u003dMPVE00003, userName\u003dDemoAccount1, password\u003dPassword@1, allianceCode\u003dEMS, AuthErrMessage\u003d, Authaccessdenied\u003d, AuthErrCause\u003d, SendEmailuserName\u003dTest@$#%, SendEmailallianceCode\u003dEMS, emailType\u003dREGISTRATION}","duration":2540,"startTime":1514871046135,"result":"SUCCESS","children":[{"number":29,"description":"Given load request for sendEmail \"/MerchantApiWeb/authenticateUser\" and \"/MerchantApiWeb/rest/secure/communication/sendEmail\" and \"TC04\" and \"DemoAccount1\" and \"Password@1\" and \"EMS\"","duration":1266,"startTime":1514871046147,"result":"SUCCESS","children":[{"number":30,"description":"Loadgetrequestdata: https://uat1.merchantportal.firstdata.eu/MerchantApiWeb/authenticateUser","duration":0,"startTime":1514871046232,"result":"SUCCESS"},{"number":31,"description":"Postrequest authenticate user: https://uat1.merchantportal.firstdata.eu/MerchantApiWeb/authenticateUser, DemoAccount1, Password@1, EMS","duration":1145,"startTime":1514871046233,"result":"SUCCESS"},{"number":32,"description":"Loadgetrequestdata requestwithbody: https://uat1.merchantportal.firstdata.eu/MerchantApiWeb/rest/secure/communication/sendEmail","duration":1,"startTime":1514871047386,"result":"SUCCESS"}]},{"number":33,"description":"When post request for sendEmail \"Test@$#%\" and \"EMS\" and \"REGISTRATION\"","duration":912,"startTime":1514871047414,"result":"SUCCESS","children":[{"number":34,"description":"Postrequest send email: https://uat1.merchantportal.firstdata.eu/MerchantApiWeb/rest/secure/communication/sendEmail, Test@$#%, EMS, REGISTRATION","duration":839,"startTime":1514871047428,"result":"SUCCESS"}]},{"number":35,"description":"Then verify sendEmail response status \"error\" and \"MPVE00003\" and \"Username contain special characters or empty spaces\" and \"\" and \"\" and \"\"","duration":348,"startTime":1514871048327,"result":"SUCCESS","children":[{"number":36,"description":"Verify Response","duration":156,"startTime":1514871048339,"result":"SUCCESS"}]}]},{"number":37,"description":"[1] {report\u003dTC05, logindomain\u003d/MerchantApiWeb/authenticateUser, domainurl\u003d/MerchantApiWeb/rest/secure/communication/sendEmail, status\u003derror, Message\u003dUsername contain special characters or empty spaces, ErrorCode\u003dMPVE00003, userName\u003dDemoAccount1, password\u003dPassword@1, allianceCode\u003dEMS, AuthErrMessage\u003d, Authaccessdenied\u003d, AuthErrCause\u003d, SendEmailuserName\u003dTest Automation, SendEmailallianceCode\u003dEMS, emailType\u003dREGISTRATION}","duration":2543,"startTime":1514871053481,"result":"SUCCESS","children":[{"number":38,"description":"Given load request for sendEmail \"/MerchantApiWeb/authenticateUser\" and \"/MerchantApiWeb/rest/secure/communication/sendEmail\" and \"TC05\" and \"DemoAccount1\" and \"Password@1\" and \"EMS\"","duration":1262,"startTime":1514871053517,"result":"SUCCESS","children":[{"number":39,"description":"Loadgetrequestdata: https://uat1.merchantportal.firstdata.eu/MerchantApiWeb/authenticateUser","duration":0,"startTime":1514871053599,"result":"SUCCESS"},{"number":40,"description":"Postrequest authenticate user: https://uat1.merchantportal.firstdata.eu/MerchantApiWeb/authenticateUser, DemoAccount1, Password@1, EMS","duration":1146,"startTime":1514871053601,"result":"SUCCESS"},{"number":41,"description":"Loadgetrequestdata requestwithbody: https://uat1.merchantportal.firstdata.eu/MerchantApiWeb/rest/secure/communication/sendEmail","duration":1,"startTime":1514871054757,"result":"SUCCESS"}]},{"number":42,"description":"When post request for sendEmail \"Test Automation\" and \"EMS\" and \"REGISTRATION\"","duration":998,"startTime":1514871054780,"result":"SUCCESS","children":[{"number":43,"description":"Postrequest send email: https://uat1.merchantportal.firstdata.eu/MerchantApiWeb/rest/secure/communication/sendEmail, Test Automation, EMS, REGISTRATION","duration":932,"startTime":1514871054799,"result":"SUCCESS"}]},{"number":44,"description":"Then verify sendEmail response status \"error\" and \"MPVE00003\" and \"Username contain special characters or empty spaces\" and \"\" and \"\" and \"\"","duration":245,"startTime":1514871055779,"result":"SUCCESS","children":[{"number":45,"description":"Verify Response","duration":80,"startTime":1514871055790,"result":"SUCCESS"}]}]},{"number":46,"description":"[1] {report\u003dTC06, logindomain\u003d/MerchantApiWeb/authenticateUser, domainurl\u003d/MerchantApiWeb/rest/secure/communication/sendEmail, status\u003derror, Message\u003dAlliance Code contain special characters or empty spaces, ErrorCode\u003dMPVE00037, userName\u003dDemoAccount1, password\u003dPassword@1, allianceCode\u003dEMS, AuthErrMessage\u003d, Authaccessdenied\u003d, AuthErrCause\u003d, SendEmailuserName\u003dTestAutomation1, SendEmailallianceCode\u003dEM S, emailType\u003dREGISTRATION}","duration":2284,"startTime":1514871059550,"result":"SUCCESS","children":[{"number":47,"description":"Given load request for sendEmail \"/MerchantApiWeb/authenticateUser\" and \"/MerchantApiWeb/rest/secure/communication/sendEmail\" and \"TC06\" and \"DemoAccount1\" and \"Password@1\" and \"EMS\"","duration":1136,"startTime":1514871059563,"result":"SUCCESS","children":[{"number":48,"description":"Loadgetrequestdata: https://uat1.merchantportal.firstdata.eu/MerchantApiWeb/authenticateUser","duration":1,"startTime":1514871059627,"result":"SUCCESS"},{"number":49,"description":"Postrequest authenticate user: https://uat1.merchantportal.firstdata.eu/MerchantApiWeb/authenticateUser, DemoAccount1, Password@1, EMS","duration":1032,"startTime":1514871059629,"result":"SUCCESS"},{"number":50,"description":"Loadgetrequestdata requestwithbody: https://uat1.merchantportal.firstdata.eu/MerchantApiWeb/rest/secure/communication/sendEmail","duration":1,"startTime":1514871060673,"result":"SUCCESS"}]},{"number":51,"description":"When post request for sendEmail \"TestAutomation1\" and \"EM S\" and \"REGISTRATION\"","duration":898,"startTime":1514871060700,"result":"SUCCESS","children":[{"number":52,"description":"Postrequest send email: https://uat1.merchantportal.firstdata.eu/MerchantApiWeb/rest/secure/communication/sendEmail, TestAutomation1, EM S, REGISTRATION","duration":824,"startTime":1514871060715,"result":"SUCCESS"}]},{"number":53,"description":"Then verify sendEmail response status \"error\" and \"MPVE00037\" and \"Alliance Code contain special characters or empty spaces\" and \"\" and \"\" and \"\"","duration":235,"startTime":1514871061599,"result":"SUCCESS","children":[{"number":54,"description":"Verify Response","duration":66,"startTime":1514871061611,"result":"SUCCESS"}]}]},{"number":55,"description":"[1] {report\u003dTC07, logindomain\u003d/MerchantApiWeb/authenticateUser, domainurl\u003d/MerchantApiWeb/rest/secure/communication/sendEmail, status\u003derror, Message\u003dAlliance Code contain special characters or empty spaces, ErrorCode\u003dMPVE00037, userName\u003dDemoAccount1, password\u003dPassword@1, allianceCode\u003dEMS, AuthErrMessage\u003d, Authaccessdenied\u003d, AuthErrCause\u003d, SendEmailuserName\u003dTestAutomation1, SendEmailallianceCode\u003dEM$, emailType\u003dREGISTRATION}","duration":2660,"startTime":1514871066088,"result":"SUCCESS","children":[{"number":56,"description":"Given load request for sendEmail \"/MerchantApiWeb/authenticateUser\" and \"/MerchantApiWeb/rest/secure/communication/sendEmail\" and \"TC07\" and \"DemoAccount1\" and \"Password@1\" and \"EMS\"","duration":1515,"startTime":1514871066106,"result":"SUCCESS","children":[{"number":57,"description":"Loadgetrequestdata: https://uat1.merchantportal.firstdata.eu/MerchantApiWeb/authenticateUser","duration":0,"startTime":1514871066286,"result":"SUCCESS"},{"number":58,"description":"Postrequest authenticate user: https://uat1.merchantportal.firstdata.eu/MerchantApiWeb/authenticateUser, DemoAccount1, Password@1, EMS","duration":1303,"startTime":1514871066287,"result":"SUCCESS"},{"number":59,"description":"Loadgetrequestdata requestwithbody: https://uat1.merchantportal.firstdata.eu/MerchantApiWeb/rest/secure/communication/sendEmail","duration":1,"startTime":1514871067599,"result":"SUCCESS"}]},{"number":60,"description":"When post request for sendEmail \"TestAutomation1\" and \"EM$\" and \"REGISTRATION\"","duration":916,"startTime":1514871067621,"result":"SUCCESS","children":[{"number":61,"description":"Postrequest send email: https://uat1.merchantportal.firstdata.eu/MerchantApiWeb/rest/secure/communication/sendEmail, TestAutomation1, EM$, REGISTRATION","duration":851,"startTime":1514871067634,"result":"SUCCESS"}]},{"number":62,"description":"Then verify sendEmail response status \"error\" and \"MPVE00037\" and \"Alliance Code contain special characters or empty spaces\" and \"\" and \"\" and \"\"","duration":210,"startTime":1514871068538,"result":"SUCCESS","children":[{"number":63,"description":"Verify Response","duration":84,"startTime":1514871068549,"result":"SUCCESS"}]}]},{"number":64,"description":"[1] {report\u003dTC08, logindomain\u003d/MerchantApiWeb/authenticateUser, domainurl\u003d/MerchantApiWeb/rest/secure/communication/sendEmail, status\u003derror, Message\u003dUsername does not exist, ErrorCode\u003dMPBE00004, userName\u003dDemoAccount1, password\u003dPassword@1, allianceCode\u003dEMS, AuthErrMessage\u003d, Authaccessdenied\u003d, AuthErrCause\u003d, SendEmailuserName\u003dTestasfjkh, SendEmailallianceCode\u003dEMS, emailType\u003dREGISTRATION}","duration":2456,"startTime":1514871073074,"result":"SUCCESS","children":[{"number":65,"description":"Given load request for sendEmail \"/MerchantApiWeb/authenticateUser\" and \"/MerchantApiWeb/rest/secure/communication/sendEmail\" and \"TC08\" and \"DemoAccount1\" and \"Password@1\" and \"EMS\"","duration":1283,"startTime":1514871073098,"result":"SUCCESS","children":[{"number":66,"description":"Loadgetrequestdata: https://uat1.merchantportal.firstdata.eu/MerchantApiWeb/authenticateUser","duration":0,"startTime":1514871073225,"result":"SUCCESS"},{"number":67,"description":"Postrequest authenticate user: https://uat1.merchantportal.firstdata.eu/MerchantApiWeb/authenticateUser, DemoAccount1, Password@1, EMS","duration":1064,"startTime":1514871073226,"result":"SUCCESS"},{"number":68,"description":"Loadgetrequestdata requestwithbody: https://uat1.merchantportal.firstdata.eu/MerchantApiWeb/rest/secure/communication/sendEmail","duration":0,"startTime":1514871074298,"result":"SUCCESS"}]},{"number":69,"description":"When post request for sendEmail \"Testasfjkh\" and \"EMS\" and \"REGISTRATION\"","duration":972,"startTime":1514871074381,"result":"SUCCESS","children":[{"number":70,"description":"Postrequest send email: https://uat1.merchantportal.firstdata.eu/MerchantApiWeb/rest/secure/communication/sendEmail, Testasfjkh, EMS, REGISTRATION","duration":903,"startTime":1514871074407,"result":"SUCCESS"}]},{"number":71,"description":"Then verify sendEmail response status \"error\" and \"MPBE00004\" and \"Username does not exist\" and \"\" and \"\" and \"\"","duration":177,"startTime":1514871075353,"result":"SUCCESS","children":[{"number":72,"description":"Verify Response","duration":49,"startTime":1514871075365,"result":"SUCCESS"}]}]},{"number":73,"description":"[1] {report\u003dTC11, logindomain\u003d/MerchantApiWeb/authenticateUser, domainurl\u003d/MerchantApiWeb/rest/secure/communication/sendEmail, status\u003derror, Message\u003demailType should be alphabetic value, ErrorCode\u003dMPVE00067, userName\u003dDemoAccount1, password\u003dPassword@1, allianceCode\u003dEMS, AuthErrMessage\u003d, Authaccessdenied\u003d, AuthErrCause\u003d, SendEmailuserName\u003dTestAutomation1, SendEmailallianceCode\u003dEMS, emailType\u003d321465}","duration":2788,"startTime":1514871079106,"result":"SUCCESS","children":[{"number":74,"description":"Given load request for sendEmail \"/MerchantApiWeb/authenticateUser\" and \"/MerchantApiWeb/rest/secure/communication/sendEmail\" and \"TC11\" and \"DemoAccount1\" and \"Password@1\" and \"EMS\"","duration":1576,"startTime":1514871079137,"result":"SUCCESS","children":[{"number":75,"description":"Loadgetrequestdata: https://uat1.merchantportal.firstdata.eu/MerchantApiWeb/authenticateUser","duration":1,"startTime":1514871079354,"result":"SUCCESS"},{"number":76,"description":"Postrequest authenticate user: https://uat1.merchantportal.firstdata.eu/MerchantApiWeb/authenticateUser, DemoAccount1, Password@1, EMS","duration":1326,"startTime":1514871079356,"result":"SUCCESS"},{"number":77,"description":"Loadgetrequestdata requestwithbody: https://uat1.merchantportal.firstdata.eu/MerchantApiWeb/rest/secure/communication/sendEmail","duration":0,"startTime":1514871080691,"result":"SUCCESS"}]},{"number":78,"description":"When post request for sendEmail \"TestAutomation1\" and \"EMS\" and \"321465\"","duration":881,"startTime":1514871080713,"result":"SUCCESS","children":[{"number":79,"description":"Postrequest send email: https://uat1.merchantportal.firstdata.eu/MerchantApiWeb/rest/secure/communication/sendEmail, TestAutomation1, EMS, 321465","duration":813,"startTime":1514871080725,"result":"SUCCESS"}]},{"number":80,"description":"Then verify sendEmail response status \"error\" and \"MPVE00067\" and \"emailType should be alphabetic value\" and \"\" and \"\" and \"\"","duration":300,"startTime":1514871081594,"result":"SUCCESS","children":[{"number":81,"description":"Verify Response","duration":124,"startTime":1514871081607,"result":"SUCCESS"}]}]},{"number":82,"description":"[1] {report\u003dTC12, logindomain\u003d/MerchantApiWeb/authenticateUser, domainurl\u003d/MerchantApiWeb/rest/secure/communication/sendEmail, status\u003derror, Message\u003demailType should be alphabetic value, ErrorCode\u003dMPVE00067, userName\u003dEMSAlliance, password\u003dPassword@1, allianceCode\u003dEMS, AuthErrMessage\u003d, Authaccessdenied\u003d, AuthErrCause\u003d, SendEmailuserName\u003dTestAutomation1, SendEmailallianceCode\u003dEMS, emailType\u003d%$#^%$}","duration":4972,"startTime":1514871085868,"result":"SUCCESS","children":[{"number":83,"description":"Given load request for sendEmail \"/MerchantApiWeb/authenticateUser\" and \"/MerchantApiWeb/rest/secure/communication/sendEmail\" and \"TC12\" and \"EMSAlliance\" and \"Password@1\" and \"EMS\"","duration":3429,"startTime":1514871085968,"result":"SUCCESS","children":[{"number":84,"description":"Loadgetrequestdata: https://uat1.merchantportal.firstdata.eu/MerchantApiWeb/authenticateUser","duration":0,"startTime":1514871086075,"result":"SUCCESS"},{"number":85,"description":"Postrequest authenticate user: https://uat1.merchantportal.firstdata.eu/MerchantApiWeb/authenticateUser, EMSAlliance, Password@1, EMS","duration":3281,"startTime":1514871086076,"result":"SUCCESS"},{"number":86,"description":"Loadgetrequestdata requestwithbody: https://uat1.merchantportal.firstdata.eu/MerchantApiWeb/rest/secure/communication/sendEmail","duration":0,"startTime":1514871089364,"result":"SUCCESS"}]},{"number":87,"description":"When post request for sendEmail \"TestAutomation1\" and \"EMS\" and \"%$#^%$\"","duration":1155,"startTime":1514871089397,"result":"SUCCESS","children":[{"number":88,"description":"Postrequest send email: https://uat1.merchantportal.firstdata.eu/MerchantApiWeb/rest/secure/communication/sendEmail, TestAutomation1, EMS, %$#^%$","duration":1092,"startTime":1514871089408,"result":"SUCCESS"}]},{"number":89,"description":"Then verify sendEmail response status \"error\" and \"MPVE00067\" and \"emailType should be alphabetic value\" and \"\" and \"\" and \"\"","duration":287,"startTime":1514871090553,"result":"SUCCESS","children":[{"number":90,"description":"Verify Response","duration":67,"startTime":1514871090566,"result":"SUCCESS"}]}]}],"userStory":{"id":"merchant-portal-application-api-validation","storyName":"Merchant Portal application API validation","path":"APIupdate.feature","type":"feature"},"featureTag":{"name":"Merchant Portal application API validation","type":"feature"},"title":"Verify the api sends the email to the customer as per the input","description":"","tags":[{"name":"sendEmail","type":"tag"}],"startTime":1514871026581,"duration":64259,"dataTable":{"headers":["report","logindomain","domainurl","status","Message","ErrorCode","userName","password","allianceCode","AuthErrMessage","Authaccessdenied","AuthErrCause","SendEmailuserName","SendEmailallianceCode","emailType"],"rows":[{"values":["TC01","/MerchantApiWeb/authenticateUser","/MerchantApiWeb/rest/secure/communication/sendEmail","success","","","DemoAccount1","Password@1","EMS","","","","TestAutomation1","EMS","REGISTRATION"],"result":"SUCCESS"},{"values":["TC02","/MerchantApiWeb/authenticateUser","/MerchantApiWeb/rest/secure/communication/sendEmail","error","Username should be greater than 8 and less than 50 characters","MPVE00002","DemoAccount1","Password@1","EMS","","","","Test","EMS","REGISTRATION"],"result":"SUCCESS"},{"values":["TC03","/MerchantApiWeb/authenticateUser","/MerchantApiWeb/rest/secure/communication/sendEmail","error","Username should be greater than 8 and less than 50 characters","MPVE00002","DemoAccount1","Password@1","EMS","","","","Test13254687945687946589156841284892315648987956213213","EMS","REGISTRATION"],"result":"SUCCESS"},{"values":["TC04","/MerchantApiWeb/authenticateUser","/MerchantApiWeb/rest/secure/communication/sendEmail","error","Username contain special characters or empty spaces","MPVE00003","DemoAccount1","Password@1","EMS","","","","Test@$#%","EMS","REGISTRATION"],"result":"SUCCESS"},{"values":["TC05","/MerchantApiWeb/authenticateUser","/MerchantApiWeb/rest/secure/communication/sendEmail","error","Username contain special characters or empty spaces","MPVE00003","DemoAccount1","Password@1","EMS","","","","Test Automation","EMS","REGISTRATION"],"result":"SUCCESS"},{"values":["TC06","/MerchantApiWeb/authenticateUser","/MerchantApiWeb/rest/secure/communication/sendEmail","error","Alliance Code contain special characters or empty spaces","MPVE00037","DemoAccount1","Password@1","EMS","","","","TestAutomation1","EM S","REGISTRATION"],"result":"SUCCESS"},{"values":["TC07","/MerchantApiWeb/authenticateUser","/MerchantApiWeb/rest/secure/communication/sendEmail","error","Alliance Code contain special characters or empty spaces","MPVE00037","DemoAccount1","Password@1","EMS","","","","TestAutomation1","EM$","REGISTRATION"],"result":"SUCCESS"},{"values":["TC08","/MerchantApiWeb/authenticateUser","/MerchantApiWeb/rest/secure/communication/sendEmail","error","Username does not exist","MPBE00004","DemoAccount1","Password@1","EMS","","","","Testasfjkh","EMS","REGISTRATION"],"result":"SUCCESS"},{"values":["TC11","/MerchantApiWeb/authenticateUser","/MerchantApiWeb/rest/secure/communication/sendEmail","error","emailType should be alphabetic value","MPVE00067","DemoAccount1","Password@1","EMS","","","","TestAutomation1","EMS","321465"],"result":"SUCCESS"},{"values":["TC12","/MerchantApiWeb/authenticateUser","/MerchantApiWeb/rest/secure/communication/sendEmail","error","emailType should be alphabetic value","MPVE00067","EMSAlliance","Password@1","EMS","","","","TestAutomation1","EMS","%$#^%$"],"result":"SUCCESS"}],"predefinedRows":true,"dataSetDescriptors":[{"startRow":0,"rowCount":0,"name":"","description":""}]},"manual":false,"testSource":"Cucumber","result":"SUCCESS"}