{"name":"Verify the details of the Recurring Payment summary for the impersonated user","testSteps":[{"number":1,"description":"[1] {report\u003dTC01, logindomain\u003d/MerchantApiWeb/authenticateUser, domainurl\u003d/MerchantApiWeb/rest/secure/impersonation/user/financialData/authorisation/getRecPaySummary/, status\u003dsuccess, Message\u003d, ErrorCode\u003d, userName\u003dcca3_michalR, password\u003dPassword@1, allianceCode\u003dLBC, AuthErrMessage\u003d, Authaccessdenied\u003d, AuthErrCause\u003d, currency\u003dEUR, userType\u003d, pageNumber\u003d, accountStatus\u003d, profile\u003d, firstName\u003d, lastName\u003d, fromDate\u003d2016-11-02, toDate\u003d2017-11-02, pseudoUserName\u003dTestAutomationLBC1}","duration":4940,"startTime":1514869957226,"result":"SUCCESS","children":[{"number":2,"description":"Given load request for getRecPaySummaryImpersonation \"/MerchantApiWeb/authenticateUser\" and \"/MerchantApiWeb/rest/secure/impersonation/user/financialData/authorisation/getRecPaySummary/\" and \"TC01\" and \"cca3_michalR\" and \"Password@1\" and \"LBC\"","duration":3410,"startTime":1514869957246,"result":"SUCCESS","children":[{"number":3,"description":"Loadgetrequestdata: https://uat1.merchantportal.firstdata.eu/MerchantApiWeb/authenticateUser","duration":1,"startTime":1514869957348,"result":"SUCCESS"},{"number":4,"description":"Postrequest authenticate user: https://uat1.merchantportal.firstdata.eu/MerchantApiWeb/authenticateUser, cca3_michalR, Password@1, LBC","duration":3244,"startTime":1514869957350,"result":"SUCCESS"},{"number":5,"description":"Loadgetrequestdata authenticated: https://uat1.merchantportal.firstdata.eu/MerchantApiWeb/rest/secure/impersonation/user/financialData/authorisation/getRecPaySummary/, ","duration":0,"startTime":1514869960618,"result":"SUCCESS"}]},{"number":6,"description":"When post get request for getRecPaySummaryImpersonation \"EUR\" and \"2016-11-02\" and \"2017-11-02\" and \"TestAutomationLBC1\"","duration":1338,"startTime":1514869960658,"result":"SUCCESS","children":[{"number":7,"description":"Post GET request get rec pay summary impersonation: https://uat1.merchantportal.firstdata.eu/MerchantApiWeb/rest/secure/impersonation/user/financialData/authorisation/getRecPaySummary/, EUR, 2016-11-02, 2017-11-02, TestAutomationLBC1","duration":1184,"startTime":1514869960675,"result":"SUCCESS"}]},{"number":8,"description":"Then verify getRecPaySummaryImpersonation response status \"success\" and \"\" and \"\" and \"\" and \"\" and \"\"","duration":169,"startTime":1514869961997,"result":"SUCCESS","children":[{"number":9,"description":"Verify Response","duration":52,"startTime":1514869962014,"result":"SUCCESS"}]}]},{"number":10,"description":"[1] {report\u003dTC02, logindomain\u003d/MerchantApiWeb/authenticateUser, domainurl\u003d/MerchantApiWeb/rest/secure/impersonation/user/financialData/authorisation/getRecPaySummary/, status\u003derror, Message\u003dInvalid Date format, ErrorCode\u003dMPVE00051, userName\u003dcca3_michalR, password\u003dPassword@1, allianceCode\u003dLBC, AuthErrMessage\u003d, Authaccessdenied\u003d, AuthErrCause\u003d, currency\u003dEUR, userType\u003d, pageNumber\u003d, accountStatus\u003d, profile\u003d, firstName\u003d, lastName\u003d, fromDate\u003d201611-02, toDate\u003d2017-11-02, pseudoUserName\u003dTestAutomationLBC1}","duration":2646,"startTime":1514869967134,"result":"SUCCESS","children":[{"number":11,"description":"Given load request for getRecPaySummaryImpersonation \"/MerchantApiWeb/authenticateUser\" and \"/MerchantApiWeb/rest/secure/impersonation/user/financialData/authorisation/getRecPaySummary/\" and \"TC02\" and \"cca3_michalR\" and \"Password@1\" and \"LBC\"","duration":1281,"startTime":1514869967209,"result":"SUCCESS","children":[{"number":12,"description":"Loadgetrequestdata: https://uat1.merchantportal.firstdata.eu/MerchantApiWeb/authenticateUser","duration":1,"startTime":1514869967313,"result":"SUCCESS"},{"number":13,"description":"Postrequest authenticate user: https://uat1.merchantportal.firstdata.eu/MerchantApiWeb/authenticateUser, cca3_michalR, Password@1, LBC","duration":1126,"startTime":1514869967315,"result":"SUCCESS"},{"number":14,"description":"Loadgetrequestdata authenticated: https://uat1.merchantportal.firstdata.eu/MerchantApiWeb/rest/secure/impersonation/user/financialData/authorisation/getRecPaySummary/, ","duration":1,"startTime":1514869968458,"result":"SUCCESS"}]},{"number":15,"description":"When post get request for getRecPaySummaryImpersonation \"EUR\" and \"201611-02\" and \"2017-11-02\" and \"TestAutomationLBC1\"","duration":920,"startTime":1514869968491,"result":"SUCCESS","children":[{"number":16,"description":"Post GET request get rec pay summary impersonation: https://uat1.merchantportal.firstdata.eu/MerchantApiWeb/rest/secure/impersonation/user/financialData/authorisation/getRecPaySummary/, EUR, 201611-02, 2017-11-02, TestAutomationLBC1","duration":847,"startTime":1514869968508,"result":"SUCCESS"}]},{"number":17,"description":"Then verify getRecPaySummaryImpersonation response status \"error\" and \"MPVE00051\" and \"Invalid Date format\" and \"\" and \"\" and \"\"","duration":368,"startTime":1514869969412,"result":"SUCCESS","children":[{"number":18,"description":"Verify Response","duration":175,"startTime":1514869969438,"result":"SUCCESS"}]}]},{"number":19,"description":"[1] {report\u003dTC03, logindomain\u003d/MerchantApiWeb/authenticateUser, domainurl\u003d/MerchantApiWeb/rest/secure/impersonation/user/financialData/authorisation/getRecPaySummary/, status\u003derror, Message\u003dInvalid Date format, ErrorCode\u003dMPVE00051, userName\u003dcca3_michalR, password\u003dPassword@1, allianceCode\u003dLBC, AuthErrMessage\u003d, Authaccessdenied\u003d, AuthErrCause\u003d, currency\u003dEUR, userType\u003d, pageNumber\u003d, accountStatus\u003d, profile\u003d, firstName\u003d, lastName\u003d, fromDate\u003d2016-11-02, toDate\u003d20171102, pseudoUserName\u003dTestAutomationLBC1}","duration":2692,"startTime":1514869973827,"result":"SUCCESS","children":[{"number":20,"description":"Given load request for getRecPaySummaryImpersonation \"/MerchantApiWeb/authenticateUser\" and \"/MerchantApiWeb/rest/secure/impersonation/user/financialData/authorisation/getRecPaySummary/\" and \"TC03\" and \"cca3_michalR\" and \"Password@1\" and \"LBC\"","duration":1285,"startTime":1514869973855,"result":"SUCCESS","children":[{"number":21,"description":"Loadgetrequestdata: https://uat1.merchantportal.firstdata.eu/MerchantApiWeb/authenticateUser","duration":1,"startTime":1514869973939,"result":"SUCCESS"},{"number":22,"description":"Postrequest authenticate user: https://uat1.merchantportal.firstdata.eu/MerchantApiWeb/authenticateUser, cca3_michalR, Password@1, LBC","duration":1147,"startTime":1514869973942,"result":"SUCCESS"},{"number":23,"description":"Loadgetrequestdata authenticated: https://uat1.merchantportal.firstdata.eu/MerchantApiWeb/rest/secure/impersonation/user/financialData/authorisation/getRecPaySummary/, ","duration":2,"startTime":1514869975108,"result":"SUCCESS"}]},{"number":24,"description":"When post get request for getRecPaySummaryImpersonation \"EUR\" and \"2016-11-02\" and \"20171102\" and \"TestAutomationLBC1\"","duration":989,"startTime":1514869975141,"result":"SUCCESS","children":[{"number":25,"description":"Post GET request get rec pay summary impersonation: https://uat1.merchantportal.firstdata.eu/MerchantApiWeb/rest/secure/impersonation/user/financialData/authorisation/getRecPaySummary/, EUR, 2016-11-02, 20171102, TestAutomationLBC1","duration":842,"startTime":1514869975159,"result":"SUCCESS"}]},{"number":26,"description":"Then verify getRecPaySummaryImpersonation response status \"error\" and \"MPVE00051\" and \"Invalid Date format\" and \"\" and \"\" and \"\"","duration":388,"startTime":1514869976131,"result":"SUCCESS","children":[{"number":27,"description":"Verify Response","duration":184,"startTime":1514869976147,"result":"SUCCESS"}]}]}],"userStory":{"id":"merchant-portal-application-api-validation","storyName":"Merchant Portal application API validation","path":"APIupdate.feature","type":"feature"},"featureTag":{"name":"Merchant Portal application API validation","type":"feature"},"title":"Verify the details of the Recurring Payment summary for the impersonated user","description":"","tags":[{"name":"getRecPaySummary_Impersonation","type":"tag"}],"startTime":1514869957225,"duration":19294,"dataTable":{"headers":["report","logindomain","domainurl","status","Message","ErrorCode","userName","password","allianceCode","AuthErrMessage","Authaccessdenied","AuthErrCause","currency","userType","pageNumber","accountStatus","profile","firstName","lastName","fromDate","toDate","pseudoUserName"],"rows":[{"values":["TC01","/MerchantApiWeb/authenticateUser","/MerchantApiWeb/rest/secure/impersonation/user/financialData/authorisation/getRecPaySummary/","success","","","cca3_michalR","Password@1","LBC","","","","EUR","","","","","","","2016-11-02","2017-11-02","TestAutomationLBC1"],"result":"SUCCESS"},{"values":["TC02","/MerchantApiWeb/authenticateUser","/MerchantApiWeb/rest/secure/impersonation/user/financialData/authorisation/getRecPaySummary/","error","Invalid Date format","MPVE00051","cca3_michalR","Password@1","LBC","","","","EUR","","","","","","","201611-02","2017-11-02","TestAutomationLBC1"],"result":"SUCCESS"},{"values":["TC03","/MerchantApiWeb/authenticateUser","/MerchantApiWeb/rest/secure/impersonation/user/financialData/authorisation/getRecPaySummary/","error","Invalid Date format","MPVE00051","cca3_michalR","Password@1","LBC","","","","EUR","","","","","","","2016-11-02","20171102","TestAutomationLBC1"],"result":"SUCCESS"}],"predefinedRows":true,"dataSetDescriptors":[{"startRow":0,"rowCount":0,"name":"","description":""}]},"manual":false,"testSource":"Cucumber","result":"SUCCESS"}